id,w,rho,N,phase,gradient,a_z,wall,n,kind,morphology,fingerprint,status,error,n_lattice,n_wall,H,T,lattice_density,wall_density_inner,wall_density_outer,delta_k_n,delta_K_t,delta_K_s,delta_K_z,delta_C_nn,delta_G_t,delta_G_rs,delta_G_rz,delta_G_sz,delta_C_tt,wall_time_s,strip_k_n,strip_K_t,strip_K_s,strip_K_z,strip_C_nn,strip_G_t,strip_G_rs,strip_G_rz,strip_G_sz,strip_C_tt,strip_K_sz,strip_C_json,strip_lattice_density,strip_time_k_s,strip_time_K_s,strip_time_C_s,strip_iters_k,strip_iters_K,strip_iters_C,hom_k_n,hom_K_t,hom_K_s,hom_K_z,hom_C_nn,hom_G_t,hom_G_rs,hom_G_rz,hom_G_sz,hom_C_tt,hom_K_sz,hom_C_json,hom_lattice_density,hom_time_k_s,hom_time_K_s,hom_time_C_s,hom_iters_k,hom_iters_K,hom_iters_C,run_record_json,suites
G-r0.250-N1-p0.0000-g0.000-az1.0000-tw0.500-n32,0,0.25,1,0,0,1,0.5,32,network,G,95c011af0755,ok,,32,16,1,1.5,0.249969482421875,0.25,0.25,0.0034145837780372723,-0.27813743811929892,-0.34629277909076783,-0.20997932267629194,0.096824810105668568,0.10511705721417264,0.019418647884072326,0.19081321054358269,0.11032861951823114,0.13080476950659037,11.286417858000277,0.12210187266036659,0.0057838247194723011,0.0052378460094841756,0.0063298034294604257,0.082109131532558152,0.032840428020585274,0.030293355667798477,0.035387500373372065,0.032992608670042875,0.084684076259407132,6.4663151225507703e-07,"[[0.0821091315, 0.0348365579, 0.0424179204, -1.1278e-05, 3.6004e-06, -8.638e-06], [0.0348365579, 0.0784797725, 0.0384665828, -3.4132e-06, -1.0956e-06, -1.23479e-05], [0.0424179204, 0.0384665828, 0.09088838, 7.6128e-06, -9.2626e-06, -1.00814e-05], [-1.1278e-05, -3.4132e-06, 7.6128e-06, 0.0329926087, 5.3506e-06, -2.8621e-06], [3.6004e-06, -1.0956e-06, -9.2626e-06, 5.3506e-06, 0.0353875004, -2.5294e-06], [-8.638e-06, -1.23479e-05, -1.00814e-05, -2.8621e-06, -2.5294e-06, 0.0302933557]]",0.249969482421875,0.22799453899915534,2.073620908000521,8.9599358079995,107,169,137,0.12168636437456488,0.0080123627749906327,0.0080125258555335047,0.0080121996944477591,0.074860753309042793,0.029716696350132226,0.029716305200690636,0.029717087499573816,0.029714273855571051,0.074888326033819036,3.8113801156115193e-06,"[[0.0748607533, 0.0415455954, 0.041541597, -2.10048e-05, -2.108e-07, -1.21295e-05], [0.0415455954, 0.0749118506, 0.0415428111, -9.1251e-06, -1.20638e-05, 3.5639e-06], [0.041541597, 0.0415428111, 0.0748648015, 6.717e-07, -9.8071e-06, -1.77647e-05], [-2.10048e-05, -9.1251e-06, 6.717e-07, 0.0297142739, -4.6698e-06, -4.9252e-06], [-2.108e-07, -1.20638e-05, -9.8071e-06, -4.6698e-06, 0.0297170875, -3.5738e-06], [-1.21295e-05, 3.5639e-06, -1.77647e-05, -4.9252e-06, -3.5738e-06, 0.0297163052]]",0.249969482421875,0.13417775100015206,1.4843033450001712,2.2575934610003969,97,117,110,"{""params"": {""w"": 0.0, ""rho"": 0.25, ""N"": 1.0, ""phase"": 0.0, ""gradient"": 0.0, ""a_z"": 1.0, ""wall"": 0.5, ""n"": 32, ""kind"": ""network"", ""k_s"": 130.0, ""k_f"": 0.4, ""E"": 70000000000.0, ""nu"": 0.33, ""tol"": 1e-08, ""preconditioner"": ""two_level""}, ""params_json"": ""{\""E\"": 70000000000.0, \""N\"": 1.0, \""a_z\"": 1.0, \""gradient\"": 0.0, \""k_f\"": 0.4, \""k_s\"": 130.0, \""kind\"": \""network\"", \""n\"": 32, \""nu\"": 0.33, \""phase\"": 0.0, \""preconditioner\"": \""two_level\"", \""rho\"": 0.25, \""tol\"": 1e-08, \""w\"": 0.0, \""wall\"": 0.5}"", ""voxlat_version"": ""0.1.0"", ""git_hash"": ""0977f9f913f3+dirty"", ""resolution"": 32, ""wall_time_s"": 11.286417858000277, ""timestamp_utc"": ""2026-10-09T17:39:54+00:00"", ""python"": ""3.13.16"", ""numpy"": ""2.5.3"", ""platform"": ""Linux-6.18.44-fc-v80-x86_64-with-glibc2.39"", ""extra"": {}}",uniform
G-r0.250-N1-p0.1250-g0.000-az1.0000-tw0.500-n32,0,0.25,1,0.125,0,1,0.5,32,network,G,95c011af0755,ok,,32,16,1,1.5,0.25,0.24951171875,0.250244140625,-0.037787511527824003,-0.28738580050170515,-0.2876273341817982,-0.2871442043600696,0.053022976995064308,0.053319197034280785,0.053473427716227429,0.05316498499894351,0.12012443232686509,0.15980695486325192,11.314216290998957,0.11708946046025907,0.005708598403283186,0.0057074013163678564,0.0057097954901985156,0.078837108493850422,0.0313069409350199,0.031309632098574014,0.0313042497714658,0.033290483242236796,0.086889268335260117,-5.5999138544615847e-05,"[[0.0788371085, 0.0371446058, 0.0371488356, 0.0008206307, -3.7264e-06, -8.8208e-06], [0.0371446058, 0.0869245896, 0.0393676444, 0.0022462961, 4.3795e-06, -9.6514e-06], [0.0371488356, 0.0393676444, 0.0868539471, 0.0022679747, -3.7989e-06, -2.04891e-05], [0.0008206307, 0.0022462961, 0.0022679747, 0.0332904832, -4.4252e-06, 2.3256e-06], [-3.7264e-06, 4.3795e-06, -3.7989e-06, -4.4252e-06, 0.0313042498, 0.0001779786], [-8.8208e-06, -9.6514e-06, -2.04891e-05, 2.3256e-06, 0.0001779786, 0.0313096321]]",0.25,0.2333350219996646,2.7231334450007125,8.3360813510007574,101,178,141,0.12168773723377517,0.0080107839659976435,0.0080118196419181401,0.0080097482900771452,0.074867415256998665,0.029722178256285026,0.029720381430453927,0.029723975082116126,0.029720343813125803,0.074917009223750414,2.5876804790215509e-06,"[[0.0748674153, 0.041550631, 0.0415452915, -2.72277e-05, 5.8811e-06, -1.70795e-05], [0.041550631, 0.0749666243, 0.0415505663, -1.69966e-05, -4.22e-08, -3.218e-06], [0.0415452915, 0.0415505663, 0.0748673942, -3.0669e-06, -5.749e-06, -2.07517e-05], [-2.72277e-05, -1.69966e-05, -3.0669e-06, 0.0297203438, -1.09361e-05, -5.5e-09], [5.8811e-06, -4.22e-08, -5.749e-06, -1.09361e-05, 0.0297239751, -8.7618e-06], [-1.70795e-05, -3.218e-06, -2.07517e-05, -5.5e-09, -8.7618e-06, 0.0297203814]]",0.25,0.1415204069999163,1.4929502429995409,2.7567520359998525,88,117,111,"{""params"": {""w"": 0.0, ""rho"": 0.25, ""N"": 1.0, ""phase"": 0.125, ""gradient"": 0.0, ""a_z"": 1.0, ""wall"": 0.5, ""n"": 32, ""kind"": ""network"", ""k_s"": 130.0, ""k_f"": 0.4, ""E"": 70000000000.0, ""nu"": 0.33, ""tol"": 1e-08, ""preconditioner"": ""two_level""}, ""params_json"": ""{\""E\"": 70000000000.0, \""N\"": 1.0, \""a_z\"": 1.0, \""gradient\"": 0.0, \""k_f\"": 0.4, \""k_s\"": 130.0, \""kind\"": \""network\"", \""n\"": 32, \""nu\"": 0.33, \""phase\"": 0.125, \""preconditioner\"": \""two_level\"", \""rho\"": 0.25, \""tol\"": 1e-08, \""w\"": 0.0, \""wall\"": 0.5}"", ""voxlat_version"": ""0.1.0"", ""git_hash"": ""0977f9f913f3+dirty"", ""resolution"": 32, ""wall_time_s"": 11.314216290998957, ""timestamp_utc"": ""2026-10-09T18:01:11+00:00"", ""python"": ""3.13.16"", ""numpy"": ""2.5.3"", ""platform"": ""Linux-6.18.44-fc-v80-x86_64-with-glibc2.39"", ""extra"": {}}",uniform
G-r0.250-N1-p0.3333-g0.000-az1.0000-tw0.500-n32,0,0.25,1,0.33333333333333331,0,1,0.5,32,network,G,95c011af0755,ok,,32,16,1,1.5,0.25,0.2373046875,0.2626953125,-0.027163812821677236,-0.28504553053733073,-0.25272028854173423,-0.31737077251530199,0.067745720954476729,0.061586628122872078,0.104117404035033,0.019055852210710933,0.11022212161279588,0.15194751511240079,10.693646325999907,0.11857876841689195,0.0056831259912022078,0.0059400772092809574,0.0054261747731234591,0.080120373886239285,0.032047193891604403,0.03333111362637687,0.03076327415683194,0.033431828789980494,0.087236498050024883,4.3684252719849107e-05,"[[0.0801203739, 0.039497686, 0.0356934157, -0.0006773909, 0.0, 0.0], [0.039497686, 0.0898206266, 0.0392712458, -0.0020765344, 0.0, 0.0], [0.0356934157, 0.0392712458, 0.0846523695, -0.0020035142, 0.0, 0.0], [-0.0006773909, -0.0020765344, -0.0020035142, 0.0334318288, -0.0, -0.0], [0.0, 0.0, 0.0, -0.0, 0.0307632742, -6.48594e-05], [0.0, 0.0, 0.0, -0.0, -6.48594e-05, 0.0333311136]]",0.25,0.24182425100025284,2.3918433829994683,8.0337200029998712,105,169,143,0.12188975901567305,0.0079489341404822798,0.0079489341383152216,0.0079489341426493398,0.075036942142571422,0.030188015789414352,0.030188015789414446,0.030188015789414255,0.030112738828708255,0.075729577003786339,-5.1190499646164994e-10,"[[0.0750369421, 0.0416133868, 0.0416133868, -0.0, 0.0, 0.0], [0.0416133868, 0.075729577, 0.0416542704, -7.0831e-06, -0.0, 0.0], [0.0416133868, 0.0416542704, 0.075729577, 7.0831e-06, 0.0, -0.0], [-0.0, -7.0831e-06, 7.0831e-06, 0.0301127388, -0.0, -0.0], [0.0, -0.0, 0.0, -0.0, 0.0301880158, -0.0], [0.0, 0.0, -0.0, -0.0, -0.0, 0.0301880158]]",0.25,0.14206144899981155,1.4400098290002461,2.1446507350001411,89,111,106,"{""params"": {""w"": 0.0, ""rho"": 0.25, ""N"": 1.0, ""phase"": 0.3333333333333333, ""gradient"": 0.0, ""a_z"": 1.0, ""wall"": 0.5, ""n"": 32, ""kind"": ""network"", ""k_s"": 130.0, ""k_f"": 0.4, ""E"": 70000000000.0, ""nu"": 0.33, ""tol"": 1e-08, ""preconditioner"": ""two_level""}, ""params_json"": ""{\""E\"": 70000000000.0, \""N\"": 1.0, \""a_z\"": 1.0, \""gradient\"": 0.0, \""k_f\"": 0.4, \""k_s\"": 130.0, \""kind\"": \""network\"", \""n\"": 32, \""nu\"": 0.33, \""phase\"": 0.3333333333333333, \""preconditioner\"": \""two_level\"", \""rho\"": 0.25, \""tol\"": 1e-08, \""w\"": 0.0, \""wall\"": 0.5}"", ""voxlat_version"": ""0.1.0"", ""git_hash"": ""0977f9f913f3+dirty"", ""resolution"": 32, ""wall_time_s"": 10.693646325999907, ""timestamp_utc"": ""2026-10-09T17:39:56+00:00"", ""python"": ""3.13.16"", ""numpy"": ""2.5.3"", ""platform"": ""Linux-6.18.44-fc-v80-x86_64-with-glibc2.39"", ""extra"": {}}",uniform
G-r0.250-N1-p0.6667-g0.000-az1.0000-tw0.500-n32,0,0.25,1,0.66666666666666663,0,1,0.5,32,network,G,95c011af0755,ok,,32,16,1,1.5,0.25,0.2626953125,0.2373046875,-0.027163812821677347,-0.28504553071279104,-0.25272028905739896,-0.31737077239387701,0.067745720954541788,0.061586628122872966,0.10411740403503478,0.019055852210711377,0.11022212161280498,0.15194751511237214,10.159444004000761,0.11857876841689192,0.0056831259964659139,0.005940077216121593,0.0054261747768102348,0.08012037388624188,0.032047193891604618,0.033331113626377008,0.030763274156832231,0.033431828789980529,0.087236498050022954,-4.3685967640726646e-05,"[[0.0801203739, 0.039497686, 0.0356934157, 0.0006773909, 0.0, 0.0], [0.039497686, 0.0898206266, 0.0392712458, 0.0020765344, 0.0, 0.0], [0.0356934157, 0.0392712458, 0.0846523695, 0.0020035142, 0.0, 0.0], [0.0006773909, 0.0020765344, 0.0020035142, 0.0334318288, 0.0, 0.0], [0.0, 0.0, 0.0, 0.0, 0.0307632742, 6.48594e-05], [0.0, 0.0, 0.0, 0.0, 6.48594e-05, 0.0333311136]]",0.25,0.21329174099992088,2.1912219120004011,7.7361246020000181,105,170,136,0.12188975901567303,0.0079489341497953614,0.0079489341529544802,0.0079489341466362426,0.075036942142569299,0.030188015789414529,0.030188015789414529,0.030188015789414529,0.030112738828708036,0.075729577003786547,-1.3932117222892825e-10,"[[0.0750369421, 0.0416133868, 0.0416133868, -0.0, 0.0, 0.0], [0.0416133868, 0.075729577, 0.0416542704, 7.0831e-06, -0.0, 0.0], [0.0416133868, 0.0416542704, 0.075729577, -7.0831e-06, 0.0, -0.0], [-0.0, 7.0831e-06, -7.0831e-06, 0.0301127388, -0.0, -0.0], [0.0, -0.0, 0.0, -0.0, 0.0301880158, -0.0], [0.0, 0.0, -0.0, -0.0, -0.0, 0.0301880158]]",0.25,0.1332946190000257,1.3687213640000664,2.009127362000072,89,112,109,"{""params"": {""w"": 0.0, ""rho"": 0.25, ""N"": 1.0, ""phase"": 0.6666666666666666, ""gradient"": 0.0, ""a_z"": 1.0, ""wall"": 0.5, ""n"": 32, ""kind"": ""network"", ""k_s"": 130.0, ""k_f"": 0.4, ""E"": 70000000000.0, ""nu"": 0.33, ""tol"": 1e-08, ""preconditioner"": ""two_level""}, ""params_json"": ""{\""E\"": 70000000000.0, \""N\"": 1.0, \""a_z\"": 1.0, \""gradient\"": 0.0, \""k_f\"": 0.4, \""k_s\"": 130.0, \""kind\"": \""network\"", \""n\"": 32, \""nu\"": 0.33, \""phase\"": 0.6666666666666666, \""preconditioner\"": \""two_level\"", \""rho\"": 0.25, \""tol\"": 1e-08, \""w\"": 0.0, \""wall\"": 0.5}"", ""voxlat_version"": ""0.1.0"", ""git_hash"": ""0977f9f913f3+dirty"", ""resolution"": 32, ""wall_time_s"": 10.159444004000761, ""timestamp_utc"": ""2026-10-09T17:40:04+00:00"", ""python"": ""3.13.16"", ""numpy"": ""2.5.3"", ""platform"": ""Linux-6.18.44-fc-v80-x86_64-with-glibc2.39"", ""extra"": {}}",uniform
G-r0.250-N1.5-p0.0000-g0.000-az1.0000-tw0.500-n32,0,0.25,1.5,0,0,1,0.5,32,network,G,95c011af0755,ok,,48,16,1.5,2,0.24989827473958334,0.25,0.249755859375,-0.0002995111430175168,-0.18464416095832281,-0.23119784496673812,-0.1380885818398625,0.049711254528132409,0.064840682079599032,-0.00032268441123051161,0.13000233315236032,0.074149114915040837,0.087083387195603601,14.173431969999911,0.12164991795248141,0.0065329267731087885,0.0061600471449938885,0.0069058064012236884,0.078582175270956359,0.031643547210627135,0.029706716212243005,0.033580378209011254,0.031917560962304782,0.081409855126252692,2.930721216821614e-06,"[[0.0785821753, 0.0364277806, 0.0419845868, -1.95767e-05, 2.2867e-06, -1.62161e-05], [0.0364277806, 0.0774182065, 0.0394139571, -1.50779e-05, -6.1434e-06, -1.0923e-06], [0.0419845868, 0.0394139571, 0.0854015038, -6.885e-06, -2.28321e-05, -1.63365e-05], [-1.95767e-05, -1.50779e-05, -6.885e-06, 0.031917561, -5.111e-07, -1.998e-07], [2.2867e-06, -6.1434e-06, -2.28321e-05, -5.111e-07, 0.0335803782, -4.9418e-06], [-1.62161e-05, -1.0923e-06, -1.63365e-05, -1.998e-07, -4.9418e-06, 0.0297067162]]",0.24989827473958334,0.38241488799940271,3.571144233999803,10.19754171600016,115,172,138,0.12168636437456488,0.0080123627749906327,0.0080125258555335047,0.0080121996944477591,0.074860753309042793,0.029716696350132226,0.029716305200690636,0.029717087499573816,0.029714273855571051,0.074888326033819036,3.8113801156115193e-06,"[[0.0748607533, 0.0415455954, 0.041541597, -2.10048e-05, -2.108e-07, -1.21295e-05], [0.0415455954, 0.0749118506, 0.0415428111, -9.1251e-06, -1.20638e-05, 3.5639e-06], [0.041541597, 0.0415428111, 0.0748648015, 6.717e-07, -9.8071e-06, -1.77647e-05], [-2.10048e-05, -9.1251e-06, 6.717e-07, 0.0297142739, -4.6698e-06, -4.9252e-06], [-2.108e-07, -1.20638e-05, -9.8071e-06, -4.6698e-06, 0.0297170875, -3.5738e-06], [-1.21295e-05, 3.5639e-06, -1.77647e-05, -4.9252e-06, -3.5738e-06, 0.0297163052]]",0.249969482421875,0.13417775100015206,1.4843033450001712,2.2575934610003969,97,117,110,"{""params"": {""w"": 0.0, ""rho"": 0.25, ""N"": 1.5, ""phase"": 0.0, ""gradient"": 0.0, ""a_z"": 1.0, ""wall"": 0.5, ""n"": 32, ""kind"": ""network"", ""k_s"": 130.0, ""k_f"": 0.4, ""E"": 70000000000.0, ""nu"": 0.33, ""tol"": 1e-08, ""preconditioner"": ""two_level""}, ""params_json"": ""{\""E\"": 70000000000.0, \""N\"": 1.5, \""a_z\"": 1.0, \""gradient\"": 0.0, \""k_f\"": 0.4, \""k_s\"": 130.0, \""kind\"": \""network\"", \""n\"": 32, \""nu\"": 0.33, \""phase\"": 0.0, \""preconditioner\"": \""two_level\"", \""rho\"": 0.25, \""tol\"": 1e-08, \""w\"": 0.0, \""wall\"": 0.5}"", ""voxlat_version"": ""0.1.0"", ""git_hash"": ""0977f9f913f3+dirty"", ""resolution"": 32, ""wall_time_s"": 14.17343196999991, ""timestamp_utc"": ""2026-10-09T17:36:38+00:00"", ""python"": ""3.13.16"", ""numpy"": ""2.5.3"", ""platform"": ""Linux-6.18.44-fc-v80-x86_64-with-glibc2.39"", ""extra"": {}}",uniform
G-r0.250-N1.5-p0.1250-g0.000-az1.0000-tw0.500-n32,0,0.25,1.5,0.125,0,1,0.5,32,network,G,95c011af0755,ok,,48,16,1.5,2,0.24993896484375,0.24951171875,0.250244140625,-0.028420663455144268,-0.19103264124113029,-0.19119229895564249,-0.19087294223851614,0.022076063474971486,0.033974740155177985,0.033993924141635823,0.033955558488079074,0.082564739507520635,0.10486252693081188,13.940994402999422,0.118229291007236,0.0064804627465610172,0.0064800214257618389,0.0064809040673601964,0.076520193068419215,0.030731981539388192,0.030730693822261259,0.030733269256515129,0.032174196258130484,0.082772996121051823,-4.5520419933217388e-05,"[[0.0765201931, 0.0384016056, 0.0384015808, 0.0006760227, 1.34421e-05, -1.33169e-05], [0.0384016056, 0.0828140553, 0.0400592462, 0.0014712652, 6.8271e-06, 2.9702e-06], [0.0384015808, 0.0400592462, 0.082731937, 0.0014946558, -7.0722e-06, -2.26952e-05], [0.0006760227, 0.0014712652, 0.0014946558, 0.0321741963, -5.235e-06, 5.603e-07], [1.34421e-05, 6.8271e-06, -7.0722e-06, -5.235e-06, 0.0307332693, 0.0001321312], [-1.33169e-05, 2.9702e-06, -2.26952e-05, 5.603e-07, 0.0001321312, 0.0307306938]]",0.24993896484375,0.33537641800103302,3.5961733370004367,9.9798649849999492,101,179,141,0.12168773723377517,0.0080107839659976435,0.0080118196419181401,0.0080097482900771452,0.074867415256998665,0.029722178256285026,0.029720381430453927,0.029723975082116126,0.029720343813125803,0.074917009223750414,2.5876804790215509e-06,"[[0.0748674153, 0.041550631, 0.0415452915, -2.72277e-05, 5.8811e-06, -1.70795e-05], [0.041550631, 0.0749666243, 0.0415505663, -1.69966e-05, -4.22e-08, -3.218e-06], [0.0415452915, 0.0415505663, 0.0748673942, -3.0669e-06, -5.749e-06, -2.07517e-05], [-2.72277e-05, -1.69966e-05, -3.0669e-06, 0.0297203438, -1.09361e-05, -5.5e-09], [5.8811e-06, -4.22e-08, -5.749e-06, -1.09361e-05, 0.0297239751, -8.7618e-06], [-1.70795e-05, -3.218e-06, -2.07517e-05, -5.5e-09, -8.7618e-06, 0.0297203814]]",0.25,0.1415204069999163,1.4929502429995409,2.7567520359998525,88,117,111,"{""params"": {""w"": 0.0, ""rho"": 0.25, ""N"": 1.5, ""phase"": 0.125, ""gradient"": 0.0, ""a_z"": 1.0, ""wall"": 0.5, ""n"": 32, ""kind"": ""network"", ""k_s"": 130.0, ""k_f"": 0.4, ""E"": 70000000000.0, ""nu"": 0.33, ""tol"": 1e-08, ""preconditioner"": ""two_level""}, ""params_json"": ""{\""E\"": 70000000000.0, \""N\"": 1.5, \""a_z\"": 1.0, \""gradient\"": 0.0, \""k_f\"": 0.4, \""k_s\"": 130.0, \""kind\"": \""network\"", \""n\"": 32, \""nu\"": 0.33, \""phase\"": 0.125, \""preconditioner\"": \""two_level\"", \""rho\"": 0.25, \""tol\"": 1e-08, \""w\"": 0.0, \""wall\"": 0.5}"", ""voxlat_version"": ""0.1.0"", ""git_hash"": ""0977f9f913f3+dirty"", ""resolution"": 32, ""wall_time_s"": 13.940994402999422, ""timestamp_utc"": ""2026-10-09T18:00:31+00:00"", ""python"": ""3.13.16"", ""numpy"": ""2.5.3"", ""platform"": ""Linux-6.18.44-fc-v80-x86_64-with-glibc2.39"", ""extra"": {}}",uniform
G-r0.250-N1.5-p0.3333-g0.000-az1.0000-tw0.500-n32,0,0.25,1.5,0.33333333333333331,0,1,0.5,32,network,G,95c011af0755,ok,,48,16,1.5,2,0.25,0.2373046875,0.2626953125,-0.020915113796304285,-0.1897442282471038,-0.16758379696028569,-0.21190465952183934,0.032277200010981444,0.038743478222591499,0.070924848315756295,0.0065621081294264805,0.076009367000616335,0.10109198162500599,14.187464229999932,0.11934042083525614,0.0064406697666094144,0.0066168215736291201,0.0062645179595897079,0.077458924532319645,0.031357604521734778,0.032329096230232321,0.030386112813237227,0.032401589045733245,0.08338523001072258,3.6599423485784627e-05,"[[0.0774589245, 0.040077442, 0.0373336434, -0.0005724149, 0.0, 0.0], [0.040077442, 0.085097615, 0.0400541578, -0.0013947021, 0.0, 0.0], [0.0373336434, 0.0400541578, 0.0816728451, -0.0013076661, 0.0, 0.0], [-0.0005724149, -0.0013947021, -0.0013076661, 0.032401589, -0.0, -0.0], [0.0, 0.0, 0.0, -0.0, 0.0303861128, -6.38815e-05], [0.0, 0.0, 0.0, -0.0, -6.38815e-05, 0.0323290962]]",0.25,0.37275264099935157,3.6036852260003798,10.193650835999506,107,163,147,0.12188975901567305,0.0079489341404822798,0.0079489341383152216,0.0079489341426493398,0.075036942142571422,0.030188015789414352,0.030188015789414446,0.030188015789414255,0.030112738828708255,0.075729577003786339,-5.1190499646164994e-10,"[[0.0750369421, 0.0416133868, 0.0416133868, -0.0, 0.0, 0.0], [0.0416133868, 0.075729577, 0.0416542704, -7.0831e-06, -0.0, 0.0], [0.0416133868, 0.0416542704, 0.075729577, 7.0831e-06, 0.0, -0.0], [-0.0, -7.0831e-06, 7.0831e-06, 0.0301127388, -0.0, -0.0], [0.0, -0.0, 0.0, -0.0, 0.0301880158, -0.0], [0.0, 0.0, -0.0, -0.0, -0.0, 0.0301880158]]",0.25,0.14206144899981155,1.4400098290002461,2.1446507350001411,89,111,106,"{""params"": {""w"": 0.0, ""rho"": 0.25, ""N"": 1.5, ""phase"": 0.3333333333333333, ""gradient"": 0.0, ""a_z"": 1.0, ""wall"": 0.5, ""n"": 32, ""kind"": ""network"", ""k_s"": 130.0, ""k_f"": 0.4, ""E"": 70000000000.0, ""nu"": 0.33, ""tol"": 1e-08, ""preconditioner"": ""two_level""}, ""params_json"": ""{\""E\"": 70000000000.0, \""N\"": 1.5, \""a_z\"": 1.0, \""gradient\"": 0.0, \""k_f\"": 0.4, \""k_s\"": 130.0, \""kind\"": \""network\"", \""n\"": 32, \""nu\"": 0.33, \""phase\"": 0.3333333333333333, \""preconditioner\"": \""two_level\"", \""rho\"": 0.25, \""tol\"": 1e-08, \""w\"": 0.0, \""wall\"": 0.5}"", ""voxlat_version"": ""0.1.0"", ""git_hash"": ""0977f9f913f3+dirty"", ""resolution"": 32, ""wall_time_s"": 14.187464229999932, ""timestamp_utc"": ""2026-10-09T17:36:38+00:00"", ""python"": ""3.13.16"", ""numpy"": ""2.5.3"", ""platform"": ""Linux-6.18.44-fc-v80-x86_64-with-glibc2.39"", ""extra"": {}}",uniform
G-r0.250-N1.5-p0.6667-g0.000-az1.0000-tw0.500-n32,0,0.25,1.5,0.66666666666666663,0,1,0.5,32,network,G,95c011af0755,ok,,48,16,1.5,2,0.25,0.2626953125,0.2373046875,-0.020915113796304174,-0.18974422923677847,-0.16758379891949482,-0.21190465957167637,0.032277200011054497,0.038743478222578842,0.070924848315766953,0.0065621081293911754,0.076009367000628547,0.10109198162497401,14.033537792000061,0.11934042083525614,0.0064406697662885339,0.0066168215702414514,0.0062645179623356155,0.077458924532322934,0.031357604521734576,0.03232909623023273,0.030386112813236433,0.032401589045733384,0.083385230010720388,-3.6602085980579494e-05,"[[0.0774589245, 0.040077442, 0.0373336434, 0.0005724149, 0.0, 0.0], [0.040077442, 0.085097615, 0.0400541578, 0.0013947021, 0.0, 0.0], [0.0373336434, 0.0400541578, 0.0816728451, 0.0013076661, 0.0, 0.0], [0.0005724149, 0.0013947021, 0.0013076661, 0.032401589, 0.0, 0.0], [0.0, 0.0, 0.0, 0.0, 0.0303861128, 6.38815e-05], [0.0, 0.0, 0.0, 0.0, 6.38815e-05, 0.0323290962]]",0.25,0.30634818600083236,3.4641268260002107,10.233997528000145,107,163,140,0.12188975901567303,0.0079489341497953614,0.0079489341529544802,0.0079489341466362426,0.075036942142569299,0.030188015789414529,0.030188015789414529,0.030188015789414529,0.030112738828708036,0.075729577003786547,-1.3932117222892825e-10,"[[0.0750369421, 0.0416133868, 0.0416133868, -0.0, 0.0, 0.0], [0.0416133868, 0.075729577, 0.0416542704, 7.0831e-06, -0.0, 0.0], [0.0416133868, 0.0416542704, 0.075729577, -7.0831e-06, 0.0, -0.0], [-0.0, 7.0831e-06, -7.0831e-06, 0.0301127388, -0.0, -0.0], [0.0, -0.0, 0.0, -0.0, 0.0301880158, -0.0], [0.0, 0.0, -0.0, -0.0, -0.0, 0.0301880158]]",0.25,0.1332946190000257,1.3687213640000664,2.009127362000072,89,112,109,"{""params"": {""w"": 0.0, ""rho"": 0.25, ""N"": 1.5, ""phase"": 0.6666666666666666, ""gradient"": 0.0, ""a_z"": 1.0, ""wall"": 0.5, ""n"": 32, ""kind"": ""network"", ""k_s"": 130.0, ""k_f"": 0.4, ""E"": 70000000000.0, ""nu"": 0.33, ""tol"": 1e-08, ""preconditioner"": ""two_level""}, ""params_json"": ""{\""E\"": 70000000000.0, \""N\"": 1.5, \""a_z\"": 1.0, \""gradient\"": 0.0, \""k_f\"": 0.4, \""k_s\"": 130.0, \""kind\"": \""network\"", \""n\"": 32, \""nu\"": 0.33, \""phase\"": 0.6666666666666666, \""preconditioner\"": \""two_level\"", \""rho\"": 0.25, \""tol\"": 1e-08, \""w\"": 0.0, \""wall\"": 0.5}"", ""voxlat_version"": ""0.1.0"", ""git_hash"": ""0977f9f913f3+dirty"", ""resolution"": 32, ""wall_time_s"": 14.033537792000061, ""timestamp_utc"": ""2026-10-09T17:36:52+00:00"", ""python"": ""3.13.16"", ""numpy"": ""2.5.3"", ""platform"": ""Linux-6.18.44-fc-v80-x86_64-with-glibc2.39"", ""extra"": {}}",uniform
G-r0.250-N2-p0.0000-g0.000-az1.0000-tw0.500-n32,0,0.25,2,0,0,1,0.5,32,network,G,95c011af0755,ok,,64,16,2,2.5,0.249969482421875,0.25,0.25,0.0017046746545266167,-0.13868261962103767,-0.17365476119791756,-0.10370905439620781,0.045821986320522257,0.047879611724147342,0.0078440106906667584,0.087914158825072253,0.054517583114378265,0.064398268993913099,15.267458226999679,0.12189380003571569,0.0069011873160008449,0.006621112591498694,0.0071812620405029967,0.078291021723113738,0.031139520233100945,0.029949400216371973,0.03232964024982992,0.031334224250175541,0.079711004598248786,2.2414869498823869e-06,"[[0.0782910217, 0.0383829662, 0.0419654158, -1.62598e-05, 1.4218e-06, -9.5631e-06], [0.0383829662, 0.0765391733, 0.0400323497, -6.1959e-06, -6.8811e-06, -4.3539e-06], [0.0419654158, 0.0400323497, 0.0828828359, 4.1587e-06, -9.5876e-06, -1.38539e-05], [-1.62598e-05, -6.1959e-06, 4.1587e-06, 0.0313342243, 5.5e-09, -3.9426e-06], [1.4218e-06, -6.8811e-06, -9.5876e-06, 5.5e-09, 0.0323296402, -2.8759e-06], [-9.5631e-06, -4.3539e-06, -1.38539e-05, -3.9426e-06, -2.8759e-06, 0.0299494002]]",0.249969482421875,0.47986442299998089,4.4609757849998459,10.299991955999758,116,176,138,0.12168636437456488,0.0080123627749906327,0.0080125258555335047,0.0080121996944477591,0.074860753309042793,0.029716696350132226,0.029716305200690636,0.029717087499573816,0.029714273855571051,0.074888326033819036,3.8113801156115193e-06,"[[0.0748607533, 0.0415455954, 0.041541597, -2.10048e-05, -2.108e-07, -1.21295e-05], [0.0415455954, 0.0749118506, 0.0415428111, -9.1251e-06, -1.20638e-05, 3.5639e-06], [0.041541597, 0.0415428111, 0.0748648015, 6.717e-07, -9.8071e-06, -1.77647e-05], [-2.10048e-05, -9.1251e-06, 6.717e-07, 0.0297142739, -4.6698e-06, -4.9252e-06], [-2.108e-07, -1.20638e-05, -9.8071e-06, -4.6698e-06, 0.0297170875, -3.5738e-06], [-1.21295e-05, 3.5639e-06, -1.77647e-05, -4.9252e-06, -3.5738e-06, 0.0297163052]]",0.249969482421875,0.13417775100015206,1.4843033450001712,2.2575934610003969,97,117,110,"{""params"": {""w"": 0.0, ""rho"": 0.25, ""N"": 2.0, ""phase"": 0.0, ""gradient"": 0.0, ""a_z"": 1.0, ""wall"": 0.5, ""n"": 32, ""kind"": ""network"", ""k_s"": 130.0, ""k_f"": 0.4, ""E"": 70000000000.0, ""nu"": 0.33, ""tol"": 1e-08, ""preconditioner"": ""two_level""}, ""params_json"": ""{\""E\"": 70000000000.0, \""N\"": 2.0, \""a_z\"": 1.0, \""gradient\"": 0.0, \""k_f\"": 0.4, \""k_s\"": 130.0, \""kind\"": \""network\"", \""n\"": 32, \""nu\"": 0.33, \""phase\"": 0.0, \""preconditioner\"": \""two_level\"", \""rho\"": 0.25, \""tol\"": 1e-08, \""w\"": 0.0, \""wall\"": 0.5}"", ""voxlat_version"": ""0.1.0"", ""git_hash"": ""0977f9f913f3+dirty"", ""resolution"": 32, ""wall_time_s"": 15.267458226999679, ""timestamp_utc"": ""2026-10-09T16:18:51+00:00"", ""python"": ""3.13.16"", ""numpy"": ""2.5.3"", ""platform"": ""Linux-6.18.44-fc-v80-x86_64-with-glibc2.39"", ""extra"": {}}",uniform
G-r0.250-N2-p0.0000-g0.000-az1.0000-tw0.500-n48,0,0.25,2,0,0,1,0.5,48,network,G,95c011af0755,ok,,96,24,2,2.5,0.25000904224537035,0.25000000000000006,0.24992766203703706,-0.0015615557385016965,-0.13958513266038608,-0.17453873101158079,-0.10463153430919137,0.039522864742247421,0.043446556035972916,0.0030180365984620039,0.083875075473483829,0.051684579390777419,0.060117591931791781,53.778891017000205,0.12620452094292198,0.0068501578299563579,0.0065718761840674088,0.0071284394758453079,0.079391460286424062,0.031465786274690946,0.030246638878339692,0.032684933671042207,0.03171420904316815,0.080964341000485635,-3.596596639618277e-07,"[[0.0793914603, 0.0384073867, 0.0420578541, 3.8962e-06, 5.0017e-06, -5.0472e-06], [0.0384073867, 0.0778399027, 0.0402098927, -5.9325e-06, 3.9658e-06, 5.0095e-06], [0.0420578541, 0.0402098927, 0.0840887793, 5.3044e-06, -3.7296e-06, 1.01756e-05], [3.8962e-06, -5.9325e-06, 5.3044e-06, 0.031714209, 3.6754e-06, 1.5867e-06], [5.0017e-06, 3.9658e-06, -3.7296e-06, 3.6754e-06, 0.0326849337, 1.4485e-06], [-5.0472e-06, 5.0095e-06, 1.01756e-05, 1.5867e-06, 1.4485e-06, 0.0302466389]]",0.25000904224537035,1.7327938670005096,17.602411177000249,34.388333335000425,102,140,122,0.12640190456234887,0.0079614591634578711,0.0079614591634578659,0.0079614591634578763,0.076372981277433846,0.030155628089117158,0.030155628089117124,0.03015562808911719,0.030155628089117401,0.076372981277434457,-4.2882070899116669e-07,"[[0.0763729813, 0.0417210183, 0.0417210183, 5.8347e-06, 4.6801e-06, -1.4903e-06], [0.0417210183, 0.0763729813, 0.0417210183, -1.4903e-06, 5.8347e-06, 4.6801e-06], [0.0417210183, 0.0417210183, 0.0763729813, 4.6801e-06, -1.4903e-06, 5.8347e-06], [5.8347e-06, -1.4903e-06, 4.6801e-06, 0.0301556281, 1.0587e-06, 1.0587e-06], [4.6801e-06, 5.8347e-06, -1.4903e-06, 1.0587e-06, 0.0301556281, 1.0587e-06], [-1.4903e-06, 4.6801e-06, 5.8347e-06, 1.0587e-06, 1.0587e-06, 0.0301556281]]",0.25000904224537035,0.59272764299930714,6.1857650490001106,7.790017622999585,93,105,101,"{""params"": {""w"": 0.0, ""rho"": 0.25, ""N"": 2.0, ""phase"": 0.0, ""gradient"": 0.0, ""a_z"": 1.0, ""wall"": 0.5, ""n"": 48, ""kind"": ""network"", ""k_s"": 130.0, ""k_f"": 0.4, ""E"": 70000000000.0, ""nu"": 0.33, ""tol"": 1e-08, ""preconditioner"": ""two_level""}, ""params_json"": ""{\""E\"": 70000000000.0, \""N\"": 2.0, \""a_z\"": 1.0, \""gradient\"": 0.0, \""k_f\"": 0.4, \""k_s\"": 130.0, \""kind\"": \""network\"", \""n\"": 48, \""nu\"": 0.33, \""phase\"": 0.0, \""preconditioner\"": \""two_level\"", \""rho\"": 0.25, \""tol\"": 1e-08, \""w\"": 0.0, \""wall\"": 0.5}"", ""voxlat_version"": ""0.1.0"", ""git_hash"": ""0977f9f913f3+dirty"", ""resolution"": 48, ""wall_time_s"": 53.778891017000205, ""timestamp_utc"": ""2026-10-09T18:18:59+00:00"", ""python"": ""3.13.16"", ""numpy"": ""2.5.3"", ""platform"": ""Linux-6.18.44-fc-v80-x86_64-with-glibc2.39"", ""extra"": {}}",
G-r0.250-N2-p0.1250-g0.000-az1.0000-tw0.500-n32,0,0.25,2,0.125,0,1,0.5,32,network,G,95c011af0755,ok,,64,16,2,2.5,0.25,0.24951171875,0.250244140625,-0.019257607755280848,-0.14353469569941868,-0.14365639061360436,-0.14341296931445779,0.025608093334176019,0.025498097350578286,0.025575722686421498,0.025420481399698769,0.059188060230151995,0.078939961578792905,16.345010116001504,0.11934432252149944,0.0068609585271243896,0.0068608705499129995,0.0068610465043357806,0.076784627014588394,0.030480037250935028,0.030480501664053885,0.030479572837816167,0.031479433312797914,0.080830955053471348,-3.2492049626425622e-05,"[[0.076784627, 0.039419834, 0.0394191143, 0.000384039, 5.582e-07, -1.26912e-05], [0.039419834, 0.0808732201, 0.0403898469, 0.0011238141, 1.8717e-06, -6.1898e-06], [0.0394191143, 0.0403898469, 0.08078869, 0.0011416347, -5.0668e-06, -2.04687e-05], [0.000384039, 0.0011238141, 0.0011416347, 0.0314794333, -7.6492e-06, 1.2506e-06], [5.582e-07, 1.8717e-06, -5.0668e-06, -7.6492e-06, 0.0304795728, 0.000118606], [-1.26912e-05, -6.1898e-06, -2.04687e-05, 1.2506e-06, 0.000118606, 0.0304805017]]",0.25,0.28476494499955152,4.7966904400000203,11.247205473000577,102,186,142,0.12168773723377517,0.0080107839659976435,0.0080118196419181401,0.0080097482900771452,0.074867415256998665,0.029722178256285026,0.029720381430453927,0.029723975082116126,0.029720343813125803,0.074917009223750414,2.5876804790215509e-06,"[[0.0748674153, 0.041550631, 0.0415452915, -2.72277e-05, 5.8811e-06, -1.70795e-05], [0.041550631, 0.0749666243, 0.0415505663, -1.69966e-05, -4.22e-08, -3.218e-06], [0.0415452915, 0.0415505663, 0.0748673942, -3.0669e-06, -5.749e-06, -2.07517e-05], [-2.72277e-05, -1.69966e-05, -3.0669e-06, 0.0297203438, -1.09361e-05, -5.5e-09], [5.8811e-06, -4.22e-08, -5.749e-06, -1.09361e-05, 0.0297239751, -8.7618e-06], [-1.70795e-05, -3.218e-06, -2.07517e-05, -5.5e-09, -8.7618e-06, 0.0297203814]]",0.25,0.1415204069999163,1.4929502429995409,2.7567520359998525,88,117,111,"{""params"": {""w"": 0.0, ""rho"": 0.25, ""N"": 2.0, ""phase"": 0.125, ""gradient"": 0.0, ""a_z"": 1.0, ""wall"": 0.5, ""n"": 32, ""kind"": ""network"", ""k_s"": 130.0, ""k_f"": 0.4, ""E"": 70000000000.0, ""nu"": 0.33, ""tol"": 1e-08, ""preconditioner"": ""two_level""}, ""params_json"": ""{\""E\"": 70000000000.0, \""N\"": 2.0, \""a_z\"": 1.0, \""gradient\"": 0.0, \""k_f\"": 0.4, \""k_s\"": 130.0, \""kind\"": \""network\"", \""n\"": 32, \""nu\"": 0.33, \""phase\"": 0.125, \""preconditioner\"": \""two_level\"", \""rho\"": 0.25, \""tol\"": 1e-08, \""w\"": 0.0, \""wall\"": 0.5}"", ""voxlat_version"": ""0.1.0"", ""git_hash"": ""0977f9f913f3+dirty"", ""resolution"": 32, ""wall_time_s"": 16.345010116001504, ""timestamp_utc"": ""2026-10-09T17:59:43+00:00"", ""python"": ""3.13.16"", ""numpy"": ""2.5.3"", ""platform"": ""Linux-6.18.44-fc-v80-x86_64-with-glibc2.39"", ""extra"": {}}",uniform
G-r0.250-N2-p0.3333-g0.000-az1.0000-tw0.500-n32,0,0.25,2,0.33333333333333331,0,1,0.5,32,network,G,95c011af0755,ok,,64,16,2,2.5,0.25,0.2373046875,0.2626953125,-0.013768859638039976,-0.14232215102114631,-0.1257432860703962,-0.158901015962857,0.032508924974541165,0.028977771956942178,0.049496845427383418,0.0084586984865004933,0.054301698765916395,0.075032969044584785,18.242178917000274,0.12021147603247173,0.0068176247352834153,0.0069494090390063122,0.0066858404315605184,0.077476312465003264,0.031062797226792567,0.031682227340702508,0.030443367112882626,0.031747911701601482,0.08141179201087094,2.6945387845611903e-05,"[[0.0774763125, 0.0406009472, 0.0387733446, -0.0003244265, 0.0, 0.0], [0.0406009472, 0.0827594718, 0.0404195215, -0.0010434761, 0.0, 0.0], [0.0387733446, 0.0404195215, 0.0800641122, -0.0010078393, 0.0, 0.0], [-0.0003244265, -0.0010434761, -0.0010078393, 0.0317479117, -0.0, -0.0], [0.0, 0.0, 0.0, -0.0, 0.0304433671, -6.49109e-05], [0.0, 0.0, 0.0, -0.0, -6.49109e-05, 0.0316822273]]",0.25,0.41058552400045301,4.8747654740000144,12.928474352000194,108,157,148,0.12188975901567305,0.0079489341404822798,0.0079489341383152216,0.0079489341426493398,0.075036942142571422,0.030188015789414352,0.030188015789414446,0.030188015789414255,0.030112738828708255,0.075729577003786339,-5.1190499646164994e-10,"[[0.0750369421, 0.0416133868, 0.0416133868, -0.0, 0.0, 0.0], [0.0416133868, 0.075729577, 0.0416542704, -7.0831e-06, -0.0, 0.0], [0.0416133868, 0.0416542704, 0.075729577, 7.0831e-06, 0.0, -0.0], [-0.0, -7.0831e-06, 7.0831e-06, 0.0301127388, -0.0, -0.0], [0.0, -0.0, 0.0, -0.0, 0.0301880158, -0.0], [0.0, 0.0, -0.0, -0.0, -0.0, 0.0301880158]]",0.25,0.14206144899981155,1.4400098290002461,2.1446507350001411,89,111,106,"{""params"": {""w"": 0.0, ""rho"": 0.25, ""N"": 2.0, ""phase"": 0.3333333333333333, ""gradient"": 0.0, ""a_z"": 1.0, ""wall"": 0.5, ""n"": 32, ""kind"": ""network"", ""k_s"": 130.0, ""k_f"": 0.4, ""E"": 70000000000.0, ""nu"": 0.33, ""tol"": 1e-08, ""preconditioner"": ""two_level""}, ""params_json"": ""{\""E\"": 70000000000.0, \""N\"": 2.0, \""a_z\"": 1.0, \""gradient\"": 0.0, \""k_f\"": 0.4, \""k_s\"": 130.0, \""kind\"": \""network\"", \""n\"": 32, \""nu\"": 0.33, \""phase\"": 0.3333333333333333, \""preconditioner\"": \""two_level\"", \""rho\"": 0.25, \""tol\"": 1e-08, \""w\"": 0.0, \""wall\"": 0.5}"", ""voxlat_version"": ""0.1.0"", ""git_hash"": ""0977f9f913f3+dirty"", ""resolution"": 32, ""wall_time_s"": 18.242178917000274, ""timestamp_utc"": ""2026-10-09T17:30:01+00:00"", ""python"": ""3.13.16"", ""numpy"": ""2.5.3"", ""platform"": ""Linux-6.18.44-fc-v80-x86_64-with-glibc2.39"", ""extra"": {}}",uniform
G-r0.250-N2-p0.6667-g0.000-az1.0000-tw0.500-n32,0,0.25,2,0.66666666666666663,0,1,0.5,32,network,G,95c011af0755,ok,,64,16,2,2.5,0.25,0.2626953125,0.2373046875,-0.013768859638039421,-0.1423221519621598,-0.12574328750834896,-0.15890101642914856,0.032508924974543829,0.028977771956927745,0.049496845427359437,0.0084586984864958303,0.054301698765931272,0.075032969044554587,17.118240558000252,0.12021147603247179,0.0068176247357909841,0.006949409040374591,0.0066858404312073773,0.077476312465001265,0.031062797226792314,0.031682227340701863,0.030443367112882765,0.031747911701601704,0.081411792010868872,-2.6946245934285353e-05,"[[0.0774763125, 0.0406009472, 0.0387733446, 0.0003244265, 0.0, 0.0], [0.0406009472, 0.0827594718, 0.0404195215, 0.0010434761, 0.0, 0.0], [0.0387733446, 0.0404195215, 0.0800641122, 0.0010078393, 0.0, 0.0], [0.0003244265, 0.0010434761, 0.0010078393, 0.0317479117, 0.0, 0.0], [0.0, 0.0, 0.0, 0.0, 0.0304433671, 6.49109e-05], [0.0, 0.0, 0.0, 0.0, 6.49109e-05, 0.0316822273]]",0.25,0.42736291100027302,5.2289405199999237,11.443666455000312,108,158,141,0.12188975901567303,0.0079489341497953614,0.0079489341529544802,0.0079489341466362426,0.075036942142569299,0.030188015789414529,0.030188015789414529,0.030188015789414529,0.030112738828708036,0.075729577003786547,-1.3932117222892825e-10,"[[0.0750369421, 0.0416133868, 0.0416133868, -0.0, 0.0, 0.0], [0.0416133868, 0.075729577, 0.0416542704, 7.0831e-06, -0.0, 0.0], [0.0416133868, 0.0416542704, 0.075729577, -7.0831e-06, 0.0, -0.0], [-0.0, 7.0831e-06, -7.0831e-06, 0.0301127388, -0.0, -0.0], [0.0, -0.0, 0.0, -0.0, 0.0301880158, -0.0], [0.0, 0.0, -0.0, -0.0, -0.0, 0.0301880158]]",0.25,0.1332946190000257,1.3687213640000664,2.009127362000072,89,112,109,"{""params"": {""w"": 0.0, ""rho"": 0.25, ""N"": 2.0, ""phase"": 0.6666666666666666, ""gradient"": 0.0, ""a_z"": 1.0, ""wall"": 0.5, ""n"": 32, ""kind"": ""network"", ""k_s"": 130.0, ""k_f"": 0.4, ""E"": 70000000000.0, ""nu"": 0.33, ""tol"": 1e-08, ""preconditioner"": ""two_level""}, ""params_json"": ""{\""E\"": 70000000000.0, \""N\"": 2.0, \""a_z\"": 1.0, \""gradient\"": 0.0, \""k_f\"": 0.4, \""k_s\"": 130.0, \""kind\"": \""network\"", \""n\"": 32, \""nu\"": 0.33, \""phase\"": 0.6666666666666666, \""preconditioner\"": \""two_level\"", \""rho\"": 0.25, \""tol\"": 1e-08, \""w\"": 0.0, \""wall\"": 0.5}"", ""voxlat_version"": ""0.1.0"", ""git_hash"": ""0977f9f913f3+dirty"", ""resolution"": 32, ""wall_time_s"": 17.118240558000252, ""timestamp_utc"": ""2026-10-09T17:30:06+00:00"", ""python"": ""3.13.16"", ""numpy"": ""2.5.3"", ""platform"": ""Linux-6.18.44-fc-v80-x86_64-with-glibc2.39"", ""extra"": {}}",uniform
G-r0.250-N3-p0.0000-g0.000-az1.0000-tw0.500-n32,0,0.25,3,0,0,1,0.5,32,network,G,95c011af0755,ok,,96,16,3,3.5,0.249969482421875,0.25,0.25,0.0011358043587543776,-0.092453202660843448,-0.11577305802304205,-0.069132397992632155,0.030087826770986759,0.031027787695083076,0.0050876603108398477,0.05696723220847999,0.03634573363390059,0.042733310247565104,21.491876476000471,0.12182457627762248,0.0072715941755622255,0.0070848912347497,0.007458297116374751,0.077113150686550849,0.030638739695483377,0.029867491667244995,0.031409987723721756,0.030794260938250412,0.078088552104143033,2.765577376676022e-06,"[[0.0771131507, 0.0394688726, 0.0418198746, -1.78896e-05, 8.276e-07, -1.03791e-05], [0.0394688726, 0.0759674922, 0.0405397367, -7.1283e-06, -8.691e-06, -1.6854e-06], [0.0418198746, 0.0405397367, 0.080209612, 2.9903e-06, -9.6719e-06, -1.51585e-05], [-1.78896e-05, -7.1283e-06, 2.9903e-06, 0.0307942609, -1.6392e-06, -4.278e-06], [8.276e-07, -8.691e-06, -9.6719e-06, -1.6392e-06, 0.0314099877, -3.108e-06], [-1.03791e-05, -1.6854e-06, -1.51585e-05, -4.278e-06, -3.108e-06, 0.0298674917]]",0.249969482421875,0.61777497799994308,7.3381146410001747,13.50720435599942,116,190,138,0.12168636437456488,0.0080123627749906327,0.0080125258555335047,0.0080121996944477591,0.074860753309042793,0.029716696350132226,0.029716305200690636,0.029717087499573816,0.029714273855571051,0.074888326033819036,3.8113801156115193e-06,"[[0.0748607533, 0.0415455954, 0.041541597, -2.10048e-05, -2.108e-07, -1.21295e-05], [0.0415455954, 0.0749118506, 0.0415428111, -9.1251e-06, -1.20638e-05, 3.5639e-06], [0.041541597, 0.0415428111, 0.0748648015, 6.717e-07, -9.8071e-06, -1.77647e-05], [-2.10048e-05, -9.1251e-06, 6.717e-07, 0.0297142739, -4.6698e-06, -4.9252e-06], [-2.108e-07, -1.20638e-05, -9.8071e-06, -4.6698e-06, 0.0297170875, -3.5738e-06], [-1.21295e-05, 3.5639e-06, -1.77647e-05, -4.9252e-06, -3.5738e-06, 0.0297163052]]",0.249969482421875,0.13417775100015206,1.4843033450001712,2.2575934610003969,97,117,110,"{""params"": {""w"": 0.0, ""rho"": 0.25, ""N"": 3.0, ""phase"": 0.0, ""gradient"": 0.0, ""a_z"": 1.0, ""wall"": 0.5, ""n"": 32, ""kind"": ""network"", ""k_s"": 130.0, ""k_f"": 0.4, ""E"": 70000000000.0, ""nu"": 0.33, ""tol"": 1e-08, ""preconditioner"": ""two_level""}, ""params_json"": ""{\""E\"": 70000000000.0, \""N\"": 3.0, \""a_z\"": 1.0, \""gradient\"": 0.0, \""k_f\"": 0.4, \""k_s\"": 130.0, \""kind\"": \""network\"", \""n\"": 32, \""nu\"": 0.33, \""phase\"": 0.0, \""preconditioner\"": \""two_level\"", \""rho\"": 0.25, \""tol\"": 1e-08, \""w\"": 0.0, \""wall\"": 0.5}"", ""voxlat_version"": ""0.1.0"", ""git_hash"": ""0977f9f913f3+dirty"", ""resolution"": 32, ""wall_time_s"": 21.49187647600047, ""timestamp_utc"": ""2026-10-09T17:23:37+00:00"", ""python"": ""3.13.16"", ""numpy"": ""2.5.3"", ""platform"": ""Linux-6.18.44-fc-v80-x86_64-with-glibc2.39"", ""extra"": {}}",uniform
G-r0.250-N3-p0.1250-g0.000-az1.0000-tw0.500-n32,0,0.25,3,0.125,0,1,0.5,32,network,G,95c011af0755,ok,,96,16,3,3.5,0.25,0.24951171875,0.250244140625,-0.012921349944592264,-0.095689162468712508,-0.095770291965704746,-0.095608011991318853,0.016927211044366786,0.016816103324159171,0.016867276897849059,0.016764935937394032,0.039442860425484616,0.052448700158990835,21.436073263999788,0.12011536739701198,0.0072442387575735378,0.0072445253356350717,0.0072439521795120039,0.076134711795400115,0.030221989476861791,0.030221683333551085,0.030222295620172496,0.03089259918594434,0.078846308977335244,-2.0841836959306303e-05,"[[0.0761347118, 0.0401421235, 0.0401398376, 0.0002446231, 2.3293e-06, -1.41669e-05], [0.0401421235, 0.0788909951, 0.0407634121, 0.0007461107, 1.1808e-06, -5.156e-06], [0.0401398376, 0.0407634121, 0.0788016228, 0.0007626287, -5.3408e-06, -2.05334e-05], [0.0002446231, 0.0007461107, 0.0007626287, 0.0308925992, -8.7547e-06, 8.276e-07], [2.3293e-06, 1.1808e-06, -5.3408e-06, -8.7547e-06, 0.0302222956, 7.74184e-05], [-1.41669e-05, -5.156e-06, -2.05334e-05, 8.276e-07, 7.74184e-05, 0.0302216833]]",0.25,0.50416184700043232,6.6553669969998737,14.254469810999581,104,191,146,0.12168773723377517,0.0080107839659976435,0.0080118196419181401,0.0080097482900771452,0.074867415256998665,0.029722178256285026,0.029720381430453927,0.029723975082116126,0.029720343813125803,0.074917009223750414,2.5876804790215509e-06,"[[0.0748674153, 0.041550631, 0.0415452915, -2.72277e-05, 5.8811e-06, -1.70795e-05], [0.041550631, 0.0749666243, 0.0415505663, -1.69966e-05, -4.22e-08, -3.218e-06], [0.0415452915, 0.0415505663, 0.0748673942, -3.0669e-06, -5.749e-06, -2.07517e-05], [-2.72277e-05, -1.69966e-05, -3.0669e-06, 0.0297203438, -1.09361e-05, -5.5e-09], [5.8811e-06, -4.22e-08, -5.749e-06, -1.09361e-05, 0.0297239751, -8.7618e-06], [-1.70795e-05, -3.218e-06, -2.07517e-05, -5.5e-09, -8.7618e-06, 0.0297203814]]",0.25,0.1415204069999163,1.4929502429995409,2.7567520359998525,88,117,111,"{""params"": {""w"": 0.0, ""rho"": 0.25, ""N"": 3.0, ""phase"": 0.125, ""gradient"": 0.0, ""a_z"": 1.0, ""wall"": 0.5, ""n"": 32, ""kind"": ""network"", ""k_s"": 130.0, ""k_f"": 0.4, ""E"": 70000000000.0, ""nu"": 0.33, ""tol"": 1e-08, ""preconditioner"": ""two_level""}, ""params_json"": ""{\""E\"": 70000000000.0, \""N\"": 3.0, \""a_z\"": 1.0, \""gradient\"": 0.0, \""k_f\"": 0.4, \""k_s\"": 130.0, \""kind\"": \""network\"", \""n\"": 32, \""nu\"": 0.33, \""phase\"": 0.125, \""preconditioner\"": \""two_level\"", \""rho\"": 0.25, \""tol\"": 1e-08, \""w\"": 0.0, \""wall\"": 0.5}"", ""voxlat_version"": ""0.1.0"", ""git_hash"": ""0977f9f913f3+dirty"", ""resolution"": 32, ""wall_time_s"": 21.436073263999788, ""timestamp_utc"": ""2026-10-09T17:58:36+00:00"", ""python"": ""3.13.16"", ""numpy"": ""2.5.3"", ""platform"": ""Linux-6.18.44-fc-v80-x86_64-with-glibc2.39"", ""extra"": {}}",uniform
G-r0.250-N3-p0.3333-g0.000-az1.0000-tw0.500-n32,0,0.25,3,0.33333333333333331,0,1,0.5,32,network,G,95c011af0755,ok,,96,16,3,3.5,0.25,0.2373046875,0.2626953125,-0.0092215632263277225,-0.094880583358628034,-0.083825651947243784,-0.10593551476398477,0.021439815364777459,0.019000898116639187,0.032450681556437377,0.0055511146768407738,0.036191772246474851,0.049846130630133656,21.421681603000252,0.12076574489626817,0.0071947346321540066,0.0072826095518852456,0.0071068597124227676,0.076645720327645647,0.030761615201772508,0.031167637476617438,0.030355592926927574,0.031202572214114443,0.079504403391681841,1.8013017806998923e-05,"[[0.0766457203, 0.0409456611, 0.0397403201, -0.0002139643, 0.0, 0.0], [0.0409456611, 0.0804131665, 0.04082267, -0.0006989648, 0.0, 0.0], [0.0397403201, 0.04082267, 0.0785956403, -0.0006722198, 0.0, 0.0], [-0.0002139643, -0.0006989648, -0.0006722198, 0.0312025722, -0.0, -0.0], [0.0, 0.0, 0.0, -0.0, 0.0303555929, -4.48348e-05], [0.0, 0.0, 0.0, -0.0, -4.48348e-05, 0.0311676375]]",0.25,0.66002711800047109,6.6729460300002756,14.071041643999706,108,152,148,0.12188975901567305,0.0079489341404822798,0.0079489341383152216,0.0079489341426493398,0.075036942142571422,0.030188015789414352,0.030188015789414446,0.030188015789414255,0.030112738828708255,0.075729577003786339,-5.1190499646164994e-10,"[[0.0750369421, 0.0416133868, 0.0416133868, -0.0, 0.0, 0.0], [0.0416133868, 0.075729577, 0.0416542704, -7.0831e-06, -0.0, 0.0], [0.0416133868, 0.0416542704, 0.075729577, 7.0831e-06, 0.0, -0.0], [-0.0, -7.0831e-06, 7.0831e-06, 0.0301127388, -0.0, -0.0], [0.0, -0.0, 0.0, -0.0, 0.0301880158, -0.0], [0.0, 0.0, -0.0, -0.0, -0.0, 0.0301880158]]",0.25,0.14206144899981155,1.4400098290002461,2.1446507350001411,89,111,106,"{""params"": {""w"": 0.0, ""rho"": 0.25, ""N"": 3.0, ""phase"": 0.3333333333333333, ""gradient"": 0.0, ""a_z"": 1.0, ""wall"": 0.5, ""n"": 32, ""kind"": ""network"", ""k_s"": 130.0, ""k_f"": 0.4, ""E"": 70000000000.0, ""nu"": 0.33, ""tol"": 1e-08, ""preconditioner"": ""two_level""}, ""params_json"": ""{\""E\"": 70000000000.0, \""N\"": 3.0, \""a_z\"": 1.0, \""gradient\"": 0.0, \""k_f\"": 0.4, \""k_s\"": 130.0, \""kind\"": \""network\"", \""n\"": 32, \""nu\"": 0.33, \""phase\"": 0.3333333333333333, \""preconditioner\"": \""two_level\"", \""rho\"": 0.25, \""tol\"": 1e-08, \""w\"": 0.0, \""wall\"": 0.5}"", ""voxlat_version"": ""0.1.0"", ""git_hash"": ""0977f9f913f3+dirty"", ""resolution"": 32, ""wall_time_s"": 21.421681603000252, ""timestamp_utc"": ""2026-10-09T17:23:37+00:00"", ""python"": ""3.13.16"", ""numpy"": ""2.5.3"", ""platform"": ""Linux-6.18.44-fc-v80-x86_64-with-glibc2.39"", ""extra"": {}}",uniform
G-r0.250-N3-p0.6667-g0.000-az1.0000-tw0.500-n32,0,0.25,3,0.66666666666666663,0,1,0.5,32,network,G,95c011af0755,ok,,96,16,3,3.5,0.25,0.2626953125,0.2373046875,-0.0092215632263278335,-0.094880584174396931,-0.083825653674705736,-0.1059355146828751,0.021439815364832082,0.01900089811663741,0.0324506815564507,0.0055511146768243425,0.036191772246503717,0.049846130630123664,20.438601982000364,0.12076574489626814,0.0071947346340989647,0.0072826095515658778,0.0071068597166320515,0.076645720327647562,0.030761615201772636,0.031167637476617924,0.030355592926927355,0.031202572214115088,0.0795044033916813,-1.8011523094103275e-05,"[[0.0766457203, 0.0409456611, 0.0397403201, 0.0002139643, 0.0, 0.0], [0.0409456611, 0.0804131665, 0.04082267, 0.0006989648, 0.0, 0.0], [0.0397403201, 0.04082267, 0.0785956403, 0.0006722198, 0.0, 0.0], [0.0002139643, 0.0006989648, 0.0006722198, 0.0312025722, 0.0, 0.0], [0.0, 0.0, 0.0, 0.0, 0.0303555929, 4.48348e-05], [0.0, 0.0, 0.0, 0.0, 4.48348e-05, 0.0311676375]]",0.25,0.74875823099955596,6.0442004099995756,13.61268074399959,108,153,141,0.12188975901567303,0.0079489341497953614,0.0079489341529544802,0.0079489341466362426,0.075036942142569299,0.030188015789414529,0.030188015789414529,0.030188015789414529,0.030112738828708036,0.075729577003786547,-1.3932117222892825e-10,"[[0.0750369421, 0.0416133868, 0.0416133868, -0.0, 0.0, 0.0], [0.0416133868, 0.075729577, 0.0416542704, 7.0831e-06, -0.0, 0.0], [0.0416133868, 0.0416542704, 0.075729577, -7.0831e-06, 0.0, -0.0], [-0.0, 7.0831e-06, -7.0831e-06, 0.0301127388, -0.0, -0.0], [0.0, -0.0, 0.0, -0.0, 0.0301880158, -0.0], [0.0, 0.0, -0.0, -0.0, -0.0, 0.0301880158]]",0.25,0.1332946190000257,1.3687213640000664,2.009127362000072,89,112,109,"{""params"": {""w"": 0.0, ""rho"": 0.25, ""N"": 3.0, ""phase"": 0.6666666666666666, ""gradient"": 0.0, ""a_z"": 1.0, ""wall"": 0.5, ""n"": 32, ""kind"": ""network"", ""k_s"": 130.0, ""k_f"": 0.4, ""E"": 70000000000.0, ""nu"": 0.33, ""tol"": 1e-08, ""preconditioner"": ""two_level""}, ""params_json"": ""{\""E\"": 70000000000.0, \""N\"": 3.0, \""a_z\"": 1.0, \""gradient\"": 0.0, \""k_f\"": 0.4, \""k_s\"": 130.0, \""kind\"": \""network\"", \""n\"": 32, \""nu\"": 0.33, \""phase\"": 0.6666666666666666, \""preconditioner\"": \""two_level\"", \""rho\"": 0.25, \""tol\"": 1e-08, \""w\"": 0.0, \""wall\"": 0.5}"", ""voxlat_version"": ""0.1.0"", ""git_hash"": ""0977f9f913f3+dirty"", ""resolution"": 32, ""wall_time_s"": 20.438601982000364, ""timestamp_utc"": ""2026-10-09T17:23:57+00:00"", ""python"": ""3.13.16"", ""numpy"": ""2.5.3"", ""platform"": ""Linux-6.18.44-fc-v80-x86_64-with-glibc2.39"", ""extra"": {}}",uniform
G-r0.250-N4-p0.0000-g0.000-az1.0000-tw0.500-n32,0,0.25,4,0,0,1,0.5,32,network,G,95c011af0755,ok,,128,16,4,4.5,0.249969482421875,0.25,0.25,0.00085161145301149155,-0.069339857129952276,-0.08682974295493906,-0.051849259325687846,0.022397397668527663,0.022963729377231124,0.0037992201921497326,0.042127734058830191,0.027259299366009682,0.031977113188144113,26.639782471000217,0.12178999387614159,0.007456786684899434,0.007316800295077727,0.0075967730747211401,0.076537439370670979,0.030399102523102017,0.029829203987445187,0.030969001058758851,0.030524264142043657,0.077283038511873112,3.0274071111459807e-06,"[[0.0765374394, 0.0399996816, 0.041748747, -1.86859e-05, 5.51e-07, -1.08221e-05], [0.0399996816, 0.0756928602, 0.040791942, -7.6114e-06, -9.5642e-06, -3.595e-07], [0.041748747, 0.040791942, 0.0788732168, 2.4085e-06, -9.7083e-06, -1.5813e-05], [-1.86859e-05, -7.6114e-06, 2.4085e-06, 0.0305242641, -2.4285e-06, -4.441e-06], [5.51e-07, -9.5642e-06, -9.7083e-06, -2.4285e-06, 0.0309690011, -3.2286e-06], [-1.08221e-05, -3.595e-07, -1.5813e-05, -4.441e-06, -3.2286e-06, 0.029829204]]",0.249969482421875,0.81583394199969916,8.6204526259998602,17.172591921000276,116,178,137,0.12168636437456488,0.0080123627749906327,0.0080125258555335047,0.0080121996944477591,0.074860753309042793,0.029716696350132226,0.029716305200690636,0.029717087499573816,0.029714273855571051,0.074888326033819036,3.8113801156115193e-06,"[[0.0748607533, 0.0415455954, 0.041541597, -2.10048e-05, -2.108e-07, -1.21295e-05], [0.0415455954, 0.0749118506, 0.0415428111, -9.1251e-06, -1.20638e-05, 3.5639e-06], [0.041541597, 0.0415428111, 0.0748648015, 6.717e-07, -9.8071e-06, -1.77647e-05], [-2.10048e-05, -9.1251e-06, 6.717e-07, 0.0297142739, -4.6698e-06, -4.9252e-06], [-2.108e-07, -1.20638e-05, -9.8071e-06, -4.6698e-06, 0.0297170875, -3.5738e-06], [-1.21295e-05, 3.5639e-06, -1.77647e-05, -4.9252e-06, -3.5738e-06, 0.0297163052]]",0.249969482421875,0.13417775100015206,1.4843033450001712,2.2575934610003969,97,117,110,"{""params"": {""w"": 0.0, ""rho"": 0.25, ""N"": 4.0, ""phase"": 0.0, ""gradient"": 0.0, ""a_z"": 1.0, ""wall"": 0.5, ""n"": 32, ""kind"": ""network"", ""k_s"": 130.0, ""k_f"": 0.4, ""E"": 70000000000.0, ""nu"": 0.33, ""tol"": 1e-08, ""preconditioner"": ""two_level""}, ""params_json"": ""{\""E\"": 70000000000.0, \""N\"": 4.0, \""a_z\"": 1.0, \""gradient\"": 0.0, \""k_f\"": 0.4, \""k_s\"": 130.0, \""kind\"": \""network\"", \""n\"": 32, \""nu\"": 0.33, \""phase\"": 0.0, \""preconditioner\"": \""two_level\"", \""rho\"": 0.25, \""tol\"": 1e-08, \""w\"": 0.0, \""wall\"": 0.5}"", ""voxlat_version"": ""0.1.0"", ""git_hash"": ""0977f9f913f3+dirty"", ""resolution"": 32, ""wall_time_s"": 26.639782471000217, ""timestamp_utc"": ""2026-10-09T17:10:31+00:00"", ""python"": ""3.13.16"", ""numpy"": ""2.5.3"", ""platform"": ""Linux-6.18.44-fc-v80-x86_64-with-glibc2.39"", ""extra"": {}}",uniform
G-r0.250-N4-p0.1250-g0.000-az1.0000-tw0.500-n32,0,0.25,4,0.125,0,1,0.5,32,network,G,95c011af0755,ok,,128,16,4,4.5,0.25,0.24951171875,0.250244140625,-0.0097224191535262294,-0.071766848967154129,-0.071827670401018229,-0.071706011804632208,0.01264190820055755,0.012554523412660279,0.012592609786170383,0.012516441643822374,0.029575945254369129,0.039270627362463228,28.052128679999441,0.12050463804654425,0.0074358752430013905,0.0074363493013660398,0.0074354011846367411,0.075813882247890665,0.030095326039078822,0.03009463859650378,0.03009601348165386,0.030599351074683836,0.077859047176086535,-1.4984011880844513e-05,"[[0.0758138822, 0.0404987019, 0.0404956429, 0.0001758012, 3.2327e-06, -1.49093e-05], [0.0404987019, 0.0779049548, 0.0409552638, 0.0005562888, 8.586e-07, -4.6551e-06], [0.0404956429, 0.0409552638, 0.0778131395, 0.0005721577, -5.4577e-06, -2.05775e-05], [0.0001758012, 0.0005562888, 0.0005721577, 0.0305993511, -9.3046e-06, 6.144e-07], [3.2327e-06, 8.586e-07, -5.4577e-06, -9.3046e-06, 0.0300960135, 5.55783e-05], [-1.49093e-05, -4.6551e-06, -2.05775e-05, 6.144e-07, 5.55783e-05, 0.0300946386]]",0.25,0.90234858999974676,9.2407162570007131,17.884176812000987,103,163,146,0.12168773723377517,0.0080107839659976435,0.0080118196419181401,0.0080097482900771452,0.074867415256998665,0.029722178256285026,0.029720381430453927,0.029723975082116126,0.029720343813125803,0.074917009223750414,2.5876804790215509e-06,"[[0.0748674153, 0.041550631, 0.0415452915, -2.72277e-05, 5.8811e-06, -1.70795e-05], [0.041550631, 0.0749666243, 0.0415505663, -1.69966e-05, -4.22e-08, -3.218e-06], [0.0415452915, 0.0415505663, 0.0748673942, -3.0669e-06, -5.749e-06, -2.07517e-05], [-2.72277e-05, -1.69966e-05, -3.0669e-06, 0.0297203438, -1.09361e-05, -5.5e-09], [5.8811e-06, -4.22e-08, -5.749e-06, -1.09361e-05, 0.0297239751, -8.7618e-06], [-1.70795e-05, -3.218e-06, -2.07517e-05, -5.5e-09, -8.7618e-06, 0.0297203814]]",0.25,0.1415204069999163,1.4929502429995409,2.7567520359998525,88,117,111,"{""params"": {""w"": 0.0, ""rho"": 0.25, ""N"": 4.0, ""phase"": 0.125, ""gradient"": 0.0, ""a_z"": 1.0, ""wall"": 0.5, ""n"": 32, ""kind"": ""network"", ""k_s"": 130.0, ""k_f"": 0.4, ""E"": 70000000000.0, ""nu"": 0.33, ""tol"": 1e-08, ""preconditioner"": ""two_level""}, ""params_json"": ""{\""E\"": 70000000000.0, \""N\"": 4.0, \""a_z\"": 1.0, \""gradient\"": 0.0, \""k_f\"": 0.4, \""k_s\"": 130.0, \""kind\"": \""network\"", \""n\"": 32, \""nu\"": 0.33, \""phase\"": 0.125, \""preconditioner\"": \""two_level\"", \""rho\"": 0.25, \""tol\"": 1e-08, \""w\"": 0.0, \""wall\"": 0.5}"", ""voxlat_version"": ""0.1.0"", ""git_hash"": ""0977f9f913f3+dirty"", ""resolution"": 32, ""wall_time_s"": 28.05212867999944, ""timestamp_utc"": ""2026-10-09T17:57:15+00:00"", ""python"": ""3.13.16"", ""numpy"": ""2.5.3"", ""platform"": ""Linux-6.18.44-fc-v80-x86_64-with-glibc2.39"", ""extra"": {}}",uniform
G-r0.250-N4-p0.3333-g0.000-az1.0000-tw0.500-n32,0,0.25,4,0.33333333333333331,0,1,0.5,32,network,G,95c011af0755,ok,,128,16,4,4.5,0.25,0.2373046875,0.2626953125,-0.0069321537432538438,-0.071160433736595419,-0.062869220484367494,-0.079451646984302626,0.0159941350965076,0.014145696867978286,0.024140764570386386,0.0041506291655701855,0.027140052718639174,0.037319709165220427,27.539801138999792,0.12104480046644824,0.0073832845393019299,0.0074491908453577661,0.0073173782332460946,0.076237093132428532,0.030615046309817151,0.030916777571433809,0.030313315048200493,0.03093000014802201,0.078555782792772796,1.3517967207296238e-05,"[[0.0762370931, 0.0411152624, 0.0402160762, -0.0001596177, 0.0, 0.0], [0.0411152624, 0.0792411609, 0.0410274616, -0.0005263495, 0.0, 0.0], [0.0402160762, 0.0410274616, 0.0778704046, -0.0005033902, 0.0, 0.0], [-0.0001596177, -0.0005263495, -0.0005033902, 0.0309300001, -0.0, -0.0], [0.0, 0.0, 0.0, -0.0, 0.030313315, -3.35277e-05], [0.0, 0.0, 0.0, -0.0, -3.35277e-05, 0.0309167776]]",0.25,1.1183340970001154,8.6833641990006072,17.710802112999772,108,148,148,0.12188975901567305,0.0079489341404822798,0.0079489341383152216,0.0079489341426493398,0.075036942142571422,0.030188015789414352,0.030188015789414446,0.030188015789414255,0.030112738828708255,0.075729577003786339,-5.1190499646164994e-10,"[[0.0750369421, 0.0416133868, 0.0416133868, -0.0, 0.0, 0.0], [0.0416133868, 0.075729577, 0.0416542704, -7.0831e-06, -0.0, 0.0], [0.0416133868, 0.0416542704, 0.075729577, 7.0831e-06, 0.0, -0.0], [-0.0, -7.0831e-06, 7.0831e-06, 0.0301127388, -0.0, -0.0], [0.0, -0.0, 0.0, -0.0, 0.0301880158, -0.0], [0.0, 0.0, -0.0, -0.0, -0.0, 0.0301880158]]",0.25,0.14206144899981155,1.4400098290002461,2.1446507350001411,89,111,106,"{""params"": {""w"": 0.0, ""rho"": 0.25, ""N"": 4.0, ""phase"": 0.3333333333333333, ""gradient"": 0.0, ""a_z"": 1.0, ""wall"": 0.5, ""n"": 32, ""kind"": ""network"", ""k_s"": 130.0, ""k_f"": 0.4, ""E"": 70000000000.0, ""nu"": 0.33, ""tol"": 1e-08, ""preconditioner"": ""two_level""}, ""params_json"": ""{\""E\"": 70000000000.0, \""N\"": 4.0, \""a_z\"": 1.0, \""gradient\"": 0.0, \""k_f\"": 0.4, \""k_s\"": 130.0, \""kind\"": \""network\"", \""n\"": 32, \""nu\"": 0.33, \""phase\"": 0.3333333333333333, \""preconditioner\"": \""two_level\"", \""rho\"": 0.25, \""tol\"": 1e-08, \""w\"": 0.0, \""wall\"": 0.5}"", ""voxlat_version"": ""0.1.0"", ""git_hash"": ""0977f9f913f3+dirty"", ""resolution"": 32, ""wall_time_s"": 27.539801138999792, ""timestamp_utc"": ""2026-10-09T17:10:43+00:00"", ""python"": ""3.13.16"", ""numpy"": ""2.5.3"", ""platform"": ""Linux-6.18.44-fc-v80-x86_64-with-glibc2.39"", ""extra"": {}}",uniform
G-r0.250-N4-p0.6667-g0.000-az1.0000-tw0.500-n32,0,0.25,4,0.66666666666666663,0,1,0.5,32,network,G,95c011af0755,ok,,128,16,4,4.5,0.25,0.2626953125,0.2373046875,-0.0069321537432537328,-0.07116043433380681,-0.062869221062418879,-0.079451647611785248,0.015994135096524253,0.014145696867994717,0.024140764570412809,0.0041506291655764027,0.027140052718656049,0.037319709165269055,26.978274048000458,0.12104480046644824,0.0073832845432050941,0.007449190854481774,0.0073173782319284134,0.07623709313242763,0.030615046309817821,0.030916777571434687,0.030313315048200954,0.030930000148022292,0.07855578279277671,-1.3516852314928366e-05,"[[0.0762370931, 0.0411152624, 0.0402160762, 0.0001596177, 0.0, 0.0], [0.0411152624, 0.0792411609, 0.0410274616, 0.0005263495, 0.0, 0.0], [0.0402160762, 0.0410274616, 0.0778704046, 0.0005033902, 0.0, 0.0], [0.0001596177, 0.0005263495, 0.0005033902, 0.0309300001, 0.0, 0.0], [0.0, 0.0, 0.0, 0.0, 0.030313315, 3.35277e-05], [0.0, 0.0, 0.0, 0.0, 3.35277e-05, 0.0309167776]]",0.25,0.77939586800039251,8.2304243630005658,17.945440760000565,108,148,141,0.12188975901567303,0.0079489341497953614,0.0079489341529544802,0.0079489341466362426,0.075036942142569299,0.030188015789414529,0.030188015789414529,0.030188015789414529,0.030112738828708036,0.075729577003786547,-1.3932117222892825e-10,"[[0.0750369421, 0.0416133868, 0.0416133868, -0.0, 0.0, 0.0], [0.0416133868, 0.075729577, 0.0416542704, 7.0831e-06, -0.0, 0.0], [0.0416133868, 0.0416542704, 0.075729577, -7.0831e-06, 0.0, -0.0], [-0.0, 7.0831e-06, -7.0831e-06, 0.0301127388, -0.0, -0.0], [0.0, -0.0, 0.0, -0.0, 0.0301880158, -0.0], [0.0, 0.0, -0.0, -0.0, -0.0, 0.0301880158]]",0.25,0.1332946190000257,1.3687213640000664,2.009127362000072,89,112,109,"{""params"": {""w"": 0.0, ""rho"": 0.25, ""N"": 4.0, ""phase"": 0.6666666666666666, ""gradient"": 0.0, ""a_z"": 1.0, ""wall"": 0.5, ""n"": 32, ""kind"": ""network"", ""k_s"": 130.0, ""k_f"": 0.4, ""E"": 70000000000.0, ""nu"": 0.33, ""tol"": 1e-08, ""preconditioner"": ""two_level""}, ""params_json"": ""{\""E\"": 70000000000.0, \""N\"": 4.0, \""a_z\"": 1.0, \""gradient\"": 0.0, \""k_f\"": 0.4, \""k_s\"": 130.0, \""kind\"": \""network\"", \""n\"": 32, \""nu\"": 0.33, \""phase\"": 0.6666666666666666, \""preconditioner\"": \""two_level\"", \""rho\"": 0.25, \""tol\"": 1e-08, \""w\"": 0.0, \""wall\"": 0.5}"", ""voxlat_version"": ""0.1.0"", ""git_hash"": ""0977f9f913f3+dirty"", ""resolution"": 32, ""wall_time_s"": 26.978274048000458, ""timestamp_utc"": ""2026-10-09T17:10:58+00:00"", ""python"": ""3.13.16"", ""numpy"": ""2.5.3"", ""platform"": ""Linux-6.18.44-fc-v80-x86_64-with-glibc2.39"", ""extra"": {}}",uniform
G-r0.250-N6-p0.0000-g0.000-az1.0000-tw0.500-n32,0,0.25,6,0,0,1,0.5,32,network,G,95c011af0755,ok,,192,16,6,6.5,0.249969482421875,0.25,0.25,0.00056757984950728257,-0.046226565178688728,-0.057886465837843071,-0.034566189867627939,0.01482094777726406,0.01511264795648759,0.0025285324791211039,0.02769643215847295,0.01817286439616006,0.021270215679842552,35.547390927999913,0.12175543110294369,0.0076419787649372288,0.0075487090513223299,0.0077352484785521269,0.075970260624402763,0.030165794320501614,0.02979144384355006,0.030540144797453168,0.030254267324978708,0.076481216880460737,3.2896049242516305e-06,"[[0.0759702606, 0.0405226235, 0.0416786736, -1.94703e-05, 2.862e-07, -1.12651e-05], [0.0405226235, 0.0754254819, 0.0410431753, -8.1055e-06, -1.0417e-05, 9.577e-07], [0.0416786736, 0.0410431753, 0.0775369519, 1.8281e-06, -9.7427e-06, -1.64659e-05], [-1.94703e-05, -8.1055e-06, 1.8281e-06, 0.0302542673, -3.1963e-06, -4.6028e-06], [2.862e-07, -1.0417e-05, -9.7427e-06, -3.1963e-06, 0.0305401448, -3.3471e-06], [-1.12651e-05, 9.577e-07, -1.64659e-05, -4.6028e-06, -3.3471e-06, 0.0297914438]]",0.249969482421875,1.0472555059996012,12.806507519000661,21.670345239999733,115,144,136,0.12168636437456488,0.0080123627749906327,0.0080125258555335047,0.0080121996944477591,0.074860753309042793,0.029716696350132226,0.029716305200690636,0.029717087499573816,0.029714273855571051,0.074888326033819036,3.8113801156115193e-06,"[[0.0748607533, 0.0415455954, 0.041541597, -2.10048e-05, -2.108e-07, -1.21295e-05], [0.0415455954, 0.0749118506, 0.0415428111, -9.1251e-06, -1.20638e-05, 3.5639e-06], [0.041541597, 0.0415428111, 0.0748648015, 6.717e-07, -9.8071e-06, -1.77647e-05], [-2.10048e-05, -9.1251e-06, 6.717e-07, 0.0297142739, -4.6698e-06, -4.9252e-06], [-2.108e-07, -1.20638e-05, -9.8071e-06, -4.6698e-06, 0.0297170875, -3.5738e-06], [-1.21295e-05, 3.5639e-06, -1.77647e-05, -4.9252e-06, -3.5738e-06, 0.0297163052]]",0.249969482421875,0.13417775100015206,1.4843033450001712,2.2575934610003969,97,117,110,"{""params"": {""w"": 0.0, ""rho"": 0.25, ""N"": 6.0, ""phase"": 0.0, ""gradient"": 0.0, ""a_z"": 1.0, ""wall"": 0.5, ""n"": 32, ""kind"": ""network"", ""k_s"": 130.0, ""k_f"": 0.4, ""E"": 70000000000.0, ""nu"": 0.33, ""tol"": 1e-08, ""preconditioner"": ""two_level""}, ""params_json"": ""{\""E\"": 70000000000.0, \""N\"": 6.0, \""a_z\"": 1.0, \""gradient\"": 0.0, \""k_f\"": 0.4, \""k_s\"": 130.0, \""kind\"": \""network\"", \""n\"": 32, \""nu\"": 0.33, \""phase\"": 0.0, \""preconditioner\"": \""two_level\"", \""rho\"": 0.25, \""tol\"": 1e-08, \""w\"": 0.0, \""wall\"": 0.5}"", ""voxlat_version"": ""0.1.0"", ""git_hash"": ""0977f9f913f3+dirty"", ""resolution"": 32, ""wall_time_s"": 35.54739092799991, ""timestamp_utc"": ""2026-10-09T17:01:08+00:00"", ""python"": ""3.13.16"", ""numpy"": ""2.5.3"", ""platform"": ""Linux-6.18.44-fc-v80-x86_64-with-glibc2.39"", ""extra"": {}}",uniform
G-r0.250-N6-p0.1250-g0.000-az1.0000-tw0.500-n32,0,0.25,6,0.125,0,1,0.5,32,network,G,95c011af0755,ok,,192,16,6,6.5,0.25,0.24951171875,0.250244140625,-0.0065026867176485315,-0.047844571464270902,-0.047885110741153758,-0.047804021703774291,0.0083925713558024029,0.0083334764376239434,0.0083586587117769895,0.0083082972080275042,0.019713196580342984,0.026136854894822648,39.116613847000735,0.1208964400011644,0.007627511440051634,0.0076281727711267388,0.0076268501089765284,0.075495745381767509,0.029969867328458636,0.029968803955614923,0.029970930701302353,0.03030622679314933,0.076875104222985657,-9.1298983959193372e-06,"[[0.0754957454, 0.0408522878, 0.0408484622, 0.0001075569, 4.1288e-06, -1.56438e-05], [0.0408522878, 0.0769222406, 0.0411504344, 0.0003658249, 5.481e-07, -4.1651e-06], [0.0408484622, 0.0411504344, 0.0768279679, 0.000381046, -5.5641e-06, -2.06289e-05], [0.0001075569, 0.0003658249, 0.000381046, 0.0303062268, -9.8516e-06, 4.039e-07], [4.1288e-06, 5.481e-07, -5.5641e-06, -9.8516e-06, 0.0299709307, 3.37971e-05], [-1.56438e-05, -4.1651e-06, -2.06289e-05, 4.039e-07, 3.37971e-05, 0.029968804]]",0.25,1.1479829230001997,13.616191903000072,24.315626820000034,102,140,146,0.12168773723377517,0.0080107839659976435,0.0080118196419181401,0.0080097482900771452,0.074867415256998665,0.029722178256285026,0.029720381430453927,0.029723975082116126,0.029720343813125803,0.074917009223750414,2.5876804790215509e-06,"[[0.0748674153, 0.041550631, 0.0415452915, -2.72277e-05, 5.8811e-06, -1.70795e-05], [0.041550631, 0.0749666243, 0.0415505663, -1.69966e-05, -4.22e-08, -3.218e-06], [0.0415452915, 0.0415505663, 0.0748673942, -3.0669e-06, -5.749e-06, -2.07517e-05], [-2.72277e-05, -1.69966e-05, -3.0669e-06, 0.0297203438, -1.09361e-05, -5.5e-09], [5.8811e-06, -4.22e-08, -5.749e-06, -1.09361e-05, 0.0297239751, -8.7618e-06], [-1.70795e-05, -3.218e-06, -2.07517e-05, -5.5e-09, -8.7618e-06, 0.0297203814]]",0.25,0.1415204069999163,1.4929502429995409,2.7567520359998525,88,117,111,"{""params"": {""w"": 0.0, ""rho"": 0.25, ""N"": 6.0, ""phase"": 0.125, ""gradient"": 0.0, ""a_z"": 1.0, ""wall"": 0.5, ""n"": 32, ""kind"": ""network"", ""k_s"": 130.0, ""k_f"": 0.4, ""E"": 70000000000.0, ""nu"": 0.33, ""tol"": 1e-08, ""preconditioner"": ""two_level""}, ""params_json"": ""{\""E\"": 70000000000.0, \""N\"": 6.0, \""a_z\"": 1.0, \""gradient\"": 0.0, \""k_f\"": 0.4, \""k_s\"": 130.0, \""kind\"": \""network\"", \""n\"": 32, \""nu\"": 0.33, \""phase\"": 0.125, \""preconditioner\"": \""two_level\"", \""rho\"": 0.25, \""tol\"": 1e-08, \""w\"": 0.0, \""wall\"": 0.5}"", ""voxlat_version"": ""0.1.0"", ""git_hash"": ""0977f9f913f3+dirty"", ""resolution"": 32, ""wall_time_s"": 39.116613847000735, ""timestamp_utc"": ""2026-10-09T17:55:18+00:00"", ""python"": ""3.13.16"", ""numpy"": ""2.5.3"", ""platform"": ""Linux-6.18.44-fc-v80-x86_64-with-glibc2.39"", ""extra"": {}}",uniform
G-r0.250-N6-p0.3333-g0.000-az1.0000-tw0.500-n32,0,0.25,6,0.33333333333333331,0,1,0.5,32,network,G,95c011af0755,ok,,192,16,6,6.5,0.25,0.2373046875,0.2626953125,-0.0046321393963210111,-0.047440293890487317,-0.041912819710222093,-0.052967768067739063,0.010606211007330169,0.0093636974788275928,0.015965011218248337,0.0027623837394066264,0.018090876084645435,0.0248370055288889,39.278730854000059,0.12132514866092847,0.0075718343687416721,0.0076157718948875863,0.0075278968425957571,0.075832799784280369,0.030470687236752496,0.030669967800149103,0.030271406673355886,0.030657504655427704,0.077610472926529783,9.0168242322139644e-06,"[[0.0758327998, 0.041283065, 0.0406867865, -0.0001058475, 0.0, 0.0], [0.041283065, 0.078069902, 0.0412343475, -0.0003534949, 0.0, 0.0], [0.0406867865, 0.0412343475, 0.0771510438, -0.0003338894, 0.0, 0.0], [-0.0001058475, -0.0003534949, -0.0003338894, 0.0306575047, -0.0, -0.0], [0.0, 0.0, 0.0, -0.0, 0.0302714067, -2.2163e-05], [0.0, 0.0, 0.0, -0.0, -2.2163e-05, 0.0306699678]]",0.25,1.1481499569999869,13.83070644199961,24.269901358999959,108,144,148,0.12188975901567305,0.0079489341404822798,0.0079489341383152216,0.0079489341426493398,0.075036942142571422,0.030188015789414352,0.030188015789414446,0.030188015789414255,0.030112738828708255,0.075729577003786339,-5.1190499646164994e-10,"[[0.0750369421, 0.0416133868, 0.0416133868, -0.0, 0.0, 0.0], [0.0416133868, 0.075729577, 0.0416542704, -7.0831e-06, -0.0, 0.0], [0.0416133868, 0.0416542704, 0.075729577, 7.0831e-06, 0.0, -0.0], [-0.0, -7.0831e-06, 7.0831e-06, 0.0301127388, -0.0, -0.0], [0.0, -0.0, 0.0, -0.0, 0.0301880158, -0.0], [0.0, 0.0, -0.0, -0.0, -0.0, 0.0301880158]]",0.25,0.14206144899981155,1.4400098290002461,2.1446507350001411,89,111,106,"{""params"": {""w"": 0.0, ""rho"": 0.25, ""N"": 6.0, ""phase"": 0.3333333333333333, ""gradient"": 0.0, ""a_z"": 1.0, ""wall"": 0.5, ""n"": 32, ""kind"": ""network"", ""k_s"": 130.0, ""k_f"": 0.4, ""E"": 70000000000.0, ""nu"": 0.33, ""tol"": 1e-08, ""preconditioner"": ""two_level""}, ""params_json"": ""{\""E\"": 70000000000.0, \""N\"": 6.0, \""a_z\"": 1.0, \""gradient\"": 0.0, \""k_f\"": 0.4, \""k_s\"": 130.0, \""kind\"": \""network\"", \""n\"": 32, \""nu\"": 0.33, \""phase\"": 0.3333333333333333, \""preconditioner\"": \""two_level\"", \""rho\"": 0.25, \""tol\"": 1e-08, \""w\"": 0.0, \""wall\"": 0.5}"", ""voxlat_version"": ""0.1.0"", ""git_hash"": ""0977f9f913f3+dirty"", ""resolution"": 32, ""wall_time_s"": 39.27873085400006, ""timestamp_utc"": ""2026-10-09T17:01:47+00:00"", ""python"": ""3.13.16"", ""numpy"": ""2.5.3"", ""platform"": ""Linux-6.18.44-fc-v80-x86_64-with-glibc2.39"", ""extra"": {}}",uniform
G-r0.250-N6-p0.6667-g0.000-az1.0000-tw0.500-n32,0,0.25,6,0.66666666666666663,0,1,0.5,32,network,G,95c011af0755,ok,,192,16,6,6.5,0.25,0.2626953125,0.2373046875,-0.0046321393963209001,-0.047440296864801668,-0.04191282306127786,-0.052967770672719183,0.010606211007325728,0.009363697478823152,0.01596501121823235,0.0027623837394139539,0.01809087608467741,0.024837005528883793,39.361562381000113,0.12132514866092847,0.0075718343539703092,0.0076157718822759506,0.0075278968256646669,0.075832799784277871,0.030470687236752544,0.030669967800148707,0.030271406673356375,0.030657504655428443,0.077610472926529631,-9.0188317079940583e-06,"[[0.0758327998, 0.041283065, 0.0406867865, 0.0001058475, 0.0, 0.0], [0.041283065, 0.078069902, 0.0412343475, 0.0003534949, 0.0, 0.0], [0.0406867865, 0.0412343475, 0.0771510438, 0.0003338894, 0.0, 0.0], [0.0001058475, 0.0003534949, 0.0003338894, 0.0306575047, 0.0, 0.0], [0.0, 0.0, 0.0, 0.0, 0.0302714067, 2.2163e-05], [0.0, 0.0, 0.0, 0.0, 2.2163e-05, 0.0306699678]]",0.25,1.3538282899999103,13.837735271000383,24.115204392999658,108,144,141,0.12188975901567303,0.0079489341497953614,0.0079489341529544802,0.0079489341466362426,0.075036942142569299,0.030188015789414529,0.030188015789414529,0.030188015789414529,0.030112738828708036,0.075729577003786547,-1.3932117222892825e-10,"[[0.0750369421, 0.0416133868, 0.0416133868, -0.0, 0.0, 0.0], [0.0416133868, 0.075729577, 0.0416542704, 7.0831e-06, -0.0, 0.0], [0.0416133868, 0.0416542704, 0.075729577, -7.0831e-06, 0.0, -0.0], [-0.0, 7.0831e-06, -7.0831e-06, 0.0301127388, -0.0, -0.0], [0.0, -0.0, 0.0, -0.0, 0.0301880158, -0.0], [0.0, 0.0, -0.0, -0.0, -0.0, 0.0301880158]]",0.25,0.1332946190000257,1.3687213640000664,2.009127362000072,89,112,109,"{""params"": {""w"": 0.0, ""rho"": 0.25, ""N"": 6.0, ""phase"": 0.6666666666666666, ""gradient"": 0.0, ""a_z"": 1.0, ""wall"": 0.5, ""n"": 32, ""kind"": ""network"", ""k_s"": 130.0, ""k_f"": 0.4, ""E"": 70000000000.0, ""nu"": 0.33, ""tol"": 1e-08, ""preconditioner"": ""two_level""}, ""params_json"": ""{\""E\"": 70000000000.0, \""N\"": 6.0, \""a_z\"": 1.0, \""gradient\"": 0.0, \""k_f\"": 0.4, \""k_s\"": 130.0, \""kind\"": \""network\"", \""n\"": 32, \""nu\"": 0.33, \""phase\"": 0.6666666666666666, \""preconditioner\"": \""two_level\"", \""rho\"": 0.25, \""tol\"": 1e-08, \""w\"": 0.0, \""wall\"": 0.5}"", ""voxlat_version"": ""0.1.0"", ""git_hash"": ""0977f9f913f3+dirty"", ""resolution"": 32, ""wall_time_s"": 39.36156238100011, ""timestamp_utc"": ""2026-10-09T17:01:51+00:00"", ""python"": ""3.13.16"", ""numpy"": ""2.5.3"", ""platform"": ""Linux-6.18.44-fc-v80-x86_64-with-glibc2.39"", ""extra"": {}}",uniform
G-r0.250-N8-p0.0000-g0.000-az1.0000-tw0.500-n32,0,0.25,8,0,0,1,0.5,32,network,G,95c011af0755,ok,,256,16,8,8.5,0.249969482421875,0.25,0.25,0.00042562449315886042,-0.034669937227066239,-0.043414860564580104,-0.025924657900710302,0.01107467641873594,0.011262460555622855,0.0018951889209986028,0.020629485597907449,0.013629647619379792,0.015934913103840431,46.959036131000175,0.12173815707172615,0.0077345746605412252,0.0076646631627454243,0.0078044861583370252,0.075689811928403253,0.030051379470619016,0.02977262321308,0.030330135728158028,0.030119268937488234,0.076081665001660026,3.4207163324374926e-06,"[[0.0756898119, 0.0407811988, 0.0416440249, -1.98582e-05, 1.58e-07, -1.14841e-05], [0.0407811988, 0.0752944626, 0.0411684342, -8.3565e-06, -1.08359e-05, 1.6127e-06], [0.0416440249, 0.0411684342, 0.0768688674, 1.5385e-06, -9.7593e-06, -1.67915e-05], [-1.98582e-05, -8.3565e-06, 1.5385e-06, 0.0301192689, -3.5723e-06, -4.6836e-06], [1.58e-07, -1.08359e-05, -9.7593e-06, -3.5723e-06, 0.0303301357, -3.4051e-06], [-1.14841e-05, 1.6127e-06, -1.67915e-05, -4.6836e-06, -3.4051e-06, 0.0297726232]]",0.249969482421875,1.4026950040001793,16.231383648000246,29.287675846000184,115,134,136,0.12168636437456488,0.0080123627749906327,0.0080125258555335047,0.0080121996944477591,0.074860753309042793,0.029716696350132226,0.029716305200690636,0.029717087499573816,0.029714273855571051,0.074888326033819036,3.8113801156115193e-06,"[[0.0748607533, 0.0415455954, 0.041541597, -2.10048e-05, -2.108e-07, -1.21295e-05], [0.0415455954, 0.0749118506, 0.0415428111, -9.1251e-06, -1.20638e-05, 3.5639e-06], [0.041541597, 0.0415428111, 0.0748648015, 6.717e-07, -9.8071e-06, -1.77647e-05], [-2.10048e-05, -9.1251e-06, 6.717e-07, 0.0297142739, -4.6698e-06, -4.9252e-06], [-2.108e-07, -1.20638e-05, -9.8071e-06, -4.6698e-06, 0.0297170875, -3.5738e-06], [-1.21295e-05, 3.5639e-06, -1.77647e-05, -4.9252e-06, -3.5738e-06, 0.0297163052]]",0.249969482421875,0.13417775100015206,1.4843033450001712,2.2575934610003969,97,117,110,"{""params"": {""w"": 0.0, ""rho"": 0.25, ""N"": 8.0, ""phase"": 0.0, ""gradient"": 0.0, ""a_z"": 1.0, ""wall"": 0.5, ""n"": 32, ""kind"": ""network"", ""k_s"": 130.0, ""k_f"": 0.4, ""E"": 70000000000.0, ""nu"": 0.33, ""tol"": 1e-08, ""preconditioner"": ""two_level""}, ""params_json"": ""{\""E\"": 70000000000.0, \""N\"": 8.0, \""a_z\"": 1.0, \""gradient\"": 0.0, \""k_f\"": 0.4, \""k_s\"": 130.0, \""kind\"": \""network\"", \""n\"": 32, \""nu\"": 0.33, \""phase\"": 0.0, \""preconditioner\"": \""two_level\"", \""rho\"": 0.25, \""tol\"": 1e-08, \""w\"": 0.0, \""wall\"": 0.5}"", ""voxlat_version"": ""0.1.0"", ""git_hash"": ""0977f9f913f3+dirty"", ""resolution"": 32, ""wall_time_s"": 46.959036131000175, ""timestamp_utc"": ""2026-10-09T16:42:56+00:00"", ""python"": ""3.13.16"", ""numpy"": ""2.5.3"", ""platform"": ""Linux-6.18.44-fc-v80-x86_64-with-glibc2.39"", ""extra"": {}}",uniform
G-r0.250-N8-p0.1250-g0.000-az1.0000-tw0.500-n32,0,0.25,8,0.125,0,1,0.5,32,network,G,95c011af0755,ok,,256,16,8,8.5,0.25,0.24951171875,0.250244140625,-0.0048849563734680856,-0.035883443827817829,-0.035913847678074706,-0.035853032115007566,0.0062812490762638173,0.0062367260597653296,0.0062555343702515032,0.0062179200232184151,0.014783369494416831,0.019586407529437855,49.609286236999651,0.12109329794620213,0.0077233294495369833,0.0077240843716740847,0.0077225745273998827,0.07533767613992394,0.029907547339968987,0.029906298297989114,0.029908796381948859,0.030159710637216345,0.07638436429729345,-6.1997087556274386e-06,"[[0.0753376761, 0.0410279702, 0.0410237638, 7.36491e-05, 4.572e-06, -1.6007e-05], [0.0410279702, 0.0764321177, 0.0412492512, 0.0002703548, 3.968e-07, -3.9243e-06], [0.0410237638, 0.0412492512, 0.0763366109, 0.0002852525, -5.6137e-06, -2.06571e-05], [7.36491e-05, 0.0002703548, 0.0002852525, 0.0301597106, -1.01239e-05, 3.001e-07], [4.572e-06, 3.968e-07, -5.6137e-06, -1.01239e-05, 0.0299087964, 2.3025e-05], [-1.6007e-05, -3.9243e-06, -2.06571e-05, 3.001e-07, 2.3025e-05, 0.0299062983]]",0.25,1.6210803269996177,17.604010787999869,30.349104541999623,101,133,146,0.12168773723377517,0.0080107839659976435,0.0080118196419181401,0.0080097482900771452,0.074867415256998665,0.029722178256285026,0.029720381430453927,0.029723975082116126,0.029720343813125803,0.074917009223750414,2.5876804790215509e-06,"[[0.0748674153, 0.041550631, 0.0415452915, -2.72277e-05, 5.8811e-06, -1.70795e-05], [0.041550631, 0.0749666243, 0.0415505663, -1.69966e-05, -4.22e-08, -3.218e-06], [0.0415452915, 0.0415505663, 0.0748673942, -3.0669e-06, -5.749e-06, -2.07517e-05], [-2.72277e-05, -1.69966e-05, -3.0669e-06, 0.0297203438, -1.09361e-05, -5.5e-09], [5.8811e-06, -4.22e-08, -5.749e-06, -1.09361e-05, 0.0297239751, -8.7618e-06], [-1.70795e-05, -3.218e-06, -2.07517e-05, -5.5e-09, -8.7618e-06, 0.0297203814]]",0.25,0.1415204069999163,1.4929502429995409,2.7567520359998525,88,117,111,"{""params"": {""w"": 0.0, ""rho"": 0.25, ""N"": 8.0, ""phase"": 0.125, ""gradient"": 0.0, ""a_z"": 1.0, ""wall"": 0.5, ""n"": 32, ""kind"": ""network"", ""k_s"": 130.0, ""k_f"": 0.4, ""E"": 70000000000.0, ""nu"": 0.33, ""tol"": 1e-08, ""preconditioner"": ""two_level""}, ""params_json"": ""{\""E\"": 70000000000.0, \""N\"": 8.0, \""a_z\"": 1.0, \""gradient\"": 0.0, \""k_f\"": 0.4, \""k_s\"": 130.0, \""kind\"": \""network\"", \""n\"": 32, \""nu\"": 0.33, \""phase\"": 0.125, \""preconditioner\"": \""two_level\"", \""rho\"": 0.25, \""tol\"": 1e-08, \""w\"": 0.0, \""wall\"": 0.5}"", ""voxlat_version"": ""0.1.0"", ""git_hash"": ""0977f9f913f3+dirty"", ""resolution"": 32, ""wall_time_s"": 49.60928623699965, ""timestamp_utc"": ""2026-10-09T17:52:48+00:00"", ""python"": ""3.13.16"", ""numpy"": ""2.5.3"", ""platform"": ""Linux-6.18.44-fc-v80-x86_64-with-glibc2.39"", ""extra"": {}}",uniform
G-r0.250-N8-p0.3333-g0.000-az1.0000-tw0.500-n32,0,0.25,8,0.33333333333333331,0,1,0.5,32,network,G,95c011af0755,ok,,256,16,8,8.5,0.25,0.2373046875,0.2626953125,-0.0034781323457070412,-0.035580228942060699,-0.03143462537569619,-0.039725832506165126,0.0079336218386636403,0.0069981536366996444,0.011926056862404888,0.0020702504109944009,0.013567229834584138,0.018611831265075818,52.7710514649998,0.12146581030223019,0.007666109243918558,0.0076990623715412002,0.0076331561162959151,0.075632256865460254,0.030399276161895788,0.030548039782282183,0.030250512541509397,0.030521285277346145,0.077139043112756378,6.765569785681217e-06,"[[0.0756322569, 0.0413663006, 0.0409202744, -7.91757e-05, 0.0, 0.0], [0.0413663006, 0.0774845488, 0.0413385654, -0.0002669791, 0.0, 0.0], [0.0409202744, 0.0413385654, 0.0767935374, -0.0002488907, 0.0, 0.0], [-7.91757e-05, -0.0002669791, -0.0002488907, 0.0305212853, -0.0, -0.0], [0.0, 0.0, 0.0, -0.0, 0.0302505125, -1.6545e-05], [0.0, 0.0, 0.0, -0.0, -1.6545e-05, 0.0305480398]]",0.25,1.7402813550002065,18.388526747000014,32.588656779000303,107,141,148,0.12188975901567305,0.0079489341404822798,0.0079489341383152216,0.0079489341426493398,0.075036942142571422,0.030188015789414352,0.030188015789414446,0.030188015789414255,0.030112738828708255,0.075729577003786339,-5.1190499646164994e-10,"[[0.0750369421, 0.0416133868, 0.0416133868, -0.0, 0.0, 0.0], [0.0416133868, 0.075729577, 0.0416542704, -7.0831e-06, -0.0, 0.0], [0.0416133868, 0.0416542704, 0.075729577, 7.0831e-06, 0.0, -0.0], [-0.0, -7.0831e-06, 7.0831e-06, 0.0301127388, -0.0, -0.0], [0.0, -0.0, 0.0, -0.0, 0.0301880158, -0.0], [0.0, 0.0, -0.0, -0.0, -0.0, 0.0301880158]]",0.25,0.14206144899981155,1.4400098290002461,2.1446507350001411,89,111,106,"{""params"": {""w"": 0.0, ""rho"": 0.25, ""N"": 8.0, ""phase"": 0.3333333333333333, ""gradient"": 0.0, ""a_z"": 1.0, ""wall"": 0.5, ""n"": 32, ""kind"": ""network"", ""k_s"": 130.0, ""k_f"": 0.4, ""E"": 70000000000.0, ""nu"": 0.33, ""tol"": 1e-08, ""preconditioner"": ""two_level""}, ""params_json"": ""{\""E\"": 70000000000.0, \""N\"": 8.0, \""a_z\"": 1.0, \""gradient\"": 0.0, \""k_f\"": 0.4, \""k_s\"": 130.0, \""kind\"": \""network\"", \""n\"": 32, \""nu\"": 0.33, \""phase\"": 0.3333333333333333, \""preconditioner\"": \""two_level\"", \""rho\"": 0.25, \""tol\"": 1e-08, \""w\"": 0.0, \""wall\"": 0.5}"", ""voxlat_version"": ""0.1.0"", ""git_hash"": ""0977f9f913f3+dirty"", ""resolution"": 32, ""wall_time_s"": 52.7710514649998, ""timestamp_utc"": ""2026-10-09T16:43:28+00:00"", ""python"": ""3.13.16"", ""numpy"": ""2.5.3"", ""platform"": ""Linux-6.18.44-fc-v80-x86_64-with-glibc2.39"", ""extra"": {}}",uniform
G-r0.250-N8-p0.6667-g0.000-az1.0000-tw0.500-n32,0,0.25,8,0.66666666666666663,0,1,0.5,32,network,G,95c011af0755,ok,,256,16,8,8.5,0.25,0.2626953125,0.2373046875,-0.0034781323457069302,-0.035580231363365189,-0.031434627539844384,-0.039725835190181025,0.0079336218386509838,0.0069981536366945374,0.011926056862404666,0.0020702504109846309,0.013567229834617889,0.018611831265056722,49.899873395000213,0.12146581030223019,0.007666109233653488,0.0076990623685176075,0.0076331560987893694,0.075632256865457173,0.030399276161895812,0.030548039782282255,0.030250512541509372,0.030521285277346939,0.077139043112755143,-6.7674713790995853e-06,"[[0.0756322569, 0.0413663006, 0.0409202744, 7.91757e-05, 0.0, 0.0], [0.0413663006, 0.0774845488, 0.0413385654, 0.0002669791, 0.0, 0.0], [0.0409202744, 0.0413385654, 0.0767935374, 0.0002488907, 0.0, 0.0], [7.91757e-05, 0.0002669791, 0.0002488907, 0.0305212853, 0.0, -0.0], [0.0, 0.0, 0.0, 0.0, 0.0302505125, 1.6545e-05], [0.0, 0.0, 0.0, -0.0, 1.6545e-05, 0.0305480398]]",0.25,1.4911196840002958,18.653688914999748,29.717854819999957,107,141,140,0.12188975901567303,0.0079489341497953614,0.0079489341529544802,0.0079489341466362426,0.075036942142569299,0.030188015789414529,0.030188015789414529,0.030188015789414529,0.030112738828708036,0.075729577003786547,-1.3932117222892825e-10,"[[0.0750369421, 0.0416133868, 0.0416133868, -0.0, 0.0, 0.0], [0.0416133868, 0.075729577, 0.0416542704, 7.0831e-06, -0.0, 0.0], [0.0416133868, 0.0416542704, 0.075729577, -7.0831e-06, 0.0, -0.0], [-0.0, 7.0831e-06, -7.0831e-06, 0.0301127388, -0.0, -0.0], [0.0, -0.0, 0.0, -0.0, 0.0301880158, -0.0], [0.0, 0.0, -0.0, -0.0, -0.0, 0.0301880158]]",0.25,0.1332946190000257,1.3687213640000664,2.009127362000072,89,112,109,"{""params"": {""w"": 0.0, ""rho"": 0.25, ""N"": 8.0, ""phase"": 0.6666666666666666, ""gradient"": 0.0, ""a_z"": 1.0, ""wall"": 0.5, ""n"": 32, ""kind"": ""network"", ""k_s"": 130.0, ""k_f"": 0.4, ""E"": 70000000000.0, ""nu"": 0.33, ""tol"": 1e-08, ""preconditioner"": ""two_level""}, ""params_json"": ""{\""E\"": 70000000000.0, \""N\"": 8.0, \""a_z\"": 1.0, \""gradient\"": 0.0, \""k_f\"": 0.4, \""k_s\"": 130.0, \""kind\"": \""network\"", \""n\"": 32, \""nu\"": 0.33, \""phase\"": 0.6666666666666666, \""preconditioner\"": \""two_level\"", \""rho\"": 0.25, \""tol\"": 1e-08, \""w\"": 0.0, \""wall\"": 0.5}"", ""voxlat_version"": ""0.1.0"", ""git_hash"": ""0977f9f913f3+dirty"", ""resolution"": 32, ""wall_time_s"": 49.89987339500021, ""timestamp_utc"": ""2026-10-09T16:43:46+00:00"", ""python"": ""3.13.16"", ""numpy"": ""2.5.3"", ""platform"": ""Linux-6.18.44-fc-v80-x86_64-with-glibc2.39"", ""extra"": {}}",uniform
G-r0.350-N1-p0.0000-g0.000-az0.7500-tw0.500-n32,0,0.34999999999999998,1,0,0,0.75,0.5,32,network,G,95c011af0755,ok,,32,16,1,1.5,0.35001627604166669,0.35123697916666669,0.3505859375,-0.0048256779536093308,-0.23929667038257763,-0.34200915948647992,-0.10941655134117678,0.057478171117718357,0.041687326419955095,-0.048779029828825871,0.18085812980175531,0.11169729095738679,0.10423316030032836,7.2729768660001355,0.20482303511642672,0.0028465936320531118,0.0027498358490240867,0.0029433514150821369,0.16394345672543234,0.060170510931361568,0.066598385089738574,0.053742636772984562,0.050594961081352766,0.14010043287049653,-1.7724009204895027e-08,"[[0.1639434567, 0.0688694696, 0.0571682373, -1.16259e-05, -2.3065e-06, -3.01124e-05], [0.0688694696, 0.1574086002, 0.0529830504, -1.47853e-05, -3.1972e-06, 1.55936e-05], [0.0571682373, 0.0529830504, 0.1227922655, -1.0502e-05, -1.5855e-06, -1.32455e-05], [-1.16259e-05, -1.47853e-05, -1.0502e-05, 0.0505949611, -1.27278e-05, 4.0845e-06], [-2.3065e-06, -3.1972e-06, -1.5855e-06, -1.27278e-05, 0.0537426368, -1.09197e-05], [-3.01124e-05, 1.55936e-05, -1.32455e-05, 4.0845e-06, -1.09197e-05, 0.0665983851]]",0.35001627604166669,0.14152179299981071,1.2313571999993655,5.8857516420002867,97,172,124,0.20581623799863152,0.0037420549131614005,0.0041791400118548977,0.0033049698144679038,0.15503247367475179,0.057762544868577861,0.070013579576314489,0.045511510160841227,0.045511454865362407,0.1268757703603034,1.1126928376023384e-08,"[[0.1550324737, 0.0791313517, 0.0533972543, -2.65253e-05, 1.3122e-06, -1.08737e-05], [0.0791313517, 0.1550324613, 0.0533972478, -2.14245e-05, -1.09016e-05, 1.08369e-05], [0.0533972543, 0.0533972478, 0.0987190794, -1.98081e-05, -2.1843e-06, 6.99e-08], [-2.65253e-05, -2.14245e-05, -1.98081e-05, 0.0455114549, 1.428e-07, 3.3424e-06], [1.3122e-06, -1.09016e-05, -2.1843e-06, 1.428e-07, 0.0455115102, -2.55411e-05], [-1.08737e-05, 1.08369e-05, 6.99e-08, 3.3424e-06, -2.55411e-05, 0.0700135796]]",0.35001627604166669,0.15749640900003214,1.2655758810001316,2.6937212819998422,89,132,115,"{""params"": {""w"": 0.0, ""rho"": 0.35, ""N"": 1.0, ""phase"": 0.0, ""gradient"": 0.0, ""a_z"": 0.75, ""wall"": 0.5, ""n"": 32, ""kind"": ""network"", ""k_s"": 130.0, ""k_f"": 0.4, ""E"": 70000000000.0, ""nu"": 0.33, ""tol"": 1e-08, ""preconditioner"": ""two_level""}, ""params_json"": ""{\""E\"": 70000000000.0, \""N\"": 1.0, \""a_z\"": 0.75, \""gradient\"": 0.0, \""k_f\"": 0.4, \""k_s\"": 130.0, \""kind\"": \""network\"", \""n\"": 32, \""nu\"": 0.33, \""phase\"": 0.0, \""preconditioner\"": \""two_level\"", \""rho\"": 0.35, \""tol\"": 1e-08, \""w\"": 0.0, \""wall\"": 0.5}"", ""voxlat_version"": ""0.1.0"", ""git_hash"": ""0977f9f913f3+dirty"", ""resolution"": 32, ""wall_time_s"": 7.2729768660001355, ""timestamp_utc"": ""2026-10-09T17:41:48+00:00"", ""python"": ""3.13.16"", ""numpy"": ""2.5.3"", ""platform"": ""Linux-6.18.44-fc-v80-x86_64-with-glibc2.39"", ""extra"": {}}",stretch
G-r0.350-N1-p0.0000-g0.000-az1.0000-tw0.125-n32,0,0.34999999999999998,1,0,0,1,0.125,32,network,G,95c011af0755,ok,,32,4,1,1.125,0.350006103515625,0.35009765625,0.35009765625,0.00066810469821598772,-0.26234157030427052,-0.35031872661865704,-0.17436441398988378,0.033083467188081306,0.007999948207820573,-0.006867223141152401,0.022867119556793547,0.040244483358613081,0.10512721182145679,8.2611339510003745,0.18984760647908949,0.0035704491642438744,0.0031446179778981519,0.0039962803505895969,0.13863649917504378,0.055472850342206691,0.05465467136043186,0.056291029323981515,0.057247350703991742,0.14830453942605692,-4.7838562108798108e-07,"[[0.1386364992, 0.0616998603, 0.0631559863, 5.941e-06, 3.4429e-06, 1.06182e-05], [0.0616998603, 0.1396503104, 0.0633033037, 6.6021e-06, 5.2428e-06, 1.7906e-06], [0.0631559863, 0.0633033037, 0.1569587684, 1.4628e-06, 9.9651e-06, 6.099e-06], [5.941e-06, 6.6021e-06, 1.4628e-06, 0.0572473507, 2.1643e-06, 5.514e-07], [3.4429e-06, 5.2428e-06, 9.9651e-06, 2.1643e-06, 0.0562910293, -1.94e-07], [1.06182e-05, 1.7906e-06, 6.099e-06, 5.514e-07, -1.94e-07, 0.0546546714]]",0.350006103515625,0.12159624400010216,2.0718154120004328,6.0420122189998438,93,175,146,0.18972085308579334,0.0048402472208127802,0.0048402472208127784,0.004840247220812781,0.13419680362555242,0.055032592452841853,0.055032592452841624,0.055032592452842088,0.055032592452842005,0.13419680362555117,-5.9153571903996539e-07,"[[0.1341968036, 0.0639173649, 0.0639173649, 6.2522e-06, 1.6419e-06, 9.8866e-06], [0.0639173649, 0.1341968036, 0.0639173649, 9.8866e-06, 6.2522e-06, 1.6419e-06], [0.0639173649, 0.0639173649, 0.1341968036, 1.6419e-06, 9.8866e-06, 6.2522e-06], [6.2522e-06, 9.8866e-06, 1.6419e-06, 0.0550325925, 1.3889e-06, 1.3889e-06], [1.6419e-06, 6.2522e-06, 9.8866e-06, 1.3889e-06, 0.0550325925, 1.3889e-06], [9.8866e-06, 1.6419e-06, 6.2522e-06, 1.3889e-06, 1.3889e-06, 0.0550325925]]",0.350006103515625,0.096011447999899246,1.3083184570000412,3.1960104909999245,89,123,103,"{""params"": {""w"": 0.0, ""rho"": 0.35, ""N"": 1.0, ""phase"": 0.0, ""gradient"": 0.0, ""a_z"": 1.0, ""wall"": 0.125, ""n"": 32, ""kind"": ""network"", ""k_s"": 130.0, ""k_f"": 0.4, ""E"": 70000000000.0, ""nu"": 0.33, ""tol"": 1e-08, ""preconditioner"": ""two_level""}, ""params_json"": ""{\""E\"": 70000000000.0, \""N\"": 1.0, \""a_z\"": 1.0, \""gradient\"": 0.0, \""k_f\"": 0.4, \""k_s\"": 130.0, \""kind\"": \""network\"", \""n\"": 32, \""nu\"": 0.33, \""phase\"": 0.0, \""preconditioner\"": \""two_level\"", \""rho\"": 0.35, \""tol\"": 1e-08, \""w\"": 0.0, \""wall\"": 0.125}"", ""voxlat_version"": ""0.1.0"", ""git_hash"": ""0977f9f913f3+dirty"", ""resolution"": 32, ""wall_time_s"": 8.261133951000375, ""timestamp_utc"": ""2026-10-09T17:41:41+00:00"", ""python"": ""3.13.16"", ""numpy"": ""2.5.3"", ""platform"": ""Linux-6.18.44-fc-v80-x86_64-with-glibc2.39"", ""extra"": {}}",wall
G-r0.350-N1-p0.0000-g0.000-az1.0000-tw0.250-n32,0,0.34999999999999998,1,0,0,1,0.25,32,network,G,95c011af0755,ok,,32,8,1,1.25,0.350006103515625,0.35009765625,0.35009765625,-0.0088714437026639059,-0.26234157030427052,-0.35031872661865704,-0.17436441398988378,0.045459440294702613,0.026328072277957082,-0.0076297263830191753,0.060285870938933117,0.043974073809413428,0.11403944331383942,8.1771378570001616,0.18803775521842137,0.0035704491642438744,0.0031446179778981519,0.0039962803505895969,0.14029731520770813,0.056481494524583627,0.054612708830278231,0.058350280218889022,0.057452599735286644,0.14950053240550565,-4.7838562108798447e-07,"[[0.1402973152, 0.0586280768, 0.0634473152, 5.4004e-06, 2.6278e-06, 1.09984e-05], [0.0586280768, 0.1400087957, 0.0615672086, 5.9716e-06, 4.3497e-06, 1.9353e-06], [0.0634473152, 0.0615672086, 0.1589922691, 1.096e-06, 8.8345e-06, 6.4558e-06], [5.4004e-06, 5.9716e-06, 1.096e-06, 0.0574525997, 2.4174e-06, 4.476e-07], [2.6278e-06, 4.3497e-06, 8.8345e-06, 2.4174e-06, 0.0583502802, -2.927e-07], [1.09984e-05, 1.9353e-06, 6.4558e-06, 4.476e-07, -2.927e-07, 0.0546127088]]",0.350006103515625,0.2055851260001873,1.606526928000676,6.3404716189997998,95,175,132,0.18972085308579334,0.0048402472208127802,0.0048402472208127784,0.004840247220812781,0.13419680362555242,0.055032592452841853,0.055032592452841624,0.055032592452842088,0.055032592452842005,0.13419680362555117,-5.9153571903996539e-07,"[[0.1341968036, 0.0639173649, 0.0639173649, 6.2522e-06, 1.6419e-06, 9.8866e-06], [0.0639173649, 0.1341968036, 0.0639173649, 9.8866e-06, 6.2522e-06, 1.6419e-06], [0.0639173649, 0.0639173649, 0.1341968036, 1.6419e-06, 9.8866e-06, 6.2522e-06], [6.2522e-06, 9.8866e-06, 1.6419e-06, 0.0550325925, 1.3889e-06, 1.3889e-06], [1.6419e-06, 6.2522e-06, 9.8866e-06, 1.3889e-06, 0.0550325925, 1.3889e-06], [9.8866e-06, 1.6419e-06, 6.2522e-06, 1.3889e-06, 1.3889e-06, 0.0550325925]]",0.350006103515625,0.096011447999899246,1.3083184570000412,3.1960104909999245,89,123,103,"{""params"": {""w"": 0.0, ""rho"": 0.35, ""N"": 1.0, ""phase"": 0.0, ""gradient"": 0.0, ""a_z"": 1.0, ""wall"": 0.25, ""n"": 32, ""kind"": ""network"", ""k_s"": 130.0, ""k_f"": 0.4, ""E"": 70000000000.0, ""nu"": 0.33, ""tol"": 1e-08, ""preconditioner"": ""two_level""}, ""params_json"": ""{\""E\"": 70000000000.0, \""N\"": 1.0, \""a_z\"": 1.0, \""gradient\"": 0.0, \""k_f\"": 0.4, \""k_s\"": 130.0, \""kind\"": \""network\"", \""n\"": 32, \""nu\"": 0.33, \""phase\"": 0.0, \""preconditioner\"": \""two_level\"", \""rho\"": 0.35, \""tol\"": 1e-08, \""w\"": 0.0, \""wall\"": 0.25}"", ""voxlat_version"": ""0.1.0"", ""git_hash"": ""0977f9f913f3+dirty"", ""resolution"": 32, ""wall_time_s"": 8.177137857000162, ""timestamp_utc"": ""2026-10-09T17:41:32+00:00"", ""python"": ""3.13.16"", ""numpy"": ""2.5.3"", ""platform"": ""Linux-6.18.44-fc-v80-x86_64-with-glibc2.39"", ""extra"": {}}",wall
G-r0.350-N1-p0.0000-g0.000-az1.0000-tw0.500-n24,0,0.34999999999999998,1,0,0,1,0.5,24,network,G,95c011af0755,ok,,24,12,1,1.5,0.35069444444444442,0.35069444444444448,0.34953703703703703,-0.018578690441448664,-0.26242503704659914,-0.3491560193443205,-0.17557246676283111,0.035102085646021575,0.041170462499384497,-0.01938710071347638,0.1017224084239694,0.052654644338952172,0.12107371644289477,4.3063789170000746,0.18442610994536562,0.0035660489369090231,0.0031489235995953479,0.0039831742742226983,0.14403166792209673,0.057945932832988177,0.054573094135189688,0.06131877153078668,0.058566309528197323,0.15602878293824071,-3.3998339899697015e-06,"[[0.1440316679, 0.0556631759, 0.0641012313, -1.80781e-05, -0.000101309, -2.83274e-05], [0.0556631759, 0.1456275774, 0.0614854196, -9.18473e-05, -5.52252e-05, -5.72464e-05], [0.0641012313, 0.0614854196, 0.1664299885, -0.0001087615, -3.23348e-05, -1.27437e-05], [-1.80781e-05, -9.18473e-05, -0.0001087615, 0.0585663095, -7.87763e-05, -6.51463e-05], [-0.000101309, -5.52252e-05, -3.23348e-05, -7.87763e-05, 0.0613187715, -6.13452e-05], [-2.83274e-05, -5.72464e-05, -1.27437e-05, -6.51463e-05, -6.13452e-05, 0.0545730941]]",0.35069444444444442,0.093746280000232218,0.71230850400024792,3.4907620280000629,97,183,126,0.18791736856449703,0.0048348291577439591,0.0048382157524496563,0.004831442563038261,0.13914730722642163,0.055654606925638207,0.055652025559623064,0.055657188291653344,0.055636774931987203,0.13917798682615756,-6.0883856489558712e-06,"[[0.1391473072, 0.0636245869, 0.0636494225, -1.19421e-05, -0.0001270078, 4.81441e-05], [0.0636245869, 0.1392043747, 0.0636219571, -7.96695e-05, -5.29192e-05, -7.45609e-05], [0.0636494225, 0.0636219571, 0.1391515989, -0.0001241512, -2.26335e-05, 5.27266e-05], [-1.19421e-05, -7.96695e-05, -0.0001241512, 0.0556367749, 5.3206e-06, -9.34024e-05], [-0.0001270078, -5.29192e-05, -2.26335e-05, 5.3206e-06, 0.0556571883, -8.12129e-05], [4.81441e-05, -7.45609e-05, 5.27266e-05, -9.34024e-05, -8.12129e-05, 0.0556520256]]",0.35069444444444442,0.049736287000087032,0.72347549300002356,1.4104320390001703,94,126,111,"{""params"": {""w"": 0.0, ""rho"": 0.35, ""N"": 1.0, ""phase"": 0.0, ""gradient"": 0.0, ""a_z"": 1.0, ""wall"": 0.5, ""n"": 24, ""kind"": ""network"", ""k_s"": 130.0, ""k_f"": 0.4, ""E"": 70000000000.0, ""nu"": 0.33, ""tol"": 1e-08, ""preconditioner"": ""two_level""}, ""params_json"": ""{\""E\"": 70000000000.0, \""N\"": 1.0, \""a_z\"": 1.0, \""gradient\"": 0.0, \""k_f\"": 0.4, \""k_s\"": 130.0, \""kind\"": \""network\"", \""n\"": 24, \""nu\"": 0.33, \""phase\"": 0.0, \""preconditioner\"": \""two_level\"", \""rho\"": 0.35, \""tol\"": 1e-08, \""w\"": 0.0, \""wall\"": 0.5}"", ""voxlat_version"": ""0.1.0"", ""git_hash"": ""0977f9f913f3+dirty"", ""resolution"": 24, ""wall_time_s"": 4.306378917000075, ""timestamp_utc"": ""2026-10-09T17:42:16+00:00"", ""python"": ""3.13.16"", ""numpy"": ""2.5.3"", ""platform"": ""Linux-6.18.44-fc-v80-x86_64-with-glibc2.39"", ""extra"": {}}",convergence
G-r0.350-N1-p0.0000-g0.000-az1.0000-tw0.500-n32,0,0.34999999999999998,1,0,0,1,0.5,32,network,G,95c011af0755,ok,,32,16,1,1.5,0.350006103515625,0.35009765625,0.35009765625,-0.017424125350965491,-0.26234157030427041,-0.35031872661865704,-0.17436441398988356,0.041337721548170947,0.041365770703664317,-0.016521594640627191,0.099253136047955381,0.046983943223948055,0.11879753330557552,10.787021613000434,0.18641513315993435,0.0035704491642438749,0.0031446179778981519,0.0039962803505895978,0.13974419372648009,0.057309058053474318,0.054123366268312934,0.060494749838635703,0.057618240652113004,0.15013905287375934,-4.7838562108797515e-07,"[[0.1397441937, 0.0557791132, 0.0635090921, 4.9512e-06, 1.8031e-06, 1.10523e-05], [0.0557791132, 0.1410064913, 0.0606994169, 5.7268e-06, 3.6332e-06, 1.9325e-06], [0.0635090921, 0.0606994169, 0.1592716145, 8.925e-07, 7.9694e-06, 6.6458e-06], [4.9512e-06, 5.7268e-06, 8.925e-07, 0.0576182407, 2.5871e-06, 4.178e-07], [1.8031e-06, 3.6332e-06, 7.9694e-06, 2.5871e-06, 0.0604947498, -1.788e-07], [1.10523e-05, 1.9325e-06, 6.6458e-06, 4.178e-07, -1.788e-07, 0.0541233663]]",0.350006103515625,0.24557343300057255,1.5195671110004696,9.0022911149999345,96,175,128,0.18972085308579334,0.0048402472208127802,0.0048402472208127784,0.004840247220812781,0.13419680362555242,0.055032592452841853,0.055032592452841624,0.055032592452842088,0.055032592452842005,0.13419680362555117,-5.9153571903996539e-07,"[[0.1341968036, 0.0639173649, 0.0639173649, 6.2522e-06, 1.6419e-06, 9.8866e-06], [0.0639173649, 0.1341968036, 0.0639173649, 9.8866e-06, 6.2522e-06, 1.6419e-06], [0.0639173649, 0.0639173649, 0.1341968036, 1.6419e-06, 9.8866e-06, 6.2522e-06], [6.2522e-06, 9.8866e-06, 1.6419e-06, 0.0550325925, 1.3889e-06, 1.3889e-06], [1.6419e-06, 6.2522e-06, 9.8866e-06, 1.3889e-06, 0.0550325925, 1.3889e-06], [9.8866e-06, 1.6419e-06, 6.2522e-06, 1.3889e-06, 1.3889e-06, 0.0550325925]]",0.350006103515625,0.096011447999899246,1.3083184570000412,3.1960104909999245,89,123,103,"{""params"": {""w"": 0.0, ""rho"": 0.35, ""N"": 1.0, ""phase"": 0.0, ""gradient"": 0.0, ""a_z"": 1.0, ""wall"": 0.5, ""n"": 32, ""kind"": ""network"", ""k_s"": 130.0, ""k_f"": 0.4, ""E"": 70000000000.0, ""nu"": 0.33, ""tol"": 1e-08, ""preconditioner"": ""two_level""}, ""params_json"": ""{\""E\"": 70000000000.0, \""N\"": 1.0, \""a_z\"": 1.0, \""gradient\"": 0.0, \""k_f\"": 0.4, \""k_s\"": 130.0, \""kind\"": \""network\"", \""n\"": 32, \""nu\"": 0.33, \""phase\"": 0.0, \""preconditioner\"": \""two_level\"", \""rho\"": 0.35, \""tol\"": 1e-08, \""w\"": 0.0, \""wall\"": 0.5}"", ""voxlat_version"": ""0.1.0"", ""git_hash"": ""0977f9f913f3+dirty"", ""resolution"": 32, ""wall_time_s"": 10.787021613000434, ""timestamp_utc"": ""2026-10-09T17:40:07+00:00"", ""python"": ""3.13.16"", ""numpy"": ""2.5.3"", ""platform"": ""Linux-6.18.44-fc-v80-x86_64-with-glibc2.39"", ""extra"": {}}",convergence;uniform;wall
G-r0.350-N1-p0.0000-g0.000-az1.0000-tw0.500-n48,0,0.34999999999999998,1,0,0,1,0.5,48,network,G,95c011af0755,ok,,48,24,1,1.5,0.34995298032407407,0.34989872685185186,0.34989872685185186,-0.023318147245980358,-0.26636702191302708,-0.35431077744912254,-0.17842326637693151,0.027734352686372699,0.031862580481613056,-0.026959844763342566,0.090685005726568679,0.043690225987692344,0.10955297211389747,34.652134713000123,0.1910192375033648,0.0035468861500336226,0.0031217055790806894,0.0039720667209865558,0.140513696321238,0.057568154429696657,0.05428642048131533,0.060849888378077976,0.058228024974391911,0.15170008569667687,-2.1758050942413427e-07,"[[0.1405136963, 0.055783587, 0.0638976945, 4.879e-07, 2.636e-07, 4.3744e-06], [0.055783587, 0.1425358784, 0.0612582658, 4.054e-07, 1.472e-06, -6.262e-07], [0.0638976945, 0.0612582658, 0.160864293, -7.889e-06, 6.1638e-06, 3.2688e-06], [4.879e-07, 4.054e-07, -7.889e-06, 0.058228025, 3.0531e-06, 2.1323e-06], [2.636e-07, 1.472e-06, 6.1638e-06, 3.0531e-06, 0.0608498884, -1.716e-07], [4.3744e-06, -6.262e-07, 3.2688e-06, 2.1323e-06, -1.716e-07, 0.0542864205]]",0.34995298032407407,0.7740091929999835,6.4144654089996038,27.430592806000277,101,156,119,0.19557979598446945,0.004834687447233507,0.004834687447233507,0.004834687447233507,0.13672180554629929,0.055790524357252312,0.055790524357252333,0.055790524357252284,0.055790524357251729,0.13672180554630123,-2.0448441346894744e-07,"[[0.1367218055, 0.0646167763, 0.0646167763, 3.1663e-06, 6.261e-07, 6.9075e-06], [0.0646167763, 0.1367218055, 0.0646167763, 6.9075e-06, 3.1663e-06, 6.261e-07], [0.0646167763, 0.0646167763, 0.1367218055, 6.261e-07, 6.9075e-06, 3.1663e-06], [3.1663e-06, 6.9075e-06, 6.261e-07, 0.0557905244, 2.7356e-06, 2.7356e-06], [6.261e-07, 3.1663e-06, 6.9075e-06, 2.7356e-06, 0.0557905244, 2.7356e-06], [6.9075e-06, 6.261e-07, 3.1663e-06, 2.7356e-06, 2.7356e-06, 0.0557905244]]",0.34995298032407407,0.50555427200015401,5.6908394859997316,10.651893956000094,97,116,104,"{""params"": {""w"": 0.0, ""rho"": 0.35, ""N"": 1.0, ""phase"": 0.0, ""gradient"": 0.0, ""a_z"": 1.0, ""wall"": 0.5, ""n"": 48, ""kind"": ""network"", ""k_s"": 130.0, ""k_f"": 0.4, ""E"": 70000000000.0, ""nu"": 0.33, ""tol"": 1e-08, ""preconditioner"": ""two_level""}, ""params_json"": ""{\""E\"": 70000000000.0, \""N\"": 1.0, \""a_z\"": 1.0, \""gradient\"": 0.0, \""k_f\"": 0.4, \""k_s\"": 130.0, \""kind\"": \""network\"", \""n\"": 48, \""nu\"": 0.33, \""phase\"": 0.0, \""preconditioner\"": \""two_level\"", \""rho\"": 0.35, \""tol\"": 1e-08, \""w\"": 0.0, \""wall\"": 0.5}"", ""voxlat_version"": ""0.1.0"", ""git_hash"": ""0977f9f913f3+dirty"", ""resolution"": 48, ""wall_time_s"": 34.65213471300012, ""timestamp_utc"": ""2026-10-09T17:10:05+00:00"", ""python"": ""3.13.16"", ""numpy"": ""2.5.3"", ""platform"": ""Linux-6.18.44-fc-v80-x86_64-with-glibc2.39"", ""extra"": {}}",convergence
G-r0.350-N1-p0.0000-g0.000-az1.0000-tw1.000-n32,0,0.34999999999999998,1,0,0,1,1,32,network,G,95c011af0755,ok,,32,32,1,2,0.350006103515625,0.35009765625,0.35009765625,-0.01964563482269055,-0.26234157030427052,-0.35031872661865704,-0.17436441398988378,0.033981822097217451,0.044805423700797764,-0.021847846187358355,0.11145869358895322,0.048274559701138031,0.12059579904039031,16.120337845999529,0.18599366648782051,0.0035704491642438744,0.0031446179778981519,0.0039962803505895969,0.13875705553237117,0.057498351075044751,0.053830248837640357,0.061166453312449146,0.057689266622715119,0.15038037438744087,-4.7838562108798193e-07,"[[0.1387570555, 0.0547963864, 0.0636035553, 4.7848e-06, 1.5404e-06, 1.0998e-05], [0.0547963864, 0.1414862682, 0.0606206644, 5.6905e-06, 3.4321e-06, 1.9102e-06], [0.0636035553, 0.0606206644, 0.1592744806, 8.641e-07, 7.7461e-06, 6.6986e-06], [4.7848e-06, 5.6905e-06, 8.641e-07, 0.0576892666, 2.6278e-06, 4.116e-07], [1.5404e-06, 3.4321e-06, 7.7461e-06, 2.6278e-06, 0.0611664533, -1.299e-07], [1.0998e-05, 1.9102e-06, 6.6986e-06, 4.116e-07, -1.299e-07, 0.0538302488]]",0.350006103515625,0.25904658800027391,1.6461921659993095,14.189841061000152,99,175,130,0.18972085308579334,0.0048402472208127802,0.0048402472208127784,0.004840247220812781,0.13419680362555242,0.055032592452841853,0.055032592452841624,0.055032592452842088,0.055032592452842005,0.13419680362555117,-5.9153571903996539e-07,"[[0.1341968036, 0.0639173649, 0.0639173649, 6.2522e-06, 1.6419e-06, 9.8866e-06], [0.0639173649, 0.1341968036, 0.0639173649, 9.8866e-06, 6.2522e-06, 1.6419e-06], [0.0639173649, 0.0639173649, 0.1341968036, 1.6419e-06, 9.8866e-06, 6.2522e-06], [6.2522e-06, 9.8866e-06, 1.6419e-06, 0.0550325925, 1.3889e-06, 1.3889e-06], [1.6419e-06, 6.2522e-06, 9.8866e-06, 1.3889e-06, 0.0550325925, 1.3889e-06], [9.8866e-06, 1.6419e-06, 6.2522e-06, 1.3889e-06, 1.3889e-06, 0.0550325925]]",0.350006103515625,0.096011447999899246,1.3083184570000412,3.1960104909999245,89,123,103,"{""params"": {""w"": 0.0, ""rho"": 0.35, ""N"": 1.0, ""phase"": 0.0, ""gradient"": 0.0, ""a_z"": 1.0, ""wall"": 1.0, ""n"": 32, ""kind"": ""network"", ""k_s"": 130.0, ""k_f"": 0.4, ""E"": 70000000000.0, ""nu"": 0.33, ""tol"": 1e-08, ""preconditioner"": ""two_level""}, ""params_json"": ""{\""E\"": 70000000000.0, \""N\"": 1.0, \""a_z\"": 1.0, \""gradient\"": 0.0, \""k_f\"": 0.4, \""k_s\"": 130.0, \""kind\"": \""network\"", \""n\"": 32, \""nu\"": 0.33, \""phase\"": 0.0, \""preconditioner\"": \""two_level\"", \""rho\"": 0.35, \""tol\"": 1e-08, \""w\"": 0.0, \""wall\"": 1.0}"", ""voxlat_version"": ""0.1.0"", ""git_hash"": ""0977f9f913f3+dirty"", ""resolution"": 32, ""wall_time_s"": 16.12033784599953, ""timestamp_utc"": ""2026-10-09T17:38:51+00:00"", ""python"": ""3.13.16"", ""numpy"": ""2.5.3"", ""platform"": ""Linux-6.18.44-fc-v80-x86_64-with-glibc2.39"", ""extra"": {}}",wall
G-r0.350-N1-p0.0000-g0.000-az1.5000-tw0.500-n32,0,0.34999999999999998,1,0,0,1.5,0.5,32,network,G,95c011af0755,ok,,32,16,1,1.5,0.34999593098958331,0.34993489583333337,0.35009765625000006,-0.035793579143200027,-0.30330265577494031,-0.34954044278567087,-0.27195060022778106,0.029868126905690628,0.045737360487010381,0.090901603350127758,0.020960505682755759,0.013683268643167379,0.1189468125839912,17.066132748999735,0.15842877301779915,0.004545820185807941,0.0034298848657751428,0.0056617555058407392,0.10772003518387517,0.049492227162200454,0.036579998314492559,0.062404456009908335,0.06196041257916806,0.17218949504847608,8.8623987356079795e-07,"[[0.1077200352, 0.0358783027, 0.0632236063, -2.257e-06, -3.8027e-05, 1.2456e-06], [0.0358783027, 0.1190020156, 0.0632239541, -2.2543e-05, -3.64568e-05, 1.18595e-05], [0.0632236063, 0.0632239541, 0.2253769745, -4.8717e-06, -2.9937e-05, 7.402e-07], [-2.257e-06, -2.2543e-05, -4.8717e-06, 0.0619604126, 8.9782e-06, -3.1405e-05], [-3.8027e-05, -3.64568e-05, -2.9937e-05, 8.9782e-06, 0.062404456, -5.6418e-06], [1.2456e-06, 1.18595e-05, 7.402e-07, -3.1405e-05, -5.6418e-06, 0.0365799983]]",0.34999593098958331,0.37986857299983967,3.2707918840005732,13.392728967999574,98,176,138,0.16431001660102859,0.0065248134265019795,0.005273017865190628,0.0077766089878133311,0.10459595007326558,0.047327588199728682,0.033531895270990916,0.06112328112846644,0.061124035974376052,0.15388532601548571,1.2651197570695994e-06,"[[0.1045959501, 0.039461808, 0.0674084764, -1.06641e-05, -4.49068e-05, 9.2174e-06], [0.039461808, 0.1046145535, 0.0674140283, -2.29282e-05, -4.77411e-05, 1.18061e-05], [0.0674084764, 0.0674140283, 0.2031560985, -1.44961e-05, -3.99941e-05, 9.4955e-06], [-1.06641e-05, -2.29282e-05, -1.44961e-05, 0.061124036, 1.56184e-05, -3.52417e-05], [-4.49068e-05, -4.77411e-05, -3.99941e-05, 1.56184e-05, 0.0611232811, -1.16171e-05], [9.2174e-06, 1.18061e-05, 9.4955e-06, -3.52417e-05, -1.16171e-05, 0.0335318953]]",0.34999593098958331,0.22246829699997761,2.348082869999871,4.6712317460001032,97,127,107,"{""params"": {""w"": 0.0, ""rho"": 0.35, ""N"": 1.0, ""phase"": 0.0, ""gradient"": 0.0, ""a_z"": 1.5, ""wall"": 0.5, ""n"": 32, ""kind"": ""network"", ""k_s"": 130.0, ""k_f"": 0.4, ""E"": 70000000000.0, ""nu"": 0.33, ""tol"": 1e-08, ""preconditioner"": ""two_level""}, ""params_json"": ""{\""E\"": 70000000000.0, \""N\"": 1.0, \""a_z\"": 1.5, \""gradient\"": 0.0, \""k_f\"": 0.4, \""k_s\"": 130.0, \""kind\"": \""network\"", \""n\"": 32, \""nu\"": 0.33, \""phase\"": 0.0, \""preconditioner\"": \""two_level\"", \""rho\"": 0.35, \""tol\"": 1e-08, \""w\"": 0.0, \""wall\"": 0.5}"", ""voxlat_version"": ""0.1.0"", ""git_hash"": ""0977f9f913f3+dirty"", ""resolution"": 32, ""wall_time_s"": 17.066132748999735, ""timestamp_utc"": ""2026-10-09T17:35:34+00:00"", ""python"": ""3.13.16"", ""numpy"": ""2.5.3"", ""platform"": ""Linux-6.18.44-fc-v80-x86_64-with-glibc2.39"", ""extra"": {}}",stretch
G-r0.350-N1-p0.1250-g0.000-az1.0000-tw0.500-n32,0,0.34999999999999998,1,0.125,0,1,0.5,32,network,G,95c011af0755,ok,,32,16,1,1.5,0.350067138671875,0.349853515625,0.35009765625,-0.029708181822792334,-0.268142097072815,-0.2681914806452339,-0.26809270863585022,0.039938120547316158,0.023585642563962228,0.023545803696314982,0.023625482731040481,0.039476353240855744,0.12477929550398592,10.791480582000077,0.18411360780755656,0.0035417950928298275,0.0035417305256517061,0.003541859660007949,0.13957853068765105,0.056335979949957905,0.056334706012484713,0.056337253887431098,0.057211032622436493,0.15095821050933858,-2.560452958801566e-06,"[[0.1395785307, 0.0587292973, 0.058730154, 0.0006926354, 7.439e-07, 3.6236e-06], [0.0587292973, 0.1509564889, 0.0606279987, 0.0039738103, 2.6809e-06, -1.5297e-06], [0.058730154, 0.0606279987, 0.1509599321, 0.0039726499, 1.7601e-06, -7.199e-07], [0.0006926354, 0.0039738103, 0.0039726499, 0.0572110326, -1.4083e-06, 1.3402e-06], [7.439e-07, 2.6809e-06, 1.7601e-06, -1.4083e-06, 0.0563372539, -0.0002668965], [3.6236e-06, -1.5297e-06, -7.199e-07, 1.3402e-06, -0.0002668965, 0.056334706]]",0.350067138671875,0.27858480000031705,2.1972584039995127,8.2909761829996569,94,179,125,0.18975075782194351,0.0048394573299869285,0.004839695674456539,0.0048392189855173181,0.1342181115682069,0.05503787627271018,0.055038773847779027,0.055036978697641334,0.055038320442851091,0.1342114058400212,-1.4539907395359715e-07,"[[0.1342181116, 0.0639318466, 0.0639300519, 1.2876e-06, 2.3019e-06, 1.347e-07], [0.0639318466, 0.1342123601, 0.0639267488, 4.3504e-06, 6.1753e-06, -3.2135e-06], [0.0639300519, 0.0639267488, 0.1342104516, 2.5731e-06, 5.6801e-06, -1.1184e-06], [1.2876e-06, 4.3504e-06, 2.5731e-06, 0.0550383204, -2.5591e-06, 1.9887e-06], [2.3019e-06, 6.1753e-06, 5.6801e-06, -2.5591e-06, 0.0550369787, 1.9994e-06], [1.347e-07, -3.2135e-06, -1.1184e-06, 1.9887e-06, 1.9994e-06, 0.0550387738]]",0.350067138671875,0.12921501599976182,1.3383375419998629,3.4123065330004465,79,123,105,"{""params"": {""w"": 0.0, ""rho"": 0.35, ""N"": 1.0, ""phase"": 0.125, ""gradient"": 0.0, ""a_z"": 1.0, ""wall"": 0.5, ""n"": 32, ""kind"": ""network"", ""k_s"": 130.0, ""k_f"": 0.4, ""E"": 70000000000.0, ""nu"": 0.33, ""tol"": 1e-08, ""preconditioner"": ""two_level""}, ""params_json"": ""{\""E\"": 70000000000.0, \""N\"": 1.0, \""a_z\"": 1.0, \""gradient\"": 0.0, \""k_f\"": 0.4, \""k_s\"": 130.0, \""kind\"": \""network\"", \""n\"": 32, \""nu\"": 0.33, \""phase\"": 0.125, \""preconditioner\"": \""two_level\"", \""rho\"": 0.35, \""tol\"": 1e-08, \""w\"": 0.0, \""wall\"": 0.5}"", ""voxlat_version"": ""0.1.0"", ""git_hash"": ""0977f9f913f3+dirty"", ""resolution"": 32, ""wall_time_s"": 10.791480582000077, ""timestamp_utc"": ""2026-10-09T18:01:11+00:00"", ""python"": ""3.13.16"", ""numpy"": ""2.5.3"", ""platform"": ""Linux-6.18.44-fc-v80-x86_64-with-glibc2.39"", ""extra"": {}}",uniform
G-r0.350-N1-p0.3333-g0.000-az0.7500-tw0.500-n32,0,0.34999999999999998,1,0.33333333333333331,0,0.75,0.5,32,network,G,95c011af0755,ok,,32,16,1,1.5,0.35001627604166669,0.33463541666666669,0.36328125,-0.0324586221901072,-0.24263277618757162,-0.20787947808040652,-0.28653528754813207,0.01532958793824668,0.016059354192997866,0.0071850216442588266,0.029673126763275937,0.077065371980908903,0.1291662124748123,7.1917373510004836,0.19754823532451227,0.0028477958557699924,0.0033249274003311381,0.0023706643112088466,0.15595836929352122,0.058292134944110764,0.069960960888780371,0.046623308999441157,0.048789125838073148,0.14445321473915071,4.0512370500854085e-05,"[[0.1559583693, 0.0720948712, 0.0472550078, -0.0007883707, 0.0, 0.0], [0.0720948712, 0.1761936555, 0.0521182275, -0.0039044319, 0.0, 0.0], [0.0472550078, 0.0521182275, 0.1127127739, -0.0032746034, 0.0, 0.0], [-0.0007883707, -0.0039044319, -0.0032746034, 0.0487891258, 0.0, 0.0], [0.0, 0.0, 0.0, 0.0, 0.046623309, 0.0007195828], [0.0, 0.0, 0.0, 0.0, 0.0007195828, 0.0699609609]]",0.35001627604166669,0.17205797400038136,1.2797430370001166,5.7302625389993409,101,181,130,0.20417549042882124,0.0037601255589524759,0.0041975019057373247,0.0033227492121676271,0.15360368804992094,0.057370796994836111,0.069461875807651591,0.045279718182020645,0.045298202975685251,0.12792909772118508,1.2874539730470684e-05,"[[0.153603688, 0.0784053654, 0.0528961954, -2.49786e-05, -2.4735e-06, -3.4975e-06], [0.0784053654, 0.1574899977, 0.0533358863, 7.19413e-05, -6.4224e-06, -1.27209e-05], [0.0528961954, 0.0533358863, 0.0983681978, 0.0002038121, -4.355e-06, -6.8641e-06], [-2.49786e-05, 7.19413e-05, 0.0002038121, 0.045298203, -3.4027e-06, -4.4369e-06], [-2.4735e-06, -6.4224e-06, -4.355e-06, -3.4027e-06, 0.0452797182, 0.0001814608], [-3.4975e-06, -1.27209e-05, -6.8641e-06, -4.4369e-06, 0.0001814608, 0.0694618758]]",0.3499755859375,0.13719512299985581,1.0102029679997031,2.5439987909999218,98,129,111,"{""params"": {""w"": 0.0, ""rho"": 0.35, ""N"": 1.0, ""phase"": 0.3333333333333333, ""gradient"": 0.0, ""a_z"": 0.75, ""wall"": 0.5, ""n"": 32, ""kind"": ""network"", ""k_s"": 130.0, ""k_f"": 0.4, ""E"": 70000000000.0, ""nu"": 0.33, ""tol"": 1e-08, ""preconditioner"": ""two_level""}, ""params_json"": ""{\""E\"": 70000000000.0, \""N\"": 1.0, \""a_z\"": 0.75, \""gradient\"": 0.0, \""k_f\"": 0.4, \""k_s\"": 130.0, \""kind\"": \""network\"", \""n\"": 32, \""nu\"": 0.33, \""phase\"": 0.3333333333333333, \""preconditioner\"": \""two_level\"", \""rho\"": 0.35, \""tol\"": 1e-08, \""w\"": 0.0, \""wall\"": 0.5}"", ""voxlat_version"": ""0.1.0"", ""git_hash"": ""0977f9f913f3+dirty"", ""resolution"": 32, ""wall_time_s"": 7.191737351000484, ""timestamp_utc"": ""2026-10-09T17:41:48+00:00"", ""python"": ""3.13.16"", ""numpy"": ""2.5.3"", ""platform"": ""Linux-6.18.44-fc-v80-x86_64-with-glibc2.39"", ""extra"": {}}",stretch
G-r0.350-N1-p0.3333-g0.000-az1.0000-tw0.500-n32,0,0.34999999999999998,1,0.33333333333333331,0,1,0.5,32,network,G,95c011af0755,ok,,32,16,1,1.5,0.350006103515625,0.336181640625,0.36376953125,-0.020496166964743212,-0.26690483982464386,-0.22120283542595087,-0.31260291180370203,0.040761164229997426,0.034488241954885757,0.071948927865943091,-0.0029701667644205232,0.038955848206142951,0.11801747673195928,11.015975695999259,0.18569119415855778,0.0035567191967235913,0.0037782866406618383,0.0033351517527853442,0.14048954362926805,0.057000280490892299,0.059062568219214719,0.054937992762569894,0.057539533649261919,0.15170004749895141,-1.3442557965965739e-06,"[[0.1404895436, 0.0619094568, 0.0567683139, -0.0004422951, -1.27919e-05, 2.33858e-05], [0.0619094568, 0.1568408358, 0.0607766394, -0.0034192794, -1.5546e-05, 5.0527e-06], [0.0567683139, 0.0607766394, 0.1465592592, -0.0039025912, 1.6838e-06, 1.73263e-05], [-0.0004422951, -0.0034192794, -0.0039025912, 0.0575395336, 2.83479e-05, -8.6681e-06], [-1.27919e-05, -1.5546e-05, 1.6838e-06, 2.83479e-05, 0.0549379928, 0.0005630109], [2.33858e-05, 5.0527e-06, 1.73263e-05, -8.6681e-06, 0.0005630109, 0.0590625682]]",0.350006103515625,0.22400850299982267,2.1418684580003173,8.6320581370000582,99,185,129,0.1895767917345903,0.004851647357585644,0.0048514386191022057,0.0048518560960690814,0.13498730396344932,0.055099979080649709,0.055098304297759436,0.055101653863539983,0.055382077831901563,0.13568665128776064,1.6103168396071628e-07,"[[0.134987304, 0.0639146221, 0.0639113326, -1.69181e-05, -2.23314e-05, 6.50185e-05], [0.0639146221, 0.1356915169, 0.0641928648, 0.0001076454, -2.39443e-05, 3.43802e-05], [0.0639113326, 0.0641928648, 0.1356817856, -0.0001255585, -4.323e-06, 3.83566e-05], [-1.69181e-05, 0.0001076454, -0.0001255585, 0.0553820778, 6.50474e-05, -1.27458e-05], [-2.23314e-05, -2.39443e-05, -4.323e-06, 6.50474e-05, 0.0551016539, -1.77429e-05], [6.50185e-05, 3.43802e-05, 3.83566e-05, -1.27458e-05, -1.77429e-05, 0.0550983043]]",0.350006103515625,0.12424490500006868,1.2457930730001863,3.3683650420002778,90,123,108,"{""params"": {""w"": 0.0, ""rho"": 0.35, ""N"": 1.0, ""phase"": 0.3333333333333333, ""gradient"": 0.0, ""a_z"": 1.0, ""wall"": 0.5, ""n"": 32, ""kind"": ""network"", ""k_s"": 130.0, ""k_f"": 0.4, ""E"": 70000000000.0, ""nu"": 0.33, ""tol"": 1e-08, ""preconditioner"": ""two_level""}, ""params_json"": ""{\""E\"": 70000000000.0, \""N\"": 1.0, \""a_z\"": 1.0, \""gradient\"": 0.0, \""k_f\"": 0.4, \""k_s\"": 130.0, \""kind\"": \""network\"", \""n\"": 32, \""nu\"": 0.33, \""phase\"": 0.3333333333333333, \""preconditioner\"": \""two_level\"", \""rho\"": 0.35, \""tol\"": 1e-08, \""w\"": 0.0, \""wall\"": 0.5}"", ""voxlat_version"": ""0.1.0"", ""git_hash"": ""0977f9f913f3+dirty"", ""resolution"": 32, ""wall_time_s"": 11.01597569599926, ""timestamp_utc"": ""2026-10-09T17:40:15+00:00"", ""python"": ""3.13.16"", ""numpy"": ""2.5.3"", ""platform"": ""Linux-6.18.44-fc-v80-x86_64-with-glibc2.39"", ""extra"": {}}",uniform
G-r0.350-N1-p0.3333-g0.000-az1.5000-tw0.500-n32,0,0.34999999999999998,1,0.33333333333333331,0,1.5,0.5,32,network,G,95c011af0755,ok,,32,16,1,1.5,0.35001627604166669,0.33430989583333331,0.3642578125,0.0083334438130076016,-0.29276083468898251,-0.22834368629372426,-0.33587411401711487,0.077190048205089568,0.075794144624416138,0.22710301507137065,-0.0072581186600582104,0.038704399997915973,0.090072733032373398,17.036984655999731,0.16553024247825043,0.0045994805278527472,0.0040241677461825692,0.005174793309522926,0.11332666108186037,0.051053753457205149,0.041273889896755671,0.060833617017654627,0.063867619995178371,0.16861244692155342,-0.00012198983316051923,"[[0.1133266611, 0.0434256174, 0.0640939615, 0.0004169093, 0.0, 0.0], [0.0434256174, 0.1310198731, 0.0658330021, -0.0020551395, 0.0, 0.0], [0.0640939615, 0.0658330021, 0.2062050208, -0.0026643039, 0.0, 0.0], [0.0004169093, -0.0020551395, -0.0026643039, 0.06386762, -0.0, 0.0], [0.0, 0.0, 0.0, -0.0, 0.060833617, 0.0004390003], [0.0, 0.0, 0.0, 0.0, 0.0004390003, 0.0412738899]]",0.35001627604166669,0.31470433800041064,3.5740813769998567,13.131420955000067,107,200,133,0.16416220595867445,0.0065034301739073895,0.0052149741727044738,0.0077918861751103061,0.10520581885313125,0.047456805479294692,0.033635228167339402,0.061278382791249988,0.061487772647643074,0.15467999685902237,-2.8801223793772568e-06,"[[0.1052058189, 0.0397264996, 0.0678240376, 5.36393e-05, 3.912e-07, -2.777e-07], [0.0397264996, 0.1051657468, 0.0680479871, 2.27573e-05, 9.842e-07, -7.674e-07], [0.0678240376, 0.0680479871, 0.2041942469, 4.14268e-05, 6.7742e-06, -5.724e-06], [5.36393e-05, 2.27573e-05, 4.14268e-05, 0.0614877726, -6.3808e-06, 5.4481e-06], [3.912e-07, 9.842e-07, 6.7742e-06, -6.3808e-06, 0.0612783828, 3.134e-07], [-2.777e-07, -7.674e-07, -5.724e-06, 5.4481e-06, 3.134e-07, 0.0336352282]]",0.34999593098958331,0.26982929199994032,2.3860168510000221,4.7005961509998997,101,123,105,"{""params"": {""w"": 0.0, ""rho"": 0.35, ""N"": 1.0, ""phase"": 0.3333333333333333, ""gradient"": 0.0, ""a_z"": 1.5, ""wall"": 0.5, ""n"": 32, ""kind"": ""network"", ""k_s"": 130.0, ""k_f"": 0.4, ""E"": 70000000000.0, ""nu"": 0.33, ""tol"": 1e-08, ""preconditioner"": ""two_level""}, ""params_json"": ""{\""E\"": 70000000000.0, \""N\"": 1.0, \""a_z\"": 1.5, \""gradient\"": 0.0, \""k_f\"": 0.4, \""k_s\"": 130.0, \""kind\"": \""network\"", \""n\"": 32, \""nu\"": 0.33, \""phase\"": 0.3333333333333333, \""preconditioner\"": \""two_level\"", \""rho\"": 0.35, \""tol\"": 1e-08, \""w\"": 0.0, \""wall\"": 0.5}"", ""voxlat_version"": ""0.1.0"", ""git_hash"": ""0977f9f913f3+dirty"", ""resolution"": 32, ""wall_time_s"": 17.03698465599973, ""timestamp_utc"": ""2026-10-09T17:35:34+00:00"", ""python"": ""3.13.16"", ""numpy"": ""2.5.3"", ""platform"": ""Linux-6.18.44-fc-v80-x86_64-with-glibc2.39"", ""extra"": {}}",stretch
G-r0.350-N1-p0.6667-g0.000-az0.7500-tw0.500-n32,0,0.34999999999999998,1,0.66666666666666663,0,0.75,0.5,32,network,G,95c011af0755,ok,,32,16,1,1.5,0.35001627604166669,0.36328125,0.33430989583333331,-0.032541287462872548,-0.24263246282419593,-0.20784115371980028,-0.28659868089027407,0.015315837506592045,0.015999538616717768,0.0071350252899879951,0.029598635238325066,0.077039274330116703,0.12905352531053227,7.6983962960002827,0.19754763404692793,0.0028472066477215605,0.003324923158652549,0.0023694901367905721,0.15595909230423949,0.058293319014671233,0.069963814204426128,0.046622823824916344,0.048792781038349269,0.14446150115773881,-4.0648111750211902e-05,"[[0.1559590923, 0.0720977866, 0.0472568729, 0.0007866979, 2.6578e-06, -4.864e-06], [0.0720977866, 0.1762070301, 0.0521224682, 0.0039010803, 8.5281e-06, -1.8933e-05], [0.0472568729, 0.0521224682, 0.1127159722, 0.0032710211, 5.9418e-06, -9.6315e-06], [0.0007866979, 0.0039010803, 0.0032710211, 0.048792781, -5.0076e-06, 6.3394e-06], [2.6578e-06, 8.5281e-06, 5.9418e-06, -5.0076e-06, 0.0466228238, -0.0007205177], [-4.864e-06, -1.8933e-05, -9.6315e-06, 6.3394e-06, -0.0007205177, 0.0699638142]]",0.35001627604166669,0.15280012499988516,1.555215703999238,5.9788018260005629,101,196,121,0.20419231486258052,0.0037593460347385499,0.0041972934775211341,0.0033213985919559653,0.1536064804103156,0.057375340045958602,0.069468157146338153,0.045282522945579058,0.045302694341110991,0.12794920516988462,-1.3013002005539424e-05,"[[0.1536064804, 0.078411445, 0.0529001704, 2.16297e-05, 0.0, 0.0], [0.078411445, 0.1575226141, 0.0533494405, -7.85297e-05, -0.0, 0.0], [0.0529001704, 0.0533494405, 0.0983757963, -0.0002088983, 0.0, -0.0], [2.16297e-05, -7.85297e-05, -0.0002088983, 0.0453026943, 0.0, 0.0], [0.0, -0.0, 0.0, 0.0, 0.0452825229, -0.0001853671], [0.0, 0.0, -0.0, 0.0, -0.0001853671, 0.0694681571]]",0.35001627604166669,0.12142530599976453,0.78098502900002131,2.6411526169999888,98,124,109,"{""params"": {""w"": 0.0, ""rho"": 0.35, ""N"": 1.0, ""phase"": 0.6666666666666666, ""gradient"": 0.0, ""a_z"": 0.75, ""wall"": 0.5, ""n"": 32, ""kind"": ""network"", ""k_s"": 130.0, ""k_f"": 0.4, ""E"": 70000000000.0, ""nu"": 0.33, ""tol"": 1e-08, ""preconditioner"": ""two_level""}, ""params_json"": ""{\""E\"": 70000000000.0, \""N\"": 1.0, \""a_z\"": 0.75, \""gradient\"": 0.0, \""k_f\"": 0.4, \""k_s\"": 130.0, \""kind\"": \""network\"", \""n\"": 32, \""nu\"": 0.33, \""phase\"": 0.6666666666666666, \""preconditioner\"": \""two_level\"", \""rho\"": 0.35, \""tol\"": 1e-08, \""w\"": 0.0, \""wall\"": 0.5}"", ""voxlat_version"": ""0.1.0"", ""git_hash"": ""0977f9f913f3+dirty"", ""resolution"": 32, ""wall_time_s"": 7.698396296000283, ""timestamp_utc"": ""2026-10-09T17:41:55+00:00"", ""python"": ""3.13.16"", ""numpy"": ""2.5.3"", ""platform"": ""Linux-6.18.44-fc-v80-x86_64-with-glibc2.39"", ""extra"": {}}",stretch
G-r0.350-N1-p0.6667-g0.000-az1.0000-tw0.500-n32,0,0.34999999999999998,1,0.66666666666666663,0,1,0.5,32,network,G,95c011af0755,ok,,32,16,1,1.5,0.350006103515625,0.36376953125,0.336181640625,-0.020476916940877055,-0.26690324285658984,-0.22126871799247705,-0.31254193935650831,0.040771578339040548,0.034648661090434851,0.072078419015886519,-0.0027852682237839987,0.039046155382259862,0.11822766197355938,9.6341162930002611,0.185693246547908,0.0035567117163291177,0.0037782860687453623,0.0033351373639128731,0.14049313366437488,0.057007500184411787,0.059073111837155079,0.054941888531668502,0.057543579474787616,0.15171421325570683,1.2674331412366116e-06,"[[0.1404931337, 0.0619089088, 0.0567792153, 0.0004383567, -1.16138e-05, 5.82329e-05], [0.0619089088, 0.1568381158, 0.060777988, 0.0034189123, 3.453e-06, 2.30367e-05], [0.0567792153, 0.060777988, 0.1465903108, 0.0038925242, -1.54795e-05, 4.51513e-05], [0.0004383567, 0.0034189123, 0.0038925242, 0.0575435795, 4.95244e-05, -2.11206e-05], [-1.16138e-05, 3.453e-06, -1.54795e-05, 4.95244e-05, 0.0549418885, -0.0005692432], [5.82329e-05, 2.30367e-05, 4.51513e-05, -2.11206e-05, -0.0005692432, 0.0590731118]]",0.350006103515625,0.18600237700047728,2.1366611829998874,7.2980001149999225,99,187,119,0.18957516138157179,0.0048516265849929893,0.004851848328225836,0.0048514048417601426,0.13498940265892617,0.055098413914082246,0.055101483986013999,0.0550953438421505,0.05538115816772126,0.1356738152836843,7.3109926164370125e-08,"[[0.1349894027, 0.0639042751, 0.0639177054, -1.65675e-05, -3.91138e-05, 4.46916e-05], [0.0639042751, 0.1356524665, 0.064194514, -0.0001334393, -1.63331e-05, 1.92696e-05], [0.0639177054, 0.064194514, 0.135695164, 0.0001090202, -2.37075e-05, 3.2941e-05], [-1.65675e-05, -0.0001334393, 0.0001090202, 0.0553811582, 3.80631e-05, -4.27786e-05], [-3.91138e-05, -1.63331e-05, -2.37075e-05, 3.80631e-05, 0.0550953438, -1.89711e-05], [4.46916e-05, 1.92696e-05, 3.2941e-05, -4.27786e-05, -1.89711e-05, 0.055101484]]",0.350006103515625,0.18572688099993684,1.4022303169999759,3.0128635080000095,91,123,109,"{""params"": {""w"": 0.0, ""rho"": 0.35, ""N"": 1.0, ""phase"": 0.6666666666666666, ""gradient"": 0.0, ""a_z"": 1.0, ""wall"": 0.5, ""n"": 32, ""kind"": ""network"", ""k_s"": 130.0, ""k_f"": 0.4, ""E"": 70000000000.0, ""nu"": 0.33, ""tol"": 1e-08, ""preconditioner"": ""two_level""}, ""params_json"": ""{\""E\"": 70000000000.0, \""N\"": 1.0, \""a_z\"": 1.0, \""gradient\"": 0.0, \""k_f\"": 0.4, \""k_s\"": 130.0, \""kind\"": \""network\"", \""n\"": 32, \""nu\"": 0.33, \""phase\"": 0.6666666666666666, \""preconditioner\"": \""two_level\"", \""rho\"": 0.35, \""tol\"": 1e-08, \""w\"": 0.0, \""wall\"": 0.5}"", ""voxlat_version"": ""0.1.0"", ""git_hash"": ""0977f9f913f3+dirty"", ""resolution"": 32, ""wall_time_s"": 9.634116293000261, ""timestamp_utc"": ""2026-10-09T17:40:17+00:00"", ""python"": ""3.13.16"", ""numpy"": ""2.5.3"", ""platform"": ""Linux-6.18.44-fc-v80-x86_64-with-glibc2.39"", ""extra"": {}}",uniform
G-r0.350-N1-p0.6667-g0.000-az1.5000-tw0.500-n32,0,0.34999999999999998,1,0.66666666666666663,0,1.5,0.5,32,network,G,95c011af0755,ok,,32,16,1,1.5,0.34999593098958331,0.3642578125,0.33430989583333331,0.0082539092114586321,-0.29269086200742334,-0.22834203196878899,-0.33575841707019882,0.077171740753928519,0.075672513410272035,0.22685097580633395,-0.007308169908368467,0.038558606590705979,0.090043668602117988,16.816550626999742,0.16551718590261014,0.0045999355879115279,0.0040241763727488699,0.0051756948030741851,0.11332473503146821,0.051047981228335093,0.04126541249856934,0.06083054995810086,0.063858655483302301,0.16860795123557396,0.00012195544133895798,"[[0.113324735, 0.0434233285, 0.0640921004, -0.0004186679, 5.914e-07, 3.1972e-06], [0.0434233285, 0.1310168136, 0.065829957, 0.0020519437, 1.3625e-06, 4.6415e-06], [0.0640921004, 0.065829957, 0.2061990889, 0.0026571218, 3.8392e-06, 6.4238e-06], [-0.0004186679, 0.0020519437, 0.0026571218, 0.0638586555, 5.0163e-06, 7.489e-06], [5.914e-07, 1.3625e-06, 3.8392e-06, 5.0163e-06, 0.06083055, -0.0004429023], [3.1972e-06, 4.6415e-06, 6.4238e-06, 7.489e-06, -0.0004429023, 0.0412654125]]",0.34999593098958331,0.33677552399967681,3.6023151629997301,12.84616411099978,107,200,126,0.16416220595867445,0.00650343017052864,0.0052149741718031549,0.0077918861692541251,0.10520581885312973,0.047456805479294505,0.033635228167339652,0.06127838279124935,0.06148777264764306,0.15467999685902339,2.8747875965130007e-06,"[[0.1052058189, 0.0397264996, 0.0678240376, -5.36393e-05, 3.912e-07, 2.777e-07], [0.0397264996, 0.1051657468, 0.0680479871, -2.27573e-05, 9.842e-07, 7.674e-07], [0.0678240376, 0.0680479871, 0.2041942469, -4.14268e-05, 6.7742e-06, 5.724e-06], [-5.36393e-05, -2.27573e-05, -4.14268e-05, 0.0614877726, 6.3808e-06, 5.4481e-06], [3.912e-07, 9.842e-07, 6.7742e-06, 6.3808e-06, 0.0612783828, -3.134e-07], [2.777e-07, 7.674e-07, 5.724e-06, 5.4481e-06, -3.134e-07, 0.0336352282]]",0.34999593098958331,0.25444089900020117,1.9166245340002206,4.5686769580001965,101,123,105,"{""params"": {""w"": 0.0, ""rho"": 0.35, ""N"": 1.0, ""phase"": 0.6666666666666666, ""gradient"": 0.0, ""a_z"": 1.5, ""wall"": 0.5, ""n"": 32, ""kind"": ""network"", ""k_s"": 130.0, ""k_f"": 0.4, ""E"": 70000000000.0, ""nu"": 0.33, ""tol"": 1e-08, ""preconditioner"": ""two_level""}, ""params_json"": ""{\""E\"": 70000000000.0, \""N\"": 1.0, \""a_z\"": 1.5, \""gradient\"": 0.0, \""k_f\"": 0.4, \""k_s\"": 130.0, \""kind\"": \""network\"", \""n\"": 32, \""nu\"": 0.33, \""phase\"": 0.6666666666666666, \""preconditioner\"": \""two_level\"", \""rho\"": 0.35, \""tol\"": 1e-08, \""w\"": 0.0, \""wall\"": 0.5}"", ""voxlat_version"": ""0.1.0"", ""git_hash"": ""0977f9f913f3+dirty"", ""resolution"": 32, ""wall_time_s"": 16.816550626999742, ""timestamp_utc"": ""2026-10-09T17:35:51+00:00"", ""python"": ""3.13.16"", ""numpy"": ""2.5.3"", ""platform"": ""Linux-6.18.44-fc-v80-x86_64-with-glibc2.39"", ""extra"": {}}",stretch
G-r0.350-N1.5-p0.0000-g0.000-az1.0000-tw0.500-n32,0,0.34999999999999998,1.5,0,0,1,0.5,32,network,G,95c011af0755,ok,,48,16,1.5,2,0.3499755859375,0.35009765625,0.35009765625,-0.014424854109048146,-0.17457587387381812,-0.23449994015110054,-0.11465180759653537,0.015055297345457852,0.025492178916963759,-0.02509180492611196,0.076076162760039256,0.032506353335716609,0.079999082286632106,15.020659992999754,0.1869841574585866,0.0039952568324740697,0.0037052095372156514,0.0042853041277324888,0.13621717640694511,0.056435493145914048,0.053651725378436703,0.059219260913391407,0.056821501348094577,0.14493242476139465,-5.6812284613083015e-07,"[[0.1362171764, 0.0572515653, 0.0637497205, 4.6325e-06, 5.6405e-06, 1.07292e-05], [0.0572515653, 0.1389758933, 0.0617094635, 1.35824e-05, 4.883e-06, 7.8244e-06], [0.0637497205, 0.0617094635, 0.1508889562, 2.4944e-06, 1.51008e-05, 8.6036e-06], [4.6325e-06, 1.35824e-05, 2.4944e-06, 0.0568215013, 1.9936e-06, -1.3692e-06], [5.6405e-06, 4.883e-06, 1.51008e-05, 1.9936e-06, 0.0592192609, -4.47e-07], [1.07292e-05, 7.8244e-06, 8.6036e-06, -1.3692e-06, -4.47e-07, 0.0536517254]]",0.3499755859375,0.34276104699983989,3.58510150300026,11.077314805000242,101,175,129,0.18972085308579334,0.0048402472208127802,0.0048402472208127784,0.004840247220812781,0.13419680362555242,0.055032592452841853,0.055032592452841624,0.055032592452842088,0.055032592452842005,0.13419680362555117,-5.9153571903996539e-07,"[[0.1341968036, 0.0639173649, 0.0639173649, 6.2522e-06, 1.6419e-06, 9.8866e-06], [0.0639173649, 0.1341968036, 0.0639173649, 9.8866e-06, 6.2522e-06, 1.6419e-06], [0.0639173649, 0.0639173649, 0.1341968036, 1.6419e-06, 9.8866e-06, 6.2522e-06], [6.2522e-06, 9.8866e-06, 1.6419e-06, 0.0550325925, 1.3889e-06, 1.3889e-06], [1.6419e-06, 6.2522e-06, 9.8866e-06, 1.3889e-06, 0.0550325925, 1.3889e-06], [9.8866e-06, 1.6419e-06, 6.2522e-06, 1.3889e-06, 1.3889e-06, 0.0550325925]]",0.350006103515625,0.096011447999899246,1.3083184570000412,3.1960104909999245,89,123,103,"{""params"": {""w"": 0.0, ""rho"": 0.35, ""N"": 1.5, ""phase"": 0.0, ""gradient"": 0.0, ""a_z"": 1.0, ""wall"": 0.5, ""n"": 32, ""kind"": ""network"", ""k_s"": 130.0, ""k_f"": 0.4, ""E"": 70000000000.0, ""nu"": 0.33, ""tol"": 1e-08, ""preconditioner"": ""two_level""}, ""params_json"": ""{\""E\"": 70000000000.0, \""N\"": 1.5, \""a_z\"": 1.0, \""gradient\"": 0.0, \""k_f\"": 0.4, \""k_s\"": 130.0, \""kind\"": \""network\"", \""n\"": 32, \""nu\"": 0.33, \""phase\"": 0.0, \""preconditioner\"": \""two_level\"", \""rho\"": 0.35, \""tol\"": 1e-08, \""w\"": 0.0, \""wall\"": 0.5}"", ""voxlat_version"": ""0.1.0"", ""git_hash"": ""0977f9f913f3+dirty"", ""resolution"": 32, ""wall_time_s"": 15.020659992999754, ""timestamp_utc"": ""2026-10-09T17:36:53+00:00"", ""python"": ""3.13.16"", ""numpy"": ""2.5.3"", ""platform"": ""Linux-6.18.44-fc-v80-x86_64-with-glibc2.39"", ""extra"": {}}",uniform
G-r0.350-N1.5-p0.1250-g0.000-az1.0000-tw0.500-n32,0,0.34999999999999998,1.5,0.125,0,1,0.5,32,network,G,95c011af0755,ok,,48,16,1.5,2,0.35005696614583331,0.349853515625,0.35009765625,-0.022534029732662386,-0.17882896674682147,-0.17884681166570293,-0.17881112007012001,0.017101148223403806,0.014451696230014521,0.014431001284864298,0.014472391850175459,0.028079963807005281,0.083149731079658951,13.728534507001314,0.18547490860338861,0.0039740221760500346,0.0039741315336476934,0.0039739128184523766,0.13651339538840015,0.055833266941748519,0.055833038463893682,0.055833495419603356,0.056583794488884717,0.1453710481434419,-8.3228493879623809e-06,"[[0.1365133954, 0.0600544314, 0.0600540985, 0.0007177079, 2.2909e-06, 2.6736e-06], [0.0600544314, 0.1453702327, 0.061730607, 0.0026393126, 5.2724e-06, -2.4052e-06], [0.0600540985, 0.061730607, 0.1453718636, 0.0026373554, 4.6936e-06, -1.0379e-06], [0.0007177079, 0.0026393126, 0.0026373554, 0.0565837945, -2.457e-06, 2.1155e-06], [2.2909e-06, 5.2724e-06, 4.6936e-06, -2.457e-06, 0.0558334954, -0.0001773294], [2.6736e-06, -2.4052e-06, -1.0379e-06, 2.1155e-06, -0.0001773294, 0.0558330385]]",0.35005696614583331,0.39363717100059148,3.2125427589999163,10.105074704999424,96,173,126,0.18975075782194351,0.0048394573299869285,0.004839695674456539,0.0048392189855173181,0.1342181115682069,0.05503787627271018,0.055038773847779027,0.055036978697641334,0.055038320442851091,0.1342114058400212,-1.4539907395359715e-07,"[[0.1342181116, 0.0639318466, 0.0639300519, 1.2876e-06, 2.3019e-06, 1.347e-07], [0.0639318466, 0.1342123601, 0.0639267488, 4.3504e-06, 6.1753e-06, -3.2135e-06], [0.0639300519, 0.0639267488, 0.1342104516, 2.5731e-06, 5.6801e-06, -1.1184e-06], [1.2876e-06, 4.3504e-06, 2.5731e-06, 0.0550383204, -2.5591e-06, 1.9887e-06], [2.3019e-06, 6.1753e-06, 5.6801e-06, -2.5591e-06, 0.0550369787, 1.9994e-06], [1.347e-07, -3.2135e-06, -1.1184e-06, 1.9887e-06, 1.9994e-06, 0.0550387738]]",0.350067138671875,0.12921501599976182,1.3383375419998629,3.4123065330004465,79,123,105,"{""params"": {""w"": 0.0, ""rho"": 0.35, ""N"": 1.5, ""phase"": 0.125, ""gradient"": 0.0, ""a_z"": 1.0, ""wall"": 0.5, ""n"": 32, ""kind"": ""network"", ""k_s"": 130.0, ""k_f"": 0.4, ""E"": 70000000000.0, ""nu"": 0.33, ""tol"": 1e-08, ""preconditioner"": ""two_level""}, ""params_json"": ""{\""E\"": 70000000000.0, \""N\"": 1.5, \""a_z\"": 1.0, \""gradient\"": 0.0, \""k_f\"": 0.4, \""k_s\"": 130.0, \""kind\"": \""network\"", \""n\"": 32, \""nu\"": 0.33, \""phase\"": 0.125, \""preconditioner\"": \""two_level\"", \""rho\"": 0.35, \""tol\"": 1e-08, \""w\"": 0.0, \""wall\"": 0.5}"", ""voxlat_version"": ""0.1.0"", ""git_hash"": ""0977f9f913f3+dirty"", ""resolution"": 32, ""wall_time_s"": 13.728534507001314, ""timestamp_utc"": ""2026-10-09T18:00:32+00:00"", ""python"": ""3.13.16"", ""numpy"": ""2.5.3"", ""platform"": ""Linux-6.18.44-fc-v80-x86_64-with-glibc2.39"", ""extra"": {}}",uniform
G-r0.350-N1.5-p0.3333-g0.000-az1.0000-tw0.500-n32,0,0.34999999999999998,1.5,0.33333333333333331,0,1,0.5,32,network,G,95c011af0755,ok,,48,16,1.5,2,0.35001627604166669,0.336181640625,0.36376953125,-0.016239966890080448,-0.17791851483229582,-0.14676783664294035,-0.20906651266790832,0.016361078446898825,0.021154915160740639,0.052887465190431193,-0.010575705883951181,0.027303334559663384,0.078961660797206346,14.651623824000126,0.18649807091369286,0.0039884494652339736,0.0041394034683705609,0.0038374954620973866,0.13719584183293068,0.056265614463459436,0.058012313948358971,0.054518914978559901,0.056894193231555285,0.14640069462145364,4.6314523809097592e-06,"[[0.1371958418, 0.0624694342, 0.0582574406, -0.0005430922, -1.43906e-05, 2.87702e-05], [0.0624694342, 0.1497937598, 0.0618827329, -0.0022610244, -1.86141e-05, 1.51307e-05], [0.0582574406, 0.0618827329, 0.1430076294, -0.0026323337, -3.4958e-06, 1.83167e-05], [-0.0005430922, -0.0022610244, -0.0026323337, 0.0568941932, 2.96689e-05, -8.7021e-06], [-1.43906e-05, -1.86141e-05, -3.4958e-06, 2.96689e-05, 0.054518915, 0.000360718], [2.87702e-05, 1.51307e-05, 1.83167e-05, -8.7021e-06, 0.000360718, 0.0580123139]]",0.35001627604166669,0.3016218979992118,3.6680969959998038,10.662778403999255,101,201,133,0.1895767917345903,0.004851647357585644,0.0048514386191022057,0.0048518560960690814,0.13498730396344932,0.055099979080649709,0.055098304297759436,0.055101653863539983,0.055382077831901563,0.13568665128776064,1.6103168396071628e-07,"[[0.134987304, 0.0639146221, 0.0639113326, -1.69181e-05, -2.23314e-05, 6.50185e-05], [0.0639146221, 0.1356915169, 0.0641928648, 0.0001076454, -2.39443e-05, 3.43802e-05], [0.0639113326, 0.0641928648, 0.1356817856, -0.0001255585, -4.323e-06, 3.83566e-05], [-1.69181e-05, 0.0001076454, -0.0001255585, 0.0553820778, 6.50474e-05, -1.27458e-05], [-2.23314e-05, -2.39443e-05, -4.323e-06, 6.50474e-05, 0.0551016539, -1.77429e-05], [6.50185e-05, 3.43802e-05, 3.83566e-05, -1.27458e-05, -1.77429e-05, 0.0550983043]]",0.350006103515625,0.12424490500006868,1.2457930730001863,3.3683650420002778,90,123,108,"{""params"": {""w"": 0.0, ""rho"": 0.35, ""N"": 1.5, ""phase"": 0.3333333333333333, ""gradient"": 0.0, ""a_z"": 1.0, ""wall"": 0.5, ""n"": 32, ""kind"": ""network"", ""k_s"": 130.0, ""k_f"": 0.4, ""E"": 70000000000.0, ""nu"": 0.33, ""tol"": 1e-08, ""preconditioner"": ""two_level""}, ""params_json"": ""{\""E\"": 70000000000.0, \""N\"": 1.5, \""a_z\"": 1.0, \""gradient\"": 0.0, \""k_f\"": 0.4, \""k_s\"": 130.0, \""kind\"": \""network\"", \""n\"": 32, \""nu\"": 0.33, \""phase\"": 0.3333333333333333, \""preconditioner\"": \""two_level\"", \""rho\"": 0.35, \""tol\"": 1e-08, \""w\"": 0.0, \""wall\"": 0.5}"", ""voxlat_version"": ""0.1.0"", ""git_hash"": ""0977f9f913f3+dirty"", ""resolution"": 32, ""wall_time_s"": 14.651623824000126, ""timestamp_utc"": ""2026-10-09T17:37:06+00:00"", ""python"": ""3.13.16"", ""numpy"": ""2.5.3"", ""platform"": ""Linux-6.18.44-fc-v80-x86_64-with-glibc2.39"", ""extra"": {}}",uniform
G-r0.350-N1.5-p0.6667-g0.000-az1.0000-tw0.500-n32,0,0.34999999999999998,1.5,0.66666666666666663,0,1,0.5,32,network,G,95c011af0755,ok,,48,16,1.5,2,0.34999593098958331,0.36376953125,0.336181640625,-0.016256385059616352,-0.17789968392112832,-0.1468261359928632,-0.20897607240762273,0.016304308961053948,0.021166626882149098,0.052840674165264501,-0.010510950340040792,0.027363810881830819,0.079098710857244514,14.003156009999657,0.18649335456041408,0.0039885237490193933,0.0041394701857690036,0.0038375773122697834,0.13719031158634543,0.056264661483199842,0.058013083547341505,0.054516239419058178,0.056896597706239539,0.14640543916970766,-4.6499888308652076e-06,"[[0.1371903116, 0.0624602108, 0.0582628372, 0.000542645, -1.02194e-05, 5.30707e-05], [0.0624602108, 0.1497707063, 0.0618724836, 0.0022607115, 5.2093e-06, 2.06901e-05], [0.0582628372, 0.0618724836, 0.1430401721, 0.0026263959, -1.50519e-05, 4.39586e-05], [0.000542645, 0.0022607115, 0.0026263959, 0.0568965977, 5.02878e-05, -1.69025e-05], [-1.02194e-05, 5.2093e-06, -1.50519e-05, 5.02878e-05, 0.0545162394, -0.000362747], [5.30707e-05, 2.06901e-05, 4.39586e-05, -1.69025e-05, -0.000362747, 0.0580130835]]",0.34999593098958331,0.32829685700016853,4.0212889029999133,9.634680271000434,101,205,122,0.18957516138157179,0.0048516265849929893,0.004851848328225836,0.0048514048417601426,0.13498940265892617,0.055098413914082246,0.055101483986013999,0.0550953438421505,0.05538115816772126,0.1356738152836843,7.3109926164370125e-08,"[[0.1349894027, 0.0639042751, 0.0639177054, -1.65675e-05, -3.91138e-05, 4.46916e-05], [0.0639042751, 0.1356524665, 0.064194514, -0.0001334393, -1.63331e-05, 1.92696e-05], [0.0639177054, 0.064194514, 0.135695164, 0.0001090202, -2.37075e-05, 3.2941e-05], [-1.65675e-05, -0.0001334393, 0.0001090202, 0.0553811582, 3.80631e-05, -4.27786e-05], [-3.91138e-05, -1.63331e-05, -2.37075e-05, 3.80631e-05, 0.0550953438, -1.89711e-05], [4.46916e-05, 1.92696e-05, 3.2941e-05, -4.27786e-05, -1.89711e-05, 0.055101484]]",0.350006103515625,0.18572688099993684,1.4022303169999759,3.0128635080000095,91,123,109,"{""params"": {""w"": 0.0, ""rho"": 0.35, ""N"": 1.5, ""phase"": 0.6666666666666666, ""gradient"": 0.0, ""a_z"": 1.0, ""wall"": 0.5, ""n"": 32, ""kind"": ""network"", ""k_s"": 130.0, ""k_f"": 0.4, ""E"": 70000000000.0, ""nu"": 0.33, ""tol"": 1e-08, ""preconditioner"": ""two_level""}, ""params_json"": ""{\""E\"": 70000000000.0, \""N\"": 1.5, \""a_z\"": 1.0, \""gradient\"": 0.0, \""k_f\"": 0.4, \""k_s\"": 130.0, \""kind\"": \""network\"", \""n\"": 32, \""nu\"": 0.33, \""phase\"": 0.6666666666666666, \""preconditioner\"": \""two_level\"", \""rho\"": 0.35, \""tol\"": 1e-08, \""w\"": 0.0, \""wall\"": 0.5}"", ""voxlat_version"": ""0.1.0"", ""git_hash"": ""0977f9f913f3+dirty"", ""resolution"": 32, ""wall_time_s"": 14.003156009999657, ""timestamp_utc"": ""2026-10-09T17:37:07+00:00"", ""python"": ""3.13.16"", ""numpy"": ""2.5.3"", ""platform"": ""Linux-6.18.44-fc-v80-x86_64-with-glibc2.39"", ""extra"": {}}",uniform
G-r0.350-N2-p0.0000-g0.000-az0.7500-tw0.500-n32,0,0.34999999999999998,2,0,0,0.75,0.5,32,network,G,95c011af0755,ok,,64,16,2,2.5,0.35001627604166669,0.35123697916666669,0.3505859375,-0.0024177392753624849,-0.11969321342484196,-0.17136555845152357,-0.05435344431044753,0.027627195136923133,0.017018988925972423,-0.025941358202861808,0.08310793371600278,0.055596069046766727,0.051324634390663038,12.634102384000471,0.20531862799651487,0.0032941563357928947,0.0034629793498762765,0.0031253333217095124,0.15931558607752405,0.058745604980032173,0.068197332229460741,0.049293877730603605,0.048041712852475903,0.13338762288707967,-2.640703714732615e-09,"[[0.1593155861, 0.0741846864, 0.0552317315, -1.9304e-05, -3.008e-07, -2.06089e-05], [0.0741846864, 0.1560385006, 0.0532544585, -1.78641e-05, -7.4212e-06, 1.29963e-05], [0.0552317315, 0.0532544585, 0.1107367452, -1.52387e-05, -1.8832e-06, -6.6579e-06], [-1.9304e-05, -1.78641e-05, -1.52387e-05, 0.0480417129, -5.8233e-06, 3.6647e-06], [-3.008e-07, -7.4212e-06, -1.8832e-06, -5.8233e-06, 0.0492938777, -1.85882e-05], [-2.06089e-05, 1.29963e-05, -6.6579e-06, 3.6647e-06, -1.85882e-05, 0.0681973322]]",0.35001627604166669,0.31802072299979045,2.9087982199998805,9.3892839030004325,102,183,127,0.20581623799863152,0.0037420549131614005,0.0041791400118548977,0.0033049698144679038,0.15503247367475179,0.057762544868577861,0.070013579576314489,0.045511510160841227,0.045511454865362407,0.1268757703603034,1.1126928376023384e-08,"[[0.1550324737, 0.0791313517, 0.0533972543, -2.65253e-05, 1.3122e-06, -1.08737e-05], [0.0791313517, 0.1550324613, 0.0533972478, -2.14245e-05, -1.09016e-05, 1.08369e-05], [0.0533972543, 0.0533972478, 0.0987190794, -1.98081e-05, -2.1843e-06, 6.99e-08], [-2.65253e-05, -2.14245e-05, -1.98081e-05, 0.0455114549, 1.428e-07, 3.3424e-06], [1.3122e-06, -1.09016e-05, -2.1843e-06, 1.428e-07, 0.0455115102, -2.55411e-05], [-1.08737e-05, 1.08369e-05, 6.99e-08, 3.3424e-06, -2.55411e-05, 0.0700135796]]",0.35001627604166669,0.15749640900003214,1.2655758810001316,2.6937212819998422,89,132,115,"{""params"": {""w"": 0.0, ""rho"": 0.35, ""N"": 2.0, ""phase"": 0.0, ""gradient"": 0.0, ""a_z"": 0.75, ""wall"": 0.5, ""n"": 32, ""kind"": ""network"", ""k_s"": 130.0, ""k_f"": 0.4, ""E"": 70000000000.0, ""nu"": 0.33, ""tol"": 1e-08, ""preconditioner"": ""two_level""}, ""params_json"": ""{\""E\"": 70000000000.0, \""N\"": 2.0, \""a_z\"": 0.75, \""gradient\"": 0.0, \""k_f\"": 0.4, \""k_s\"": 130.0, \""kind\"": \""network\"", \""n\"": 32, \""nu\"": 0.33, \""phase\"": 0.0, \""preconditioner\"": \""two_level\"", \""rho\"": 0.35, \""tol\"": 1e-08, \""w\"": 0.0, \""wall\"": 0.5}"", ""voxlat_version"": ""0.1.0"", ""git_hash"": ""0977f9f913f3+dirty"", ""resolution"": 32, ""wall_time_s"": 12.634102384000471, ""timestamp_utc"": ""2026-10-09T17:39:16+00:00"", ""python"": ""3.13.16"", ""numpy"": ""2.5.3"", ""platform"": ""Linux-6.18.44-fc-v80-x86_64-with-glibc2.39"", ""extra"": {}}",stretch
G-r0.350-N2-p0.0000-g0.000-az1.0000-tw0.125-n32,0,0.34999999999999998,2,0,0,1,0.125,32,network,G,95c011af0755,ok,,64,4,2,2.125,0.350006103515625,0.35009765625,0.35009765625,0.0003344054897649329,-0.13097772950833853,-0.17586219884499621,-0.08609326017168073,0.016077596544318062,0.004428762349457438,-0.0037594253546407996,0.012616950053555787,0.020033224962221263,0.052527571092420677,15.508654213000227,0.18978429678058811,0.0042062826295716765,0.0039890307016072612,0.0044235345575360917,0.13635436569178114,0.055276318726290033,0.054825701529442793,0.05572693592313728,0.056135072757704033,0.14124583576836794,-5.3245304059543822e-07,"[[0.1363543657, 0.0628388519, 0.0635496267, 6.097e-06, 2.572e-06, 1.02395e-05], [0.0628388519, 0.136916038, 0.0636018745, 8.2527e-06, 5.838e-06, 1.7374e-06], [0.0635496267, 0.0636018745, 0.1455756335, 1.5955e-06, 1.00628e-05, 6.1709e-06], [6.097e-06, 8.2527e-06, 1.5955e-06, 0.0561350728, 1.823e-06, 9.742e-07], [2.572e-06, 5.838e-06, 1.00628e-05, 1.823e-06, 0.0557269359, 5.806e-07], [1.02395e-05, 1.7374e-06, 6.1709e-06, 9.742e-07, 5.806e-07, 0.0548257015]]",0.350006103515625,0.43086887800018303,4.5107007050000902,10.546121383000354,97,167,146,0.18972085308579334,0.0048402472208127802,0.0048402472208127784,0.004840247220812781,0.13419680362555242,0.055032592452841853,0.055032592452841624,0.055032592452842088,0.055032592452842005,0.13419680362555117,-5.9153571903996539e-07,"[[0.1341968036, 0.0639173649, 0.0639173649, 6.2522e-06, 1.6419e-06, 9.8866e-06], [0.0639173649, 0.1341968036, 0.0639173649, 9.8866e-06, 6.2522e-06, 1.6419e-06], [0.0639173649, 0.0639173649, 0.1341968036, 1.6419e-06, 9.8866e-06, 6.2522e-06], [6.2522e-06, 9.8866e-06, 1.6419e-06, 0.0550325925, 1.3889e-06, 1.3889e-06], [1.6419e-06, 6.2522e-06, 9.8866e-06, 1.3889e-06, 0.0550325925, 1.3889e-06], [9.8866e-06, 1.6419e-06, 6.2522e-06, 1.3889e-06, 1.3889e-06, 0.0550325925]]",0.350006103515625,0.096011447999899246,1.3083184570000412,3.1960104909999245,89,123,103,"{""params"": {""w"": 0.0, ""rho"": 0.35, ""N"": 2.0, ""phase"": 0.0, ""gradient"": 0.0, ""a_z"": 1.0, ""wall"": 0.125, ""n"": 32, ""kind"": ""network"", ""k_s"": 130.0, ""k_f"": 0.4, ""E"": 70000000000.0, ""nu"": 0.33, ""tol"": 1e-08, ""preconditioner"": ""two_level""}, ""params_json"": ""{\""E\"": 70000000000.0, \""N\"": 2.0, \""a_z\"": 1.0, \""gradient\"": 0.0, \""k_f\"": 0.4, \""k_s\"": 130.0, \""kind\"": \""network\"", \""n\"": 32, \""nu\"": 0.33, \""phase\"": 0.0, \""preconditioner\"": \""two_level\"", \""rho\"": 0.35, \""tol\"": 1e-08, \""w\"": 0.0, \""wall\"": 0.125}"", ""voxlat_version"": ""0.1.0"", ""git_hash"": ""0977f9f913f3+dirty"", ""resolution"": 32, ""wall_time_s"": 15.508654213000227, ""timestamp_utc"": ""2026-10-09T17:36:24+00:00"", ""python"": ""3.13.16"", ""numpy"": ""2.5.3"", ""platform"": ""Linux-6.18.44-fc-v80-x86_64-with-glibc2.39"", ""extra"": {}}",wall
G-r0.350-N2-p0.0000-g0.000-az1.0000-tw0.250-n32,0,0.34999999999999998,2,0,0,1,0.25,32,network,G,95c011af0755,ok,,64,8,2,2.25,0.350006103515625,0.35009765625,0.35009765625,-0.004454816939595263,-0.13097772950833853,-0.17586219884499621,-0.08609326017168073,0.0218132204849244,0.012695032298852826,-0.0046194783741816403,0.03000954297188696,0.021802545945468488,0.05681750224119253,14.818662808000227,0.18887568141567229,0.0042062826295716765,0.0039890307016072612,0.0044235345575360917,0.1371240680914087,0.055731232991520281,0.054778370582130566,0.05668409540090999,0.05623244307829333,0.1418215308163068,-5.3245304059542636e-07,"[[0.1371240681, 0.0613627867, 0.0636970619, 5.8427e-06, 2.2007e-06, 1.04139e-05], [0.0613627867, 0.1370488056, 0.0627327471, 7.9182e-06, 5.412e-06, 1.8355e-06], [0.0636970619, 0.0627327471, 0.146594256, 1.4206e-06, 9.5159e-06, 6.3478e-06], [5.8427e-06, 7.9182e-06, 1.4206e-06, 0.0562324431, 1.9348e-06, 9.318e-07], [2.2007e-06, 5.412e-06, 9.5159e-06, 1.9348e-06, 0.0566840954, 5.408e-07], [1.04139e-05, 1.8355e-06, 6.3478e-06, 9.318e-07, 5.408e-07, 0.0547783706]]",0.350006103515625,0.35884397300014825,4.3656709130000309,10.06693894899945,101,167,134,0.18972085308579334,0.0048402472208127802,0.0048402472208127784,0.004840247220812781,0.13419680362555242,0.055032592452841853,0.055032592452841624,0.055032592452842088,0.055032592452842005,0.13419680362555117,-5.9153571903996539e-07,"[[0.1341968036, 0.0639173649, 0.0639173649, 6.2522e-06, 1.6419e-06, 9.8866e-06], [0.0639173649, 0.1341968036, 0.0639173649, 9.8866e-06, 6.2522e-06, 1.6419e-06], [0.0639173649, 0.0639173649, 0.1341968036, 1.6419e-06, 9.8866e-06, 6.2522e-06], [6.2522e-06, 9.8866e-06, 1.6419e-06, 0.0550325925, 1.3889e-06, 1.3889e-06], [1.6419e-06, 6.2522e-06, 9.8866e-06, 1.3889e-06, 0.0550325925, 1.3889e-06], [9.8866e-06, 1.6419e-06, 6.2522e-06, 1.3889e-06, 1.3889e-06, 0.0550325925]]",0.350006103515625,0.096011447999899246,1.3083184570000412,3.1960104909999245,89,123,103,"{""params"": {""w"": 0.0, ""rho"": 0.35, ""N"": 2.0, ""phase"": 0.0, ""gradient"": 0.0, ""a_z"": 1.0, ""wall"": 0.25, ""n"": 32, ""kind"": ""network"", ""k_s"": 130.0, ""k_f"": 0.4, ""E"": 70000000000.0, ""nu"": 0.33, ""tol"": 1e-08, ""preconditioner"": ""two_level""}, ""params_json"": ""{\""E\"": 70000000000.0, \""N\"": 2.0, \""a_z\"": 1.0, \""gradient\"": 0.0, \""k_f\"": 0.4, \""k_s\"": 130.0, \""kind\"": \""network\"", \""n\"": 32, \""nu\"": 0.33, \""phase\"": 0.0, \""preconditioner\"": \""two_level\"", \""rho\"": 0.35, \""tol\"": 1e-08, \""w\"": 0.0, \""wall\"": 0.25}"", ""voxlat_version"": ""0.1.0"", ""git_hash"": ""0977f9f913f3+dirty"", ""resolution"": 32, ""wall_time_s"": 14.818662808000227, ""timestamp_utc"": ""2026-10-09T17:35:17+00:00"", ""python"": ""3.13.16"", ""numpy"": ""2.5.3"", ""platform"": ""Linux-6.18.44-fc-v80-x86_64-with-glibc2.39"", ""extra"": {}}",wall
G-r0.350-N2-p0.0000-g0.000-az1.0000-tw0.500-n24,0,0.34999999999999998,2,0,0,1,0.5,24,network,G,95c011af0755,ok,,48,12,2,2.5,0.35069444444444442,0.35069444444444448,0.34953703703703703,-0.0093757357910148054,-0.13101557622122872,-0.1752657997588305,-0.086703318386084027,0.016718528240231345,0.018847020537463566,-0.011084028706778382,0.048775293393041652,0.026072731450951458,0.060076256412420204,7.5651824469996427,0.18615550496629354,0.0042013912297109365,0.0039902419991907955,0.0044125404602310767,0.14147364541183868,0.056703530445370173,0.055035176910729837,0.058371883980010503,0.057087377623585941,0.14753927924969024,-4.7165206735261629e-06,"[[0.1414736454, 0.059761742, 0.0638825947, -1.49979e-05, -0.0001158363, 1.10042e-05], [0.059761742, 0.1422876034, 0.0625543408, -8.589e-05, -5.35523e-05, -6.66435e-05], [0.0638825947, 0.0625543408, 0.1527909551, -0.0001164329, -2.74692e-05, 2.07048e-05], [-1.49979e-05, -8.589e-05, -0.0001164329, 0.0570873776, -3.4418e-05, -7.89862e-05], [-0.0001158363, -5.35523e-05, -2.74692e-05, -3.4418e-05, 0.058371884, -7.15988e-05], [1.10042e-05, -6.66435e-05, 2.07048e-05, -7.89862e-05, -7.15988e-05, 0.0550351769]]",0.35069444444444442,0.14930966199972318,1.7039931979998073,5.6949494760001471,100,216,128,0.18791736856449703,0.0048348291577439591,0.0048382157524496563,0.004831442563038261,0.13914730722642163,0.055654606925638207,0.055652025559623064,0.055657188291653344,0.055636774931987203,0.13917798682615756,-6.0883856489558712e-06,"[[0.1391473072, 0.0636245869, 0.0636494225, -1.19421e-05, -0.0001270078, 4.81441e-05], [0.0636245869, 0.1392043747, 0.0636219571, -7.96695e-05, -5.29192e-05, -7.45609e-05], [0.0636494225, 0.0636219571, 0.1391515989, -0.0001241512, -2.26335e-05, 5.27266e-05], [-1.19421e-05, -7.96695e-05, -0.0001241512, 0.0556367749, 5.3206e-06, -9.34024e-05], [-0.0001270078, -5.29192e-05, -2.26335e-05, 5.3206e-06, 0.0556571883, -8.12129e-05], [4.81441e-05, -7.45609e-05, 5.27266e-05, -9.34024e-05, -8.12129e-05, 0.0556520256]]",0.35069444444444442,0.049736287000087032,0.72347549300002356,1.4104320390001703,94,126,111,"{""params"": {""w"": 0.0, ""rho"": 0.35, ""N"": 2.0, ""phase"": 0.0, ""gradient"": 0.0, ""a_z"": 1.0, ""wall"": 0.5, ""n"": 24, ""kind"": ""network"", ""k_s"": 130.0, ""k_f"": 0.4, ""E"": 70000000000.0, ""nu"": 0.33, ""tol"": 1e-08, ""preconditioner"": ""two_level""}, ""params_json"": ""{\""E\"": 70000000000.0, \""N\"": 2.0, \""a_z\"": 1.0, \""gradient\"": 0.0, \""k_f\"": 0.4, \""k_s\"": 130.0, \""kind\"": \""network\"", \""n\"": 24, \""nu\"": 0.33, \""phase\"": 0.0, \""preconditioner\"": \""two_level\"", \""rho\"": 0.35, \""tol\"": 1e-08, \""w\"": 0.0, \""wall\"": 0.5}"", ""voxlat_version"": ""0.1.0"", ""git_hash"": ""0977f9f913f3+dirty"", ""resolution"": 24, ""wall_time_s"": 7.565182446999643, ""timestamp_utc"": ""2026-10-09T17:42:11+00:00"", ""python"": ""3.13.16"", ""numpy"": ""2.5.3"", ""platform"": ""Linux-6.18.44-fc-v80-x86_64-with-glibc2.39"", ""extra"": {}}",convergence
G-r0.350-N2-p0.0000-g0.000-az1.0000-tw0.500-n32,0,0.34999999999999998,2,0,0,1,0.5,32,network,G,95c011af0755,ok,,64,16,2,2.5,0.350006103515625,0.35009765625,0.35009765625,-0.0087878974337796123,-0.13097772950833853,-0.17586219884499621,-0.08609326017168073,0.019704294588582139,0.019037037404542323,-0.0095982697928854721,0.047672344601969785,0.023210732991988836,0.058897454048024489,16.826331045000188,0.1880536056878262,0.0042062826295716765,0.0039890307016072612,0.0044235345575360917,0.13684105697703641,0.056080249973835539,0.054504374783077333,0.05765612516459373,0.056309939262121855,0.14210065370047884,-5.3245304059543314e-07,"[[0.136841057, 0.0599797638, 0.0637287778, 5.6263e-06, 1.7848e-06, 1.04396e-05], [0.0599797638, 0.1374665609, 0.0622969182, 7.7751e-06, 5.0316e-06, 1.8596e-06], [0.0637287778, 0.0622969182, 0.1467347465, 1.3193e-06, 9.0486e-06, 6.4472e-06], [5.6263e-06, 7.7751e-06, 1.3193e-06, 0.0563099393, 2.0008e-06, 9.237e-07], [1.7848e-06, 5.0316e-06, 9.0486e-06, 2.0008e-06, 0.0576561252, 6.205e-07], [1.04396e-05, 1.8596e-06, 6.4472e-06, 9.237e-07, 6.205e-07, 0.0545043748]]",0.350006103515625,0.57381329399959213,3.9409423170000082,12.289554390999911,104,167,127,0.18972085308579334,0.0048402472208127802,0.0048402472208127784,0.004840247220812781,0.13419680362555242,0.055032592452841853,0.055032592452841624,0.055032592452842088,0.055032592452842005,0.13419680362555117,-5.9153571903996539e-07,"[[0.1341968036, 0.0639173649, 0.0639173649, 6.2522e-06, 1.6419e-06, 9.8866e-06], [0.0639173649, 0.1341968036, 0.0639173649, 9.8866e-06, 6.2522e-06, 1.6419e-06], [0.0639173649, 0.0639173649, 0.1341968036, 1.6419e-06, 9.8866e-06, 6.2522e-06], [6.2522e-06, 9.8866e-06, 1.6419e-06, 0.0550325925, 1.3889e-06, 1.3889e-06], [1.6419e-06, 6.2522e-06, 9.8866e-06, 1.3889e-06, 0.0550325925, 1.3889e-06], [9.8866e-06, 1.6419e-06, 6.2522e-06, 1.3889e-06, 1.3889e-06, 0.0550325925]]",0.350006103515625,0.096011447999899246,1.3083184570000412,3.1960104909999245,89,123,103,"{""params"": {""w"": 0.0, ""rho"": 0.35, ""N"": 2.0, ""phase"": 0.0, ""gradient"": 0.0, ""a_z"": 1.0, ""wall"": 0.5, ""n"": 32, ""kind"": ""network"", ""k_s"": 130.0, ""k_f"": 0.4, ""E"": 70000000000.0, ""nu"": 0.33, ""tol"": 1e-08, ""preconditioner"": ""two_level""}, ""params_json"": ""{\""E\"": 70000000000.0, \""N\"": 2.0, \""a_z\"": 1.0, \""gradient\"": 0.0, \""k_f\"": 0.4, \""k_s\"": 130.0, \""kind\"": \""network\"", \""n\"": 32, \""nu\"": 0.33, \""phase\"": 0.0, \""preconditioner\"": \""two_level\"", \""rho\"": 0.35, \""tol\"": 1e-08, \""w\"": 0.0, \""wall\"": 0.5}"", ""voxlat_version"": ""0.1.0"", ""git_hash"": ""0977f9f913f3+dirty"", ""resolution"": 32, ""wall_time_s"": 16.826331045000188, ""timestamp_utc"": ""2026-10-09T17:30:18+00:00"", ""python"": ""3.13.16"", ""numpy"": ""2.5.3"", ""platform"": ""Linux-6.18.44-fc-v80-x86_64-with-glibc2.39"", ""extra"": {}}",convergence;uniform;wall
G-r0.350-N2-p0.0000-g0.000-az1.0000-tw0.500-n48,0,0.34999999999999998,2,0,0,1,0.5,48,network,G,95c011af0755,ok,,96,24,2,2.5,0.34995298032407407,0.34989872685185186,0.34989872685185186,-0.011795907177980181,-0.13296789095404715,-0.17783937151291074,-0.088096410395183455,0.013196154144014205,0.014474469601598816,-0.014817601120703405,0.043766540323901371,0.021598149249540954,0.054203918866326362,52.47272133000024,0.19327275486514836,0.0041918292539528616,0.0039748896701561412,0.0044087688377495819,0.13852600756713621,0.056598062606118625,0.054963842621011678,0.058232282591225565,0.056995496429029804,0.14413266320139057,-2.0460087494757199e-07,"[[0.1385260076, 0.0603091154, 0.0642748063, 1.8931e-06, 4.603e-07, 5.6207e-06], [0.0603091154, 0.1394717733, 0.0629212058, 3.6253e-06, 2.3584e-06, -5.78e-08], [0.0642748063, 0.0629212058, 0.1487935531, -3.6141e-06, 6.5524e-06, 3.2365e-06], [1.8931e-06, 3.6253e-06, -3.6141e-06, 0.0569954964, 2.9117e-06, 2.4344e-06], [4.603e-07, 2.3584e-06, 6.5524e-06, 2.9117e-06, 0.0582322826, 1.2732e-06], [5.6207e-06, -5.78e-08, 3.2365e-06, 2.4344e-06, 1.2732e-06, 0.0549638426]]",0.34995298032407407,1.6248544740001307,12.681945614999677,38.136148585999763,108,146,119,0.19557979598446945,0.004834687447233507,0.004834687447233507,0.004834687447233507,0.13672180554629929,0.055790524357252312,0.055790524357252333,0.055790524357252284,0.055790524357251729,0.13672180554630123,-2.0448441346894744e-07,"[[0.1367218055, 0.0646167763, 0.0646167763, 3.1663e-06, 6.261e-07, 6.9075e-06], [0.0646167763, 0.1367218055, 0.0646167763, 6.9075e-06, 3.1663e-06, 6.261e-07], [0.0646167763, 0.0646167763, 0.1367218055, 6.261e-07, 6.9075e-06, 3.1663e-06], [3.1663e-06, 6.9075e-06, 6.261e-07, 0.0557905244, 2.7356e-06, 2.7356e-06], [6.261e-07, 3.1663e-06, 6.9075e-06, 2.7356e-06, 0.0557905244, 2.7356e-06], [6.9075e-06, 6.261e-07, 3.1663e-06, 2.7356e-06, 2.7356e-06, 0.0557905244]]",0.34995298032407407,0.50555427200015401,5.6908394859997316,10.651893956000094,97,116,104,"{""params"": {""w"": 0.0, ""rho"": 0.35, ""N"": 2.0, ""phase"": 0.0, ""gradient"": 0.0, ""a_z"": 1.0, ""wall"": 0.5, ""n"": 48, ""kind"": ""network"", ""k_s"": 130.0, ""k_f"": 0.4, ""E"": 70000000000.0, ""nu"": 0.33, ""tol"": 1e-08, ""preconditioner"": ""two_level""}, ""params_json"": ""{\""E\"": 70000000000.0, \""N\"": 2.0, \""a_z\"": 1.0, \""gradient\"": 0.0, \""k_f\"": 0.4, \""k_s\"": 130.0, \""kind\"": \""network\"", \""n\"": 48, \""nu\"": 0.33, \""phase\"": 0.0, \""preconditioner\"": \""two_level\"", \""rho\"": 0.35, \""tol\"": 1e-08, \""w\"": 0.0, \""wall\"": 0.5}"", ""voxlat_version"": ""0.1.0"", ""git_hash"": ""0977f9f913f3+dirty"", ""resolution"": 48, ""wall_time_s"": 52.47272133000024, ""timestamp_utc"": ""2026-10-09T16:51:00+00:00"", ""python"": ""3.13.16"", ""numpy"": ""2.5.3"", ""platform"": ""Linux-6.18.44-fc-v80-x86_64-with-glibc2.39"", ""extra"": {}}",convergence
G-r0.350-N2-p0.0000-g0.000-az1.0000-tw1.000-n32,0,0.34999999999999998,2,0,0,1,1,32,network,G,95c011af0755,ok,,64,32,2,3,0.350006103515625,0.35009765625,0.35009765625,-0.00991952946820851,-0.13097772950833853,-0.17586219884499621,-0.086093260171680508,0.016148292557861099,0.020298654617379341,-0.012530198866398279,0.053127508101156629,0.023828130588443797,0.059661837568816711,23.351116103000095,0.18783891149287515,0.0042062826295716765,0.0039890307016072612,0.0044235345575360926,0.13636385287082767,0.056149680039741086,0.054343023125274066,0.057956336954208106,0.056343916252428926,0.14220323152571318,-5.3245304059543652e-07,"[[0.1363638529, 0.0594863931, 0.0637742213, 5.5428e-06, 1.6494e-06, 1.04178e-05], [0.0594863931, 0.1376699239, 0.0622578757, 7.7497e-06, 4.9213e-06, 1.8584e-06], [0.0637742213, 0.0622578757, 0.1467365392, 1.3049e-06, 8.9237e-06, 6.4773e-06], [5.5428e-06, 7.7497e-06, 1.3049e-06, 0.0563439163, 2.0153e-06, 9.227e-07], [1.6494e-06, 4.9213e-06, 8.9237e-06, 2.0153e-06, 0.057956337, 6.514e-07], [1.04178e-05, 1.8584e-06, 6.4773e-06, 9.227e-07, 6.514e-07, 0.0543430231]]",0.350006103515625,0.56341496799996094,4.5435047640003177,18.20306933899974,105,167,128,0.18972085308579334,0.0048402472208127802,0.0048402472208127784,0.004840247220812781,0.13419680362555242,0.055032592452841853,0.055032592452841624,0.055032592452842088,0.055032592452842005,0.13419680362555117,-5.9153571903996539e-07,"[[0.1341968036, 0.0639173649, 0.0639173649, 6.2522e-06, 1.6419e-06, 9.8866e-06], [0.0639173649, 0.1341968036, 0.0639173649, 9.8866e-06, 6.2522e-06, 1.6419e-06], [0.0639173649, 0.0639173649, 0.1341968036, 1.6419e-06, 9.8866e-06, 6.2522e-06], [6.2522e-06, 9.8866e-06, 1.6419e-06, 0.0550325925, 1.3889e-06, 1.3889e-06], [1.6419e-06, 6.2522e-06, 9.8866e-06, 1.3889e-06, 0.0550325925, 1.3889e-06], [9.8866e-06, 1.6419e-06, 6.2522e-06, 1.3889e-06, 1.3889e-06, 0.0550325925]]",0.350006103515625,0.096011447999899246,1.3083184570000412,3.1960104909999245,89,123,103,"{""params"": {""w"": 0.0, ""rho"": 0.35, ""N"": 2.0, ""phase"": 0.0, ""gradient"": 0.0, ""a_z"": 1.0, ""wall"": 1.0, ""n"": 32, ""kind"": ""network"", ""k_s"": 130.0, ""k_f"": 0.4, ""E"": 70000000000.0, ""nu"": 0.33, ""tol"": 1e-08, ""preconditioner"": ""two_level""}, ""params_json"": ""{\""E\"": 70000000000.0, \""N\"": 2.0, \""a_z\"": 1.0, \""gradient\"": 0.0, \""k_f\"": 0.4, \""k_s\"": 130.0, \""kind\"": \""network\"", \""n\"": 32, \""nu\"": 0.33, \""phase\"": 0.0, \""preconditioner\"": \""two_level\"", \""rho\"": 0.35, \""tol\"": 1e-08, \""w\"": 0.0, \""wall\"": 1.0}"", ""voxlat_version"": ""0.1.0"", ""git_hash"": ""0977f9f913f3+dirty"", ""resolution"": 32, ""wall_time_s"": 23.351116103000095, ""timestamp_utc"": ""2026-10-09T17:29:42+00:00"", ""python"": ""3.13.16"", ""numpy"": ""2.5.3"", ""platform"": ""Linux-6.18.44-fc-v80-x86_64-with-glibc2.39"", ""extra"": {}}",wall
G-r0.350-N2-p0.0000-g0.000-az1.5000-tw0.500-n32,0,0.34999999999999998,2,0,0,1.5,0.5,32,network,G,95c011af0755,ok,,64,16,2,2.5,0.34999593098958331,0.34993489583333337,0.35009765625000006,-0.018222409245254978,-0.14998377859960699,-0.17616830762789926,-0.13222906191343187,0.013208344733212529,0.021976882776737039,0.041139561166478877,0.011464342988076304,0.0070239444478206181,0.059037454468536144,26.987992407000092,0.16131589223543,0.0055461972541377639,0.0043440792317883167,0.0067483152764872111,0.10597748943953117,0.048367701057699802,0.034911382727519813,0.061824019387879792,0.061553367807486659,0.16297032394350078,1.0783762478119984e-06,"[[0.1059774894, 0.0377563816, 0.0653812916, -6.6975e-06, -4.14147e-05, 5.636e-06], [0.0377563816, 0.1117736863, 0.0652549323, -2.25955e-05, -4.19161e-05, 1.16722e-05], [0.0653812916, 0.0652549323, 0.2141669616, -9.6111e-06, -3.47866e-05, 5.2676e-06], [-6.6975e-06, -2.25955e-05, -9.6111e-06, 0.0615533678, 1.25228e-05, -3.34602e-05], [-4.14147e-05, -4.19161e-05, -3.47866e-05, 1.25228e-05, 0.0618240194, -8.9652e-06], [5.636e-06, 1.16722e-05, 5.2676e-06, -3.34602e-05, -8.9652e-06, 0.0349113827]]",0.34999593098958331,0.55102147499928833,6.1666866289997415,20.244661443999576,104,179,142,0.16431001660102859,0.0065248134265019795,0.005273017865190628,0.0077766089878133311,0.10459595007326558,0.047327588199728682,0.033531895270990916,0.06112328112846644,0.061124035974376052,0.15388532601548571,1.2651197570695994e-06,"[[0.1045959501, 0.039461808, 0.0674084764, -1.06641e-05, -4.49068e-05, 9.2174e-06], [0.039461808, 0.1046145535, 0.0674140283, -2.29282e-05, -4.77411e-05, 1.18061e-05], [0.0674084764, 0.0674140283, 0.2031560985, -1.44961e-05, -3.99941e-05, 9.4955e-06], [-1.06641e-05, -2.29282e-05, -1.44961e-05, 0.061124036, 1.56184e-05, -3.52417e-05], [-4.49068e-05, -4.77411e-05, -3.99941e-05, 1.56184e-05, 0.0611232811, -1.16171e-05], [9.2174e-06, 1.18061e-05, 9.4955e-06, -3.52417e-05, -1.16171e-05, 0.0335318953]]",0.34999593098958331,0.22246829699997761,2.348082869999871,4.6712317460001032,97,127,107,"{""params"": {""w"": 0.0, ""rho"": 0.35, ""N"": 2.0, ""phase"": 0.0, ""gradient"": 0.0, ""a_z"": 1.5, ""wall"": 0.5, ""n"": 32, ""kind"": ""network"", ""k_s"": 130.0, ""k_f"": 0.4, ""E"": 70000000000.0, ""nu"": 0.33, ""tol"": 1e-08, ""preconditioner"": ""two_level""}, ""params_json"": ""{\""E\"": 70000000000.0, \""N\"": 2.0, \""a_z\"": 1.5, \""gradient\"": 0.0, \""k_f\"": 0.4, \""k_s\"": 130.0, \""kind\"": \""network\"", \""n\"": 32, \""nu\"": 0.33, \""phase\"": 0.0, \""preconditioner\"": \""two_level\"", \""rho\"": 0.35, \""tol\"": 1e-08, \""w\"": 0.0, \""wall\"": 0.5}"", ""voxlat_version"": ""0.1.0"", ""git_hash"": ""0977f9f913f3+dirty"", ""resolution"": 32, ""wall_time_s"": 26.987992407000092, ""timestamp_utc"": ""2026-10-09T17:22:24+00:00"", ""python"": ""3.13.16"", ""numpy"": ""2.5.3"", ""platform"": ""Linux-6.18.44-fc-v80-x86_64-with-glibc2.39"", ""extra"": {}}",stretch
G-r0.350-N2-p0.0000-g0.075-az1.0000-tw0.500-n32,0,0.34999999999999998,2,0,0.074999999999999997,1,0.5,32,network,G,95c011af0755,ok,,64,16,2,2.5,0.34991455078125,0.279296875,0.41943359375,-0.0090726375665972636,-0.13889070978907481,-0.1825575818182501,-0.095225336695728746,0.020327630293131005,0.023963697500070991,-0.0086978765954043302,0.056625510604842555,0.02287209183231087,0.053054653630443926,18.797255411000151,0.18472947275523893,0.0042582944264648471,0.0040422868361890216,0.0044743020167406725,0.13409162348596923,0.054275237367714529,0.052544201557751989,0.05600627317767707,0.056765975092486515,0.14474348695168637,2.1522751978746194e-06,"[[0.1340916235, 0.0582358719, 0.0621383831, 0.0003492836, 0.0, 0.0], [0.0582358719, 0.139644051, 0.0621074462, 0.0005078119, 0.0, 0.0], [0.0621383831, 0.0621074462, 0.1498429229, 0.0007504231, 0.0, 0.0], [0.0003492836, 0.0005078119, 0.0007504231, 0.0567659751, -0.0, 0.0], [0.0, 0.0, 0.0, -0.0, 0.0560062732, 0.0004821351], [0.0, 0.0, 0.0, 0.0, 0.0004821351, 0.0525442016]]",0.34991455078125,0.39747215300030803,3.6685528430007253,14.675667286000134,111,163,138,0.18642080111866327,0.0049451265650865238,0.0049450416889061672,0.0049452114412668812,0.13142016299945333,0.053005040608591271,0.053005234546750081,0.053004846670432454,0.055496650603497656,0.13745106814036476,-6.2161445910133833e-07,"[[0.131420163, 0.0619366557, 0.0619366769, 1.00755e-05, -3.6081e-06, 1.10963e-05], [0.0619366557, 0.1374497531, 0.0634912587, 8.9458e-06, 1.07373e-05, 2.517e-07], [0.0619366769, 0.0634912587, 0.1374523832, -8.038e-07, 8.4249e-06, 1.16206e-05], [1.00755e-05, 8.9458e-06, -8.038e-07, 0.0554966506, 6.7138e-06, 6.9221e-06], [-3.6081e-06, 1.07373e-05, 8.4249e-06, 6.7138e-06, 0.0530048467, 8.0354e-06], [1.10963e-05, 2.517e-07, 1.16206e-05, 6.9221e-06, 8.0354e-06, 0.0530052345]]",0.34999999999999998,,,,,,,"{""params"": {""w"": 0.0, ""rho"": 0.35, ""N"": 2.0, ""phase"": 0.0, ""gradient"": 0.075, ""a_z"": 1.0, ""wall"": 0.5, ""n"": 32, ""kind"": ""network"", ""k_s"": 130.0, ""k_f"": 0.4, ""E"": 70000000000.0, ""nu"": 0.33, ""tol"": 1e-08, ""preconditioner"": ""two_level""}, ""params_json"": ""{\""E\"": 70000000000.0, \""N\"": 2.0, \""a_z\"": 1.0, \""gradient\"": 0.075, \""k_f\"": 0.4, \""k_s\"": 130.0, \""kind\"": \""network\"", \""n\"": 32, \""nu\"": 0.33, \""phase\"": 0.0, \""preconditioner\"": \""two_level\"", \""rho\"": 0.35, \""tol\"": 1e-08, \""w\"": 0.0, \""wall\"": 0.5}"", ""voxlat_version"": ""0.1.0"", ""git_hash"": ""0977f9f913f3+dirty"", ""resolution"": 32, ""wall_time_s"": 18.79725541100015, ""timestamp_utc"": ""2026-10-09T17:32:23+00:00"", ""python"": ""3.13.16"", ""numpy"": ""2.5.3"", ""platform"": ""Linux-6.18.44-fc-v80-x86_64-with-glibc2.39"", ""extra"": {}}",graded
G-r0.350-N2-p0.0000-g0.150-az1.0000-tw0.500-n32,0,0.34999999999999998,2,0,0.14999999999999999,1,0.5,32,network,G,95c011af0755,ok,,64,16,2,2.5,0.349639892578125,0.20751953125,0.48779296875,0.00017882021238602164,-0.15638930122306161,-0.19576116539328869,-0.11702123122711128,0.051349620368183801,0.054608418102839895,-0.00026515780574432046,0.10948154701497814,0.016368196706436411,0.047940214556857708,18.629279628999939,0.17290130319098379,0.0044610316341926384,0.0042526274366800378,0.004669435831705239,0.12283752933283444,0.049096664887928472,0.04654186877764966,0.051651460998207284,0.057902415351302861,0.1474424474965198,1.8042076889530409e-05,"[[0.1228375293, 0.0533269389, 0.0575184335, 0.0006625908, 0.0, 0.0], [0.0533269389, 0.1415902947, 0.0611005898, 0.0012416574, 0.0, 0.0], [0.0575184335, 0.0611005898, 0.1532946003, 0.0015786493, 0.0, 0.0], [0.0006625908, 0.0012416574, 0.0015786493, 0.0579024154, -0.0, -0.0], [0.0, 0.0, 0.0, -0.0, 0.051651461, 0.0010859869], [0.0, 0.0, 0.0, -0.0, 0.0010859869, 0.0465418688]]",0.349639892578125,0.48544500200023322,3.9054898869999306,14.195615421999719,116,166,143,0.17287039047104447,0.0052880216439409964,0.0052877668345369779,0.005288276453345014,0.11683794520210755,0.046554402605897674,0.046554212990614408,0.046554592221180927,0.056969920486430917,0.1406973846870346,9.486192340732097e-09,"[[0.1168379452, 0.056243487, 0.0562410894, 4.56e-07, -5.7484e-06, 7.7793e-06], [0.056243487, 0.1407004704, 0.0625134077, 1.1034e-06, 4.7703e-06, 1.3257e-06], [0.0562410894, 0.0625134077, 0.1406942989, -7.1258e-06, 2.8141e-06, 8.1824e-06], [4.56e-07, 1.1034e-06, -7.1258e-06, 0.0569699205, 6.765e-06, 2.4204e-06], [-5.7484e-06, 4.7703e-06, 2.8141e-06, 6.765e-06, 0.0465545922, 1.1085e-06], [7.7793e-06, 1.3257e-06, 8.1824e-06, 2.4204e-06, 1.1085e-06, 0.046554213]]",0.34999999999999998,,,,,,,"{""params"": {""w"": 0.0, ""rho"": 0.35, ""N"": 2.0, ""phase"": 0.0, ""gradient"": 0.15, ""a_z"": 1.0, ""wall"": 0.5, ""n"": 32, ""kind"": ""network"", ""k_s"": 130.0, ""k_f"": 0.4, ""E"": 70000000000.0, ""nu"": 0.33, ""tol"": 1e-08, ""preconditioner"": ""two_level""}, ""params_json"": ""{\""E\"": 70000000000.0, \""N\"": 2.0, \""a_z\"": 1.0, \""gradient\"": 0.15, \""k_f\"": 0.4, \""k_s\"": 130.0, \""kind\"": \""network\"", \""n\"": 32, \""nu\"": 0.33, \""phase\"": 0.0, \""preconditioner\"": \""two_level\"", \""rho\"": 0.35, \""tol\"": 1e-08, \""w\"": 0.0, \""wall\"": 0.5}"", ""voxlat_version"": ""0.1.0"", ""git_hash"": ""0977f9f913f3+dirty"", ""resolution"": 32, ""wall_time_s"": 18.62927962899994, ""timestamp_utc"": ""2026-10-09T17:32:54+00:00"", ""python"": ""3.13.16"", ""numpy"": ""2.5.3"", ""platform"": ""Linux-6.18.44-fc-v80-x86_64-with-glibc2.39"", ""extra"": {}}",graded
G-r0.350-N2-p0.1250-g0.000-az1.0000-tw0.500-n32,0,0.34999999999999998,2,0.125,0,1,0.5,32,network,G,95c011af0755,ok,,64,16,2,2.5,0.350067138671875,0.349853515625,0.35009765625,-0.015077750734889039,-0.13413377842167917,-0.13415862926404298,-0.13410892513137462,0.01903553178207984,0.011135825451505044,0.011116649317402194,0.011155002211078902,0.019434781116049571,0.061939330971903628,16.920350387999861,0.18688974319374796,0.0041903226328052906,0.0041904087367163317,0.0041902365288942495,0.13677302469669425,0.055650768456104616,0.055650620595504595,0.055650916316704629,0.056107978153652906,0.14252437052655073,-5.8714974114605806e-06,"[[0.1367730247, 0.0614142341, 0.0614137015, 0.0003296345, 1.588e-06, 1.8255e-06], [0.0614142341, 0.1425239616, 0.0622143564, 0.0019785585, 4.4395e-06, -2.3191e-06], [0.0614137015, 0.0622143564, 0.1425247795, 0.0019771211, 3.7853e-06, -8.654e-07], [0.0003296345, 0.0019785585, 0.0019771211, 0.0561079782, -1.9919e-06, 1.6748e-06], [1.588e-06, 4.4395e-06, 3.7853e-06, -1.9919e-06, 0.0556509163, -8.1207e-05], [1.8255e-06, -2.3191e-06, -8.654e-07, 1.6748e-06, -8.1207e-05, 0.0556506206]]",0.350067138671875,0.37415511200015317,3.8953354160003073,12.631185561000166,96,169,128,0.18975075782194351,0.0048394573299869285,0.004839695674456539,0.0048392189855173181,0.1342181115682069,0.05503787627271018,0.055038773847779027,0.055036978697641334,0.055038320442851091,0.1342114058400212,-1.4539907395359715e-07,"[[0.1342181116, 0.0639318466, 0.0639300519, 1.2876e-06, 2.3019e-06, 1.347e-07], [0.0639318466, 0.1342123601, 0.0639267488, 4.3504e-06, 6.1753e-06, -3.2135e-06], [0.0639300519, 0.0639267488, 0.1342104516, 2.5731e-06, 5.6801e-06, -1.1184e-06], [1.2876e-06, 4.3504e-06, 2.5731e-06, 0.0550383204, -2.5591e-06, 1.9887e-06], [2.3019e-06, 6.1753e-06, 5.6801e-06, -2.5591e-06, 0.0550369787, 1.9994e-06], [1.347e-07, -3.2135e-06, -1.1184e-06, 1.9887e-06, 1.9994e-06, 0.0550387738]]",0.350067138671875,0.12921501599976182,1.3383375419998629,3.4123065330004465,79,123,105,"{""params"": {""w"": 0.0, ""rho"": 0.35, ""N"": 2.0, ""phase"": 0.125, ""gradient"": 0.0, ""a_z"": 1.0, ""wall"": 0.5, ""n"": 32, ""kind"": ""network"", ""k_s"": 130.0, ""k_f"": 0.4, ""E"": 70000000000.0, ""nu"": 0.33, ""tol"": 1e-08, ""preconditioner"": ""two_level""}, ""params_json"": ""{\""E\"": 70000000000.0, \""N\"": 2.0, \""a_z\"": 1.0, \""gradient\"": 0.0, \""k_f\"": 0.4, \""k_s\"": 130.0, \""kind\"": \""network\"", \""n\"": 32, \""nu\"": 0.33, \""phase\"": 0.125, \""preconditioner\"": \""two_level\"", \""rho\"": 0.35, \""tol\"": 1e-08, \""w\"": 0.0, \""wall\"": 0.5}"", ""voxlat_version"": ""0.1.0"", ""git_hash"": ""0977f9f913f3+dirty"", ""resolution"": 32, ""wall_time_s"": 16.92035038799986, ""timestamp_utc"": ""2026-10-09T17:59:44+00:00"", ""python"": ""3.13.16"", ""numpy"": ""2.5.3"", ""platform"": ""Linux-6.18.44-fc-v80-x86_64-with-glibc2.39"", ""extra"": {}}",uniform
G-r0.350-N2-p0.3333-g0.000-az0.7500-tw0.500-n32,0,0.34999999999999998,2,0.33333333333333331,0,0.75,0.5,32,network,G,95c011af0755,ok,,64,16,2,2.5,0.35001627604166669,0.33463541666666669,0.36328125,-0.016457013320420599,-0.1214073602445066,-0.10373389998190086,-0.14373356616507504,0.0074200995729014618,0.0074990955989449049,0.0034116255311904542,0.013769526370454477,0.038273846263798372,0.064133378314924494,12.975460052000017,0.20081537166313071,0.0033036186406521558,0.003762078662873731,0.0028451586184305806,0.15474344271001628,0.057801026086088045,0.069698853716601353,0.045903198455574723,0.047031939432402962,0.1361336229428248,2.824072147889402e-05,"[[0.1547434427, 0.0752941592, 0.0501186317, -0.0003948691, 0.0, 0.0], [0.0752941592, 0.1667837249, 0.052668103, -0.0019098916, 0.0, 0.0], [0.0501186317, 0.052668103, 0.105483521, -0.0015370279, 0.0, 0.0], [-0.0003948691, -0.0019098916, -0.0015370279, 0.0470319394, 0.0, 0.0], [0.0, 0.0, 0.0, 0.0, 0.0459031985, 0.0004136657], [0.0, 0.0, 0.0, 0.0, 0.0004136657, 0.0696988537]]",0.35001627604166669,0.30080949100010912,2.8185251129998505,9.8350541709996833,105,171,133,0.20417549042882124,0.0037601255589524759,0.0041975019057373247,0.0033227492121676271,0.15360368804992094,0.057370796994836111,0.069461875807651591,0.045279718182020645,0.045298202975685251,0.12792909772118508,1.2874539730470684e-05,"[[0.153603688, 0.0784053654, 0.0528961954, -2.49786e-05, -2.4735e-06, -3.4975e-06], [0.0784053654, 0.1574899977, 0.0533358863, 7.19413e-05, -6.4224e-06, -1.27209e-05], [0.0528961954, 0.0533358863, 0.0983681978, 0.0002038121, -4.355e-06, -6.8641e-06], [-2.49786e-05, 7.19413e-05, 0.0002038121, 0.045298203, -3.4027e-06, -4.4369e-06], [-2.4735e-06, -6.4224e-06, -4.355e-06, -3.4027e-06, 0.0452797182, 0.0001814608], [-3.4975e-06, -1.27209e-05, -6.8641e-06, -4.4369e-06, 0.0001814608, 0.0694618758]]",0.3499755859375,0.13719512299985581,1.0102029679997031,2.5439987909999218,98,129,111,"{""params"": {""w"": 0.0, ""rho"": 0.35, ""N"": 2.0, ""phase"": 0.3333333333333333, ""gradient"": 0.0, ""a_z"": 0.75, ""wall"": 0.5, ""n"": 32, ""kind"": ""network"", ""k_s"": 130.0, ""k_f"": 0.4, ""E"": 70000000000.0, ""nu"": 0.33, ""tol"": 1e-08, ""preconditioner"": ""two_level""}, ""params_json"": ""{\""E\"": 70000000000.0, \""N\"": 2.0, \""a_z\"": 0.75, \""gradient\"": 0.0, \""k_f\"": 0.4, \""k_s\"": 130.0, \""kind\"": \""network\"", \""n\"": 32, \""nu\"": 0.33, \""phase\"": 0.3333333333333333, \""preconditioner\"": \""two_level\"", \""rho\"": 0.35, \""tol\"": 1e-08, \""w\"": 0.0, \""wall\"": 0.5}"", ""voxlat_version"": ""0.1.0"", ""git_hash"": ""0977f9f913f3+dirty"", ""resolution"": 32, ""wall_time_s"": 12.975460052000017, ""timestamp_utc"": ""2026-10-09T17:39:19+00:00"", ""python"": ""3.13.16"", ""numpy"": ""2.5.3"", ""platform"": ""Linux-6.18.44-fc-v80-x86_64-with-glibc2.39"", ""extra"": {}}",stretch
G-r0.350-N2-p0.3333-g0.000-az1.0000-tw0.500-n32,0,0.34999999999999998,2,0.33333333333333331,0,1,0.5,32,network,G,95c011af0755,ok,,64,16,2,2.5,0.350006103515625,0.336181640625,0.36376953125,-0.010354834263440416,-0.133446107184233,-0.11008414226473284,-0.15680606192823288,0.019399271489898728,0.016052634873114258,0.034641696699805768,-0.0025352969460181729,0.019174036144902207,0.058567424102131449,18.483330383000066,0.18761375547598383,0.0042042139042851694,0.0043173721599683397,0.0040910556486019991,0.13760595932072575,0.055984478926347607,0.057007003043916031,0.054961954808779197,0.056443975794030238,0.14363346893872897,3.1132575147556243e-06,"[[0.1376059593, 0.0629494045, 0.0604506304, -0.000202131, -1.38915e-05, 2.98832e-05], [0.0629494045, 0.1462508166, 0.0624483271, -0.0016347139, -1.66824e-05, 1.25785e-05], [0.0604506304, 0.0624483271, 0.1410161213, -0.0019988802, 8.383e-07, 2.12259e-05], [-0.000202131, -0.0016347139, -0.0019988802, 0.0564439758, 3.25365e-05, -8.7001e-06], [-1.38915e-05, -1.66824e-05, 8.383e-07, 3.25365e-05, 0.0549619548, 0.0002368095], [2.98832e-05, 1.25785e-05, 2.12259e-05, -8.7001e-06, 0.0002368095, 0.057007003]]",0.350006103515625,0.36982089699995413,4.8550268279996089,13.237479923000137,103,209,135,0.1895767917345903,0.004851647357585644,0.0048514386191022057,0.0048518560960690814,0.13498730396344932,0.055099979080649709,0.055098304297759436,0.055101653863539983,0.055382077831901563,0.13568665128776064,1.6103168396071628e-07,"[[0.134987304, 0.0639146221, 0.0639113326, -1.69181e-05, -2.23314e-05, 6.50185e-05], [0.0639146221, 0.1356915169, 0.0641928648, 0.0001076454, -2.39443e-05, 3.43802e-05], [0.0639113326, 0.0641928648, 0.1356817856, -0.0001255585, -4.323e-06, 3.83566e-05], [-1.69181e-05, 0.0001076454, -0.0001255585, 0.0553820778, 6.50474e-05, -1.27458e-05], [-2.23314e-05, -2.39443e-05, -4.323e-06, 6.50474e-05, 0.0551016539, -1.77429e-05], [6.50185e-05, 3.43802e-05, 3.83566e-05, -1.27458e-05, -1.77429e-05, 0.0550983043]]",0.350006103515625,0.12424490500006868,1.2457930730001863,3.3683650420002778,90,123,108,"{""params"": {""w"": 0.0, ""rho"": 0.35, ""N"": 2.0, ""phase"": 0.3333333333333333, ""gradient"": 0.0, ""a_z"": 1.0, ""wall"": 0.5, ""n"": 32, ""kind"": ""network"", ""k_s"": 130.0, ""k_f"": 0.4, ""E"": 70000000000.0, ""nu"": 0.33, ""tol"": 1e-08, ""preconditioner"": ""two_level""}, ""params_json"": ""{\""E\"": 70000000000.0, \""N\"": 2.0, \""a_z\"": 1.0, \""gradient\"": 0.0, \""k_f\"": 0.4, \""k_s\"": 130.0, \""kind\"": \""network\"", \""n\"": 32, \""nu\"": 0.33, \""phase\"": 0.3333333333333333, \""preconditioner\"": \""two_level\"", \""rho\"": 0.35, \""tol\"": 1e-08, \""w\"": 0.0, \""wall\"": 0.5}"", ""voxlat_version"": ""0.1.0"", ""git_hash"": ""0977f9f913f3+dirty"", ""resolution"": 32, ""wall_time_s"": 18.483330383000066, ""timestamp_utc"": ""2026-10-09T17:30:24+00:00"", ""python"": ""3.13.16"", ""numpy"": ""2.5.3"", ""platform"": ""Linux-6.18.44-fc-v80-x86_64-with-glibc2.39"", ""extra"": {}}",uniform
G-r0.350-N2-p0.3333-g0.000-az1.5000-tw0.500-n32,0,0.34999999999999998,2,0.33333333333333331,0,1.5,0.5,32,network,G,95c011af0755,ok,,64,16,2,2.5,0.35001627604166669,0.33430989583333331,0.3642578125,0.0042073341752710824,-0.14654372348385614,-0.11314017287189626,-0.16890014012074728,0.035186481160298433,0.033437296699472707,0.10290059046657918,-0.0046905655039204408,0.019412642410941316,0.044926359428734131,25.541264405999755,0.16485289121809227,0.0055503933008057386,0.0046249510932822157,0.0064758355083292616,0.10890764141616072,0.049043632764515031,0.037096313006236739,0.060990952522793324,0.062681412790697028,0.16162920599434627,-5.009454291719056e-05,"[[0.1089076414, 0.0415061827, 0.066052442, 0.0002186259, 0.0, 0.0], [0.0415061827, 0.1180753734, 0.0669747397, -0.0010052454, 0.0, 0.0], [0.066052442, 0.0669747397, 0.2051830386, -0.0012742643, 0.0, 0.0], [0.0002186259, -0.0010052454, -0.0012742643, 0.0626814128, -0.0, 0.0], [0.0, 0.0, 0.0, -0.0, 0.0609909525, 0.0001440493], [0.0, 0.0, 0.0, 0.0, 0.0001440493, 0.037096313]]",0.35001627604166669,0.59224400499988405,6.4118636759994843,18.520316897999692,109,188,133,0.16416220595867445,0.0065034301739073895,0.0052149741727044738,0.0077918861751103061,0.10520581885313125,0.047456805479294692,0.033635228167339402,0.061278382791249988,0.061487772647643074,0.15467999685902237,-2.8801223793772568e-06,"[[0.1052058189, 0.0397264996, 0.0678240376, 5.36393e-05, 3.912e-07, -2.777e-07], [0.0397264996, 0.1051657468, 0.0680479871, 2.27573e-05, 9.842e-07, -7.674e-07], [0.0678240376, 0.0680479871, 0.2041942469, 4.14268e-05, 6.7742e-06, -5.724e-06], [5.36393e-05, 2.27573e-05, 4.14268e-05, 0.0614877726, -6.3808e-06, 5.4481e-06], [3.912e-07, 9.842e-07, 6.7742e-06, -6.3808e-06, 0.0612783828, 3.134e-07], [-2.777e-07, -7.674e-07, -5.724e-06, 5.4481e-06, 3.134e-07, 0.0336352282]]",0.34999593098958331,0.26982929199994032,2.3860168510000221,4.7005961509998997,101,123,105,"{""params"": {""w"": 0.0, ""rho"": 0.35, ""N"": 2.0, ""phase"": 0.3333333333333333, ""gradient"": 0.0, ""a_z"": 1.5, ""wall"": 0.5, ""n"": 32, ""kind"": ""network"", ""k_s"": 130.0, ""k_f"": 0.4, ""E"": 70000000000.0, ""nu"": 0.33, ""tol"": 1e-08, ""preconditioner"": ""two_level""}, ""params_json"": ""{\""E\"": 70000000000.0, \""N\"": 2.0, \""a_z\"": 1.5, \""gradient\"": 0.0, \""k_f\"": 0.4, \""k_s\"": 130.0, \""kind\"": \""network\"", \""n\"": 32, \""nu\"": 0.33, \""phase\"": 0.3333333333333333, \""preconditioner\"": \""two_level\"", \""rho\"": 0.35, \""tol\"": 1e-08, \""w\"": 0.0, \""wall\"": 0.5}"", ""voxlat_version"": ""0.1.0"", ""git_hash"": ""0977f9f913f3+dirty"", ""resolution"": 32, ""wall_time_s"": 25.541264405999755, ""timestamp_utc"": ""2026-10-09T17:22:27+00:00"", ""python"": ""3.13.16"", ""numpy"": ""2.5.3"", ""platform"": ""Linux-6.18.44-fc-v80-x86_64-with-glibc2.39"", ""extra"": {}}",stretch
G-r0.350-N2-p0.3333-g0.075-az1.0000-tw0.500-n32,0,0.34999999999999998,2,0.33333333333333331,0.074999999999999997,1,0.5,32,network,G,95c011af0755,ok,,64,16,2,2.5,0.34918212890625,0.26513671875,0.4267578125,-0.017801952069174787,-0.13642182660256597,-0.11766541816789855,-0.15517742542113988,0.014052657976656446,0.01461370759031011,0.037608716721885704,-0.0083807249628615743,0.016113920957232519,0.053574624169961726,19.489418092000051,0.18308147232536687,0.0042749896733801068,0.0043677456564971701,0.0041822336902630434,0.13285182501738466,0.053620344934309443,0.054834898592797193,0.052405791275821685,0.056285507978825512,0.14423205458466487,2.2537498759531788e-06,"[[0.132851825, 0.0608688284, 0.0581712001, -0.0005890637, 0.0, 0.0], [0.0608688284, 0.1449947122, 0.0614867887, -0.0022395563, 0.0, 0.0], [0.0581712001, 0.0614867887, 0.1434693969, -0.0020499768, 0.0, 0.0], [-0.0005890637, -0.0022395563, -0.0020499768, 0.056285508, 0.0, 0.0], [0.0, 0.0, 0.0, 0.0, 0.0524057913, -0.0002973757], [0.0, 0.0, 0.0, 0.0, -0.0002973757, 0.0548348986]]",0.34918212890625,0.68479216200012161,4.9834363829995709,13.74269744799949,107,170,138,0.18639975177212023,0.0049503215864774765,0.0049502147444202794,0.0049504284285346737,0.13101077539943978,0.052848039143544419,0.052847376577595584,0.052848701709493261,0.055392910989548898,0.13689780607452964,-7.8169607846635604e-08,"[[0.1310107754, 0.0619590223, 0.0619621459, -2.2883e-06, -3.7859e-06, 1.36418e-05], [0.0619590223, 0.1368912172, 0.0635294419, -1.40042e-05, -8.424e-07, 1.02593e-05], [0.0619621459, 0.0635294419, 0.136904395, 1.12519e-05, 2.213e-07, 9.9837e-06], [-2.2883e-06, -1.40042e-05, 1.12519e-05, 0.055392911, 1.38866e-05, -9.657e-07], [-3.7859e-06, -8.424e-07, 2.213e-07, 1.38866e-05, 0.0528487017, -3.7698e-06], [1.36418e-05, 1.02593e-05, 9.9837e-06, -9.657e-07, -3.7698e-06, 0.0528473766]]",0.34999999999999998,,,,,,,"{""params"": {""w"": 0.0, ""rho"": 0.35, ""N"": 2.0, ""phase"": 0.3333333333333333, ""gradient"": 0.075, ""a_z"": 1.0, ""wall"": 0.5, ""n"": 32, ""kind"": ""network"", ""k_s"": 130.0, ""k_f"": 0.4, ""E"": 70000000000.0, ""nu"": 0.33, ""tol"": 1e-08, ""preconditioner"": ""two_level""}, ""params_json"": ""{\""E\"": 70000000000.0, \""N\"": 2.0, \""a_z\"": 1.0, \""gradient\"": 0.075, \""k_f\"": 0.4, \""k_s\"": 130.0, \""kind\"": \""network\"", \""n\"": 32, \""nu\"": 0.33, \""phase\"": 0.3333333333333333, \""preconditioner\"": \""two_level\"", \""rho\"": 0.35, \""tol\"": 1e-08, \""w\"": 0.0, \""wall\"": 0.5}"", ""voxlat_version"": ""0.1.0"", ""git_hash"": ""0977f9f913f3+dirty"", ""resolution"": 32, ""wall_time_s"": 19.48941809200005, ""timestamp_utc"": ""2026-10-09T17:32:36+00:00"", ""python"": ""3.13.16"", ""numpy"": ""2.5.3"", ""platform"": ""Linux-6.18.44-fc-v80-x86_64-with-glibc2.39"", ""extra"": {}}",graded
G-r0.350-N2-p0.3333-g0.150-az1.0000-tw0.500-n32,0,0.34999999999999998,2,0.33333333333333331,0.14999999999999999,1,0.5,32,network,G,95c011af0755,ok,,64,16,2,2.5,0.34942626953125,0.20263671875,0.4931640625,-0.016771584287954222,-0.15777932873323552,-0.14882243896346037,-0.16673592105549118,0.0265131182941718,0.044718267877735141,0.083830291742990504,0.0056059328844872969,0.014423147314089002,0.053278562584180955,18.286831747999713,0.16981319463860031,0.0044553106553086308,0.0045026174462040559,0.0044080038644132057,0.11940604437039749,0.048254985526218305,0.05006174838409147,0.04644822266834514,0.057693541066065647,0.14764925268444756,8.9135509403469879e-06,"[[0.1194060444, 0.0558278927, 0.052967514, -0.0006706879, 0.0, 0.0], [0.0558278927, 0.1472911927, 0.0607712775, -0.002511527, 0.0, 0.0], [0.052967514, 0.0607712775, 0.1480073127, -0.0018869909, 0.0, 0.0], [-0.0006706879, -0.002511527, -0.0018869909, 0.0576935411, 0.0, 0.0], [0.0, 0.0, 0.0, 0.0, 0.0464482227, -0.0007665758], [0.0, 0.0, 0.0, 0.0, -0.0007665758, 0.0500617484]]",0.34942626953125,0.32862133500020718,3.708426380999299,14.214790779000396,110,164,150,0.17270981180463851,0.0052899564298362588,0.0052898685918375214,0.0052900442678349953,0.11632198580065185,0.046189472329458352,0.046189656042537199,0.046189288616379505,0.056873249805884395,0.14018063020498153,-9.5299939110633994e-08,"[[0.1163219858, 0.0561414471, 0.0561403345, -2.9168e-06, -6.2371e-06, 9.7764e-06], [0.0561414471, 0.140184635, 0.0624854742, 2.0064e-06, -4.9182e-06, 8.4176e-06], [0.0561403345, 0.0624854742, 0.1401766254, -6.9196e-06, -3.3585e-06, 7.6211e-06], [-2.9168e-06, 2.0064e-06, -6.9196e-06, 0.0568732498, 8.3996e-06, -2.6602e-06], [-6.2371e-06, -4.9182e-06, -3.3585e-06, 8.3996e-06, 0.0461892886, -2.946e-06], [9.7764e-06, 8.4176e-06, 7.6211e-06, -2.6602e-06, -2.946e-06, 0.046189656]]",0.34999999999999998,,,,,,,"{""params"": {""w"": 0.0, ""rho"": 0.35, ""N"": 2.0, ""phase"": 0.3333333333333333, ""gradient"": 0.15, ""a_z"": 1.0, ""wall"": 0.5, ""n"": 32, ""kind"": ""network"", ""k_s"": 130.0, ""k_f"": 0.4, ""E"": 70000000000.0, ""nu"": 0.33, ""tol"": 1e-08, ""preconditioner"": ""two_level""}, ""params_json"": ""{\""E\"": 70000000000.0, \""N\"": 2.0, \""a_z\"": 1.0, \""gradient\"": 0.15, \""k_f\"": 0.4, \""k_s\"": 130.0, \""kind\"": \""network\"", \""n\"": 32, \""nu\"": 0.33, \""phase\"": 0.3333333333333333, \""preconditioner\"": \""two_level\"", \""rho\"": 0.35, \""tol\"": 1e-08, \""w\"": 0.0, \""wall\"": 0.5}"", ""voxlat_version"": ""0.1.0"", ""git_hash"": ""0977f9f913f3+dirty"", ""resolution"": 32, ""wall_time_s"": 18.286831747999713, ""timestamp_utc"": ""2026-10-09T17:32:59+00:00"", ""python"": ""3.13.16"", ""numpy"": ""2.5.3"", ""platform"": ""Linux-6.18.44-fc-v80-x86_64-with-glibc2.39"", ""extra"": {}}",graded
G-r0.350-N2-p0.6667-g0.000-az0.7500-tw0.500-n32,0,0.34999999999999998,2,0.66666666666666663,0,0.75,0.5,32,network,G,95c011af0755,ok,,64,16,2,2.5,0.35001627604166669,0.36328125,0.33430989583333331,-0.01653954345474884,-0.12130377889666999,-0.10368970130464372,-0.1435629118922146,0.00740455463975076,0.0074293049794913468,0.0033407286811253378,0.013701611430724681,0.038211433070874934,0.063998845541113125,12.129756864999763,0.20081506719778511,0.003303323154544552,0.0037620773705490385,0.0028445689385400656,0.15474386798753359,0.057801598945462052,0.069700231411341851,0.045902966479582259,0.047033775213856654,0.13613780658866026,-2.8304781116135371e-05,"[[0.154743868, 0.075295579, 0.0501195381, 0.0003940535, 3.8329e-06, -5.9618e-06], [0.075295579, 0.1667904556, 0.0526702821, 0.0019081885, 1.07018e-05, -2.21951e-05], [0.0501195381, 0.0526702821, 0.1054851576, 0.0015352214, 7.3282e-06, -1.16696e-05], [0.0003940535, 0.0019081885, 0.0015352214, 0.0470337752, -5.9114e-06, 7.6013e-06], [3.8329e-06, 1.07018e-05, 7.3282e-06, -5.9114e-06, 0.0459029665, -0.0004141208], [-5.9618e-06, -2.21951e-05, -1.16696e-05, 7.6013e-06, -0.0004141208, 0.0697002314]]",0.35001627604166669,0.25506035099988367,3.2396287759993356,8.619056059000286,105,207,122,0.20419231486258052,0.0037593460347385499,0.0041972934775211341,0.0033213985919559653,0.1536064804103156,0.057375340045958602,0.069468157146338153,0.045282522945579058,0.045302694341110991,0.12794920516988462,-1.3013002005539424e-05,"[[0.1536064804, 0.078411445, 0.0529001704, 2.16297e-05, 0.0, 0.0], [0.078411445, 0.1575226141, 0.0533494405, -7.85297e-05, -0.0, 0.0], [0.0529001704, 0.0533494405, 0.0983757963, -0.0002088983, 0.0, -0.0], [2.16297e-05, -7.85297e-05, -0.0002088983, 0.0453026943, 0.0, 0.0], [0.0, -0.0, 0.0, 0.0, 0.0452825229, -0.0001853671], [0.0, 0.0, -0.0, 0.0, -0.0001853671, 0.0694681571]]",0.35001627604166669,0.12142530599976453,0.78098502900002131,2.6411526169999888,98,124,109,"{""params"": {""w"": 0.0, ""rho"": 0.35, ""N"": 2.0, ""phase"": 0.6666666666666666, ""gradient"": 0.0, ""a_z"": 0.75, ""wall"": 0.5, ""n"": 32, ""kind"": ""network"", ""k_s"": 130.0, ""k_f"": 0.4, ""E"": 70000000000.0, ""nu"": 0.33, ""tol"": 1e-08, ""preconditioner"": ""two_level""}, ""params_json"": ""{\""E\"": 70000000000.0, \""N\"": 2.0, \""a_z\"": 0.75, \""gradient\"": 0.0, \""k_f\"": 0.4, \""k_s\"": 130.0, \""kind\"": \""network\"", \""n\"": 32, \""nu\"": 0.33, \""phase\"": 0.6666666666666666, \""preconditioner\"": \""two_level\"", \""rho\"": 0.35, \""tol\"": 1e-08, \""w\"": 0.0, \""wall\"": 0.5}"", ""voxlat_version"": ""0.1.0"", ""git_hash"": ""0977f9f913f3+dirty"", ""resolution"": 32, ""wall_time_s"": 12.129756864999763, ""timestamp_utc"": ""2026-10-09T17:39:28+00:00"", ""python"": ""3.13.16"", ""numpy"": ""2.5.3"", ""platform"": ""Linux-6.18.44-fc-v80-x86_64-with-glibc2.39"", ""extra"": {}}",stretch
G-r0.350-N2-p0.6667-g0.000-az1.0000-tw0.500-n32,0,0.34999999999999998,2,0.66666666666666663,0,1,0.5,32,network,G,95c011af0755,ok,,64,16,2,2.5,0.350006103515625,0.36376953125,0.336181640625,-0.01033534292063254,-0.13344106741963269,-0.11015557336664694,-0.15672869009346047,0.019410086780042635,0.016212467735571723,0.034763615916475699,-0.0023407478926104064,0.019280922839044257,0.058777621009476144,17.868610171999535,0.187615837079459,0.0042042203547700578,0.0043173901937421117,0.0040910505157980039,0.13760955867892205,0.055991695171945487,0.057017010811731633,0.054966379532159333,0.056448958005089998,0.14364839937933838,-3.1966229005184359e-06,"[[0.1376095587, 0.0629488727, 0.0604621281, 0.0001976458, -1.20973e-05, 6.329e-05], [0.0629488727, 0.1462482063, 0.062449357, 0.0016340177, 5.0108e-06, 2.81933e-05], [0.0604621281, 0.062449357, 0.1410485924, 0.0019876472, -1.73007e-05, 4.87963e-05], [0.0001976458, 0.0016340177, 0.0019876472, 0.056448958, 5.66711e-05, -2.18121e-05], [-1.20973e-05, 5.0108e-06, -1.73007e-05, 5.66711e-05, 0.0549663795, -0.0002433501], [6.329e-05, 2.81933e-05, 4.87963e-05, -2.18121e-05, -0.0002433501, 0.0570170108]]",0.350006103515625,0.54230333600025915,5.1024723700002141,12.200151696999455,103,211,122,0.18957516138157179,0.0048516265849929893,0.004851848328225836,0.0048514048417601426,0.13498940265892617,0.055098413914082246,0.055101483986013999,0.0550953438421505,0.05538115816772126,0.1356738152836843,7.3109926164370125e-08,"[[0.1349894027, 0.0639042751, 0.0639177054, -1.65675e-05, -3.91138e-05, 4.46916e-05], [0.0639042751, 0.1356524665, 0.064194514, -0.0001334393, -1.63331e-05, 1.92696e-05], [0.0639177054, 0.064194514, 0.135695164, 0.0001090202, -2.37075e-05, 3.2941e-05], [-1.65675e-05, -0.0001334393, 0.0001090202, 0.0553811582, 3.80631e-05, -4.27786e-05], [-3.91138e-05, -1.63331e-05, -2.37075e-05, 3.80631e-05, 0.0550953438, -1.89711e-05], [4.46916e-05, 1.92696e-05, 3.2941e-05, -4.27786e-05, -1.89711e-05, 0.055101484]]",0.350006103515625,0.18572688099993684,1.4022303169999759,3.0128635080000095,91,123,109,"{""params"": {""w"": 0.0, ""rho"": 0.35, ""N"": 2.0, ""phase"": 0.6666666666666666, ""gradient"": 0.0, ""a_z"": 1.0, ""wall"": 0.5, ""n"": 32, ""kind"": ""network"", ""k_s"": 130.0, ""k_f"": 0.4, ""E"": 70000000000.0, ""nu"": 0.33, ""tol"": 1e-08, ""preconditioner"": ""two_level""}, ""params_json"": ""{\""E\"": 70000000000.0, \""N\"": 2.0, \""a_z\"": 1.0, \""gradient\"": 0.0, \""k_f\"": 0.4, \""k_s\"": 130.0, \""kind\"": \""network\"", \""n\"": 32, \""nu\"": 0.33, \""phase\"": 0.6666666666666666, \""preconditioner\"": \""two_level\"", \""rho\"": 0.35, \""tol\"": 1e-08, \""w\"": 0.0, \""wall\"": 0.5}"", ""voxlat_version"": ""0.1.0"", ""git_hash"": ""0977f9f913f3+dirty"", ""resolution"": 32, ""wall_time_s"": 17.868610171999535, ""timestamp_utc"": ""2026-10-09T17:30:36+00:00"", ""python"": ""3.13.16"", ""numpy"": ""2.5.3"", ""platform"": ""Linux-6.18.44-fc-v80-x86_64-with-glibc2.39"", ""extra"": {}}",uniform
G-r0.350-N2-p0.6667-g0.000-az1.5000-tw0.500-n32,0,0.34999999999999998,2,0.66666666666666663,0,1.5,0.5,32,network,G,95c011af0755,ok,,64,16,2,2.5,0.34999593098958331,0.3642578125,0.33430989583333331,0.0041265743369720553,-0.14647250605079443,-0.11313618084005217,-0.16878392990639901,0.035164573209484074,0.033332319346529582,0.10272670348743107,-0.0047577188984833096,0.019274506117049839,0.044891585187180505,25.33081094299996,0.16483963350488426,0.0055508564555249648,0.0046249719108258317,0.0064767410002240971,0.10890533657225432,0.049038650874696485,0.037090464278018036,0.060986837471374927,0.062672919097663829,0.16162382711477308,5.0021688473309166e-05,"[[0.1089053366, 0.0415039913, 0.0660503239, -0.0002200117, 4.562e-07, 1.6349e-06], [0.0415039913, 0.118072877, 0.0669717287, 0.0010028217, 1.1586e-06, 2.5074e-06], [0.0660503239, 0.0669717287, 0.2051747773, 0.0012662305, 5.3017e-06, 5.9629e-06], [-0.0002200117, 0.0010028217, 0.0012662305, 0.0626729191, 5.6959e-06, 6.307e-06], [4.562e-07, 1.1586e-06, 5.3017e-06, 5.6959e-06, 0.0609868375, -0.0001481859], [1.6349e-06, 2.5074e-06, 5.9629e-06, 6.307e-06, -0.0001481859, 0.0370904643]]",0.34999593098958331,0.55217814299976453,6.5921601999998529,18.160924558000261,109,188,127,0.16416220595867445,0.00650343017052864,0.0052149741718031549,0.0077918861692541251,0.10520581885312973,0.047456805479294505,0.033635228167339652,0.06127838279124935,0.06148777264764306,0.15467999685902339,2.8747875965130007e-06,"[[0.1052058189, 0.0397264996, 0.0678240376, -5.36393e-05, 3.912e-07, 2.777e-07], [0.0397264996, 0.1051657468, 0.0680479871, -2.27573e-05, 9.842e-07, 7.674e-07], [0.0678240376, 0.0680479871, 0.2041942469, -4.14268e-05, 6.7742e-06, 5.724e-06], [-5.36393e-05, -2.27573e-05, -4.14268e-05, 0.0614877726, 6.3808e-06, 5.4481e-06], [3.912e-07, 9.842e-07, 6.7742e-06, 6.3808e-06, 0.0612783828, -3.134e-07], [2.777e-07, 7.674e-07, 5.724e-06, 5.4481e-06, -3.134e-07, 0.0336352282]]",0.34999593098958331,0.25444089900020117,1.9166245340002206,4.5686769580001965,101,123,105,"{""params"": {""w"": 0.0, ""rho"": 0.35, ""N"": 2.0, ""phase"": 0.6666666666666666, ""gradient"": 0.0, ""a_z"": 1.5, ""wall"": 0.5, ""n"": 32, ""kind"": ""network"", ""k_s"": 130.0, ""k_f"": 0.4, ""E"": 70000000000.0, ""nu"": 0.33, ""tol"": 1e-08, ""preconditioner"": ""two_level""}, ""params_json"": ""{\""E\"": 70000000000.0, \""N\"": 2.0, \""a_z\"": 1.5, \""gradient\"": 0.0, \""k_f\"": 0.4, \""k_s\"": 130.0, \""kind\"": \""network\"", \""n\"": 32, \""nu\"": 0.33, \""phase\"": 0.6666666666666666, \""preconditioner\"": \""two_level\"", \""rho\"": 0.35, \""tol\"": 1e-08, \""w\"": 0.0, \""wall\"": 0.5}"", ""voxlat_version"": ""0.1.0"", ""git_hash"": ""0977f9f913f3+dirty"", ""resolution"": 32, ""wall_time_s"": 25.33081094299996, ""timestamp_utc"": ""2026-10-09T17:22:50+00:00"", ""python"": ""3.13.16"", ""numpy"": ""2.5.3"", ""platform"": ""Linux-6.18.44-fc-v80-x86_64-with-glibc2.39"", ""extra"": {}}",stretch
G-r0.350-N2-p0.6667-g0.075-az1.0000-tw0.500-n32,0,0.34999999999999998,2,0.66666666666666663,0.074999999999999997,1,0.5,32,network,G,95c011af0755,ok,,64,16,2,2.5,0.350006103515625,0.29443359375,0.412109375,-0.016948074329060314,-0.13871716516372612,-0.11360917223464151,-0.16382599209994486,0.021723307641181577,0.017229526117825023,0.033378515318866597,0.0010803011552464881,0.017731056847624327,0.054637867931941697,17.452480831000685,0.18324167493945787,0.0042635592984711264,0.0043879228379163221,0.0041391957590259315,0.13385752187165226,0.053758765664946639,0.054612609576640388,0.052904921753252884,0.056375115736471297,0.14437594594466024,-2.0717417607290848e-05,"[[0.1338575219, 0.0607702758, 0.0587862135, 8.977e-06, 0.0, 0.0], [0.0607702758, 0.1483491322, 0.0616497551, 0.0011506619, 0.0, 0.0], [0.0587862135, 0.0616497551, 0.1404027597, 0.0015740261, 0.0, 0.0], [8.977e-06, 0.0011506619, 0.0015740261, 0.0563751157, 0.0, 0.0], [0.0, 0.0, 0.0, 0.0, 0.0529049218, -0.0003514286], [0.0, 0.0, 0.0, 0.0, -0.0003514286, 0.0546126096]]",0.350006103515625,0.4518346400000155,3.8432862469999236,13.118848310999965,110,172,135,0.18640080971754791,0.0049502429701639306,0.0049503251844093699,0.0049501607559184913,0.13101151835391192,0.052848215947990287,0.052848601714724774,0.0528478301812558,0.05539294036195639,0.1368962279230212,1.6832049039319962e-07,"[[0.1310115184, 0.0619600721, 0.0619607979, -2.7731e-06, -8.3778e-06, 8.3265e-06], [0.0619600721, 0.1369002407, 0.0635303668, 9.0639e-06, -4.3336e-06, 1.7364e-06], [0.0619607979, 0.0635303668, 0.1368922152, -1.47559e-05, -6.0456e-06, 1.7994e-06], [-2.7731e-06, 9.0639e-06, -1.47559e-05, 0.0553929404, 4.5204e-06, -8.4649e-06], [-8.3778e-06, -4.3336e-06, -6.0456e-06, 4.5204e-06, 0.0528478302, -3.9451e-06], [8.3265e-06, 1.7364e-06, 1.7994e-06, -8.4649e-06, -3.9451e-06, 0.0528486017]]",0.34999999999999998,,,,,,,"{""params"": {""w"": 0.0, ""rho"": 0.35, ""N"": 2.0, ""phase"": 0.6666666666666666, ""gradient"": 0.075, ""a_z"": 1.0, ""wall"": 0.5, ""n"": 32, ""kind"": ""network"", ""k_s"": 130.0, ""k_f"": 0.4, ""E"": 70000000000.0, ""nu"": 0.33, ""tol"": 1e-08, ""preconditioner"": ""two_level""}, ""params_json"": ""{\""E\"": 70000000000.0, \""N\"": 2.0, \""a_z\"": 1.0, \""gradient\"": 0.075, \""k_f\"": 0.4, \""k_s\"": 130.0, \""kind\"": \""network\"", \""n\"": 32, \""nu\"": 0.33, \""phase\"": 0.6666666666666666, \""preconditioner\"": \""two_level\"", \""rho\"": 0.35, \""tol\"": 1e-08, \""w\"": 0.0, \""wall\"": 0.5}"", ""voxlat_version"": ""0.1.0"", ""git_hash"": ""0977f9f913f3+dirty"", ""resolution"": 32, ""wall_time_s"": 17.452480831000685, ""timestamp_utc"": ""2026-10-09T17:32:41+00:00"", ""python"": ""3.13.16"", ""numpy"": ""2.5.3"", ""platform"": ""Linux-6.18.44-fc-v80-x86_64-with-glibc2.39"", ""extra"": {}}",graded
G-r0.350-N2-p0.6667-g0.150-az1.0000-tw0.500-n32,0,0.34999999999999998,2,0.66666666666666663,0.14999999999999999,1,0.5,32,network,G,95c011af0755,ok,,64,16,2,2.5,0.350189208984375,0.220703125,0.49169921875,-0.016905068948207869,-0.15754624215076074,-0.12929760695875792,-0.18579559862292272,0.042003380573114812,0.039862696267501718,0.052778967429254475,0.026946522958936292,0.014499639530245689,0.055092924319238845,18.884843955999713,0.16979101330573676,0.0044564887256888204,0.0046059797339632284,0.0043069977174144125,0.12120586140453372,0.048030323502401349,0.048626730262042839,0.04743391674275986,0.057697211387010866,0.14790346982243238,-3.7129356428244995e-05,"[[0.1212058614, 0.0547815596, 0.0537881615, 6.00825e-05, 0.0, 0.0], [0.0547815596, 0.1541929748, 0.0606282777, 0.0009556629, 0.0, 0.0], [0.0537881615, 0.0606282777, 0.1416139648, 0.0013542911, 0.0, 0.0], [6.00825e-05, 0.0009556629, 0.0013542911, 0.0576972114, 0.0, 0.0], [0.0, 0.0, 0.0, 0.0, 0.0474339167, -0.0003821731], [0.0, 0.0, 0.0, 0.0, -0.0003821731, 0.0486267303]]",0.350189208984375,0.50847366699963459,4.3896287409997967,13.940574518999711,112,179,148,0.1727106995904058,0.0052898912066890302,0.0052899587399492303,0.00528982367342883,0.11632002704047754,0.04618910138309807,0.046188926418983096,0.046189276347213037,0.0568725794853185,0.14018051530187434,5.2230604081478514e-08,"[[0.116320027, 0.0561385566, 0.0561408873, -1.5432e-06, -5.4795e-06, 5.5896e-06], [0.0561385566, 0.1401765073, 0.0624851237, -7.7721e-06, -2.4271e-06, 4.1783e-06], [0.0561408873, 0.0624851237, 0.1401845234, 2.3559e-06, -4.9462e-06, 4.0918e-06], [-1.5432e-06, -7.7721e-06, 2.3559e-06, 0.0568725795, 4.1667e-06, -4.4052e-06], [-5.4795e-06, -2.4271e-06, -4.9462e-06, 4.1667e-06, 0.0461892763, -1.5809e-06], [5.5896e-06, 4.1783e-06, 4.0918e-06, -4.4052e-06, -1.5809e-06, 0.0461889264]]",0.34999999999999998,,,,,,,"{""params"": {""w"": 0.0, ""rho"": 0.35, ""N"": 2.0, ""phase"": 0.6666666666666666, ""gradient"": 0.15, ""a_z"": 1.0, ""wall"": 0.5, ""n"": 32, ""kind"": ""network"", ""k_s"": 130.0, ""k_f"": 0.4, ""E"": 70000000000.0, ""nu"": 0.33, ""tol"": 1e-08, ""preconditioner"": ""two_level""}, ""params_json"": ""{\""E\"": 70000000000.0, \""N\"": 2.0, \""a_z\"": 1.0, \""gradient\"": 0.15, \""k_f\"": 0.4, \""k_s\"": 130.0, \""kind\"": \""network\"", \""n\"": 32, \""nu\"": 0.33, \""phase\"": 0.6666666666666666, \""preconditioner\"": \""two_level\"", \""rho\"": 0.35, \""tol\"": 1e-08, \""w\"": 0.0, \""wall\"": 0.5}"", ""voxlat_version"": ""0.1.0"", ""git_hash"": ""0977f9f913f3+dirty"", ""resolution"": 32, ""wall_time_s"": 18.884843955999713, ""timestamp_utc"": ""2026-10-09T17:33:13+00:00"", ""python"": ""3.13.16"", ""numpy"": ""2.5.3"", ""platform"": ""Linux-6.18.44-fc-v80-x86_64-with-glibc2.39"", ""extra"": {}}",graded
G-r0.350-N3-p0.0000-g0.000-az1.0000-tw0.500-n32,0,0.34999999999999998,3,0,0,1,0.5,32,network,G,95c011af0755,ok,,96,16,3,3.5,0.350006103515625,0.35009765625,0.35009765625,-0.0058758103048036636,-0.087317816831123052,-0.11724454459501454,-0.057391089067231449,0.013051721410668238,0.012396073335292801,-0.0065012150669470081,0.03129336173753261,0.015474766148323882,0.039169901621771475,20.936158113999227,0.18860608934219569,0.0044176074005684973,0.0042727546396812994,0.0045624601614556951,0.13594830292067528,0.055714780504718564,0.054674813733614054,0.056754747275823074,0.055884208951585745,0.1394532792215202,-5.5021794191655721e-07,"[[0.1359483029, 0.0613092631, 0.0637924435, 5.8378e-06, 1.739e-06, 1.02526e-05], [0.0613092631, 0.1363512033, 0.0628358449, 8.4749e-06, 5.4554e-06, 1.7945e-06], [0.0637924435, 0.0628358449, 0.1425553551, 1.4264e-06, 9.3423e-06, 6.3829e-06], [5.8378e-06, 8.4749e-06, 1.4264e-06, 0.055884209, 1.791e-06, 1.0802e-06], [1.739e-06, 5.4554e-06, 9.3423e-06, 1.791e-06, 0.0567547473, 8.817e-07], [1.02526e-05, 1.7945e-06, 6.3829e-06, 1.0802e-06, 8.817e-07, 0.0546748137]]",0.350006103515625,0.70287775599990709,5.0583059199998388,15.145633486000406,104,148,126,0.18972085308579334,0.0048402472208127802,0.0048402472208127784,0.004840247220812781,0.13419680362555242,0.055032592452841853,0.055032592452841624,0.055032592452842088,0.055032592452842005,0.13419680362555117,-5.9153571903996539e-07,"[[0.1341968036, 0.0639173649, 0.0639173649, 6.2522e-06, 1.6419e-06, 9.8866e-06], [0.0639173649, 0.1341968036, 0.0639173649, 9.8866e-06, 6.2522e-06, 1.6419e-06], [0.0639173649, 0.0639173649, 0.1341968036, 1.6419e-06, 9.8866e-06, 6.2522e-06], [6.2522e-06, 9.8866e-06, 1.6419e-06, 0.0550325925, 1.3889e-06, 1.3889e-06], [1.6419e-06, 6.2522e-06, 9.8866e-06, 1.3889e-06, 0.0550325925, 1.3889e-06], [9.8866e-06, 1.6419e-06, 6.2522e-06, 1.3889e-06, 1.3889e-06, 0.0550325925]]",0.350006103515625,0.096011447999899246,1.3083184570000412,3.1960104909999245,89,123,103,"{""params"": {""w"": 0.0, ""rho"": 0.35, ""N"": 3.0, ""phase"": 0.0, ""gradient"": 0.0, ""a_z"": 1.0, ""wall"": 0.5, ""n"": 32, ""kind"": ""network"", ""k_s"": 130.0, ""k_f"": 0.4, ""E"": 70000000000.0, ""nu"": 0.33, ""tol"": 1e-08, ""preconditioner"": ""two_level""}, ""params_json"": ""{\""E\"": 70000000000.0, \""N\"": 3.0, \""a_z\"": 1.0, \""gradient\"": 0.0, \""k_f\"": 0.4, \""k_s\"": 130.0, \""kind\"": \""network\"", \""n\"": 32, \""nu\"": 0.33, \""phase\"": 0.0, \""preconditioner\"": \""two_level\"", \""rho\"": 0.35, \""tol\"": 1e-08, \""w\"": 0.0, \""wall\"": 0.5}"", ""voxlat_version"": ""0.1.0"", ""git_hash"": ""0977f9f913f3+dirty"", ""resolution"": 32, ""wall_time_s"": 20.936158113999227, ""timestamp_utc"": ""2026-10-09T17:23:58+00:00"", ""python"": ""3.13.16"", ""numpy"": ""2.5.3"", ""platform"": ""Linux-6.18.44-fc-v80-x86_64-with-glibc2.39"", ""extra"": {}}",uniform
G-r0.350-N3-p0.1250-g0.000-az1.0000-tw0.500-n32,0,0.34999999999999998,3,0.125,0,1,0.5,32,network,G,95c011af0755,ok,,96,16,3,3.5,0.350067138671875,0.349853515625,0.35009765625,-0.010102608707516891,-0.089422916579651179,-0.089439484456289131,-0.089406347070988934,0.012611408010261727,0.0073591647980586483,0.0073465040063371845,0.0073718260027393345,0.012954337259799997,0.041215570469265383,21.577480744999775,0.1878337801637136,0.004406698940876726,0.0044068357884078134,0.0044065620933456378,0.13591079093556038,0.055442909074336216,0.055443116420355619,0.055442701728316821,0.055751305408080737,0.13974300549519975,-3.9922441265251001e-06,"[[0.1359107909, 0.0622639344, 0.062262976, 0.0002188601, 1.833e-06, 1.2513e-06], [0.0622639344, 0.1397430457, 0.0627747561, 0.0013218909, 5.021e-06, -2.6107e-06], [0.062262976, 0.0627747561, 0.1397429653, 0.0013203394, 4.4222e-06, -9.415e-07], [0.0002188601, 0.0013218909, 0.0013203394, 0.0557513054, -2.1822e-06, 1.7794e-06], [1.833e-06, 5.021e-06, 4.4222e-06, -2.1822e-06, 0.0554427017, -5.02654e-05], [1.2513e-06, -2.6107e-06, -9.415e-07, 1.7794e-06, -5.02654e-05, 0.0554431164]]",0.350067138671875,0.48078377700039709,5.2482388309999806,15.818365170998732,96,163,128,0.18975075782194351,0.0048394573299869285,0.004839695674456539,0.0048392189855173181,0.1342181115682069,0.05503787627271018,0.055038773847779027,0.055036978697641334,0.055038320442851091,0.1342114058400212,-1.4539907395359715e-07,"[[0.1342181116, 0.0639318466, 0.0639300519, 1.2876e-06, 2.3019e-06, 1.347e-07], [0.0639318466, 0.1342123601, 0.0639267488, 4.3504e-06, 6.1753e-06, -3.2135e-06], [0.0639300519, 0.0639267488, 0.1342104516, 2.5731e-06, 5.6801e-06, -1.1184e-06], [1.2876e-06, 4.3504e-06, 2.5731e-06, 0.0550383204, -2.5591e-06, 1.9887e-06], [2.3019e-06, 6.1753e-06, 5.6801e-06, -2.5591e-06, 0.0550369787, 1.9994e-06], [1.347e-07, -3.2135e-06, -1.1184e-06, 1.9887e-06, 1.9994e-06, 0.0550387738]]",0.350067138671875,0.12921501599976182,1.3383375419998629,3.4123065330004465,79,123,105,"{""params"": {""w"": 0.0, ""rho"": 0.35, ""N"": 3.0, ""phase"": 0.125, ""gradient"": 0.0, ""a_z"": 1.0, ""wall"": 0.5, ""n"": 32, ""kind"": ""network"", ""k_s"": 130.0, ""k_f"": 0.4, ""E"": 70000000000.0, ""nu"": 0.33, ""tol"": 1e-08, ""preconditioner"": ""two_level""}, ""params_json"": ""{\""E\"": 70000000000.0, \""N\"": 3.0, \""a_z\"": 1.0, \""gradient\"": 0.0, \""k_f\"": 0.4, \""k_s\"": 130.0, \""kind\"": \""network\"", \""n\"": 32, \""nu\"": 0.33, \""phase\"": 0.125, \""preconditioner\"": \""two_level\"", \""rho\"": 0.35, \""tol\"": 1e-08, \""w\"": 0.0, \""wall\"": 0.5}"", ""voxlat_version"": ""0.1.0"", ""git_hash"": ""0977f9f913f3+dirty"", ""resolution"": 32, ""wall_time_s"": 21.577480744999775, ""timestamp_utc"": ""2026-10-09T17:58:39+00:00"", ""python"": ""3.13.16"", ""numpy"": ""2.5.3"", ""platform"": ""Linux-6.18.44-fc-v80-x86_64-with-glibc2.39"", ""extra"": {}}",uniform
G-r0.350-N3-p0.3333-g0.000-az1.0000-tw0.500-n32,0,0.34999999999999998,3,0.33333333333333331,0,1,0.5,32,network,G,95c011af0755,ok,,96,16,3,3.5,0.350006103515625,0.336181640625,0.36376953125,-0.006927958624151187,-0.088964172869615887,-0.073359228724727443,-0.1045677742902722,0.012836469017871721,0.010492648822331363,0.022793814884183972,-0.0018077694658698018,0.012751932542185429,0.03896047763481425,23.830782545999682,0.18826341156535373,0.0044200245633629794,0.0044955408237995114,0.0043445083029264482,0.13672006430858216,0.055678123811260777,0.056354204846355005,0.055002042776166549,0.056088306352460031,0.14097306803060031,2.0400115987444482e-06,"[[0.1367200643, 0.0632732775, 0.0616183555, -0.000130024, -1.42864e-05, 3.18624e-05], [0.0632732775, 0.1427259428, 0.063023651, -0.0010491281, -1.71159e-05, 1.50278e-05], [0.0616183555, 0.063023651, 0.1392201933, -0.001371241, 5.32e-07, 2.25976e-05], [-0.000130024, -0.0010491281, -0.001371241, 0.0560883064, 3.39192e-05, -8.6935e-06], [-1.42864e-05, -1.71159e-05, 5.32e-07, 3.39192e-05, 0.0550020428, 0.000157821], [3.18624e-05, 1.50278e-05, 2.25976e-05, -8.6935e-06, 0.000157821, 0.0563542048]]",0.350006103515625,0.57761427800051024,6.9320505480000065,16.299196488999769,106,204,135,0.1895767917345903,0.004851647357585644,0.0048514386191022057,0.0048518560960690814,0.13498730396344932,0.055099979080649709,0.055098304297759436,0.055101653863539983,0.055382077831901563,0.13568665128776064,1.6103168396071628e-07,"[[0.134987304, 0.0639146221, 0.0639113326, -1.69181e-05, -2.23314e-05, 6.50185e-05], [0.0639146221, 0.1356915169, 0.0641928648, 0.0001076454, -2.39443e-05, 3.43802e-05], [0.0639113326, 0.0641928648, 0.1356817856, -0.0001255585, -4.323e-06, 3.83566e-05], [-1.69181e-05, 0.0001076454, -0.0001255585, 0.0553820778, 6.50474e-05, -1.27458e-05], [-2.23314e-05, -2.39443e-05, -4.323e-06, 6.50474e-05, 0.0551016539, -1.77429e-05], [6.50185e-05, 3.43802e-05, 3.83566e-05, -1.27458e-05, -1.77429e-05, 0.0550983043]]",0.350006103515625,0.12424490500006868,1.2457930730001863,3.3683650420002778,90,123,108,"{""params"": {""w"": 0.0, ""rho"": 0.35, ""N"": 3.0, ""phase"": 0.3333333333333333, ""gradient"": 0.0, ""a_z"": 1.0, ""wall"": 0.5, ""n"": 32, ""kind"": ""network"", ""k_s"": 130.0, ""k_f"": 0.4, ""E"": 70000000000.0, ""nu"": 0.33, ""tol"": 1e-08, ""preconditioner"": ""two_level""}, ""params_json"": ""{\""E\"": 70000000000.0, \""N\"": 3.0, \""a_z\"": 1.0, \""gradient\"": 0.0, \""k_f\"": 0.4, \""k_s\"": 130.0, \""kind\"": \""network\"", \""n\"": 32, \""nu\"": 0.33, \""phase\"": 0.3333333333333333, \""preconditioner\"": \""two_level\"", \""rho\"": 0.35, \""tol\"": 1e-08, \""w\"": 0.0, \""wall\"": 0.5}"", ""voxlat_version"": ""0.1.0"", ""git_hash"": ""0977f9f913f3+dirty"", ""resolution"": 32, ""wall_time_s"": 23.830782545999682, ""timestamp_utc"": ""2026-10-09T17:24:21+00:00"", ""python"": ""3.13.16"", ""numpy"": ""2.5.3"", ""platform"": ""Linux-6.18.44-fc-v80-x86_64-with-glibc2.39"", ""extra"": {}}",uniform
G-r0.350-N3-p0.6667-g0.000-az1.0000-tw0.500-n32,0,0.34999999999999998,3,0.66666666666666663,0,1,0.5,32,network,G,95c011af0755,ok,,96,16,3,3.5,0.350006103515625,0.36376953125,0.336181640625,-0.0069083854082552243,-0.088957999460020143,-0.073432464020728672,-0.10448495415106762,0.012847344871834476,0.010652467781128827,0.022913107537309907,-0.0016095383716784317,0.012864224488855935,0.039170761266273946,24.012125739999647,0.18826550310291573,0.0044200355898649634,0.0044955651504293599,0.0043445060293005669,0.13672365806892833,0.055685347993093312,0.056364030214050891,0.05500666577213574,0.056093593818843657,0.14098826191224606,-2.1256927784319979e-06,"[[0.1367236581, 0.0632727524, 0.0616300488, 0.0001253777, -1.22293e-05, 6.47887e-05], [0.0632727524, 0.1427233679, 0.0630245745, 0.0010483219, 5.5645e-06, 2.98941e-05], [0.0616300488, 0.0630245745, 0.1392531559, 0.0013596108, -1.79398e-05, 5.006e-05], [0.0001253777, 0.0010483219, 0.0013596108, 0.0560935938, 5.90637e-05, -2.20007e-05], [-1.22293e-05, 5.5645e-06, -1.79398e-05, 5.90637e-05, 0.0550066658, -0.0001644638], [6.47887e-05, 2.98941e-05, 5.006e-05, -2.20007e-05, -0.0001644638, 0.0563640302]]",0.350006103515625,0.51535298099952342,7.5720999459999803,15.907903347999309,106,213,122,0.18957516138157179,0.0048516265849929893,0.004851848328225836,0.0048514048417601426,0.13498940265892617,0.055098413914082246,0.055101483986013999,0.0550953438421505,0.05538115816772126,0.1356738152836843,7.3109926164370125e-08,"[[0.1349894027, 0.0639042751, 0.0639177054, -1.65675e-05, -3.91138e-05, 4.46916e-05], [0.0639042751, 0.1356524665, 0.064194514, -0.0001334393, -1.63331e-05, 1.92696e-05], [0.0639177054, 0.064194514, 0.135695164, 0.0001090202, -2.37075e-05, 3.2941e-05], [-1.65675e-05, -0.0001334393, 0.0001090202, 0.0553811582, 3.80631e-05, -4.27786e-05], [-3.91138e-05, -1.63331e-05, -2.37075e-05, 3.80631e-05, 0.0550953438, -1.89711e-05], [4.46916e-05, 1.92696e-05, 3.2941e-05, -4.27786e-05, -1.89711e-05, 0.055101484]]",0.350006103515625,0.18572688099993684,1.4022303169999759,3.0128635080000095,91,123,109,"{""params"": {""w"": 0.0, ""rho"": 0.35, ""N"": 3.0, ""phase"": 0.6666666666666666, ""gradient"": 0.0, ""a_z"": 1.0, ""wall"": 0.5, ""n"": 32, ""kind"": ""network"", ""k_s"": 130.0, ""k_f"": 0.4, ""E"": 70000000000.0, ""nu"": 0.33, ""tol"": 1e-08, ""preconditioner"": ""two_level""}, ""params_json"": ""{\""E\"": 70000000000.0, \""N\"": 3.0, \""a_z\"": 1.0, \""gradient\"": 0.0, \""k_f\"": 0.4, \""k_s\"": 130.0, \""kind\"": \""network\"", \""n\"": 32, \""nu\"": 0.33, \""phase\"": 0.6666666666666666, \""preconditioner\"": \""two_level\"", \""rho\"": 0.35, \""tol\"": 1e-08, \""w\"": 0.0, \""wall\"": 0.5}"", ""voxlat_version"": ""0.1.0"", ""git_hash"": ""0977f9f913f3+dirty"", ""resolution"": 32, ""wall_time_s"": 24.012125739999647, ""timestamp_utc"": ""2026-10-09T17:24:22+00:00"", ""python"": ""3.13.16"", ""numpy"": ""2.5.3"", ""platform"": ""Linux-6.18.44-fc-v80-x86_64-with-glibc2.39"", ""extra"": {}}",uniform
G-r0.350-N4-p0.0000-g0.000-az0.7500-tw0.500-n32,0,0.34999999999999998,4,0,0,0.75,0.5,32,network,G,95c011af0755,ok,,128,16,4,4.5,0.35001627604166669,0.35123697916666669,0.3505859375,-0.001210332767295097,-0.059846675226997048,-0.08568332814876467,-0.027176183192518577,0.013625493896268992,0.0077270333867476282,-0.013184599230489202,0.03989687897401395,0.027798414697982388,0.025487916443761582,24.135633496999617,0.20556713186174039,0.0035181053680918414,0.0038210573868395024,0.00321515334934418,0.15714486769853062,0.058208877981280875,0.069090478588908821,0.047327277373652915,0.046776601161218255,0.13010956939398469,8.0275204708113209e-09,"[[0.1571448677, 0.0766916703, 0.0543019908, -2.29639e-05, 5.487e-07, -1.57465e-05], [0.0766916703, 0.1554965874, 0.0533402766, -1.95875e-05, -9.2427e-06, 1.18543e-05], [0.0543019908, 0.0533402766, 0.1047225514, -1.75445e-05, -2.0347e-06, -3.3096e-06], [-2.29639e-05, -1.95875e-05, -1.75445e-05, 0.0467766012, -2.7228e-06, 3.503e-06], [5.487e-07, -9.2427e-06, -2.0347e-06, -2.7228e-06, 0.0473272774, -2.21447e-05], [-1.57465e-05, 1.18543e-05, -3.3096e-06, 3.503e-06, -2.21447e-05, 0.0690904786]]",0.35001627604166669,0.58325431400044181,6.9873629799994887,16.540570031000243,101,167,127,0.20581623799863152,0.0037420549131614005,0.0041791400118548977,0.0033049698144679038,0.15503247367475179,0.057762544868577861,0.070013579576314489,0.045511510160841227,0.045511454865362407,0.1268757703603034,1.1126928376023384e-08,"[[0.1550324737, 0.0791313517, 0.0533972543, -2.65253e-05, 1.3122e-06, -1.08737e-05], [0.0791313517, 0.1550324613, 0.0533972478, -2.14245e-05, -1.09016e-05, 1.08369e-05], [0.0533972543, 0.0533972478, 0.0987190794, -1.98081e-05, -2.1843e-06, 6.99e-08], [-2.65253e-05, -2.14245e-05, -1.98081e-05, 0.0455114549, 1.428e-07, 3.3424e-06], [1.3122e-06, -1.09016e-05, -2.1843e-06, 1.428e-07, 0.0455115102, -2.55411e-05], [-1.08737e-05, 1.08369e-05, 6.99e-08, 3.3424e-06, -2.55411e-05, 0.0700135796]]",0.35001627604166669,0.15749640900003214,1.2655758810001316,2.6937212819998422,89,132,115,"{""params"": {""w"": 0.0, ""rho"": 0.35, ""N"": 4.0, ""phase"": 0.0, ""gradient"": 0.0, ""a_z"": 0.75, ""wall"": 0.5, ""n"": 32, ""kind"": ""network"", ""k_s"": 130.0, ""k_f"": 0.4, ""E"": 70000000000.0, ""nu"": 0.33, ""tol"": 1e-08, ""preconditioner"": ""two_level""}, ""params_json"": ""{\""E\"": 70000000000.0, \""N\"": 4.0, \""a_z\"": 0.75, \""gradient\"": 0.0, \""k_f\"": 0.4, \""k_s\"": 130.0, \""kind\"": \""network\"", \""n\"": 32, \""nu\"": 0.33, \""phase\"": 0.0, \""preconditioner\"": \""two_level\"", \""rho\"": 0.35, \""tol\"": 1e-08, \""w\"": 0.0, \""wall\"": 0.5}"", ""voxlat_version"": ""0.1.0"", ""git_hash"": ""0977f9f913f3+dirty"", ""resolution"": 32, ""wall_time_s"": 24.135633496999617, ""timestamp_utc"": ""2026-10-09T17:27:04+00:00"", ""python"": ""3.13.16"", ""numpy"": ""2.5.3"", ""platform"": ""Linux-6.18.44-fc-v80-x86_64-with-glibc2.39"", ""extra"": {}}",stretch
G-r0.350-N4-p0.0000-g0.000-az1.0000-tw0.500-n24,0,0.34999999999999998,4,0,0,1,0.5,24,network,G,95c011af0755,ok,,96,12,4,4.5,0.35069444444444442,0.35069444444444448,0.34953703703703703,-0.004709947517094748,-0.065507523019395997,-0.08763548485836703,-0.043348540036145744,0.0082907746811999861,0.009083575600209004,-0.005647832781521922,0.023813617504109486,0.013036851443598119,0.029942407370595836,12.735916820000057,0.18703228762100768,0.0045181114753982,0.0044142163691343415,0.0046220065816620585,0.1403009461981316,0.05616014975514716,0.055337712225309331,0.056982587284984974,0.056362103301576427,0.14334531080472582,-5.4029223053288964e-06,"[[0.1403009462, 0.0617090647, 0.0637650318, -1.34542e-05, -0.0001216468, 2.963e-05], [0.0617090647, 0.140719457, 0.0630897558, -8.28036e-05, -5.31354e-05, -7.0793e-05], [0.0637650318, 0.0630897558, 0.1459711646, -0.0001202913, -2.50209e-05, 3.66981e-05], [-1.34542e-05, -8.28036e-05, -0.0001202913, 0.0563621033, -1.4058e-05, -8.61396e-05], [-0.0001216468, -5.31354e-05, -2.50209e-05, -1.4058e-05, 0.0569825873, -7.64754e-05], [2.963e-05, -7.0793e-05, 3.66981e-05, -8.61396e-05, -7.64754e-05, 0.0553377122]]",0.35069444444444442,0.23126420799962943,3.8939345190001404,8.5918030670000007,100,263,128,0.18791736856449703,0.0048348291577439591,0.0048382157524496563,0.004831442563038261,0.13914730722642163,0.055654606925638207,0.055652025559623064,0.055657188291653344,0.055636774931987203,0.13917798682615756,-6.0883856489558712e-06,"[[0.1391473072, 0.0636245869, 0.0636494225, -1.19421e-05, -0.0001270078, 4.81441e-05], [0.0636245869, 0.1392043747, 0.0636219571, -7.96695e-05, -5.29192e-05, -7.45609e-05], [0.0636494225, 0.0636219571, 0.1391515989, -0.0001241512, -2.26335e-05, 5.27266e-05], [-1.19421e-05, -7.96695e-05, -0.0001241512, 0.0556367749, 5.3206e-06, -9.34024e-05], [-0.0001270078, -5.29192e-05, -2.26335e-05, 5.3206e-06, 0.0556571883, -8.12129e-05], [4.81441e-05, -7.45609e-05, 5.27266e-05, -9.34024e-05, -8.12129e-05, 0.0556520256]]",0.35069444444444442,0.049736287000087032,0.72347549300002356,1.4104320390001703,94,126,111,"{""params"": {""w"": 0.0, ""rho"": 0.35, ""N"": 4.0, ""phase"": 0.0, ""gradient"": 0.0, ""a_z"": 1.0, ""wall"": 0.5, ""n"": 24, ""kind"": ""network"", ""k_s"": 130.0, ""k_f"": 0.4, ""E"": 70000000000.0, ""nu"": 0.33, ""tol"": 1e-08, ""preconditioner"": ""two_level""}, ""params_json"": ""{\""E\"": 70000000000.0, \""N\"": 4.0, \""a_z\"": 1.0, \""gradient\"": 0.0, \""k_f\"": 0.4, \""k_s\"": 130.0, \""kind\"": \""network\"", \""n\"": 24, \""nu\"": 0.33, \""phase\"": 0.0, \""preconditioner\"": \""two_level\"", \""rho\"": 0.35, \""tol\"": 1e-08, \""w\"": 0.0, \""wall\"": 0.5}"", ""voxlat_version"": ""0.1.0"", ""git_hash"": ""0977f9f913f3+dirty"", ""resolution"": 24, ""wall_time_s"": 12.735916820000057, ""timestamp_utc"": ""2026-10-09T17:39:04+00:00"", ""python"": ""3.13.16"", ""numpy"": ""2.5.3"", ""platform"": ""Linux-6.18.44-fc-v80-x86_64-with-glibc2.39"", ""extra"": {}}",convergence
G-r0.350-N4-p0.0000-g0.000-az1.0000-tw0.500-n32,0,0.34999999999999998,4,0,0,1,0.5,32,network,G,95c011af0755,ok,,128,16,4,4.5,0.350006103515625,0.35009765625,0.35009765625,-0.0044133407168190919,-0.065488362388683719,-0.087933426411737514,-0.043043298365629812,0.0097569534625747689,0.0091991227633776429,-0.0048902113815232351,0.023288456908278077,0.01160607092865984,0.029342049182097041,27.763571374999628,0.18888355032004014,0.0045232673567653734,0.0044146276980068207,0.0046319070155239261,0.13550615559335322,0.055538844026802474,0.054763471442874009,0.056314216610730924,0.055671304624237722,0.13813441283761232,-5.60003914548022e-07,"[[0.1355061556, 0.0619676508, 0.0638239785, 5.9424e-06, 1.7143e-06, 1.01604e-05], [0.0619676508, 0.13580313, 0.0631057712, 8.8264e-06, 5.6597e-06, 1.7583e-06], [0.0638239785, 0.0631057712, 0.1404656956, 1.4802e-06, 9.482e-06, 6.3505e-06], [5.9424e-06, 8.8264e-06, 1.4802e-06, 0.0556713046, 1.6881e-06, 1.1572e-06], [1.7143e-06, 5.6597e-06, 9.482e-06, 1.6881e-06, 0.0563142166, 1.0107e-06], [1.01604e-05, 1.7583e-06, 6.3505e-06, 1.1572e-06, 1.0107e-06, 0.0547634714]]",0.350006103515625,0.84098825399996713,7.1745131779998701,19.720694615999491,104,144,125,0.18972085308579334,0.0048402472208127802,0.0048402472208127784,0.004840247220812781,0.13419680362555242,0.055032592452841853,0.055032592452841624,0.055032592452842088,0.055032592452842005,0.13419680362555117,-5.9153571903996539e-07,"[[0.1341968036, 0.0639173649, 0.0639173649, 6.2522e-06, 1.6419e-06, 9.8866e-06], [0.0639173649, 0.1341968036, 0.0639173649, 9.8866e-06, 6.2522e-06, 1.6419e-06], [0.0639173649, 0.0639173649, 0.1341968036, 1.6419e-06, 9.8866e-06, 6.2522e-06], [6.2522e-06, 9.8866e-06, 1.6419e-06, 0.0550325925, 1.3889e-06, 1.3889e-06], [1.6419e-06, 6.2522e-06, 9.8866e-06, 1.3889e-06, 0.0550325925, 1.3889e-06], [9.8866e-06, 1.6419e-06, 6.2522e-06, 1.3889e-06, 1.3889e-06, 0.0550325925]]",0.350006103515625,0.096011447999899246,1.3083184570000412,3.1960104909999245,89,123,103,"{""params"": {""w"": 0.0, ""rho"": 0.35, ""N"": 4.0, ""phase"": 0.0, ""gradient"": 0.0, ""a_z"": 1.0, ""wall"": 0.5, ""n"": 32, ""kind"": ""network"", ""k_s"": 130.0, ""k_f"": 0.4, ""E"": 70000000000.0, ""nu"": 0.33, ""tol"": 1e-08, ""preconditioner"": ""two_level""}, ""params_json"": ""{\""E\"": 70000000000.0, \""N\"": 4.0, \""a_z\"": 1.0, \""gradient\"": 0.0, \""k_f\"": 0.4, \""k_s\"": 130.0, \""kind\"": \""network\"", \""n\"": 32, \""nu\"": 0.33, \""phase\"": 0.0, \""preconditioner\"": \""two_level\"", \""rho\"": 0.35, \""tol\"": 1e-08, \""w\"": 0.0, \""wall\"": 0.5}"", ""voxlat_version"": ""0.1.0"", ""git_hash"": ""0977f9f913f3+dirty"", ""resolution"": 32, ""wall_time_s"": 27.76357137499963, ""timestamp_utc"": ""2026-10-09T17:11:11+00:00"", ""python"": ""3.13.16"", ""numpy"": ""2.5.3"", ""platform"": ""Linux-6.18.44-fc-v80-x86_64-with-glibc2.39"", ""extra"": {}}",convergence;uniform
G-r0.350-N4-p0.0000-g0.000-az1.0000-tw0.500-n48,0,0.34999999999999998,4,0,0,1,0.5,48,network,G,95c011af0755,ok,,192,24,4,4.5,0.34995298032407407,0.34989872685185186,0.34989872685185186,-0.005932945835242398,-0.066483449025673491,-0.088921841714023508,-0.044045056337323585,0.0065556575507201842,0.0069475988320963911,-0.0075274749225058279,0.02142267258669861,0.010799683639659552,0.026978056145223084,103.27440105799997,0.19441943164842584,0.0045132607507802945,0.0044047781353138329,0.0046217433662467562,0.13761810688317697,0.056178134539118803,0.055370562584239669,0.056985706493997937,0.056393044370400776,0.14041029409260558,-2.0394424011266929e-07,"[[0.1376181069, 0.0624769462, 0.064446897, 2.5337e-06, 5.458e-07, 6.2609e-06], [0.0624769462, 0.138063135, 0.063766314, 5.2565e-06, 2.7692e-06, 2.722e-07], [0.064446897, 0.063766314, 0.1427574532, -1.4948e-06, 6.7337e-06, 3.2019e-06], [2.5337e-06, 5.2565e-06, -1.4948e-06, 0.0563930444, 2.823e-06, 2.5845e-06], [5.458e-07, 2.7692e-06, 6.7337e-06, 2.823e-06, 0.0569857065, 2.0125e-06], [6.2609e-06, 2.722e-07, 3.2019e-06, 2.5845e-06, 2.0125e-06, 0.0553705626]]",0.34995298032407407,3.0887936139997691,26.573565477000102,73.544972904000133,107,140,119,0.19557979598446945,0.004834687447233507,0.004834687447233507,0.004834687447233507,0.13672180554629929,0.055790524357252312,0.055790524357252333,0.055790524357252284,0.055790524357251729,0.13672180554630123,-2.0448441346894744e-07,"[[0.1367218055, 0.0646167763, 0.0646167763, 3.1663e-06, 6.261e-07, 6.9075e-06], [0.0646167763, 0.1367218055, 0.0646167763, 6.9075e-06, 3.1663e-06, 6.261e-07], [0.0646167763, 0.0646167763, 0.1367218055, 6.261e-07, 6.9075e-06, 3.1663e-06], [3.1663e-06, 6.9075e-06, 6.261e-07, 0.0557905244, 2.7356e-06, 2.7356e-06], [6.261e-07, 3.1663e-06, 6.9075e-06, 2.7356e-06, 0.0557905244, 2.7356e-06], [6.9075e-06, 6.261e-07, 3.1663e-06, 2.7356e-06, 2.7356e-06, 0.0557905244]]",0.34995298032407407,0.50555427200015401,5.6908394859997316,10.651893956000094,97,116,104,"{""params"": {""w"": 0.0, ""rho"": 0.35, ""N"": 4.0, ""phase"": 0.0, ""gradient"": 0.0, ""a_z"": 1.0, ""wall"": 0.5, ""n"": 48, ""kind"": ""network"", ""k_s"": 130.0, ""k_f"": 0.4, ""E"": 70000000000.0, ""nu"": 0.33, ""tol"": 1e-08, ""preconditioner"": ""two_level""}, ""params_json"": ""{\""E\"": 70000000000.0, \""N\"": 4.0, \""a_z\"": 1.0, \""gradient\"": 0.0, \""k_f\"": 0.4, \""k_s\"": 130.0, \""kind\"": \""network\"", \""n\"": 48, \""nu\"": 0.33, \""phase\"": 0.0, \""preconditioner\"": \""two_level\"", \""rho\"": 0.35, \""tol\"": 1e-08, \""w\"": 0.0, \""wall\"": 0.5}"", ""voxlat_version"": ""0.1.0"", ""git_hash"": ""0977f9f913f3+dirty"", ""resolution"": 48, ""wall_time_s"": 103.27440105799997, ""timestamp_utc"": ""2026-10-09T16:28:46+00:00"", ""python"": ""3.13.16"", ""numpy"": ""2.5.3"", ""platform"": ""Linux-6.18.44-fc-v80-x86_64-with-glibc2.39"", ""extra"": {}}",convergence
G-r0.350-N4-p0.0000-g0.000-az1.5000-tw0.500-n32,0,0.34999999999999998,4,0,0,1.5,0.5,32,network,G,95c011af0755,ok,,128,16,4,4.5,0.34999593098958331,0.34993489583333337,0.35009765625000006,-0.0091949820692664996,-0.074976794513808231,-0.088099081458415274,-0.066079079121469042,0.0065707863826842683,0.010789316244661729,0.019948566873594364,0.0057646018121260134,0.0035093693367838075,0.02946578568778202,45.602974753000126,0.16279918894458126,0.0060356038309822037,0.0048084698347535199,0.0072627378272108866,0.10528322771769091,0.047838220515912667,0.034200808526202643,0.061475632505622685,0.061338542791965003,0.15841967805235246,1.1772033680682248e-06,"[[0.1052832277, 0.0386143651, 0.0664014238, -8.6921e-06, -4.31632e-05, 7.4789e-06], [0.0386143651, 0.1081872434, 0.0663264635, -2.27463e-05, -4.48188e-05, 1.17231e-05], [0.0664014238, 0.0663264635, 0.2086521127, -1.20341e-05, -3.73767e-05, 7.4109e-06], [-8.6921e-06, -2.27463e-05, -1.20341e-05, 0.0613385428, 1.40977e-05, -3.43714e-05], [-4.31632e-05, -4.48188e-05, -3.73767e-05, 1.40977e-05, 0.0614756325, -1.03448e-05], [7.4789e-06, 1.17231e-05, 7.4109e-06, -3.43714e-05, -1.03448e-05, 0.0342008085]]",0.34999593098958331,1.1991434469991873,12.302349408999362,32.067897828999776,109,150,142,0.16431001660102859,0.0065248134265019795,0.005273017865190628,0.0077766089878133311,0.10459595007326558,0.047327588199728682,0.033531895270990916,0.06112328112846644,0.061124035974376052,0.15388532601548571,1.2651197570695994e-06,"[[0.1045959501, 0.039461808, 0.0674084764, -1.06641e-05, -4.49068e-05, 9.2174e-06], [0.039461808, 0.1046145535, 0.0674140283, -2.29282e-05, -4.77411e-05, 1.18061e-05], [0.0674084764, 0.0674140283, 0.2031560985, -1.44961e-05, -3.99941e-05, 9.4955e-06], [-1.06641e-05, -2.29282e-05, -1.44961e-05, 0.061124036, 1.56184e-05, -3.52417e-05], [-4.49068e-05, -4.77411e-05, -3.99941e-05, 1.56184e-05, 0.0611232811, -1.16171e-05], [9.2174e-06, 1.18061e-05, 9.4955e-06, -3.52417e-05, -1.16171e-05, 0.0335318953]]",0.34999593098958331,0.22246829699997761,2.348082869999871,4.6712317460001032,97,127,107,"{""params"": {""w"": 0.0, ""rho"": 0.35, ""N"": 4.0, ""phase"": 0.0, ""gradient"": 0.0, ""a_z"": 1.5, ""wall"": 0.5, ""n"": 32, ""kind"": ""network"", ""k_s"": 130.0, ""k_f"": 0.4, ""E"": 70000000000.0, ""nu"": 0.33, ""tol"": 1e-08, ""preconditioner"": ""two_level""}, ""params_json"": ""{\""E\"": 70000000000.0, \""N\"": 4.0, \""a_z\"": 1.5, \""gradient\"": 0.0, \""k_f\"": 0.4, \""k_s\"": 130.0, \""kind\"": \""network\"", \""n\"": 32, \""nu\"": 0.33, \""phase\"": 0.0, \""preconditioner\"": \""two_level\"", \""rho\"": 0.35, \""tol\"": 1e-08, \""w\"": 0.0, \""wall\"": 0.5}"", ""voxlat_version"": ""0.1.0"", ""git_hash"": ""0977f9f913f3+dirty"", ""resolution"": 32, ""wall_time_s"": 45.602974753000126, ""timestamp_utc"": ""2026-10-09T16:59:04+00:00"", ""python"": ""3.13.16"", ""numpy"": ""2.5.3"", ""platform"": ""Linux-6.18.44-fc-v80-x86_64-with-glibc2.39"", ""extra"": {}}",stretch
G-r0.350-N4-p0.0000-g0.025-az1.0000-tw0.500-n32,0,0.34999999999999998,4,0,0.025000000000000001,1,0.5,32,network,G,95c011af0755,ok,,128,16,4,4.5,0.349609375,0.30029296875,0.39990234375,-0.0068115448735874828,-0.065059349775813513,-0.087199389023722151,-0.042919210364925076,0.0053657956635995152,0.0084767709972848326,-0.0067285222857901283,0.023682053130303693,0.011423583808841231,0.023541572867343152,29.56302184300057,0.18760268348885081,0.0045718920857847753,0.0044636366256754524,0.0046801475458940981,0.13490913784883893,0.054516800332261348,0.053694804411411938,0.05533879625311075,0.055826210732998864,0.14014256703575736,4.0864641615386482e-06,"[[0.1349091378, 0.0610616263, 0.0630409289, 0.0001898919, 0.0, 0.0], [0.0610616263, 0.1376841471, 0.0629685049, 0.0001987521, 0.0, 0.0], [0.0630409289, 0.0629685049, 0.142600987, 0.0002935494, 0.0, 0.0], [0.0001898919, 0.0001987521, 0.0002935494, 0.0558262107, -0.0, 0.0], [0.0, 0.0, 0.0, -0.0, 0.0553387963, 0.0002342329], [0.0, 0.0, 0.0, 0.0, 0.0002342329, 0.0536948044]]",0.349609375,0.72601757000029465,7.8410128479999912,20.902996949000226,110,154,137,0.18888931151034458,0.0048900345542666219,0.0048900456156590532,0.0048900234928741914,0.13418910652295576,0.054058558312998689,0.054058538492395267,0.054058578133602112,0.055195678276323448,0.1369192720166342,-6.7734939826716531e-07,"[[0.1341891065, 0.0629594884, 0.062959525, 1.36899e-05, 7.6207e-06, 1.0653e-05], [0.0629594884, 0.1369194087, 0.0636540681, 8.1271e-06, 1.39658e-05, 7.0595e-06], [0.062959525, 0.0636540681, 0.1369191353, 6.5652e-06, 9.183e-06, 1.4215e-05], [1.36899e-05, 8.1271e-06, 6.5652e-06, 0.0551956783, 9.4514e-06, 9.4508e-06], [7.6207e-06, 1.39658e-05, 9.183e-06, 9.4514e-06, 0.0540585781, 1.15213e-05], [1.0653e-05, 7.0595e-06, 1.4215e-05, 9.4508e-06, 1.15213e-05, 0.0540585385]]",0.34999999999999998,,,,,,,"{""params"": {""w"": 0.0, ""rho"": 0.35, ""N"": 4.0, ""phase"": 0.0, ""gradient"": 0.025, ""a_z"": 1.0, ""wall"": 0.5, ""n"": 32, ""kind"": ""network"", ""k_s"": 130.0, ""k_f"": 0.4, ""E"": 70000000000.0, ""nu"": 0.33, ""tol"": 1e-08, ""preconditioner"": ""two_level""}, ""params_json"": ""{\""E\"": 70000000000.0, \""N\"": 4.0, \""a_z\"": 1.0, \""gradient\"": 0.025, \""k_f\"": 0.4, \""k_s\"": 130.0, \""kind\"": \""network\"", \""n\"": 32, \""nu\"": 0.33, \""phase\"": 0.0, \""preconditioner\"": \""two_level\"", \""rho\"": 0.35, \""tol\"": 1e-08, \""w\"": 0.0, \""wall\"": 0.5}"", ""voxlat_version"": ""0.1.0"", ""git_hash"": ""0977f9f913f3+dirty"", ""resolution"": 32, ""wall_time_s"": 29.56302184300057, ""timestamp_utc"": ""2026-10-09T17:14:59+00:00"", ""python"": ""3.13.16"", ""numpy"": ""2.5.3"", ""platform"": ""Linux-6.18.44-fc-v80-x86_64-with-glibc2.39"", ""extra"": {}}",graded
G-r0.350-N4-p0.0000-g0.050-az1.0000-tw0.500-n32,0,0.34999999999999998,4,0,0.050000000000000003,1,0.5,32,network,G,95c011af0755,ok,,128,16,4,4.5,0.349884033203125,0.25244140625,0.447265625,-0.0040460131794386456,-0.071817560208022324,-0.093642499689122749,-0.049993802908962048,0.015165379176018012,0.016837484573007044,-0.0021982703989836816,0.035873296082330031,0.011785139220947816,0.025171574911899031,29.763528337000025,0.18199528166459195,0.0046707520945440759,0.0045608022246517114,0.0047807019644364413,0.12916343489457169,0.052149729674150956,0.051173534148867765,0.053125925199434147,0.056515699172055775,0.14150190287394626,1.0016041195625929e-05,"[[0.1291634349, 0.058853086, 0.0607404241, 0.0003178813, 0.0, 0.0], [0.058853086, 0.1392257258, 0.0625752341, 0.0004042238, 0.0, 0.0], [0.0607404241, 0.0625752341, 0.14377808, 0.0005461219, 0.0, 0.0], [0.0003178813, 0.0004042238, 0.0005461219, 0.0565156992, -0.0, -0.0], [0.0, 0.0, 0.0, -0.0, 0.0531259252, 0.0004229373], [0.0, 0.0, 0.0, -0.0, 0.0004229373, 0.0511735341]]",0.349884033203125,0.80606598800022766,7.1868454039995413,21.671557763000237,115,155,142,0.18273462837935467,0.0050321487396280361,0.0050320124488266197,0.0050322850304294515,0.12723388478772801,0.051286199088195296,0.051286275249623141,0.051286122926767444,0.055857411797500423,0.13802753249972488,-1.6494405856913271e-07,"[[0.1272338848, 0.060472813, 0.0604724323, 1.7275e-06, -9.4368e-06, 4.5033e-06], [0.060472813, 0.1380280357, 0.0632750871, 4.7948e-06, 4.358e-06, -4.062e-06], [0.0604724323, 0.0632750871, 0.1380270293, -6.6489e-06, 3.3972e-06, 4.0597e-06], [1.7275e-06, 4.7948e-06, -6.6489e-06, 0.0558574118, 1.6235e-06, 2.4482e-06], [-9.4368e-06, 4.358e-06, 3.3972e-06, 1.6235e-06, 0.0512861229, 1.2968e-06], [4.5033e-06, -4.062e-06, 4.0597e-06, 2.4482e-06, 1.2968e-06, 0.0512862752]]",0.34999999999999998,,,,,,,"{""params"": {""w"": 0.0, ""rho"": 0.35, ""N"": 4.0, ""phase"": 0.0, ""gradient"": 0.05, ""a_z"": 1.0, ""wall"": 0.5, ""n"": 32, ""kind"": ""network"", ""k_s"": 130.0, ""k_f"": 0.4, ""E"": 70000000000.0, ""nu"": 0.33, ""tol"": 1e-08, ""preconditioner"": ""two_level""}, ""params_json"": ""{\""E\"": 70000000000.0, \""N\"": 4.0, \""a_z\"": 1.0, \""gradient\"": 0.05, \""k_f\"": 0.4, \""k_s\"": 130.0, \""kind\"": \""network\"", \""n\"": 32, \""nu\"": 0.33, \""phase\"": 0.0, \""preconditioner\"": \""two_level\"", \""rho\"": 0.35, \""tol\"": 1e-08, \""w\"": 0.0, \""wall\"": 0.5}"", ""voxlat_version"": ""0.1.0"", ""git_hash"": ""0977f9f913f3+dirty"", ""resolution"": 32, ""wall_time_s"": 29.763528337000025, ""timestamp_utc"": ""2026-10-09T17:15:38+00:00"", ""python"": ""3.13.16"", ""numpy"": ""2.5.3"", ""platform"": ""Linux-6.18.44-fc-v80-x86_64-with-glibc2.39"", ""extra"": {}}",graded
G-r0.350-N4-p0.0000-g0.075-az1.0000-tw0.500-n32,0,0.34999999999999998,4,0,0.074999999999999997,1,0.5,32,network,G,95c011af0755,ok,,128,16,4,4.5,0.349822998046875,0.203125,0.49462890625,0.00040524344474301977,-0.081033507008496208,-0.10129380632089469,-0.060775158754312164,0.027306266804670631,0.024799078138121988,-0.0025989016511978047,0.052196835290821753,0.0083598014658310404,0.023634175511548561,31.256803269000557,0.17293628600405775,0.0048596022546932936,0.0047522345821004635,0.0049669699272861228,0.12002380319145371,0.047706523943377294,0.046430902471908092,0.048982145414846495,0.057446546797998085,0.14402328865659372,2.9881490147452886e-06,"[[0.1200238032, 0.0550172019, 0.0569825437, 0.000349588, 0.0, 0.0], [0.0550172019, 0.1416198614, 0.0619474428, 0.0004758837, 0.0, 0.0], [0.0569825437, 0.0619474428, 0.1464267159, 0.0007369704, 0.0, 0.0], [0.000349588, 0.0004758837, 0.0007369704, 0.0574465468, -0.0, -0.0], [0.0, 0.0, 0.0, -0.0, 0.0489821454, 0.0006586207], [0.0, 0.0, 0.0, -0.0, 0.0006586207, 0.0464309025]]",0.349822998046875,0.87646238999968773,7.8907533530000364,22.432729776000087,121,157,146,0.17286623309627808,0.0052881169136797055,0.005287862279713308,0.0052883715476461021,0.11683351603098389,0.046552075388330345,0.046551886245939034,0.04655226453072165,0.056970286513295429,0.14069800725891149,9.7949056894110632e-09,"[[0.116833516, 0.0562415362, 0.0562391404, 4.561e-07, -5.7441e-06, 7.7801e-06], [0.0562415362, 0.140701093, 0.0625128765, 1.1026e-06, 4.7703e-06, 1.3272e-06], [0.0562391404, 0.0625128765, 0.1406949216, -7.122e-06, 2.815e-06, 8.1821e-06], [4.561e-07, 1.1026e-06, -7.122e-06, 0.0569702865, 6.7652e-06, 2.4218e-06], [-5.7441e-06, 4.7703e-06, 2.815e-06, 6.7652e-06, 0.0465522645, 1.111e-06], [7.7801e-06, 1.3272e-06, 8.1821e-06, 2.4218e-06, 1.111e-06, 0.0465518862]]",0.34999999999999998,,,,,,,"{""params"": {""w"": 0.0, ""rho"": 0.35, ""N"": 4.0, ""phase"": 0.0, ""gradient"": 0.075, ""a_z"": 1.0, ""wall"": 0.5, ""n"": 32, ""kind"": ""network"", ""k_s"": 130.0, ""k_f"": 0.4, ""E"": 70000000000.0, ""nu"": 0.33, ""tol"": 1e-08, ""preconditioner"": ""two_level""}, ""params_json"": ""{\""E\"": 70000000000.0, \""N\"": 4.0, \""a_z\"": 1.0, \""gradient\"": 0.075, \""k_f\"": 0.4, \""k_s\"": 130.0, \""kind\"": \""network\"", \""n\"": 32, \""nu\"": 0.33, \""phase\"": 0.0, \""preconditioner\"": \""two_level\"", \""rho\"": 0.35, \""tol\"": 1e-08, \""w\"": 0.0, \""wall\"": 0.5}"", ""voxlat_version"": ""0.1.0"", ""git_hash"": ""0977f9f913f3+dirty"", ""resolution"": 32, ""wall_time_s"": 31.256803269000557, ""timestamp_utc"": ""2026-10-09T17:16:32+00:00"", ""python"": ""3.13.16"", ""numpy"": ""2.5.3"", ""platform"": ""Linux-6.18.44-fc-v80-x86_64-with-glibc2.39"", ""extra"": {}}",graded
G-r0.350-N4-p0.1250-g0.000-az1.0000-tw0.500-n32,0,0.34999999999999998,4,0.125,0,1,0.5,32,network,G,95c011af0755,ok,,128,16,4,4.5,0.350067138671875,0.349853515625,0.35009765625,-0.0075961417425651767,-0.067067188609513329,-0.067079614744931959,-0.067054761250053829,0.0094288277711465085,0.0055062210041785242,0.0054967625201141068,0.0055156797967517157,0.0097145510278984215,0.030882825657202684,29.467496175000633,0.18830938416976889,0.0045148885324690037,0.0045150507531312809,0.0045147263118067264,0.13548363102595204,0.055340926983068355,0.055341308917018543,0.055340545049118173,0.055572993015282998,0.13835623328778665,-3.0363296682629471e-06,"[[0.135483631, 0.0626848443, 0.0626836748, 0.0001639539, 1.9523e-06, 9.68e-07], [0.0626848443, 0.1383565001, 0.0630588821, 0.0009930111, 5.3102e-06, -2.7597e-06], [0.0626836748, 0.0630588821, 0.1383559665, 0.0009914028, 4.7376e-06, -9.834e-07], [0.0001639539, 0.0009930111, 0.0009914028, 0.055572993, -2.2769e-06, 1.8317e-06], [1.9523e-06, 5.3102e-06, 4.7376e-06, -2.2769e-06, 0.055340545, -3.68403e-05], [9.68e-07, -2.7597e-06, -9.834e-07, 1.8317e-06, -3.68403e-05, 0.0553413089]]",0.350067138671875,0.66542249899976014,8.2781825010006287,20.488238274999276,96,159,128,0.18975075782194351,0.0048394573299869285,0.004839695674456539,0.0048392189855173181,0.1342181115682069,0.05503787627271018,0.055038773847779027,0.055036978697641334,0.055038320442851091,0.1342114058400212,-1.4539907395359715e-07,"[[0.1342181116, 0.0639318466, 0.0639300519, 1.2876e-06, 2.3019e-06, 1.347e-07], [0.0639318466, 0.1342123601, 0.0639267488, 4.3504e-06, 6.1753e-06, -3.2135e-06], [0.0639300519, 0.0639267488, 0.1342104516, 2.5731e-06, 5.6801e-06, -1.1184e-06], [1.2876e-06, 4.3504e-06, 2.5731e-06, 0.0550383204, -2.5591e-06, 1.9887e-06], [2.3019e-06, 6.1753e-06, 5.6801e-06, -2.5591e-06, 0.0550369787, 1.9994e-06], [1.347e-07, -3.2135e-06, -1.1184e-06, 1.9887e-06, 1.9994e-06, 0.0550387738]]",0.350067138671875,0.12921501599976182,1.3383375419998629,3.4123065330004465,79,123,105,"{""params"": {""w"": 0.0, ""rho"": 0.35, ""N"": 4.0, ""phase"": 0.125, ""gradient"": 0.0, ""a_z"": 1.0, ""wall"": 0.5, ""n"": 32, ""kind"": ""network"", ""k_s"": 130.0, ""k_f"": 0.4, ""E"": 70000000000.0, ""nu"": 0.33, ""tol"": 1e-08, ""preconditioner"": ""two_level""}, ""params_json"": ""{\""E\"": 70000000000.0, \""N\"": 4.0, \""a_z\"": 1.0, \""gradient\"": 0.0, \""k_f\"": 0.4, \""k_s\"": 130.0, \""kind\"": \""network\"", \""n\"": 32, \""nu\"": 0.33, \""phase\"": 0.125, \""preconditioner\"": \""two_level\"", \""rho\"": 0.35, \""tol\"": 1e-08, \""w\"": 0.0, \""wall\"": 0.5}"", ""voxlat_version"": ""0.1.0"", ""git_hash"": ""0977f9f913f3+dirty"", ""resolution"": 32, ""wall_time_s"": 29.467496175000633, ""timestamp_utc"": ""2026-10-09T17:57:19+00:00"", ""python"": ""3.13.16"", ""numpy"": ""2.5.3"", ""platform"": ""Linux-6.18.44-fc-v80-x86_64-with-glibc2.39"", ""extra"": {}}",uniform
G-r0.350-N4-p0.3333-g0.000-az0.7500-tw0.500-n32,0,0.34999999999999998,4,0.33333333333333331,0,0.75,0.5,32,network,G,95c011af0755,ok,,128,16,4,4.5,0.35001627604166669,0.33463541666666669,0.36328125,-0.0082562583449607985,-0.060807327889545015,-0.051891452253069348,-0.0720704123373207,0.0037055065498772244,0.0037414980253156482,0.0017308467181511578,0.006825960937149933,0.019182019789192983,0.0320347046627667,24.036515115999464,0.20248976483213182,0.0035314823711833938,0.0039796874360135889,0.0030832773063531986,0.15417286752207521,0.05758544971850308,0.069582103667429882,0.045588795769576272,0.046167114001579725,0.13202726858445749,2.0630043801716605e-05,"[[0.1541728675, 0.0768585408, 0.0515145132, -0.0002075763, 0.0, 0.0], [0.0768585408, 0.1621374145, 0.0529947101, -0.0009175756, 0.0, 0.0], [0.0515145132, 0.0529947101, 0.1019171227, -0.0006657462, 0.0, 0.0], [-0.0002075763, -0.0009175756, -0.0006657462, 0.046167114, 0.0, 0.0], [0.0, 0.0, 0.0, 0.0, 0.0455887958, 0.0002970881], [0.0, 0.0, 0.0, 0.0, 0.0002970881, 0.0695821037]]",0.35001627604166669,0.69608980599969073,7.4293506860003617,15.878446325999903,105,162,134,0.20417549042882124,0.0037601255589524759,0.0041975019057373247,0.0033227492121676271,0.15360368804992094,0.057370796994836111,0.069461875807651591,0.045279718182020645,0.045298202975685251,0.12792909772118508,1.2874539730470684e-05,"[[0.153603688, 0.0784053654, 0.0528961954, -2.49786e-05, -2.4735e-06, -3.4975e-06], [0.0784053654, 0.1574899977, 0.0533358863, 7.19413e-05, -6.4224e-06, -1.27209e-05], [0.0528961954, 0.0533358863, 0.0983681978, 0.0002038121, -4.355e-06, -6.8641e-06], [-2.49786e-05, 7.19413e-05, 0.0002038121, 0.045298203, -3.4027e-06, -4.4369e-06], [-2.4735e-06, -6.4224e-06, -4.355e-06, -3.4027e-06, 0.0452797182, 0.0001814608], [-3.4975e-06, -1.27209e-05, -6.8641e-06, -4.4369e-06, 0.0001814608, 0.0694618758]]",0.3499755859375,0.13719512299985581,1.0102029679997031,2.5439987909999218,98,129,111,"{""params"": {""w"": 0.0, ""rho"": 0.35, ""N"": 4.0, ""phase"": 0.3333333333333333, ""gradient"": 0.0, ""a_z"": 0.75, ""wall"": 0.5, ""n"": 32, ""kind"": ""network"", ""k_s"": 130.0, ""k_f"": 0.4, ""E"": 70000000000.0, ""nu"": 0.33, ""tol"": 1e-08, ""preconditioner"": ""two_level""}, ""params_json"": ""{\""E\"": 70000000000.0, \""N\"": 4.0, \""a_z\"": 0.75, \""gradient\"": 0.0, \""k_f\"": 0.4, \""k_s\"": 130.0, \""kind\"": \""network\"", \""n\"": 32, \""nu\"": 0.33, \""phase\"": 0.3333333333333333, \""preconditioner\"": \""two_level\"", \""rho\"": 0.35, \""tol\"": 1e-08, \""w\"": 0.0, \""wall\"": 0.5}"", ""voxlat_version"": ""0.1.0"", ""git_hash"": ""0977f9f913f3+dirty"", ""resolution"": 32, ""wall_time_s"": 24.036515115999464, ""timestamp_utc"": ""2026-10-09T17:27:08+00:00"", ""python"": ""3.13.16"", ""numpy"": ""2.5.3"", ""platform"": ""Linux-6.18.44-fc-v80-x86_64-with-glibc2.39"", ""extra"": {}}",stretch
G-r0.350-N4-p0.3333-g0.000-az1.0000-tw0.500-n32,0,0.34999999999999998,4,0.33333333333333331,0,1,0.5,32,network,G,95c011af0755,ok,,128,16,4,4.5,0.350006103515625,0.336181640625,0.36376953125,-0.0052056055960338909,-0.066723125090936586,-0.054998073222287114,-0.078447168079892604,0.0095858309629044403,0.0077903968333303819,0.016981275521314565,-0.0013999231517727306,0.0095407588871663229,0.029186215747506017,30.40464022300057,0.18858992972665856,0.0045279302840483451,0.0045846188426953913,0.0044712417254012989,0.13628126944138116,0.055529229783196174,0.056033943783796919,0.055024515782595443,0.055910464883166013,0.13964683116630183,1.4926881760718483e-06,"[[0.1362812694, 0.0634336848, 0.0621966849, -9.42824e-05, -1.44858e-05, 3.28247e-05], [0.0634336848, 0.1409640672, 0.0633133599, -0.0007561802, -1.73373e-05, 1.62359e-05], [0.0621966849, 0.0633133599, 0.1383295951, -0.0010569372, 3.757e-07, 2.32866e-05], [-9.42824e-05, -0.0007561802, -0.0010569372, 0.0559104649, 3.46111e-05, -8.6905e-06], [-1.44858e-05, -1.73373e-05, 3.757e-07, 3.46111e-05, 0.0550245158, 0.0001206243], [3.28247e-05, 1.62359e-05, 2.32866e-05, -8.6905e-06, 0.0001206243, 0.0560339438]]",0.350006103515625,0.71026064099987707,7.9798748749999504,21.690268574999209,106,175,135,0.1895767917345903,0.004851647357585644,0.0048514386191022057,0.0048518560960690814,0.13498730396344932,0.055099979080649709,0.055098304297759436,0.055101653863539983,0.055382077831901563,0.13568665128776064,1.6103168396071628e-07,"[[0.134987304, 0.0639146221, 0.0639113326, -1.69181e-05, -2.23314e-05, 6.50185e-05], [0.0639146221, 0.1356915169, 0.0641928648, 0.0001076454, -2.39443e-05, 3.43802e-05], [0.0639113326, 0.0641928648, 0.1356817856, -0.0001255585, -4.323e-06, 3.83566e-05], [-1.69181e-05, 0.0001076454, -0.0001255585, 0.0553820778, 6.50474e-05, -1.27458e-05], [-2.23314e-05, -2.39443e-05, -4.323e-06, 6.50474e-05, 0.0551016539, -1.77429e-05], [6.50185e-05, 3.43802e-05, 3.83566e-05, -1.27458e-05, -1.77429e-05, 0.0550983043]]",0.350006103515625,0.12424490500006868,1.2457930730001863,3.3683650420002778,90,123,108,"{""params"": {""w"": 0.0, ""rho"": 0.35, ""N"": 4.0, ""phase"": 0.3333333333333333, ""gradient"": 0.0, ""a_z"": 1.0, ""wall"": 0.5, ""n"": 32, ""kind"": ""network"", ""k_s"": 130.0, ""k_f"": 0.4, ""E"": 70000000000.0, ""nu"": 0.33, ""tol"": 1e-08, ""preconditioner"": ""two_level""}, ""params_json"": ""{\""E\"": 70000000000.0, \""N\"": 4.0, \""a_z\"": 1.0, \""gradient\"": 0.0, \""k_f\"": 0.4, \""k_s\"": 130.0, \""kind\"": \""network\"", \""n\"": 32, \""nu\"": 0.33, \""phase\"": 0.3333333333333333, \""preconditioner\"": \""two_level\"", \""rho\"": 0.35, \""tol\"": 1e-08, \""w\"": 0.0, \""wall\"": 0.5}"", ""voxlat_version"": ""0.1.0"", ""git_hash"": ""0977f9f913f3+dirty"", ""resolution"": 32, ""wall_time_s"": 30.40464022300057, ""timestamp_utc"": ""2026-10-09T17:11:29+00:00"", ""python"": ""3.13.16"", ""numpy"": ""2.5.3"", ""platform"": ""Linux-6.18.44-fc-v80-x86_64-with-glibc2.39"", ""extra"": {}}",uniform
G-r0.350-N4-p0.3333-g0.000-az1.5000-tw0.500-n32,0,0.34999999999999998,4,0.33333333333333331,0,1.5,0.5,32,network,G,95c011af0755,ok,,128,16,4,4.5,0.35001627604166669,0.33430989583333331,0.3642578125,0.0021404065114687398,-0.073310308378212952,-0.056564479059867279,-0.084518001282486543,0.017312920485943017,0.015809269448557206,0.048990964003769344,-0.0024039048635903226,0.0097692648924783132,0.022435815242167978,43.242943432999709,0.16451357981324549,0.0060266617023420638,0.0049199918753147828,0.0071333315293693441,0.10702723882959404,0.048207062904284628,0.035283050419744097,0.06113107538882516,0.062088462986286383,0.15815036869021051,-2.6366000023121219e-05,"[[0.1070272388, 0.0406020294, 0.0669546601, 0.0001342148, 0.0, 0.0], [0.0406020294, 0.111614104, 0.0675202637, -0.0004928782, 0.0, 0.0], [0.0669546601, 0.0675202637, 0.2046866334, -0.0006203292, 0.0, 0.0], [0.0001342148, -0.0004928782, -0.0006203292, 0.062088463, -0.0, 0.0], [0.0, 0.0, 0.0, -0.0, 0.0611310754, 6.28805e-05], [0.0, 0.0, 0.0, 0.0, 6.28805e-05, 0.0352830504]]",0.35001627604166669,1.1652635810005449,13.644900090999727,28.397364236999238,109,178,132,0.16416220595867445,0.0065034301739073895,0.0052149741727044738,0.0077918861751103061,0.10520581885313125,0.047456805479294692,0.033635228167339402,0.061278382791249988,0.061487772647643074,0.15467999685902237,-2.8801223793772568e-06,"[[0.1052058189, 0.0397264996, 0.0678240376, 5.36393e-05, 3.912e-07, -2.777e-07], [0.0397264996, 0.1051657468, 0.0680479871, 2.27573e-05, 9.842e-07, -7.674e-07], [0.0678240376, 0.0680479871, 0.2041942469, 4.14268e-05, 6.7742e-06, -5.724e-06], [5.36393e-05, 2.27573e-05, 4.14268e-05, 0.0614877726, -6.3808e-06, 5.4481e-06], [3.912e-07, 9.842e-07, 6.7742e-06, -6.3808e-06, 0.0612783828, 3.134e-07], [-2.777e-07, -7.674e-07, -5.724e-06, 5.4481e-06, 3.134e-07, 0.0336352282]]",0.34999593098958331,0.26982929199994032,2.3860168510000221,4.7005961509998997,101,123,105,"{""params"": {""w"": 0.0, ""rho"": 0.35, ""N"": 4.0, ""phase"": 0.3333333333333333, ""gradient"": 0.0, ""a_z"": 1.5, ""wall"": 0.5, ""n"": 32, ""kind"": ""network"", ""k_s"": 130.0, ""k_f"": 0.4, ""E"": 70000000000.0, ""nu"": 0.33, ""tol"": 1e-08, ""preconditioner"": ""two_level""}, ""params_json"": ""{\""E\"": 70000000000.0, \""N\"": 4.0, \""a_z\"": 1.5, \""gradient\"": 0.0, \""k_f\"": 0.4, \""k_s\"": 130.0, \""kind\"": \""network\"", \""n\"": 32, \""nu\"": 0.33, \""phase\"": 0.3333333333333333, \""preconditioner\"": \""two_level\"", \""rho\"": 0.35, \""tol\"": 1e-08, \""w\"": 0.0, \""wall\"": 0.5}"", ""voxlat_version"": ""0.1.0"", ""git_hash"": ""0977f9f913f3+dirty"", ""resolution"": 32, ""wall_time_s"": 43.24294343299971, ""timestamp_utc"": ""2026-10-09T16:59:44+00:00"", ""python"": ""3.13.16"", ""numpy"": ""2.5.3"", ""platform"": ""Linux-6.18.44-fc-v80-x86_64-with-glibc2.39"", ""extra"": {}}",stretch
G-r0.350-N4-p0.3333-g0.025-az1.0000-tw0.500-n32,0,0.34999999999999998,4,0.33333333333333331,0.025000000000000001,1,0.5,32,network,G,95c011af0755,ok,,128,16,4,4.5,0.35003662109375,0.28662109375,0.4130859375,-0.0077428560551213721,-0.068084508820041467,-0.058702807378486432,-0.07746602462131702,0.0072028049229979629,0.0084705159781437445,0.018289277832125528,-0.0013480325274375371,0.010263323626019227,0.029309863254227908,29.940237607999734,0.18756716996697625,0.0045568979208951334,0.0046027272022038084,0.0045110686395864585,0.13488737607119819,0.054487606420718253,0.055017515841713424,0.053957696999723088,0.055690363187556262,0.14032117421481044,6.3940926797195752e-07,"[[0.1348873761, 0.0625265427, 0.061306466, -0.00010632, 0.0, 0.0], [0.0625265427, 0.1409855831, 0.0628181139, -0.0009830141, 0.0, 0.0], [0.061306466, 0.0628181139, 0.1396567654, -0.0008821368, 0.0, 0.0], [-0.00010632, -0.0009830141, -0.0008821368, 0.0556903632, 0.0, 0.0], [0.0, 0.0, 0.0, 0.0, 0.053957697, 9.0709e-06], [0.0, 0.0, 0.0, 0.0, 9.0709e-06, 0.0550175158]]",0.35003662109375,0.88363762599965412,7.8688980879996961,21.072022228000606,110,163,139,0.18903080830567032,0.004889818834458208,0.0048897704553704331,0.0048898672135459821,0.13392275658079658,0.054029944909067769,0.054029357903917323,0.054030531914218208,0.055124601561970389,0.13632549266668467,1.1563624524794548e-07,"[[0.1339227566, 0.0630408929, 0.0630428682, -3.854e-06, -5.9164e-06, 1.72618e-05], [0.0630408929, 0.1363213248, 0.0636842678, -3.26293e-05, -4.8202e-06, 1.05443e-05], [0.0630428682, 0.0636842678, 0.1363296605, 2.85314e-05, -3.05e-07, 1.03816e-05], [-3.854e-06, -3.26293e-05, 2.85314e-05, 0.0551246016, 1.71845e-05, -2.5784e-06], [-5.9164e-06, -4.8202e-06, -3.05e-07, 1.71845e-05, 0.0540305319, -4.7584e-06], [1.72618e-05, 1.05443e-05, 1.03816e-05, -2.5784e-06, -4.7584e-06, 0.0540293579]]",0.34999999999999998,,,,,,,"{""params"": {""w"": 0.0, ""rho"": 0.35, ""N"": 4.0, ""phase"": 0.3333333333333333, ""gradient"": 0.025, ""a_z"": 1.0, ""wall"": 0.5, ""n"": 32, ""kind"": ""network"", ""k_s"": 130.0, ""k_f"": 0.4, ""E"": 70000000000.0, ""nu"": 0.33, ""tol"": 1e-08, ""preconditioner"": ""two_level""}, ""params_json"": ""{\""E\"": 70000000000.0, \""N\"": 4.0, \""a_z\"": 1.0, \""gradient\"": 0.025, \""k_f\"": 0.4, \""k_s\"": 130.0, \""kind\"": \""network\"", \""n\"": 32, \""nu\"": 0.33, \""phase\"": 0.3333333333333333, \""preconditioner\"": \""two_level\"", \""rho\"": 0.35, \""tol\"": 1e-08, \""w\"": 0.0, \""wall\"": 0.5}"", ""voxlat_version"": ""0.1.0"", ""git_hash"": ""0977f9f913f3+dirty"", ""resolution"": 32, ""wall_time_s"": 29.940237607999734, ""timestamp_utc"": ""2026-10-09T17:15:08+00:00"", ""python"": ""3.13.16"", ""numpy"": ""2.5.3"", ""platform"": ""Linux-6.18.44-fc-v80-x86_64-with-glibc2.39"", ""extra"": {}}",graded
G-r0.350-N4-p0.3333-g0.050-az1.0000-tw0.500-n32,0,0.34999999999999998,4,0.33333333333333331,0.050000000000000003,1,0.5,32,network,G,95c011af0755,ok,,128,16,4,4.5,0.34967041015625,0.23876953125,0.453125,-0.0081508008424873157,-0.071801373212940778,-0.065253689919690494,-0.078348691170471385,0.010720320320330545,0.010839919769320527,0.022906469380507444,-0.0012263927171973776,0.0089473498600207702,0.027951575755709612,32.0808014739996,0.18109980716231133,0.0046721637881206295,0.0047049908205134801,0.0046393367557277798,0.12807016367632723,0.051728033827347357,0.052345004885093763,0.051111062769600944,0.056310705579138191,0.1415346035605354,2.6354802001465407e-06,"[[0.1280701637, 0.0600272554, 0.0587118336, -0.0002647704, 0.0, 0.0], [0.0600272554, 0.1416784289, 0.0623577904, -0.0011448612, 0.0, 0.0], [0.0587118336, 0.0623577904, 0.1413907782, -0.0009389978, 0.0, 0.0], [-0.0002647704, -0.0011448612, -0.0009389978, 0.0563107056, 0.0, 0.0], [0.0, 0.0, 0.0, 0.0, 0.0511110628, -0.0001609075], [0.0, 0.0, 0.0, 0.0, -0.0001609075, 0.0523450049]]",0.34967041015625,0.75197084299998096,7.7125048400002925,23.525348385000143,112,160,149,0.18258804596115968,0.0050335818792290503,0.0050334414479895053,0.0050337223104685953,0.12671177288266805,0.051173319153394729,0.051172816334610675,0.051173821972178776,0.055811341976318811,0.1376860611906594,-8.0003351239132947e-08,"[[0.1267117729, 0.0604169023, 0.0604186255, -2.1056e-06, -2.5982e-06, 1.08416e-05], [0.0604169023, 0.1376836138, 0.0633283199, -4.841e-06, -1.392e-07, 9.2146e-06], [0.0604186255, 0.0633283199, 0.1376885086, 1.4905e-06, 5.67e-08, 9.0536e-06], [-2.1056e-06, -4.841e-06, 1.4905e-06, 0.055811342, 1.15886e-05, -7.366e-07], [-2.5982e-06, -1.392e-07, 5.67e-08, 1.15886e-05, 0.051173822, -3.2493e-06], [1.08416e-05, 9.2146e-06, 9.0536e-06, -7.366e-07, -3.2493e-06, 0.0511728163]]",0.34999999999999998,,,,,,,"{""params"": {""w"": 0.0, ""rho"": 0.35, ""N"": 4.0, ""phase"": 0.3333333333333333, ""gradient"": 0.05, ""a_z"": 1.0, ""wall"": 0.5, ""n"": 32, ""kind"": ""network"", ""k_s"": 130.0, ""k_f"": 0.4, ""E"": 70000000000.0, ""nu"": 0.33, ""tol"": 1e-08, ""preconditioner"": ""two_level""}, ""params_json"": ""{\""E\"": 70000000000.0, \""N\"": 4.0, \""a_z\"": 1.0, \""gradient\"": 0.05, \""k_f\"": 0.4, \""k_s\"": 130.0, \""kind\"": \""network\"", \""n\"": 32, \""nu\"": 0.33, \""phase\"": 0.3333333333333333, \""preconditioner\"": \""two_level\"", \""rho\"": 0.35, \""tol\"": 1e-08, \""w\"": 0.0, \""wall\"": 0.5}"", ""voxlat_version"": ""0.1.0"", ""git_hash"": ""0977f9f913f3+dirty"", ""resolution"": 32, ""wall_time_s"": 32.0808014739996, ""timestamp_utc"": ""2026-10-09T17:16:01+00:00"", ""python"": ""3.13.16"", ""numpy"": ""2.5.3"", ""platform"": ""Linux-6.18.44-fc-v80-x86_64-with-glibc2.39"", ""extra"": {}}",graded
G-r0.350-N4-p0.3333-g0.075-az1.0000-tw0.500-n32,0,0.34999999999999998,4,0.33333333333333331,0.074999999999999997,1,0.5,32,network,G,95c011af0755,ok,,128,16,4,4.5,0.3495025634765625,0.197265625,0.498046875,-0.0098998162957996128,-0.079688640677003653,-0.0744409830736249,-0.084936123806911623,0.014127118816407824,0.021609498141976324,0.03822753084806485,0.0049913334793303399,0.0074331092167563284,0.026728581283777864,32.303932382999847,0.17099591914620665,0.0048684937582310125,0.0048961727366737184,0.0048408147797883074,0.11796077985185013,0.047185485297633008,0.047953219387622349,0.046417751207643659,0.057296340673524744,0.14392817456282764,4.8307040335719174e-06,"[[0.1179607799, 0.0560046819, 0.0546130664, -0.0003441657, 0.0, 0.0], [0.0560046819, 0.1438470944, 0.0615501036, -0.0013104969, 0.0, 0.0], [0.0546130664, 0.0615501036, 0.1440092547, -0.0010014448, 0.0, 0.0], [-0.0003441657, -0.0013104969, -0.0010014448, 0.0572963407, 0.0, 0.0], [0.0, 0.0, 0.0, 0.0, 0.0464177512, -0.0003561362], [0.0, 0.0, 0.0, 0.0, -0.0003561362, 0.0479532194]]",0.3495025634765625,0.77339015199959249,6.6701448260000689,24.793445274000078,114,160,154,0.17270567358796987,0.0052900507082868087,0.005289962765349183,0.0052901386512244344,0.11631754803039156,0.046187398789312634,0.046187582165589734,0.046187215413035526,0.056873593044872849,0.14018132658084373,-9.5319077693533871e-08,"[[0.116317548, 0.0561396248, 0.056138513, -2.9149e-06, -6.2362e-06, 9.7732e-06], [0.0561396248, 0.1401853289, 0.0624851796, 1.9846e-06, -4.9184e-06, 8.4155e-06], [0.056138513, 0.0624851796, 0.1401773243, -6.8969e-06, -3.3585e-06, 7.6182e-06], [-2.9149e-06, 1.9846e-06, -6.8969e-06, 0.056873593, 8.395e-06, -2.6595e-06], [-6.2362e-06, -4.9184e-06, -3.3585e-06, 8.395e-06, 0.0461872154, -2.9475e-06], [9.7732e-06, 8.4155e-06, 7.6182e-06, -2.6595e-06, -2.9475e-06, 0.0461875822]]",0.34999999999999998,,,,,,,"{""params"": {""w"": 0.0, ""rho"": 0.35, ""N"": 4.0, ""phase"": 0.3333333333333333, ""gradient"": 0.075, ""a_z"": 1.0, ""wall"": 0.5, ""n"": 32, ""kind"": ""network"", ""k_s"": 130.0, ""k_f"": 0.4, ""E"": 70000000000.0, ""nu"": 0.33, ""tol"": 1e-08, ""preconditioner"": ""two_level""}, ""params_json"": ""{\""E\"": 70000000000.0, \""N\"": 4.0, \""a_z\"": 1.0, \""gradient\"": 0.075, \""k_f\"": 0.4, \""k_s\"": 130.0, \""kind\"": \""network\"", \""n\"": 32, \""nu\"": 0.33, \""phase\"": 0.3333333333333333, \""preconditioner\"": \""two_level\"", \""rho\"": 0.35, \""tol\"": 1e-08, \""w\"": 0.0, \""wall\"": 0.5}"", ""voxlat_version"": ""0.1.0"", ""git_hash"": ""0977f9f913f3+dirty"", ""resolution"": 32, ""wall_time_s"": 32.30393238299985, ""timestamp_utc"": ""2026-10-09T17:16:43+00:00"", ""python"": ""3.13.16"", ""numpy"": ""2.5.3"", ""platform"": ""Linux-6.18.44-fc-v80-x86_64-with-glibc2.39"", ""extra"": {}}",graded
G-r0.350-N4-p0.6667-g0.000-az0.7500-tw0.500-n32,0,0.34999999999999998,4,0.66666666666666663,0,0.75,0.5,32,network,G,95c011af0755,ok,,128,16,4,4.5,0.35001627604166669,0.36328125,0.33430989583333331,-0.0083387004822749189,-0.060652046796516368,-0.051844522601119158,-0.07178222669963974,0.0036886217917948549,0.0036670226939403694,0.0016501597675622204,0.006761102740686864,0.019101202020697094,0.031888913439552136,23.202346795999802,0.20248961630815909,0.003531334003115289,0.0039796868009622597,0.0030829812052683178,0.15417307662131799,0.057585736719979679,0.069582790704387734,0.04558868273557163,0.046168030257802445,0.13202936629820658,-2.066120206761283e-05,"[[0.1541730766, 0.0768592539, 0.0515149667, 0.0002071719, 4.3967e-06, -6.4834e-06], [0.0768592539, 0.1621407827, 0.0529958115, 0.0009167134, 1.17801e-05, -2.38248e-05], [0.0515149667, 0.0529958115, 0.1019179499, 0.0006648384, 8.0214e-06, -1.27001e-05], [0.0002071719, 0.0009167134, 0.0006648384, 0.0461680303, -6.362e-06, 8.2401e-06], [4.3967e-06, 1.17801e-05, 8.0214e-06, -6.362e-06, 0.0455886827, -0.0002973147], [-6.4834e-06, -2.38248e-05, -1.27001e-05, 8.2401e-06, -0.0002973147, 0.0695827907]]",0.35001627604166669,0.6099387399999614,6.9493803570003365,15.621810521999578,105,212,123,0.20419231486258052,0.0037593460347385499,0.0041972934775211341,0.0033213985919559653,0.1536064804103156,0.057375340045958602,0.069468157146338153,0.045282522945579058,0.045302694341110991,0.12794920516988462,-1.3013002005539424e-05,"[[0.1536064804, 0.078411445, 0.0529001704, 2.16297e-05, 0.0, 0.0], [0.078411445, 0.1575226141, 0.0533494405, -7.85297e-05, -0.0, 0.0], [0.0529001704, 0.0533494405, 0.0983757963, -0.0002088983, 0.0, -0.0], [2.16297e-05, -7.85297e-05, -0.0002088983, 0.0453026943, 0.0, 0.0], [0.0, -0.0, 0.0, 0.0, 0.0452825229, -0.0001853671], [0.0, 0.0, -0.0, 0.0, -0.0001853671, 0.0694681571]]",0.35001627604166669,0.12142530599976453,0.78098502900002131,2.6411526169999888,98,124,109,"{""params"": {""w"": 0.0, ""rho"": 0.35, ""N"": 4.0, ""phase"": 0.6666666666666666, ""gradient"": 0.0, ""a_z"": 0.75, ""wall"": 0.5, ""n"": 32, ""kind"": ""network"", ""k_s"": 130.0, ""k_f"": 0.4, ""E"": 70000000000.0, ""nu"": 0.33, ""tol"": 1e-08, ""preconditioner"": ""two_level""}, ""params_json"": ""{\""E\"": 70000000000.0, \""N\"": 4.0, \""a_z\"": 0.75, \""gradient\"": 0.0, \""k_f\"": 0.4, \""k_s\"": 130.0, \""kind\"": \""network\"", \""n\"": 32, \""nu\"": 0.33, \""phase\"": 0.6666666666666666, \""preconditioner\"": \""two_level\"", \""rho\"": 0.35, \""tol\"": 1e-08, \""w\"": 0.0, \""wall\"": 0.5}"", ""voxlat_version"": ""0.1.0"", ""git_hash"": ""0977f9f913f3+dirty"", ""resolution"": 32, ""wall_time_s"": 23.2023467959998, ""timestamp_utc"": ""2026-10-09T17:27:28+00:00"", ""python"": ""3.13.16"", ""numpy"": ""2.5.3"", ""platform"": ""Linux-6.18.44-fc-v80-x86_64-with-glibc2.39"", ""extra"": {}}",stretch
G-r0.350-N4-p0.6667-g0.000-az1.0000-tw0.500-n32,0,0.34999999999999998,4,0.66666666666666663,0,1,0.5,32,network,G,95c011af0755,ok,,128,16,4,4.5,0.350006103515625,0.36376953125,0.336181640625,-0.0051859911930345337,-0.066716327381397766,-0.055072162414281256,-0.078361556788554942,0.0095967364823066337,0.0079502372549438149,0.017099275488065002,-0.0011998205999286249,0.0096557571345983195,0.029396553798091141,29.203254996999931,0.18859202626422888,0.0045279438774163041,0.0045846465490843235,0.0044712412057482847,0.13628486038414786,0.055536459377070295,0.056043679440492059,0.055029239313648538,0.055915905180821547,0.1396621578936634,-1.5731968322545319e-06,"[[0.1362848604, 0.063433163, 0.0622084752, 8.95561e-05, -1.22934e-05, 6.55143e-05], [0.063433163, 0.14096151, 0.0633142304, 0.0007553188, 5.8434e-06, 3.07344e-05], [0.0622084752, 0.0633142304, 0.1383628058, 0.0010451073, -1.82617e-05, 5.06949e-05], [8.95561e-05, 0.0007553188, 0.0010451073, 0.0559159052, 6.0263e-05, -2.20912e-05], [-1.22934e-05, 5.8434e-06, -1.82617e-05, 6.0263e-05, 0.0550292393, -0.000127318], [6.55143e-05, 3.07344e-05, 5.06949e-05, -2.20912e-05, -0.000127318, 0.0560436794]]",0.350006103515625,0.75391439099985291,9.9595498750004481,18.463331644999926,106,193,121,0.18957516138157179,0.0048516265849929893,0.004851848328225836,0.0048514048417601426,0.13498940265892617,0.055098413914082246,0.055101483986013999,0.0550953438421505,0.05538115816772126,0.1356738152836843,7.3109926164370125e-08,"[[0.1349894027, 0.0639042751, 0.0639177054, -1.65675e-05, -3.91138e-05, 4.46916e-05], [0.0639042751, 0.1356524665, 0.064194514, -0.0001334393, -1.63331e-05, 1.92696e-05], [0.0639177054, 0.064194514, 0.135695164, 0.0001090202, -2.37075e-05, 3.2941e-05], [-1.65675e-05, -0.0001334393, 0.0001090202, 0.0553811582, 3.80631e-05, -4.27786e-05], [-3.91138e-05, -1.63331e-05, -2.37075e-05, 3.80631e-05, 0.0550953438, -1.89711e-05], [4.46916e-05, 1.92696e-05, 3.2941e-05, -4.27786e-05, -1.89711e-05, 0.055101484]]",0.350006103515625,0.18572688099993684,1.4022303169999759,3.0128635080000095,91,123,109,"{""params"": {""w"": 0.0, ""rho"": 0.35, ""N"": 4.0, ""phase"": 0.6666666666666666, ""gradient"": 0.0, ""a_z"": 1.0, ""wall"": 0.5, ""n"": 32, ""kind"": ""network"", ""k_s"": 130.0, ""k_f"": 0.4, ""E"": 70000000000.0, ""nu"": 0.33, ""tol"": 1e-08, ""preconditioner"": ""two_level""}, ""params_json"": ""{\""E\"": 70000000000.0, \""N\"": 4.0, \""a_z\"": 1.0, \""gradient\"": 0.0, \""k_f\"": 0.4, \""k_s\"": 130.0, \""kind\"": \""network\"", \""n\"": 32, \""nu\"": 0.33, \""phase\"": 0.6666666666666666, \""preconditioner\"": \""two_level\"", \""rho\"": 0.35, \""tol\"": 1e-08, \""w\"": 0.0, \""wall\"": 0.5}"", ""voxlat_version"": ""0.1.0"", ""git_hash"": ""0977f9f913f3+dirty"", ""resolution"": 32, ""wall_time_s"": 29.20325499699993, ""timestamp_utc"": ""2026-10-09T17:11:40+00:00"", ""python"": ""3.13.16"", ""numpy"": ""2.5.3"", ""platform"": ""Linux-6.18.44-fc-v80-x86_64-with-glibc2.39"", ""extra"": {}}",uniform
G-r0.350-N4-p0.6667-g0.000-az1.5000-tw0.500-n32,0,0.34999999999999998,4,0.66666666666666663,0,1.5,0.5,32,network,G,95c011af0755,ok,,128,16,4,4.5,0.34999593098958331,0.3642578125,0.33430989583333331,0.0020590403381592903,-0.073238794816428365,-0.05655934963085163,-0.084402057979333978,0.017289946048583582,0.015710267928931598,0.048849762608599301,-0.0024797431994320052,0.0096350526416542071,0.022398229138409276,42.712603684999522,0.16450022256274457,0.0060271267826663231,0.0049200186243042792,0.0071342349410283678,0.1070248217850974,0.048202364608425412,0.035278301078600263,0.061126428138250553,0.062080210573921164,0.15814455487180024,2.627901425950265e-05,"[[0.1070248218, 0.0405999265, 0.0669523588, -0.0001354517, 4.235e-07, 9.101e-07], [0.0405999265, 0.1116118949, 0.0675172595, 0.0004908231, 1.072e-06, 1.5883e-06], [0.0669523588, 0.0675172595, 0.2046772148, 0.0006118955, 6.0361e-06, 5.8371e-06], [-0.0001354517, 0.0004908231, 0.0006118955, 0.0620802106, 6.0376e-06, 5.854e-06], [4.235e-07, 1.072e-06, 6.0361e-06, 6.0376e-06, 0.0611264281, -6.71685e-05], [9.101e-07, 1.5883e-06, 5.8371e-06, 5.854e-06, -6.71685e-05, 0.0352783011]]",0.34999593098958331,1.1562844259997291,13.14472913300051,28.376548548999381,109,179,128,0.16416220595867445,0.00650343017052864,0.0052149741718031549,0.0077918861692541251,0.10520581885312973,0.047456805479294505,0.033635228167339652,0.06127838279124935,0.06148777264764306,0.15467999685902339,2.8747875965130007e-06,"[[0.1052058189, 0.0397264996, 0.0678240376, -5.36393e-05, 3.912e-07, 2.777e-07], [0.0397264996, 0.1051657468, 0.0680479871, -2.27573e-05, 9.842e-07, 7.674e-07], [0.0678240376, 0.0680479871, 0.2041942469, -4.14268e-05, 6.7742e-06, 5.724e-06], [-5.36393e-05, -2.27573e-05, -4.14268e-05, 0.0614877726, 6.3808e-06, 5.4481e-06], [3.912e-07, 9.842e-07, 6.7742e-06, 6.3808e-06, 0.0612783828, -3.134e-07], [2.777e-07, 7.674e-07, 5.724e-06, 5.4481e-06, -3.134e-07, 0.0336352282]]",0.34999593098958331,0.25444089900020117,1.9166245340002206,4.5686769580001965,101,123,105,"{""params"": {""w"": 0.0, ""rho"": 0.35, ""N"": 4.0, ""phase"": 0.6666666666666666, ""gradient"": 0.0, ""a_z"": 1.5, ""wall"": 0.5, ""n"": 32, ""kind"": ""network"", ""k_s"": 130.0, ""k_f"": 0.4, ""E"": 70000000000.0, ""nu"": 0.33, ""tol"": 1e-08, ""preconditioner"": ""two_level""}, ""params_json"": ""{\""E\"": 70000000000.0, \""N\"": 4.0, \""a_z\"": 1.5, \""gradient\"": 0.0, \""k_f\"": 0.4, \""k_s\"": 130.0, \""kind\"": \""network\"", \""n\"": 32, \""nu\"": 0.33, \""phase\"": 0.6666666666666666, \""preconditioner\"": \""two_level\"", \""rho\"": 0.35, \""tol\"": 1e-08, \""w\"": 0.0, \""wall\"": 0.5}"", ""voxlat_version"": ""0.1.0"", ""git_hash"": ""0977f9f913f3+dirty"", ""resolution"": 32, ""wall_time_s"": 42.71260368499952, ""timestamp_utc"": ""2026-10-09T16:59:47+00:00"", ""python"": ""3.13.16"", ""numpy"": ""2.5.3"", ""platform"": ""Linux-6.18.44-fc-v80-x86_64-with-glibc2.39"", ""extra"": {}}",stretch
G-r0.350-N4-p0.6667-g0.025-az1.0000-tw0.500-n32,0,0.34999999999999998,4,0.66666666666666663,0.025000000000000001,1,0.5,32,network,G,95c011af0755,ok,,128,16,4,4.5,0.3498382568359375,0.3154296875,0.38330078125,-0.0098765129412917707,-0.068287815755143533,-0.055525364482275519,-0.081050671625787385,0.005705412610887084,0.0071743563978139413,0.015269406086906079,-0.00092088275268742414,0.0079752933282981608,0.026669227099411552,29.134418139000445,0.18716333469659702,0.0045559067577003861,0.0046183860771806407,0.0044934274382201315,0.13468732383680118,0.054417153816282489,0.054855167436518207,0.053979140196046771,0.055563978957628692,0.13995776944038771,-7.1409876761503904e-07,"[[0.1346873238, 0.0624222465, 0.0613661658, 6.90703e-05, 0.0, 0.0], [0.0624222465, 0.1421586041, 0.0627441633, 0.0007765368, 0.0, 0.0], [0.0613661658, 0.0627441633, 0.1377569348, 0.0009068016, 0.0, 0.0], [6.90703e-05, 0.0007765368, 0.0009068016, 0.055563979, 0.0, 0.0], [0.0, 0.0, 0.0, 0.0, 0.0539791402, -0.0001537822], [0.0, 0.0, 0.0, 0.0, -0.0001537822, 0.0548551674]]",0.3498382568359375,0.81604651700035902,7.6382670560005863,20.570970080999359,111,159,131,0.18903029484997902,0.0048898220230884967,0.0048898995309164866,0.0048897445152605058,0.13392323651430166,0.054029526735476958,0.054030158997840076,0.054028894473113827,0.055124346127729408,0.13632216272401793,2.7353963452085326e-07,"[[0.1339232365, 0.0630402961, 0.0630423822, -4.3673e-06, -1.0542e-05, 1.25107e-05], [0.0630402961, 0.1363226239, 0.0636846058, 2.56445e-05, -4.4697e-06, 4.0825e-06], [0.0630423822, 0.0636846058, 0.1363217016, -3.31894e-05, -7.2135e-06, 7.4016e-06], [-4.3673e-06, 2.56445e-05, -3.31894e-05, 0.0551243461, 8.5904e-06, -1.10502e-05], [-1.0542e-05, -4.4697e-06, -7.2135e-06, 8.5904e-06, 0.0540288945, -5.3853e-06], [1.25107e-05, 4.0825e-06, 7.4016e-06, -1.10502e-05, -5.3853e-06, 0.054030159]]",0.34999999999999998,,,,,,,"{""params"": {""w"": 0.0, ""rho"": 0.35, ""N"": 4.0, ""phase"": 0.6666666666666666, ""gradient"": 0.025, ""a_z"": 1.0, ""wall"": 0.5, ""n"": 32, ""kind"": ""network"", ""k_s"": 130.0, ""k_f"": 0.4, ""E"": 70000000000.0, ""nu"": 0.33, ""tol"": 1e-08, ""preconditioner"": ""two_level""}, ""params_json"": ""{\""E\"": 70000000000.0, \""N\"": 4.0, \""a_z\"": 1.0, \""gradient\"": 0.025, \""k_f\"": 0.4, \""k_s\"": 130.0, \""kind\"": \""network\"", \""n\"": 32, \""nu\"": 0.33, \""phase\"": 0.6666666666666666, \""preconditioner\"": \""two_level\"", \""rho\"": 0.35, \""tol\"": 1e-08, \""w\"": 0.0, \""wall\"": 0.5}"", ""voxlat_version"": ""0.1.0"", ""git_hash"": ""0977f9f913f3+dirty"", ""resolution"": 32, ""wall_time_s"": 29.134418139000445, ""timestamp_utc"": ""2026-10-09T17:15:29+00:00"", ""python"": ""3.13.16"", ""numpy"": ""2.5.3"", ""platform"": ""Linux-6.18.44-fc-v80-x86_64-with-glibc2.39"", ""extra"": {}}",graded
G-r0.350-N4-p0.6667-g0.050-az1.0000-tw0.500-n32,0,0.34999999999999998,4,0.66666666666666663,0.050000000000000003,1,0.5,32,network,G,95c011af0755,ok,,128,16,4,4.5,0.349822998046875,0.26611328125,0.43896484375,-0.008378413211086011,-0.072408099329406617,-0.058387893635328814,-0.086428627335513375,0.015299192619999458,0.010157136324767002,0.018638343813229152,0.0016758343284342114,0.0078760596228806268,0.02707588639101588,32.7498909800006,0.1810606703001979,0.0046689748043496513,0.0047395990958558603,0.0045983505128434424,0.12865155483343971,0.051693930832126728,0.05212823983435963,0.051259621829893826,0.056251473126413896,0.14141654988611793,-8.1957919076463496e-06,"[[0.1286515548, 0.059771895, 0.0590117472, 0.0001118033, 0.0, 0.0], [0.059771895, 0.1434740128, 0.0623524222, 0.0006353954, 0.0, 0.0], [0.0590117472, 0.0623524222, 0.139359087, 0.0008171145, 0.0, 0.0], [0.0001118033, 0.0006353954, 0.0008171145, 0.0562514731, 0.0, 0.0], [0.0, 0.0, 0.0, 0.0, 0.0512596218, -0.0001007482], [0.0, 0.0, 0.0, 0.0, -0.0001007482, 0.0521282398]]",0.349822998046875,0.83783673099969747,8.1825474799998119,23.595982697999716,114,166,141,0.18259048886431736,0.0050334363646063127,0.0050334942210484811,0.0050333785081641434,0.12671294901895064,0.051174148034239156,0.051174433154773852,0.05117386291370446,0.055811895311276311,0.13768851139425889,1.263293990529537e-07,"[[0.126712949, 0.0604180724, 0.0604185765, -2.0111e-06, -6.3213e-06, 5.6647e-06], [0.0604180724, 0.1376916373, 0.0633296117, 8.547e-07, -3.1729e-06, 1.4576e-06], [0.0604185765, 0.0633296117, 0.1376853855, -5.0743e-06, -4.9457e-06, 1.532e-07], [-2.0111e-06, 8.547e-07, -5.0743e-06, 0.0558118953, 3.3788e-06, -6.7349e-06], [-6.3213e-06, -3.1729e-06, -4.9457e-06, 3.3788e-06, 0.0511738629, -2.7745e-06], [5.6647e-06, 1.4576e-06, 1.532e-07, -6.7349e-06, -2.7745e-06, 0.0511744332]]",0.34999999999999998,,,,,,,"{""params"": {""w"": 0.0, ""rho"": 0.35, ""N"": 4.0, ""phase"": 0.6666666666666666, ""gradient"": 0.05, ""a_z"": 1.0, ""wall"": 0.5, ""n"": 32, ""kind"": ""network"", ""k_s"": 130.0, ""k_f"": 0.4, ""E"": 70000000000.0, ""nu"": 0.33, ""tol"": 1e-08, ""preconditioner"": ""two_level""}, ""params_json"": ""{\""E\"": 70000000000.0, \""N\"": 4.0, \""a_z\"": 1.0, \""gradient\"": 0.05, \""k_f\"": 0.4, \""k_s\"": 130.0, \""kind\"": \""network\"", \""n\"": 32, \""nu\"": 0.33, \""phase\"": 0.6666666666666666, \""preconditioner\"": \""two_level\"", \""rho\"": 0.35, \""tol\"": 1e-08, \""w\"": 0.0, \""wall\"": 0.5}"", ""voxlat_version"": ""0.1.0"", ""git_hash"": ""0977f9f913f3+dirty"", ""resolution"": 32, ""wall_time_s"": 32.7498909800006, ""timestamp_utc"": ""2026-10-09T17:16:11+00:00"", ""python"": ""3.13.16"", ""numpy"": ""2.5.3"", ""platform"": ""Linux-6.18.44-fc-v80-x86_64-with-glibc2.39"", ""extra"": {}}",graded
G-r0.350-N4-p0.6667-g0.075-az1.0000-tw0.500-n32,0,0.34999999999999998,4,0.66666666666666663,0.074999999999999997,1,0.5,32,network,G,95c011af0755,ok,,128,16,4,4.5,0.3498992919921875,0.2109375,0.4951171875,-0.011167693070856188,-0.079872640829086738,-0.067062829832340909,-0.092682779398324588,0.018904365844903959,0.021399301451096919,0.031939074432019376,0.010859608063884307,0.0075258837869462969,0.026277125659134537,33.152203408999412,0.17077782724354867,0.004867460396777195,0.0049352872122972579,0.0047996335812571329,0.11851446185931683,0.047175397480179376,0.047662018296067872,0.046688776664290894,0.057300942179548037,0.14386477334890818,-1.8485821036011744e-05,"[[0.1185144619, 0.055691472, 0.0549903497, -0.0001218006, 0.0, 0.0], [0.055691472, 0.146374544, 0.0615680853, 0.0003507722, 0.0, 0.0], [0.0549903497, 0.0615680853, 0.1413550027, 0.0006611491, 0.0, 0.0], [-0.0001218006, 0.0003507722, 0.0006611491, 0.0573009422, -0.0, -0.0], [0.0, 0.0, 0.0, -0.0, 0.0466887767, -0.000132091], [0.0, 0.0, 0.0, -0.0, -0.000132091, 0.0476620183]]",0.3498992919921875,0.72844707500007644,8.2071702270004607,24.166448789999777,114,170,151,0.17270656110934088,0.0052899855093571525,0.0052900531462481363,0.0052899178724661695,0.11631558940376246,0.046187027358602577,0.046186852961548244,0.046187201755656909,0.056872923169153065,0.14018121397425662,5.2254576479130047e-08,"[[0.1163155894, 0.056136736, 0.0561390647, -1.5433e-06, -5.4777e-06, 5.5879e-06], [0.056136736, 0.1401772106, 0.0624848284, -7.7508e-06, -2.4256e-06, 4.1773e-06], [0.0561390647, 0.0624848284, 0.1401852173, 2.3331e-06, -4.9456e-06, 4.0916e-06], [-1.5433e-06, -7.7508e-06, 2.3331e-06, 0.0568729232, 4.1647e-06, -4.4028e-06], [-5.4777e-06, -2.4256e-06, -4.9456e-06, 4.1647e-06, 0.0461872018, -1.5803e-06], [5.5879e-06, 4.1773e-06, 4.0916e-06, -4.4028e-06, -1.5803e-06, 0.046186853]]",0.34999999999999998,,,,,,,"{""params"": {""w"": 0.0, ""rho"": 0.35, ""N"": 4.0, ""phase"": 0.6666666666666666, ""gradient"": 0.075, ""a_z"": 1.0, ""wall"": 0.5, ""n"": 32, ""kind"": ""network"", ""k_s"": 130.0, ""k_f"": 0.4, ""E"": 70000000000.0, ""nu"": 0.33, ""tol"": 1e-08, ""preconditioner"": ""two_level""}, ""params_json"": ""{\""E\"": 70000000000.0, \""N\"": 4.0, \""a_z\"": 1.0, \""gradient\"": 0.075, \""k_f\"": 0.4, \""k_s\"": 130.0, \""kind\"": \""network\"", \""n\"": 32, \""nu\"": 0.33, \""phase\"": 0.6666666666666666, \""preconditioner\"": \""two_level\"", \""rho\"": 0.35, \""tol\"": 1e-08, \""w\"": 0.0, \""wall\"": 0.5}"", ""voxlat_version"": ""0.1.0"", ""git_hash"": ""0977f9f913f3+dirty"", ""resolution"": 32, ""wall_time_s"": 33.15220340899941, ""timestamp_utc"": ""2026-10-09T17:17:05+00:00"", ""python"": ""3.13.16"", ""numpy"": ""2.5.3"", ""platform"": ""Linux-6.18.44-fc-v80-x86_64-with-glibc2.39"", ""extra"": {}}",graded
G-r0.350-N6-p0.0000-g0.000-az1.0000-tw0.500-n32,0,0.34999999999999998,6,0,0,1,0.5,32,network,G,95c011af0755,ok,,192,16,6,6.5,0.350006103515625,0.35009765625,0.35009765625,-0.0029465618717069431,-0.043658914082301714,-0.058622289434352992,-0.028695538730250436,0.0064835490729897582,0.0060700687177590584,-0.0032659531051272284,0.015406090540645456,0.0077373806186782357,0.019537934618206299,40.063807127000473,0.18916182885382302,0.0046289272832622155,0.0045565008473004692,0.0047013537192239609,0.13506687518729707,0.055366644070747033,0.054852858586637063,0.05588042955485701,0.05545840056708224,0.13681873200075945,-5.6924094090727833e-07,"[[0.1350668752, 0.0626217692, 0.0638553091, 6.0464e-06, 1.6897e-06, 1.00688e-05], [0.0626217692, 0.1352614134, 0.0633760019, 9.1788e-06, 5.8604e-06, 1.7207e-06], [0.0638553091, 0.0633760019, 0.1383760506, 1.534e-06, 9.619e-06, 6.3179e-06], [6.0464e-06, 9.1788e-06, 1.534e-06, 0.0554584006, 1.5868e-06, 1.2342e-06], [1.6897e-06, 5.8604e-06, 9.619e-06, 1.5868e-06, 0.0558804296, 1.1383e-06], [1.00688e-05, 1.7207e-06, 6.3179e-06, 1.2342e-06, 1.1383e-06, 0.0548528586]]",0.350006103515625,1.1100920369999585,11.687378473000535,27.225307872000485,102,139,125,0.18972085308579334,0.0048402472208127802,0.0048402472208127784,0.004840247220812781,0.13419680362555242,0.055032592452841853,0.055032592452841624,0.055032592452842088,0.055032592452842005,0.13419680362555117,-5.9153571903996539e-07,"[[0.1341968036, 0.0639173649, 0.0639173649, 6.2522e-06, 1.6419e-06, 9.8866e-06], [0.0639173649, 0.1341968036, 0.0639173649, 9.8866e-06, 6.2522e-06, 1.6419e-06], [0.0639173649, 0.0639173649, 0.1341968036, 1.6419e-06, 9.8866e-06, 6.2522e-06], [6.2522e-06, 9.8866e-06, 1.6419e-06, 0.0550325925, 1.3889e-06, 1.3889e-06], [1.6419e-06, 6.2522e-06, 9.8866e-06, 1.3889e-06, 0.0550325925, 1.3889e-06], [9.8866e-06, 1.6419e-06, 6.2522e-06, 1.3889e-06, 1.3889e-06, 0.0550325925]]",0.350006103515625,0.096011447999899246,1.3083184570000412,3.1960104909999245,89,123,103,"{""params"": {""w"": 0.0, ""rho"": 0.35, ""N"": 6.0, ""phase"": 0.0, ""gradient"": 0.0, ""a_z"": 1.0, ""wall"": 0.5, ""n"": 32, ""kind"": ""network"", ""k_s"": 130.0, ""k_f"": 0.4, ""E"": 70000000000.0, ""nu"": 0.33, ""tol"": 1e-08, ""preconditioner"": ""two_level""}, ""params_json"": ""{\""E\"": 70000000000.0, \""N\"": 6.0, \""a_z\"": 1.0, \""gradient\"": 0.0, \""k_f\"": 0.4, \""k_s\"": 130.0, \""kind\"": \""network\"", \""n\"": 32, \""nu\"": 0.33, \""phase\"": 0.0, \""preconditioner\"": \""two_level\"", \""rho\"": 0.35, \""tol\"": 1e-08, \""w\"": 0.0, \""wall\"": 0.5}"", ""voxlat_version"": ""0.1.0"", ""git_hash"": ""0977f9f913f3+dirty"", ""resolution"": 32, ""wall_time_s"": 40.06380712700047, ""timestamp_utc"": ""2026-10-09T17:02:27+00:00"", ""python"": ""3.13.16"", ""numpy"": ""2.5.3"", ""platform"": ""Linux-6.18.44-fc-v80-x86_64-with-glibc2.39"", ""extra"": {}}",uniform
G-r0.350-N6-p0.1250-g0.000-az1.0000-tw0.500-n32,0,0.34999999999999998,6,0.125,0,1,0.5,32,network,G,95c011af0755,ok,,192,16,6,6.5,0.350067138671875,0.349853515625,0.35009765625,-0.0050769495712310597,-0.044711458462987741,-0.044719742759744996,-0.044703173350183145,0.0062661908691228341,0.003663761463959414,0.0036574790555066183,0.0036700440773265175,0.0064755738658197615,0.020569436883353553,40.863488674999644,0.18878740279337863,0.0046230781345938162,0.0046232657288593918,0.0046228905403282398,0.13505914787338649,0.055239521922856298,0.055240077010368038,0.055238966835344551,0.055394725152329433,0.13697205888147365,-2.078318920820379e-06,"[[0.1350591479, 0.0631031164, 0.0631017372, 0.000109392, 2.0702e-06, 6.874e-07], [0.0631031164, 0.1369725535, 0.0633456058, 0.0006637923, 5.599e-06, -2.9099e-06], [0.0631017372, 0.0633456058, 0.1369715642, 0.0006621275, 5.0522e-06, -1.0269e-06], [0.000109392, 0.0006637923, 0.0006621275, 0.0553947252, -2.3712e-06, 1.8841e-06], [2.0702e-06, 5.599e-06, 5.0522e-06, -2.3712e-06, 0.0552389668, -2.37825e-05], [6.874e-07, -2.9099e-06, -1.0269e-06, 1.8841e-06, -2.37825e-05, 0.055240077]]",0.350067138671875,0.92707927500032383,12.549185545,27.358086372999423,95,153,127,0.18975075782194351,0.0048394573299869285,0.004839695674456539,0.0048392189855173181,0.1342181115682069,0.05503787627271018,0.055038773847779027,0.055036978697641334,0.055038320442851091,0.1342114058400212,-1.4539907395359715e-07,"[[0.1342181116, 0.0639318466, 0.0639300519, 1.2876e-06, 2.3019e-06, 1.347e-07], [0.0639318466, 0.1342123601, 0.0639267488, 4.3504e-06, 6.1753e-06, -3.2135e-06], [0.0639300519, 0.0639267488, 0.1342104516, 2.5731e-06, 5.6801e-06, -1.1184e-06], [1.2876e-06, 4.3504e-06, 2.5731e-06, 0.0550383204, -2.5591e-06, 1.9887e-06], [2.3019e-06, 6.1753e-06, 5.6801e-06, -2.5591e-06, 0.0550369787, 1.9994e-06], [1.347e-07, -3.2135e-06, -1.1184e-06, 1.9887e-06, 1.9994e-06, 0.0550387738]]",0.350067138671875,0.12921501599976182,1.3383375419998629,3.4123065330004465,79,123,105,"{""params"": {""w"": 0.0, ""rho"": 0.35, ""N"": 6.0, ""phase"": 0.125, ""gradient"": 0.0, ""a_z"": 1.0, ""wall"": 0.5, ""n"": 32, ""kind"": ""network"", ""k_s"": 130.0, ""k_f"": 0.4, ""E"": 70000000000.0, ""nu"": 0.33, ""tol"": 1e-08, ""preconditioner"": ""two_level""}, ""params_json"": ""{\""E\"": 70000000000.0, \""N\"": 6.0, \""a_z\"": 1.0, \""gradient\"": 0.0, \""k_f\"": 0.4, \""k_s\"": 130.0, \""kind\"": \""network\"", \""n\"": 32, \""nu\"": 0.33, \""phase\"": 0.125, \""preconditioner\"": \""two_level\"", \""rho\"": 0.35, \""tol\"": 1e-08, \""w\"": 0.0, \""wall\"": 0.5}"", ""voxlat_version"": ""0.1.0"", ""git_hash"": ""0977f9f913f3+dirty"", ""resolution"": 32, ""wall_time_s"": 40.863488674999644, ""timestamp_utc"": ""2026-10-09T17:55:28+00:00"", ""python"": ""3.13.16"", ""numpy"": ""2.5.3"", ""platform"": ""Linux-6.18.44-fc-v80-x86_64-with-glibc2.39"", ""extra"": {}}",uniform
G-r0.350-N6-p0.3333-g0.000-az1.0000-tw0.500-n32,0,0.34999999999999998,6,0.33333333333333331,0,1,0.5,32,network,G,95c011af0755,ok,,192,16,6,6.5,0.350006103515625,0.336181640625,0.36376953125,-0.0034772677978844868,-0.044482081268204965,-0.036636939104396693,-0.05232654839835793,0.006355992800335164,0.005125849154245854,0.011236635482941626,-0.00098456570681970668,0.0063299261897227233,0.019431309271111585,43.595764364999923,0.18891758246146534,0.0046358359855408473,0.0046736967578454398,0.0045979752132362548,0.13584528229557766,0.055382413261819224,0.055717423858881558,0.055047402664756891,0.055732642296810977,0.13832322057289462,9.4389014497951156e-07,"[[0.1358452823, 0.0635930657, 0.0627713136, -5.87697e-05, -1.46857e-05, 3.37693e-05], [0.0635930657, 0.1392025669, 0.0636044214, -0.0004631489, -1.7561e-05, 1.74333e-05], [0.0627713136, 0.0636044214, 0.1374438743, -0.0007423321, 2.17e-07, 2.39775e-05], [-5.87697e-05, -0.0004631489, -0.0007423321, 0.0557326423, 3.53036e-05, -8.6877e-06], [-1.46857e-05, -1.7561e-05, 2.17e-07, 3.53036e-05, 0.0550474027, 8.4064e-05], [3.37693e-05, 1.74333e-05, 2.39775e-05, -8.6877e-06, 8.4064e-05, 0.0557174239]]",0.350006103515625,1.0556057419998979,13.403610459999982,29.104708892999952,104,165,135,0.1895767917345903,0.004851647357585644,0.0048514386191022057,0.0048518560960690814,0.13498730396344932,0.055099979080649709,0.055098304297759436,0.055101653863539983,0.055382077831901563,0.13568665128776064,1.6103168396071628e-07,"[[0.134987304, 0.0639146221, 0.0639113326, -1.69181e-05, -2.23314e-05, 6.50185e-05], [0.0639146221, 0.1356915169, 0.0641928648, 0.0001076454, -2.39443e-05, 3.43802e-05], [0.0639113326, 0.0641928648, 0.1356817856, -0.0001255585, -4.323e-06, 3.83566e-05], [-1.69181e-05, 0.0001076454, -0.0001255585, 0.0553820778, 6.50474e-05, -1.27458e-05], [-2.23314e-05, -2.39443e-05, -4.323e-06, 6.50474e-05, 0.0551016539, -1.77429e-05], [6.50185e-05, 3.43802e-05, 3.83566e-05, -1.27458e-05, -1.77429e-05, 0.0550983043]]",0.350006103515625,0.12424490500006868,1.2457930730001863,3.3683650420002778,90,123,108,"{""params"": {""w"": 0.0, ""rho"": 0.35, ""N"": 6.0, ""phase"": 0.3333333333333333, ""gradient"": 0.0, ""a_z"": 1.0, ""wall"": 0.5, ""n"": 32, ""kind"": ""network"", ""k_s"": 130.0, ""k_f"": 0.4, ""E"": 70000000000.0, ""nu"": 0.33, ""tol"": 1e-08, ""preconditioner"": ""two_level""}, ""params_json"": ""{\""E\"": 70000000000.0, \""N\"": 6.0, \""a_z\"": 1.0, \""gradient\"": 0.0, \""k_f\"": 0.4, \""k_s\"": 130.0, \""kind\"": \""network\"", \""n\"": 32, \""nu\"": 0.33, \""phase\"": 0.3333333333333333, \""preconditioner\"": \""two_level\"", \""rho\"": 0.35, \""tol\"": 1e-08, \""w\"": 0.0, \""wall\"": 0.5}"", ""voxlat_version"": ""0.1.0"", ""git_hash"": ""0977f9f913f3+dirty"", ""resolution"": 32, ""wall_time_s"": 43.59576436499992, ""timestamp_utc"": ""2026-10-09T17:02:34+00:00"", ""python"": ""3.13.16"", ""numpy"": ""2.5.3"", ""platform"": ""Linux-6.18.44-fc-v80-x86_64-with-glibc2.39"", ""extra"": {}}",uniform
G-r0.350-N6-p0.6667-g0.000-az1.0000-tw0.500-n32,0,0.34999999999999998,6,0.66666666666666663,0,1,0.5,32,network,G,95c011af0755,ok,,192,16,6,6.5,0.350006103515625,0.36376953125,0.336181640625,-0.0034576120394638199,-0.044474710610077461,-0.036711922477416947,-0.052238208370481987,0.0063669272991198067,0.0052857244626136612,0.01135335919772662,-0.00078258648481777104,0.00644763285509109,0.019641709037355515,42.793934849999459,0.18891968402119558,0.0046358518966372678,0.0046737276485278242,0.0045979761447467113,0.13584887037180718,0.05538964894835912,0.055727070926035002,0.055052226970683238,0.055738235542676456,0.13833868088747434,-1.0269527261130796e-06,"[[0.1358488704, 0.0635925472, 0.0627832003, 5.3964e-05, -1.2356e-05, 6.62245e-05], [0.0635925472, 0.1392000273, 0.0636052393, 0.000462232, 6.1235e-06, 3.15682e-05], [0.0627832003, 0.0636052393, 0.1374773345, 0.0007303017, -1.85841e-05, 5.13316e-05], [5.3964e-05, 0.000462232, 0.0007303017, 0.0557382355, 6.14634e-05, -2.21797e-05], [-1.2356e-05, 6.1235e-06, -1.85841e-05, 6.14634e-05, 0.055052227, -9.08081e-05], [6.62245e-05, 3.15682e-05, 5.13316e-05, -2.21797e-05, -9.08081e-05, 0.0557270709]]",0.350006103515625,1.0603280969999105,13.527945644999818,28.166963286000282,104,166,121,0.18957516138157179,0.0048516265849929893,0.004851848328225836,0.0048514048417601426,0.13498940265892617,0.055098413914082246,0.055101483986013999,0.0550953438421505,0.05538115816772126,0.1356738152836843,7.3109926164370125e-08,"[[0.1349894027, 0.0639042751, 0.0639177054, -1.65675e-05, -3.91138e-05, 4.46916e-05], [0.0639042751, 0.1356524665, 0.064194514, -0.0001334393, -1.63331e-05, 1.92696e-05], [0.0639177054, 0.064194514, 0.135695164, 0.0001090202, -2.37075e-05, 3.2941e-05], [-1.65675e-05, -0.0001334393, 0.0001090202, 0.0553811582, 3.80631e-05, -4.27786e-05], [-3.91138e-05, -1.63331e-05, -2.37075e-05, 3.80631e-05, 0.0550953438, -1.89711e-05], [4.46916e-05, 1.92696e-05, 3.2941e-05, -4.27786e-05, -1.89711e-05, 0.055101484]]",0.350006103515625,0.18572688099993684,1.4022303169999759,3.0128635080000095,91,123,109,"{""params"": {""w"": 0.0, ""rho"": 0.35, ""N"": 6.0, ""phase"": 0.6666666666666666, ""gradient"": 0.0, ""a_z"": 1.0, ""wall"": 0.5, ""n"": 32, ""kind"": ""network"", ""k_s"": 130.0, ""k_f"": 0.4, ""E"": 70000000000.0, ""nu"": 0.33, ""tol"": 1e-08, ""preconditioner"": ""two_level""}, ""params_json"": ""{\""E\"": 70000000000.0, \""N\"": 6.0, \""a_z\"": 1.0, \""gradient\"": 0.0, \""k_f\"": 0.4, \""k_s\"": 130.0, \""kind\"": \""network\"", \""n\"": 32, \""nu\"": 0.33, \""phase\"": 0.6666666666666666, \""preconditioner\"": \""two_level\"", \""rho\"": 0.35, \""tol\"": 1e-08, \""w\"": 0.0, \""wall\"": 0.5}"", ""voxlat_version"": ""0.1.0"", ""git_hash"": ""0977f9f913f3+dirty"", ""resolution"": 32, ""wall_time_s"": 42.79393484999946, ""timestamp_utc"": ""2026-10-09T17:03:10+00:00"", ""python"": ""3.13.16"", ""numpy"": ""2.5.3"", ""platform"": ""Linux-6.18.44-fc-v80-x86_64-with-glibc2.39"", ""extra"": {}}",uniform
G-r0.350-N8-p0.0000-g0.000-az1.0000-tw0.500-n32,0,0.34999999999999998,8,0,0,1,0.5,32,network,G,95c011af0755,ok,,256,16,8,8.5,0.350006103515625,0.35009765625,0.35009765625,-0.0022115505213913256,-0.032744191413015544,-0.043966723394297524,-0.021521659431733231,0.0048547927326352269,0.0045293829638783922,-0.0024514704181426428,0.011510236345899205,0.0058030354590041799,0.014644706807423358,51.166925556000024,0.18930127583423265,0.0046817572393281701,0.0046274374100952857,0.0047360770685610553,0.13484830129253664,0.055281856139555816,0.054897681680409781,0.05566603059870185,0.055351948538246772,0.13616207646914075,-5.7429643211178159e-07,"[[0.1348483013, 0.0629472405, 0.0638708984, 6.0981e-06, 1.6776e-06, 1.00231e-05], [0.0629472405, 0.1349929195, 0.0635112305, 9.3554e-06, 5.9595e-06, 1.7014e-06], [0.0638708984, 0.0635112305, 0.1373312335, 1.561e-06, 9.6867e-06, 6.3015e-06], [6.0981e-06, 9.3554e-06, 1.561e-06, 0.0553519485, 1.5368e-06, 1.2728e-06], [1.6776e-06, 5.9595e-06, 9.6867e-06, 1.5368e-06, 0.0556660306, 1.2015e-06], [1.00231e-05, 1.7014e-06, 6.3015e-06, 1.2728e-06, 1.2015e-06, 0.0548976817]]",0.350006103515625,1.4979908960003741,15.379987158999938,34.248560155000177,101,137,124,0.18972085308579334,0.0048402472208127802,0.0048402472208127784,0.004840247220812781,0.13419680362555242,0.055032592452841853,0.055032592452841624,0.055032592452842088,0.055032592452842005,0.13419680362555117,-5.9153571903996539e-07,"[[0.1341968036, 0.0639173649, 0.0639173649, 6.2522e-06, 1.6419e-06, 9.8866e-06], [0.0639173649, 0.1341968036, 0.0639173649, 9.8866e-06, 6.2522e-06, 1.6419e-06], [0.0639173649, 0.0639173649, 0.1341968036, 1.6419e-06, 9.8866e-06, 6.2522e-06], [6.2522e-06, 9.8866e-06, 1.6419e-06, 0.0550325925, 1.3889e-06, 1.3889e-06], [1.6419e-06, 6.2522e-06, 9.8866e-06, 1.3889e-06, 0.0550325925, 1.3889e-06], [9.8866e-06, 1.6419e-06, 6.2522e-06, 1.3889e-06, 1.3889e-06, 0.0550325925]]",0.350006103515625,0.096011447999899246,1.3083184570000412,3.1960104909999245,89,123,103,"{""params"": {""w"": 0.0, ""rho"": 0.35, ""N"": 8.0, ""phase"": 0.0, ""gradient"": 0.0, ""a_z"": 1.0, ""wall"": 0.5, ""n"": 32, ""kind"": ""network"", ""k_s"": 130.0, ""k_f"": 0.4, ""E"": 70000000000.0, ""nu"": 0.33, ""tol"": 1e-08, ""preconditioner"": ""two_level""}, ""params_json"": ""{\""E\"": 70000000000.0, \""N\"": 8.0, \""a_z\"": 1.0, \""gradient\"": 0.0, \""k_f\"": 0.4, \""k_s\"": 130.0, \""kind\"": \""network\"", \""n\"": 32, \""nu\"": 0.33, \""phase\"": 0.0, \""preconditioner\"": \""two_level\"", \""rho\"": 0.35, \""tol\"": 1e-08, \""w\"": 0.0, \""wall\"": 0.5}"", ""voxlat_version"": ""0.1.0"", ""git_hash"": ""0977f9f913f3+dirty"", ""resolution"": 32, ""wall_time_s"": 51.166925556000024, ""timestamp_utc"": ""2026-10-09T16:44:20+00:00"", ""python"": ""3.13.16"", ""numpy"": ""2.5.3"", ""platform"": ""Linux-6.18.44-fc-v80-x86_64-with-glibc2.39"", ""extra"": {}}",uniform
G-r0.350-N8-p0.1250-g0.000-az1.0000-tw0.500-n32,0,0.34999999999999998,8,0.125,0,1,0.5,32,network,G,95c011af0755,ok,,256,16,8,8.5,0.350067138671875,0.349853515625,0.35009765625,-0.0038125512109823401,-0.033533593536800632,-0.033539806927746607,-0.03352737953380247,0.0046922924425834012,0.0027452637299167915,0.0027405605414529965,0.0027499670717852087,0.0048563842328162021,0.015419943710945683,55.016645686000629,0.18902732334042466,0.0046771729349444563,0.0046773732159462161,0.0046769726539426966,0.13484790219877621,0.055188969758213295,0.055189610939636202,0.055188328576790388,0.055305607674450447,0.1362809381634412,-1.5976740884193863e-06,"[[0.1348479022, 0.0633112711, 0.0633097875, 8.22391e-05, 2.1286e-06, 5.482e-07], [0.0633112711, 0.1362815472, 0.0634899341, 0.0004990568, 5.7432e-06, -2.9855e-06], [0.0633097875, 0.0634899341, 0.1362803291, 0.0004973638, 5.2093e-06, -1.0493e-06], [8.22391e-05, 0.0004990568, 0.0004973638, 0.0553056077, -2.4183e-06, 1.9102e-06], [2.1286e-06, 5.7432e-06, 5.2093e-06, -2.4183e-06, 0.0551883286, -1.73015e-05], [5.482e-07, -2.9855e-06, -1.0493e-06, 1.9102e-06, -1.73015e-05, 0.0551896109]]",0.350067138671875,1.5721201259993904,17.448210098000345,35.963233509999554,95,150,127,0.18975075782194351,0.0048394573299869285,0.004839695674456539,0.0048392189855173181,0.1342181115682069,0.05503787627271018,0.055038773847779027,0.055036978697641334,0.055038320442851091,0.1342114058400212,-1.4539907395359715e-07,"[[0.1342181116, 0.0639318466, 0.0639300519, 1.2876e-06, 2.3019e-06, 1.347e-07], [0.0639318466, 0.1342123601, 0.0639267488, 4.3504e-06, 6.1753e-06, -3.2135e-06], [0.0639300519, 0.0639267488, 0.1342104516, 2.5731e-06, 5.6801e-06, -1.1184e-06], [1.2876e-06, 4.3504e-06, 2.5731e-06, 0.0550383204, -2.5591e-06, 1.9887e-06], [2.3019e-06, 6.1753e-06, 5.6801e-06, -2.5591e-06, 0.0550369787, 1.9994e-06], [1.347e-07, -3.2135e-06, -1.1184e-06, 1.9887e-06, 1.9994e-06, 0.0550387738]]",0.350067138671875,0.12921501599976182,1.3383375419998629,3.4123065330004465,79,123,105,"{""params"": {""w"": 0.0, ""rho"": 0.35, ""N"": 8.0, ""phase"": 0.125, ""gradient"": 0.0, ""a_z"": 1.0, ""wall"": 0.5, ""n"": 32, ""kind"": ""network"", ""k_s"": 130.0, ""k_f"": 0.4, ""E"": 70000000000.0, ""nu"": 0.33, ""tol"": 1e-08, ""preconditioner"": ""two_level""}, ""params_json"": ""{\""E\"": 70000000000.0, \""N\"": 8.0, \""a_z\"": 1.0, \""gradient\"": 0.0, \""k_f\"": 0.4, \""k_s\"": 130.0, \""kind\"": \""network\"", \""n\"": 32, \""nu\"": 0.33, \""phase\"": 0.125, \""preconditioner\"": \""two_level\"", \""rho\"": 0.35, \""tol\"": 1e-08, \""w\"": 0.0, \""wall\"": 0.5}"", ""voxlat_version"": ""0.1.0"", ""git_hash"": ""0977f9f913f3+dirty"", ""resolution"": 32, ""wall_time_s"": 55.01664568600063, ""timestamp_utc"": ""2026-10-09T17:52:53+00:00"", ""python"": ""3.13.16"", ""numpy"": ""2.5.3"", ""platform"": ""Linux-6.18.44-fc-v80-x86_64-with-glibc2.39"", ""extra"": {}}",uniform
G-r0.350-N8-p0.3333-g0.000-az1.0000-tw0.500-n32,0,0.34999999999999998,8,0.33333333333333331,0,1,0.5,32,network,G,95c011af0755,ok,,256,16,8,8.5,0.350006103515625,0.336181640625,0.36376953125,-0.0026108448536048545,-0.033361558413468551,-0.027456370854063161,-0.039266237862216391,0.0047488110676530138,0.0038062729418970598,0.0083889636028267045,-0.00077613914256990935,0.0047246350725504982,0.014561056011580975,54.911032760000126,0.18908183614352711,0.0046897888408640002,0.0047182357212004113,0.0046613419605275883,0.13562833316650358,0.055309704640123476,0.055560521967090812,0.055058887313156148,0.055643737939216883,0.1376623922171856,6.7055538360375579e-07,"[[0.1356283332, 0.0636723744, 0.0630572515, -4.10984e-05, -1.47858e-05, 3.4235e-05], [0.0636723744, 0.1383219563, 0.0637504554, -0.0003166021, -1.76737e-05, 1.8028e-05], [0.0630572515, 0.0637504554, 0.1370028281, -0.0005849175, 1.367e-07, 2.43236e-05], [-4.10984e-05, -0.0003166021, -0.0005849175, 0.0556437379, 3.56499e-05, -8.6865e-06], [-1.47858e-05, -1.76737e-05, 1.367e-07, 3.56499e-05, 0.0550588873, 6.59386e-05], [3.4235e-05, 1.8028e-05, 2.43236e-05, -8.6865e-06, 6.59386e-05, 0.055560522]]",0.350006103515625,1.4107036620002873,17.073484944000029,36.381651025000338,102,159,135,0.1895767917345903,0.004851647357585644,0.0048514386191022057,0.0048518560960690814,0.13498730396344932,0.055099979080649709,0.055098304297759436,0.055101653863539983,0.055382077831901563,0.13568665128776064,1.6103168396071628e-07,"[[0.134987304, 0.0639146221, 0.0639113326, -1.69181e-05, -2.23314e-05, 6.50185e-05], [0.0639146221, 0.1356915169, 0.0641928648, 0.0001076454, -2.39443e-05, 3.43802e-05], [0.0639113326, 0.0641928648, 0.1356817856, -0.0001255585, -4.323e-06, 3.83566e-05], [-1.69181e-05, 0.0001076454, -0.0001255585, 0.0553820778, 6.50474e-05, -1.27458e-05], [-2.23314e-05, -2.39443e-05, -4.323e-06, 6.50474e-05, 0.0551016539, -1.77429e-05], [6.50185e-05, 3.43802e-05, 3.83566e-05, -1.27458e-05, -1.77429e-05, 0.0550983043]]",0.350006103515625,0.12424490500006868,1.2457930730001863,3.3683650420002778,90,123,108,"{""params"": {""w"": 0.0, ""rho"": 0.35, ""N"": 8.0, ""phase"": 0.3333333333333333, ""gradient"": 0.0, ""a_z"": 1.0, ""wall"": 0.5, ""n"": 32, ""kind"": ""network"", ""k_s"": 130.0, ""k_f"": 0.4, ""E"": 70000000000.0, ""nu"": 0.33, ""tol"": 1e-08, ""preconditioner"": ""two_level""}, ""params_json"": ""{\""E\"": 70000000000.0, \""N\"": 8.0, \""a_z\"": 1.0, \""gradient\"": 0.0, \""k_f\"": 0.4, \""k_s\"": 130.0, \""kind\"": \""network\"", \""n\"": 32, \""nu\"": 0.33, \""phase\"": 0.3333333333333333, \""preconditioner\"": \""two_level\"", \""rho\"": 0.35, \""tol\"": 1e-08, \""w\"": 0.0, \""wall\"": 0.5}"", ""voxlat_version"": ""0.1.0"", ""git_hash"": ""0977f9f913f3+dirty"", ""resolution"": 32, ""wall_time_s"": 54.911032760000126, ""timestamp_utc"": ""2026-10-09T16:44:41+00:00"", ""python"": ""3.13.16"", ""numpy"": ""2.5.3"", ""platform"": ""Linux-6.18.44-fc-v80-x86_64-with-glibc2.39"", ""extra"": {}}",uniform
G-r0.350-N8-p0.6667-g0.000-az1.0000-tw0.500-n32,0,0.34999999999999998,8,0.66666666666666663,0,1,0.5,32,network,G,95c011af0755,ok,,256,16,8,8.5,0.350006103515625,0.36376953125,0.336181640625,-0.0025911683540399411,-0.033353904116084299,-0.027531804106805557,-0.039176536346985591,0.0047597598035924449,0.0039661701337059263,0.0085050555099819292,-0.00057322108221580237,0.0048436967400971032,0.014771489351129485,50.792065678000199,0.18908394022268787,0.0046898058970700875,0.0047182681904971904,0.0046613436036429846,0.1356319197916131,0.055316943597762847,0.055570125165997429,0.05506376202952825,0.055649407703001051,0.13767791960137435,-7.5575875646930954e-07,"[[0.1356319198, 0.0636718576, 0.0630691861, 3.62532e-05, -1.23868e-05, 6.6574e-05], [0.0636718576, 0.1383194255, 0.063751247, 0.0003156574, 6.2639e-06, 3.19826e-05], [0.0630691861, 0.063751247, 0.1370364137, 0.0005727865, -1.87455e-05, 5.16505e-05], [3.62532e-05, 0.0003156574, 0.0005727865, 0.0556494077, 6.2064e-05, -2.22232e-05], [-1.23868e-05, 6.2639e-06, -1.87455e-05, 6.2064e-05, 0.055063762, -7.27076e-05], [6.6574e-05, 3.19826e-05, 5.16505e-05, -2.22232e-05, -7.27076e-05, 0.0555701252]]",0.350006103515625,1.4532513619997189,15.616138854999917,33.692669475999992,102,161,121,0.18957516138157179,0.0048516265849929893,0.004851848328225836,0.0048514048417601426,0.13498940265892617,0.055098413914082246,0.055101483986013999,0.0550953438421505,0.05538115816772126,0.1356738152836843,7.3109926164370125e-08,"[[0.1349894027, 0.0639042751, 0.0639177054, -1.65675e-05, -3.91138e-05, 4.46916e-05], [0.0639042751, 0.1356524665, 0.064194514, -0.0001334393, -1.63331e-05, 1.92696e-05], [0.0639177054, 0.064194514, 0.135695164, 0.0001090202, -2.37075e-05, 3.2941e-05], [-1.65675e-05, -0.0001334393, 0.0001090202, 0.0553811582, 3.80631e-05, -4.27786e-05], [-3.91138e-05, -1.63331e-05, -2.37075e-05, 3.80631e-05, 0.0550953438, -1.89711e-05], [4.46916e-05, 1.92696e-05, 3.2941e-05, -4.27786e-05, -1.89711e-05, 0.055101484]]",0.350006103515625,0.18572688099993684,1.4022303169999759,3.0128635080000095,91,123,109,"{""params"": {""w"": 0.0, ""rho"": 0.35, ""N"": 8.0, ""phase"": 0.6666666666666666, ""gradient"": 0.0, ""a_z"": 1.0, ""wall"": 0.5, ""n"": 32, ""kind"": ""network"", ""k_s"": 130.0, ""k_f"": 0.4, ""E"": 70000000000.0, ""nu"": 0.33, ""tol"": 1e-08, ""preconditioner"": ""two_level""}, ""params_json"": ""{\""E\"": 70000000000.0, \""N\"": 8.0, \""a_z\"": 1.0, \""gradient\"": 0.0, \""k_f\"": 0.4, \""k_s\"": 130.0, \""kind\"": \""network\"", \""n\"": 32, \""nu\"": 0.33, \""phase\"": 0.6666666666666666, \""preconditioner\"": \""two_level\"", \""rho\"": 0.35, \""tol\"": 1e-08, \""w\"": 0.0, \""wall\"": 0.5}"", ""voxlat_version"": ""0.1.0"", ""git_hash"": ""0977f9f913f3+dirty"", ""resolution"": 32, ""wall_time_s"": 50.7920656780002, ""timestamp_utc"": ""2026-10-09T16:45:11+00:00"", ""python"": ""3.13.16"", ""numpy"": ""2.5.3"", ""platform"": ""Linux-6.18.44-fc-v80-x86_64-with-glibc2.39"", ""extra"": {}}",uniform
G-r0.450-N1-p0.0000-g0.000-az1.0000-tw0.500-n32,0,0.45000000000000001,1,0,0,1,0.5,32,network,G,95c011af0755,ok,,32,16,1,1.5,0.4500732421875,0.450927734375,0.44970703125,-0.028595264280395827,-0.25413932044700183,-0.36269514058954144,-0.14560171425965818,0.0012087187235230168,0.009245702275370693,-0.03209172848038222,0.050577547622091767,0.029864003439385556,0.099915457074952085,12.135855127000468,0.26173760285631315,0.0021484739658727604,0.0018356216634235428,0.0024613262683219777,0.2180038057611958,0.085875659963307843,0.082352736868723533,0.089398583057892153,0.087621296885926611,0.23951632691889566,2.2968250566443524e-06,"[[0.2180038058, 0.0833357088, 0.0910998472, -5.06528e-05, -4.3651e-06, 1.52513e-05], [0.0833357088, 0.2265289484, 0.0902894113, -4.75994e-05, -1.72638e-05, 2.44139e-05], [0.0910998472, 0.0902894113, 0.2525037054, -5.08994e-05, 1.64938e-05, -2.94544e-05], [-5.06528e-05, -4.75994e-05, -5.08994e-05, 0.0876212969, -1.53365e-05, 5.9656e-06], [-4.3651e-06, -1.72638e-05, 1.64938e-05, -1.53365e-05, 0.0893985831, -1.47583e-05], [1.52513e-05, 2.44139e-05, -2.94544e-05, 5.9656e-06, -1.47583e-05, 0.0823527369]]",0.4500732421875,0.21473848500045278,1.4896561800005657,10.412946935000036,91,193,119,0.26944237888898215,0.002880529869412559,0.0028802881953882984,0.0028807715434368201,0.21774061859862415,0.085088952838440562,0.085083203948065844,0.085094701728815308,0.085080453917509624,0.21775885171743176,3.3501009210907255e-06,"[[0.2177406186, 0.0922535456, 0.0922510595, -5.44418e-05, -2.12221e-05, -9.83e-06], [0.0922535456, 0.2177709973, 0.0922544592, -3.56807e-05, -3.86159e-05, -1.92431e-05], [0.0922510595, 0.0922544592, 0.2177467061, -3.85648e-05, -2.40067e-05, -3.28188e-05], [-5.44418e-05, -3.56807e-05, -3.85648e-05, 0.0850804539, -1.15085e-05, -4.9088e-06], [-2.12221e-05, -3.86159e-05, -2.40067e-05, -1.15085e-05, 0.0850947017, -2.36084e-05], [-9.83e-06, -1.92431e-05, -3.28188e-05, -4.9088e-06, -2.36084e-05, 0.0850832039]]",0.4500732421875,0.10058764499990502,1.099527467000371,3.5558141309998064,83,132,103,"{""params"": {""w"": 0.0, ""rho"": 0.45, ""N"": 1.0, ""phase"": 0.0, ""gradient"": 0.0, ""a_z"": 1.0, ""wall"": 0.5, ""n"": 32, ""kind"": ""network"", ""k_s"": 130.0, ""k_f"": 0.4, ""E"": 70000000000.0, ""nu"": 0.33, ""tol"": 1e-08, ""preconditioner"": ""two_level""}, ""params_json"": ""{\""E\"": 70000000000.0, \""N\"": 1.0, \""a_z\"": 1.0, \""gradient\"": 0.0, \""k_f\"": 0.4, \""k_s\"": 130.0, \""kind\"": \""network\"", \""n\"": 32, \""nu\"": 0.33, \""phase\"": 0.0, \""preconditioner\"": \""two_level\"", \""rho\"": 0.45, \""tol\"": 1e-08, \""w\"": 0.0, \""wall\"": 0.5}"", ""voxlat_version"": ""0.1.0"", ""git_hash"": ""0977f9f913f3+dirty"", ""resolution"": 32, ""wall_time_s"": 12.135855127000468, ""timestamp_utc"": ""2026-10-09T17:40:27+00:00"", ""python"": ""3.13.16"", ""numpy"": ""2.5.3"", ""platform"": ""Linux-6.18.44-fc-v80-x86_64-with-glibc2.39"", ""extra"": {}}",uniform
G-r0.450-N1-p0.1250-g0.000-az1.0000-tw0.500-n32,0,0.45000000000000001,1,0.125,0,1,0.5,32,network,G,95c011af0755,ok,,32,16,1,1.5,0.449981689453125,0.449951171875,0.4501953125,-0.0094020395852069116,-0.25333736764924053,-0.25396177375389783,-0.25271261283487101,0.034781238455628749,0.022473579409313382,0.022350424636165434,0.022596717114139686,0.0095792722313681189,0.090611427795534993,11.194663615999161,0.2668501884246241,0.0021518759447612221,0.0021506766161038054,0.0021530752734186388,0.2252819461939948,0.086970034031543214,0.086953532288696317,0.086986535774390111,0.085875467650753365,0.23748786216372872,2.2591103287182095e-05,"[[0.2252819462, 0.0885570641, 0.0885864182, -0.0002634883, 2.8315e-06, -1.94512e-05], [0.0885570641, 0.2374554227, 0.0882725662, 0.0058056347, -1.07756e-05, -1.57008e-05], [0.0885864182, 0.0882725662, 0.2375203017, 0.0057899352, -2.60767e-05, -3.79374e-05], [-0.0002634883, 0.0058056347, 0.0057899352, 0.0858754677, -2.42677e-05, 1.37676e-05], [2.8315e-06, -1.07756e-05, -2.60767e-05, -2.42677e-05, 0.0869865358, -0.0012834297], [-1.94512e-05, -1.57008e-05, -3.79374e-05, 1.37676e-05, -0.0012834297, 0.0869535323]]",0.449981689453125,0.26522705800016411,2.0870238019997487,8.8233874119996472,101,227,114,0.26938293746626119,0.0028819922834310745,0.0028827968064391689,0.0028811877604229806,0.21770973208812658,0.085058465844942532,0.085052571205847916,0.085064360484037121,0.085060648542190989,0.21775662358844486,4.0021534176682653e-06,"[[0.2177097321, 0.0922173344, 0.0922220104, -7.28941e-05, -1.33691e-05, -1.56645e-05], [0.0922173344, 0.2178099807, 0.0922274905, -5.42747e-05, -2.3816e-05, -2.13458e-05], [0.0922220104, 0.0922274905, 0.2177032665, -5.46857e-05, -1.521e-05, -3.83532e-05], [-7.28941e-05, -5.42747e-05, -5.46857e-05, 0.0850606485, -2.21864e-05, 1.5651e-06], [-1.33691e-05, -2.3816e-05, -1.521e-05, -2.21864e-05, 0.0850643605, -2.73529e-05], [-1.56645e-05, -2.13458e-05, -3.83532e-05, 1.5651e-06, -2.73529e-05, 0.0850525712]]",0.449981689453125,0.12616532900028687,1.4673652460005542,4.2402210039999773,91,132,105,"{""params"": {""w"": 0.0, ""rho"": 0.45, ""N"": 1.0, ""phase"": 0.125, ""gradient"": 0.0, ""a_z"": 1.0, ""wall"": 0.5, ""n"": 32, ""kind"": ""network"", ""k_s"": 130.0, ""k_f"": 0.4, ""E"": 70000000000.0, ""nu"": 0.33, ""tol"": 1e-08, ""preconditioner"": ""two_level""}, ""params_json"": ""{\""E\"": 70000000000.0, \""N\"": 1.0, \""a_z\"": 1.0, \""gradient\"": 0.0, \""k_f\"": 0.4, \""k_s\"": 130.0, \""kind\"": \""network\"", \""n\"": 32, \""nu\"": 0.33, \""phase\"": 0.125, \""preconditioner\"": \""two_level\"", \""rho\"": 0.45, \""tol\"": 1e-08, \""w\"": 0.0, \""wall\"": 0.5}"", ""voxlat_version"": ""0.1.0"", ""git_hash"": ""0977f9f913f3+dirty"", ""resolution"": 32, ""wall_time_s"": 11.194663615999161, ""timestamp_utc"": ""2026-10-09T18:01:22+00:00"", ""python"": ""3.13.16"", ""numpy"": ""2.5.3"", ""platform"": ""Linux-6.18.44-fc-v80-x86_64-with-glibc2.39"", ""extra"": {}}",uniform
G-r0.450-N1-p0.3333-g0.000-az1.0000-tw0.500-n32,0,0.45000000000000001,1,0.33333333333333331,0,1,0.5,32,network,G,95c011af0755,ok,,32,16,1,1.5,0.45001220703125,0.44189453125,0.458251953125,-0.018884913708771101,-0.25331393916597889,-0.19747069307588849,-0.30914960378367351,0.022222568312320501,0.015053857478985577,0.038857500619326135,-0.0087509156875786864,0.016981983492854402,0.094970460004096813,12.604663667999375,0.26296739048391238,0.0021591888131412577,0.002320512941556436,0.001997864684726079,0.21800518812412567,0.085791574402505205,0.087805524174058,0.08377762463095241,0.086281854982294195,0.23686468646355177,-1.6135679642067282e-05,"[[0.2180051881, 0.0889689384, 0.0846720386, -5.86714e-05, -1.63221e-05, 5.8508e-06], [0.0889689384, 0.2440659312, 0.0886997513, -0.0049875652, -1.12498e-05, 1.34162e-05], [0.0846720386, 0.0886997513, 0.2296634417, -0.0051903705, -1.90268e-05, -6.5379e-06], [-5.86714e-05, -0.0049875652, -0.0051903705, 0.086281855, -1.8596e-06, -6.4601e-06], [-1.63221e-05, -1.12498e-05, -1.90268e-05, -1.8596e-06, 0.0837776246, 0.000846102], [5.8508e-06, 1.34162e-05, -6.5379e-06, -6.4601e-06, 0.000846102, 0.0878055242]]",0.45001220703125,0.20844185299938545,2.0948926619994381,10.281292168000618,105,203,118,0.26802909684935222,0.0028916956220255705,0.0028914993153961758,0.0028918919286549647,0.21326587269937711,0.084519233901124632,0.084521240036975032,0.084517227765274205,0.084841085076017411,0.21632061787554116,-9.5446092796747019e-08,"[[0.2132658727, 0.0913643764, 0.0913537938, -6.7946e-06, -9.2106e-06, 1.1682e-05], [0.0913643764, 0.2163619159, 0.0920680911, -3.28111e-05, -1.95613e-05, 1.74962e-05], [0.0913537938, 0.0920680911, 0.2162793199, 1.64679e-05, -4.1052e-06, 6.2954e-06], [-6.7946e-06, -3.28111e-05, 1.64679e-05, 0.0848410851, 6.35e-06, -7.4294e-06], [-9.2106e-06, -1.95613e-05, -4.1052e-06, 6.35e-06, 0.0845172278, -1.00723e-05], [1.1682e-05, 1.74962e-05, 6.2954e-06, -7.4294e-06, -1.00723e-05, 0.08452124]]",0.449981689453125,0.099593724000442307,1.0624326829997699,3.9295359600000666,90,129,103,"{""params"": {""w"": 0.0, ""rho"": 0.45, ""N"": 1.0, ""phase"": 0.3333333333333333, ""gradient"": 0.0, ""a_z"": 1.0, ""wall"": 0.5, ""n"": 32, ""kind"": ""network"", ""k_s"": 130.0, ""k_f"": 0.4, ""E"": 70000000000.0, ""nu"": 0.33, ""tol"": 1e-08, ""preconditioner"": ""two_level""}, ""params_json"": ""{\""E\"": 70000000000.0, \""N\"": 1.0, \""a_z\"": 1.0, \""gradient\"": 0.0, \""k_f\"": 0.4, \""k_s\"": 130.0, \""kind\"": \""network\"", \""n\"": 32, \""nu\"": 0.33, \""phase\"": 0.3333333333333333, \""preconditioner\"": \""two_level\"", \""rho\"": 0.45, \""tol\"": 1e-08, \""w\"": 0.0, \""wall\"": 0.5}"", ""voxlat_version"": ""0.1.0"", ""git_hash"": ""0977f9f913f3+dirty"", ""resolution"": 32, ""wall_time_s"": 12.604663667999375, ""timestamp_utc"": ""2026-10-09T17:40:30+00:00"", ""python"": ""3.13.16"", ""numpy"": ""2.5.3"", ""platform"": ""Linux-6.18.44-fc-v80-x86_64-with-glibc2.39"", ""extra"": {}}",uniform
G-r0.450-N1-p0.6667-g0.000-az1.0000-tw0.500-n32,0,0.45000000000000001,1,0.66666666666666663,0,1,0.5,32,network,G,95c011af0755,ok,,32,16,1,1.5,0.45001220703125,0.458251953125,0.44189453125,-0.01894426917875025,-0.25333684422783787,-0.19746082570843537,-0.30921286270433845,0.022180173827166971,0.014956634862176355,0.038765104512411108,-0.0088518331776029635,0.016941308317700576,0.094737620827759494,12.197726671000055,0.26296820725250786,0.0021589348168820181,0.0023204972030966857,0.0019973724306673506,0.21800710384232455,0.085794323848760387,0.087806851745239903,0.083781795952280871,0.08628310972250687,0.23686414187212798,1.5825521562931738e-05,"[[0.2180071038, 0.0889607705, 0.0846809767, 4.84928e-05, -1.97373e-05, 1.22998e-05], [0.0889607705, 0.2439848235, 0.0886929716, 0.0049775239, -3.8682e-06, 2.6489e-06], [0.0846809767, 0.0886929716, 0.2297434602, 0.0051777996, -2.83934e-05, 3.00561e-05], [4.84928e-05, 0.0049775239, 0.0051777996, 0.0862831097, 1.09742e-05, -8.1705e-06], [-1.97373e-05, -3.8682e-06, -2.83934e-05, 1.09742e-05, 0.083781796, -0.0008617125], [1.22998e-05, 2.6489e-06, 3.00561e-05, -8.1705e-06, -0.0008617125, 0.0878068517]]",0.45001220703125,0.21306991200071934,2.1232350069994936,9.8304187120002098,105,211,115,0.26804614558683132,0.0028914441541572442,0.0028914441530472168,0.0028914441552672712,0.2132765919593993,0.084530038921722631,0.084530036062826552,0.084530041780618723,0.084845712350148081,0.21636612953250742,2.7118672853314644e-10,"[[0.213276592, 0.0913700605, 0.0913700646, -3e-10, -2.4712e-06, 2.08899e-05], [0.0913700605, 0.2163661269, 0.0920684317, 2.96168e-05, 1.3268e-05, 2.15977e-05], [0.0913700646, 0.0920684317, 0.2163661322, -2.96153e-05, -1.33902e-05, 2.5857e-05], [-3e-10, 2.96168e-05, -2.96153e-05, 0.0848457124, 1.37815e-05, 1.0795e-06], [-2.4712e-06, 1.3268e-05, -1.33902e-05, 1.37815e-05, 0.0845300418, 7e-10], [2.08899e-05, 2.15977e-05, 2.5857e-05, 1.0795e-06, 7e-10, 0.0845300361]]",0.45001220703125,0.099472511000385566,1.3067816419998053,3.7406006400001388,90,130,103,"{""params"": {""w"": 0.0, ""rho"": 0.45, ""N"": 1.0, ""phase"": 0.6666666666666666, ""gradient"": 0.0, ""a_z"": 1.0, ""wall"": 0.5, ""n"": 32, ""kind"": ""network"", ""k_s"": 130.0, ""k_f"": 0.4, ""E"": 70000000000.0, ""nu"": 0.33, ""tol"": 1e-08, ""preconditioner"": ""two_level""}, ""params_json"": ""{\""E\"": 70000000000.0, \""N\"": 1.0, \""a_z\"": 1.0, \""gradient\"": 0.0, \""k_f\"": 0.4, \""k_s\"": 130.0, \""kind\"": \""network\"", \""n\"": 32, \""nu\"": 0.33, \""phase\"": 0.6666666666666666, \""preconditioner\"": \""two_level\"", \""rho\"": 0.45, \""tol\"": 1e-08, \""w\"": 0.0, \""wall\"": 0.5}"", ""voxlat_version"": ""0.1.0"", ""git_hash"": ""0977f9f913f3+dirty"", ""resolution"": 32, ""wall_time_s"": 12.197726671000055, ""timestamp_utc"": ""2026-10-09T17:40:39+00:00"", ""python"": ""3.13.16"", ""numpy"": ""2.5.3"", ""platform"": ""Linux-6.18.44-fc-v80-x86_64-with-glibc2.39"", ""extra"": {}}",uniform
G-r0.450-N1.5-p0.0000-g0.000-az1.0000-tw0.500-n32,0,0.45000000000000001,1.5,0,0,1,0.5,32,network,G,95c011af0755,ok,,48,16,1.5,2,0.45013427734375,0.450927734375,0.449951171875,-0.02151829267673544,-0.16959615572039655,-0.24322142205531527,-0.095983242544438352,-0.0085098879914378145,0.0058533488402225942,-0.034376652238433447,0.0460779141429426,0.02130662844606257,0.067336620732487695,17.103488617000039,0.26364443892053319,0.0023920030771224132,0.0021797404045768186,0.0026042657496680079,0.21588767032316347,0.085587008161853217,0.082158328234611472,0.089015688089094977,0.086893231537152352,0.23242199692667045,2.4390319373107709e-06,"[[0.2158876703, 0.0846128546, 0.0919709957, -4.72868e-05, -2.22968e-05, -1.33884e-05], [0.0846128546, 0.2239101671, 0.0909498438, -4.52644e-05, -3.35091e-05, -2.5971e-06], [0.0919709957, 0.0909498438, 0.2409338267, -3.66944e-05, -3.61467e-05, -2.65601e-05], [-4.72868e-05, -4.52644e-05, -3.66944e-05, 0.0868932315, -1.14942e-05, -6.0609e-06], [-2.22968e-05, -3.35091e-05, -3.61467e-05, -1.14942e-05, 0.0890156881, -1.14293e-05], [-1.33884e-05, -2.5971e-06, -2.65601e-05, -6.0609e-06, -1.14293e-05, 0.0821583282]]",0.45013427734375,0.3307881129994712,3.2741622329995153,13.477722416000688,96,215,121,0.26944237888898215,0.002880529869412559,0.0028802881953882984,0.0028807715434368201,0.21774061859862415,0.085088952838440562,0.085083203948065844,0.085094701728815308,0.085080453917509624,0.21775885171743176,3.3501009210907255e-06,"[[0.2177406186, 0.0922535456, 0.0922510595, -5.44418e-05, -2.12221e-05, -9.83e-06], [0.0922535456, 0.2177709973, 0.0922544592, -3.56807e-05, -3.86159e-05, -1.92431e-05], [0.0922510595, 0.0922544592, 0.2177467061, -3.85648e-05, -2.40067e-05, -3.28188e-05], [-5.44418e-05, -3.56807e-05, -3.85648e-05, 0.0850804539, -1.15085e-05, -4.9088e-06], [-2.12221e-05, -3.86159e-05, -2.40067e-05, -1.15085e-05, 0.0850947017, -2.36084e-05], [-9.83e-06, -1.92431e-05, -3.28188e-05, -4.9088e-06, -2.36084e-05, 0.0850832039]]",0.4500732421875,0.10058764499990502,1.099527467000371,3.5558141309998064,83,132,103,"{""params"": {""w"": 0.0, ""rho"": 0.45, ""N"": 1.5, ""phase"": 0.0, ""gradient"": 0.0, ""a_z"": 1.0, ""wall"": 0.5, ""n"": 32, ""kind"": ""network"", ""k_s"": 130.0, ""k_f"": 0.4, ""E"": 70000000000.0, ""nu"": 0.33, ""tol"": 1e-08, ""preconditioner"": ""two_level""}, ""params_json"": ""{\""E\"": 70000000000.0, \""N\"": 1.5, \""a_z\"": 1.0, \""gradient\"": 0.0, \""k_f\"": 0.4, \""k_s\"": 130.0, \""kind\"": \""network\"", \""n\"": 32, \""nu\"": 0.33, \""phase\"": 0.0, \""preconditioner\"": \""two_level\"", \""rho\"": 0.45, \""tol\"": 1e-08, \""w\"": 0.0, \""wall\"": 0.5}"", ""voxlat_version"": ""0.1.0"", ""git_hash"": ""0977f9f913f3+dirty"", ""resolution"": 32, ""wall_time_s"": 17.10348861700004, ""timestamp_utc"": ""2026-10-09T17:37:23+00:00"", ""python"": ""3.13.16"", ""numpy"": ""2.5.3"", ""platform"": ""Linux-6.18.44-fc-v80-x86_64-with-glibc2.39"", ""extra"": {}}",uniform
G-r0.450-N1.5-p0.1250-g0.000-az1.0000-tw0.500-n32,0,0.45000000000000001,1.5,0.125,0,1,0.5,32,network,G,95c011af0755,ok,,48,16,1.5,2,0.45005289713541669,0.449951171875,0.45068359375,-0.0075248859126195722,-0.16952166757113551,-0.16965262310711826,-0.16939063890091077,0.019698033849277818,0.013173497689769498,0.013167722405017956,0.013179272174110634,0.00742575417689606,0.060891880888502836,13.964177520001613,0.26735586159502123,0.0023934321456166941,0.0023937227663419405,0.0023931415248914477,0.22199818576011571,0.086178983348246224,0.086172519853319543,0.086185446843172905,0.085692288008392653,0.23101623397467499,1.1840559264093154e-05,"[[0.2219981858, 0.0891341248, 0.0891562056, 0.0002492506, -1.37767e-05, -1.48678e-05], [0.0891341248, 0.2310202722, 0.0895462215, 0.003897974, -2.41632e-05, -2.02926e-05], [0.0891562056, 0.0895462215, 0.2310121958, 0.0038997655, -2.97215e-05, -3.4542e-05], [0.0002492506, 0.003897974, 0.0038997655, 0.085692288, -2.49691e-05, 5.3795e-06], [-1.37767e-05, -2.41632e-05, -2.97215e-05, -2.49691e-05, 0.0861854468, -0.0008357249], [-1.48678e-05, -2.02926e-05, -3.4542e-05, 5.3795e-06, -0.0008357249, 0.0861725199]]",0.45005289713541669,0.28572188100042695,3.5056702750007389,10.153096268999434,103,249,115,0.26938293746626119,0.0028819922834310745,0.0028827968064391689,0.0028811877604229806,0.21770973208812658,0.085058465844942532,0.085052571205847916,0.085064360484037121,0.085060648542190989,0.21775662358844486,4.0021534176682653e-06,"[[0.2177097321, 0.0922173344, 0.0922220104, -7.28941e-05, -1.33691e-05, -1.56645e-05], [0.0922173344, 0.2178099807, 0.0922274905, -5.42747e-05, -2.3816e-05, -2.13458e-05], [0.0922220104, 0.0922274905, 0.2177032665, -5.46857e-05, -1.521e-05, -3.83532e-05], [-7.28941e-05, -5.42747e-05, -5.46857e-05, 0.0850606485, -2.21864e-05, 1.5651e-06], [-1.33691e-05, -2.3816e-05, -1.521e-05, -2.21864e-05, 0.0850643605, -2.73529e-05], [-1.56645e-05, -2.13458e-05, -3.83532e-05, 1.5651e-06, -2.73529e-05, 0.0850525712]]",0.449981689453125,0.12616532900028687,1.4673652460005542,4.2402210039999773,91,132,105,"{""params"": {""w"": 0.0, ""rho"": 0.45, ""N"": 1.5, ""phase"": 0.125, ""gradient"": 0.0, ""a_z"": 1.0, ""wall"": 0.5, ""n"": 32, ""kind"": ""network"", ""k_s"": 130.0, ""k_f"": 0.4, ""E"": 70000000000.0, ""nu"": 0.33, ""tol"": 1e-08, ""preconditioner"": ""two_level""}, ""params_json"": ""{\""E\"": 70000000000.0, \""N\"": 1.5, \""a_z\"": 1.0, \""gradient\"": 0.0, \""k_f\"": 0.4, \""k_s\"": 130.0, \""kind\"": \""network\"", \""n\"": 32, \""nu\"": 0.33, \""phase\"": 0.125, \""preconditioner\"": \""two_level\"", \""rho\"": 0.45, \""tol\"": 1e-08, \""w\"": 0.0, \""wall\"": 0.5}"", ""voxlat_version"": ""0.1.0"", ""git_hash"": ""0977f9f913f3+dirty"", ""resolution"": 32, ""wall_time_s"": 13.964177520001613, ""timestamp_utc"": ""2026-10-09T18:00:45+00:00"", ""python"": ""3.13.16"", ""numpy"": ""2.5.3"", ""platform"": ""Linux-6.18.44-fc-v80-x86_64-with-glibc2.39"", ""extra"": {}}",uniform
G-r0.450-N1.5-p0.3333-g0.000-az1.0000-tw0.500-n32,0,0.45000000000000001,1.5,0.33333333333333331,0,1,0.5,32,network,G,95c011af0755,ok,,48,16,1.5,2,0.45001220703125,0.44189453125,0.4580078125,-0.014509238986113449,-0.16930576063687375,-0.13140457035601605,-0.20720180532094012,0.0086262211782166531,0.0089370278127407499,0.031879503880176685,-0.014006537398884134,0.012329463709475297,0.063702198185976666,16.886432429999331,0.26414019862793287,0.0024021148952082134,0.0025115430901718268,0.0022926867002446005,0.21510555128704734,0.085274584645210511,0.087215735236691128,0.083333434053729893,0.085887130155534674,0.23010071674716182,-6.5974428848125586e-06,"[[0.2151055513, 0.089757132, 0.085656636, -0.0004070755, -1.96824e-05, 8.1082e-06], [0.089757132, 0.2348743817, 0.0897979778, -0.0033501703, -2.58901e-05, 1.9481e-05], [0.085656636, 0.0897979778, 0.2253270518, -0.0034886335, -1.53565e-05, -7.5871e-06], [-0.0004070755, -0.0033501703, -0.0034886335, 0.0858871302, 1.465e-06, -1.25489e-05], [-1.96824e-05, -2.58901e-05, -1.53565e-05, 1.465e-06, 0.0833334341, 0.0005592385], [8.1082e-06, 1.9481e-05, -7.5871e-06, -1.25489e-05, 0.0005592385, 0.0872157352]]",0.45001220703125,0.38998171399998682,3.3779570639999292,13.103333460999238,106,216,120,0.26802909684935222,0.0028916956220255705,0.0028914993153961758,0.0028918919286549647,0.21326587269937711,0.084519233901124632,0.084521240036975032,0.084517227765274205,0.084841085076017411,0.21632061787554116,-9.5446092796747019e-08,"[[0.2132658727, 0.0913643764, 0.0913537938, -6.7946e-06, -9.2106e-06, 1.1682e-05], [0.0913643764, 0.2163619159, 0.0920680911, -3.28111e-05, -1.95613e-05, 1.74962e-05], [0.0913537938, 0.0920680911, 0.2162793199, 1.64679e-05, -4.1052e-06, 6.2954e-06], [-6.7946e-06, -3.28111e-05, 1.64679e-05, 0.0848410851, 6.35e-06, -7.4294e-06], [-9.2106e-06, -1.95613e-05, -4.1052e-06, 6.35e-06, 0.0845172278, -1.00723e-05], [1.1682e-05, 1.74962e-05, 6.2954e-06, -7.4294e-06, -1.00723e-05, 0.08452124]]",0.449981689453125,0.099593724000442307,1.0624326829997699,3.9295359600000666,90,129,103,"{""params"": {""w"": 0.0, ""rho"": 0.45, ""N"": 1.5, ""phase"": 0.3333333333333333, ""gradient"": 0.0, ""a_z"": 1.0, ""wall"": 0.5, ""n"": 32, ""kind"": ""network"", ""k_s"": 130.0, ""k_f"": 0.4, ""E"": 70000000000.0, ""nu"": 0.33, ""tol"": 1e-08, ""preconditioner"": ""two_level""}, ""params_json"": ""{\""E\"": 70000000000.0, \""N\"": 1.5, \""a_z\"": 1.0, \""gradient\"": 0.0, \""k_f\"": 0.4, \""k_s\"": 130.0, \""kind\"": \""network\"", \""n\"": 32, \""nu\"": 0.33, \""phase\"": 0.3333333333333333, \""preconditioner\"": \""two_level\"", \""rho\"": 0.45, \""tol\"": 1e-08, \""w\"": 0.0, \""wall\"": 0.5}"", ""voxlat_version"": ""0.1.0"", ""git_hash"": ""0977f9f913f3+dirty"", ""resolution"": 32, ""wall_time_s"": 16.88643242999933, ""timestamp_utc"": ""2026-10-09T17:37:24+00:00"", ""python"": ""3.13.16"", ""numpy"": ""2.5.3"", ""platform"": ""Linux-6.18.44-fc-v80-x86_64-with-glibc2.39"", ""extra"": {}}",uniform
G-r0.450-N1.5-p0.6667-g0.000-az1.0000-tw0.500-n32,0,0.45000000000000001,1.5,0.66666666666666663,0,1,0.5,32,network,G,95c011af0755,ok,,48,16,1.5,2,0.45001220703125,0.458251953125,0.44189453125,-0.014576744574016365,-0.16922726700054458,-0.13129022682487557,-0.20716430714708545,0.0085563307821574508,0.0087813114473302978,0.031682044323596781,-0.014119419879881856,0.012270088241877586,0.063432158008480677,15.052527140000166,0.26413890538856244,0.0024021329622645124,0.0025118257943421876,0.0022924401301868372,0.21510145702829514,0.085272323520149226,0.087208120412044246,0.083336526628254207,0.085886776727629358,0.23009070004869678,6.4597407965547637e-06,"[[0.215101457, 0.0897382662, 0.0856658534, 0.0003931112, -1.97351e-05, 1.38965e-05], [0.0897382662, 0.2347620132, 0.089790756, 0.0033350447, -6.5942e-06, 4.4911e-06], [0.0856658534, 0.089790756, 0.2254193869, 0.0034706384, -3.05471e-05, 3.30114e-05], [0.0003931112, 0.0033350447, 0.0034706384, 0.0858867767, 1.20034e-05, -9.6379e-06], [-1.97351e-05, -6.5942e-06, -3.05471e-05, 1.20034e-05, 0.0833365266, -0.0005785787], [1.38965e-05, 4.4911e-06, 3.30114e-05, -9.6379e-06, -0.0005785787, 0.0872081204]]",0.45001220703125,0.32404578399928141,3.3146772729996883,11.398047794999911,106,216,117,0.26804614558683132,0.0028914441541572442,0.0028914441530472168,0.0028914441552672712,0.2132765919593993,0.084530038921722631,0.084530036062826552,0.084530041780618723,0.084845712350148081,0.21636612953250742,2.7118672853314644e-10,"[[0.213276592, 0.0913700605, 0.0913700646, -3e-10, -2.4712e-06, 2.08899e-05], [0.0913700605, 0.2163661269, 0.0920684317, 2.96168e-05, 1.3268e-05, 2.15977e-05], [0.0913700646, 0.0920684317, 0.2163661322, -2.96153e-05, -1.33902e-05, 2.5857e-05], [-3e-10, 2.96168e-05, -2.96153e-05, 0.0848457124, 1.37815e-05, 1.0795e-06], [-2.4712e-06, 1.3268e-05, -1.33902e-05, 1.37815e-05, 0.0845300418, 7e-10], [2.08899e-05, 2.15977e-05, 2.5857e-05, 1.0795e-06, 7e-10, 0.0845300361]]",0.45001220703125,0.099472511000385566,1.3067816419998053,3.7406006400001388,90,130,103,"{""params"": {""w"": 0.0, ""rho"": 0.45, ""N"": 1.5, ""phase"": 0.6666666666666666, ""gradient"": 0.0, ""a_z"": 1.0, ""wall"": 0.5, ""n"": 32, ""kind"": ""network"", ""k_s"": 130.0, ""k_f"": 0.4, ""E"": 70000000000.0, ""nu"": 0.33, ""tol"": 1e-08, ""preconditioner"": ""two_level""}, ""params_json"": ""{\""E\"": 70000000000.0, \""N\"": 1.5, \""a_z\"": 1.0, \""gradient\"": 0.0, \""k_f\"": 0.4, \""k_s\"": 130.0, \""kind\"": \""network\"", \""n\"": 32, \""nu\"": 0.33, \""phase\"": 0.6666666666666666, \""preconditioner\"": \""two_level\"", \""rho\"": 0.45, \""tol\"": 1e-08, \""w\"": 0.0, \""wall\"": 0.5}"", ""voxlat_version"": ""0.1.0"", ""git_hash"": ""0977f9f913f3+dirty"", ""resolution"": 32, ""wall_time_s"": 15.052527140000166, ""timestamp_utc"": ""2026-10-09T17:37:39+00:00"", ""python"": ""3.13.16"", ""numpy"": ""2.5.3"", ""platform"": ""Linux-6.18.44-fc-v80-x86_64-with-glibc2.39"", ""extra"": {}}",uniform
G-r0.450-N2-p0.0000-g0.000-az1.0000-tw0.500-n32,0,0.45000000000000001,2,0,0,1,0.5,32,network,G,95c011af0755,ok,,64,16,2,2.5,0.4500732421875,0.450927734375,0.44970703125,-0.014503043890761957,-0.12713868598457323,-0.18226724282049278,-0.072019378851367999,0.00010185577214061325,0.0038111365006312514,-0.017221723949333745,0.024841155043719532,0.014943725679835707,0.049671762107013295,18.876564340000186,0.26553464424192391,0.002514303086876132,0.0023553060074864604,0.0026733001662658036,0.21776279673745788,0.085413238452403645,0.083617924496947382,0.087208552407859879,0.0863518728815688,0.22857531759663641,2.8318260260706916e-06,"[[0.2177627967, 0.0878398718, 0.0916943516, -5.28522e-05, -1.29294e-05, 2.995e-06], [0.0878398718, 0.2220497092, 0.0912348023, -4.16095e-05, -2.80416e-05, 3.2785e-06], [0.0916943516, 0.0912348023, 0.235100926, -4.48542e-05, -4.1885e-06, -3.09418e-05], [-5.28522e-05, -4.16095e-05, -4.48542e-05, 0.0863518729, -1.33913e-05, 5.999e-07], [-1.29294e-05, -2.80416e-05, -4.1885e-06, -1.33913e-05, 0.0872085524, -1.91517e-05], [2.995e-06, 3.2785e-06, -3.09418e-05, 5.999e-07, -1.91517e-05, 0.0836179245]]",0.4500732421875,0.43332682999971439,4.1768940470001326,14.242696569000145,97,231,121,0.26944237888898215,0.002880529869412559,0.0028802881953882984,0.0028807715434368201,0.21774061859862415,0.085088952838440562,0.085083203948065844,0.085094701728815308,0.085080453917509624,0.21775885171743176,3.3501009210907255e-06,"[[0.2177406186, 0.0922535456, 0.0922510595, -5.44418e-05, -2.12221e-05, -9.83e-06], [0.0922535456, 0.2177709973, 0.0922544592, -3.56807e-05, -3.86159e-05, -1.92431e-05], [0.0922510595, 0.0922544592, 0.2177467061, -3.85648e-05, -2.40067e-05, -3.28188e-05], [-5.44418e-05, -3.56807e-05, -3.85648e-05, 0.0850804539, -1.15085e-05, -4.9088e-06], [-2.12221e-05, -3.86159e-05, -2.40067e-05, -1.15085e-05, 0.0850947017, -2.36084e-05], [-9.83e-06, -1.92431e-05, -3.28188e-05, -4.9088e-06, -2.36084e-05, 0.0850832039]]",0.4500732421875,0.10058764499990502,1.099527467000371,3.5558141309998064,83,132,103,"{""params"": {""w"": 0.0, ""rho"": 0.45, ""N"": 2.0, ""phase"": 0.0, ""gradient"": 0.0, ""a_z"": 1.0, ""wall"": 0.5, ""n"": 32, ""kind"": ""network"", ""k_s"": 130.0, ""k_f"": 0.4, ""E"": 70000000000.0, ""nu"": 0.33, ""tol"": 1e-08, ""preconditioner"": ""two_level""}, ""params_json"": ""{\""E\"": 70000000000.0, \""N\"": 2.0, \""a_z\"": 1.0, \""gradient\"": 0.0, \""k_f\"": 0.4, \""k_s\"": 130.0, \""kind\"": \""network\"", \""n\"": 32, \""nu\"": 0.33, \""phase\"": 0.0, \""preconditioner\"": \""two_level\"", \""rho\"": 0.45, \""tol\"": 1e-08, \""w\"": 0.0, \""wall\"": 0.5}"", ""voxlat_version"": ""0.1.0"", ""git_hash"": ""0977f9f913f3+dirty"", ""resolution"": 32, ""wall_time_s"": 18.876564340000186, ""timestamp_utc"": ""2026-10-09T17:30:43+00:00"", ""python"": ""3.13.16"", ""numpy"": ""2.5.3"", ""platform"": ""Linux-6.18.44-fc-v80-x86_64-with-glibc2.39"", ""extra"": {}}",uniform
G-r0.450-N2-p0.1250-g0.000-az1.0000-tw0.500-n32,0,0.45000000000000001,2,0.125,0,1,0.5,32,network,G,95c011af0755,ok,,64,16,2,2.5,0.449981689453125,0.449951171875,0.4501953125,-0.0047199353406612854,-0.12698925490777457,-0.12730609522954517,-0.12667223764138968,0.016265247424615881,0.010579878919471319,0.010518002616501487,0.01064174664685269,0.0048610081118254378,0.045200379938069579,17.763129936000041,0.268111467419543,0.0025160102307082064,0.0025157992016711954,0.0025162212597452174,0.2212508347472868,0.085958374114657995,0.085947154372331205,0.085969593856984786,0.085474129044751712,0.22759930570867376,1.0043209098342624e-05,"[[0.2212508347, 0.0904453967, 0.0904622074, -0.0001584757, -5.8298e-06, -1.70026e-05], [0.0904453967, 0.2276098438, 0.0902129275, 0.0028437955, -1.74886e-05, -1.82749e-05], [0.0904622074, 0.0902129275, 0.2275887676, 0.0028356858, -2.07319e-05, -3.79013e-05], [-0.0001584757, 0.0028437955, 0.0028356858, 0.085474129, -2.31716e-05, 7.6019e-06], [-5.8298e-06, -1.74886e-05, -2.07319e-05, -2.31716e-05, 0.0859695939, -0.0005803693], [-1.70026e-05, -1.82749e-05, -3.79013e-05, 7.6019e-06, -0.0005803693, 0.0859471544]]",0.449981689453125,0.41890634400078852,4.4163105130010081,12.914959088000614,104,253,116,0.26938293746626119,0.0028819922834310745,0.0028827968064391689,0.0028811877604229806,0.21770973208812658,0.085058465844942532,0.085052571205847916,0.085064360484037121,0.085060648542190989,0.21775662358844486,4.0021534176682653e-06,"[[0.2177097321, 0.0922173344, 0.0922220104, -7.28941e-05, -1.33691e-05, -1.56645e-05], [0.0922173344, 0.2178099807, 0.0922274905, -5.42747e-05, -2.3816e-05, -2.13458e-05], [0.0922220104, 0.0922274905, 0.2177032665, -5.46857e-05, -1.521e-05, -3.83532e-05], [-7.28941e-05, -5.42747e-05, -5.46857e-05, 0.0850606485, -2.21864e-05, 1.5651e-06], [-1.33691e-05, -2.3816e-05, -1.521e-05, -2.21864e-05, 0.0850643605, -2.73529e-05], [-1.56645e-05, -2.13458e-05, -3.83532e-05, 1.5651e-06, -2.73529e-05, 0.0850525712]]",0.449981689453125,0.12616532900028687,1.4673652460005542,4.2402210039999773,91,132,105,"{""params"": {""w"": 0.0, ""rho"": 0.45, ""N"": 2.0, ""phase"": 0.125, ""gradient"": 0.0, ""a_z"": 1.0, ""wall"": 0.5, ""n"": 32, ""kind"": ""network"", ""k_s"": 130.0, ""k_f"": 0.4, ""E"": 70000000000.0, ""nu"": 0.33, ""tol"": 1e-08, ""preconditioner"": ""two_level""}, ""params_json"": ""{\""E\"": 70000000000.0, \""N\"": 2.0, \""a_z\"": 1.0, \""gradient\"": 0.0, \""k_f\"": 0.4, \""k_s\"": 130.0, \""kind\"": \""network\"", \""n\"": 32, \""nu\"": 0.33, \""phase\"": 0.125, \""preconditioner\"": \""two_level\"", \""rho\"": 0.45, \""tol\"": 1e-08, \""w\"": 0.0, \""wall\"": 0.5}"", ""voxlat_version"": ""0.1.0"", ""git_hash"": ""0977f9f913f3+dirty"", ""resolution"": 32, ""wall_time_s"": 17.76312993600004, ""timestamp_utc"": ""2026-10-09T18:00:00+00:00"", ""python"": ""3.13.16"", ""numpy"": ""2.5.3"", ""platform"": ""Linux-6.18.44-fc-v80-x86_64-with-glibc2.39"", ""extra"": {}}",uniform
G-r0.450-N2-p0.3333-g0.000-az1.0000-tw0.500-n32,0,0.45000000000000001,2,0.33333333333333331,0,1,0.5,32,network,G,95c011af0755,ok,,64,16,2,2.5,0.45001220703125,0.44189453125,0.458251953125,-0.0094989265712209781,-0.12693250371491793,-0.098530697557241309,-0.15533045394507483,0.010360393937121293,0.0069399743125904134,0.018962615547751582,-0.0050832376713335625,0.0085569395573654727,0.047407897083975525,18.652693089000422,0.26548310813942955,0.0025246454567403979,0.0026065978708639049,0.002442693042616891,0.21547539115388664,0.08510579521331825,0.086123983817415414,0.084087606609221086,0.085567065112994195,0.22657592346492683,-5.2691345548594046e-06,"[[0.2154753912, 0.0902072611, 0.088093846, -3.20259e-05, -1.86515e-05, 4.1029e-06], [0.0902072611, 0.2301968107, 0.0903430048, -0.0024816216, -1.8477e-05, 1.33571e-05], [0.088093846, 0.0903430048, 0.2229550362, -0.0025550391, -2.03431e-05, -9.9288e-06], [-3.20259e-05, -0.0024816216, -0.0025550391, 0.0855670651, -1.5121e-06, -1.01887e-05], [-1.86515e-05, -1.8477e-05, -2.03431e-05, -1.5121e-06, 0.0840876066, 0.0003701495], [4.1029e-06, 1.33571e-05, -9.9288e-06, -1.01887e-05, 0.0003701495, 0.0861239838]]",0.45001220703125,0.44274958200003312,3.5680967070002225,14.622740798999985,105,219,120,0.26802909684935222,0.0028916956220255705,0.0028914993153961758,0.0028918919286549647,0.21326587269937711,0.084519233901124632,0.084521240036975032,0.084517227765274205,0.084841085076017411,0.21632061787554116,-9.5446092796747019e-08,"[[0.2132658727, 0.0913643764, 0.0913537938, -6.7946e-06, -9.2106e-06, 1.1682e-05], [0.0913643764, 0.2163619159, 0.0920680911, -3.28111e-05, -1.95613e-05, 1.74962e-05], [0.0913537938, 0.0920680911, 0.2162793199, 1.64679e-05, -4.1052e-06, 6.2954e-06], [-6.7946e-06, -3.28111e-05, 1.64679e-05, 0.0848410851, 6.35e-06, -7.4294e-06], [-9.2106e-06, -1.95613e-05, -4.1052e-06, 6.35e-06, 0.0845172278, -1.00723e-05], [1.1682e-05, 1.74962e-05, 6.2954e-06, -7.4294e-06, -1.00723e-05, 0.08452124]]",0.449981689453125,0.099593724000442307,1.0624326829997699,3.9295359600000666,90,129,103,"{""params"": {""w"": 0.0, ""rho"": 0.45, ""N"": 2.0, ""phase"": 0.3333333333333333, ""gradient"": 0.0, ""a_z"": 1.0, ""wall"": 0.5, ""n"": 32, ""kind"": ""network"", ""k_s"": 130.0, ""k_f"": 0.4, ""E"": 70000000000.0, ""nu"": 0.33, ""tol"": 1e-08, ""preconditioner"": ""two_level""}, ""params_json"": ""{\""E\"": 70000000000.0, \""N\"": 2.0, \""a_z\"": 1.0, \""gradient\"": 0.0, \""k_f\"": 0.4, \""k_s\"": 130.0, \""kind\"": \""network\"", \""n\"": 32, \""nu\"": 0.33, \""phase\"": 0.3333333333333333, \""preconditioner\"": \""two_level\"", \""rho\"": 0.45, \""tol\"": 1e-08, \""w\"": 0.0, \""wall\"": 0.5}"", ""voxlat_version"": ""0.1.0"", ""git_hash"": ""0977f9f913f3+dirty"", ""resolution"": 32, ""wall_time_s"": 18.652693089000422, ""timestamp_utc"": ""2026-10-09T17:30:54+00:00"", ""python"": ""3.13.16"", ""numpy"": ""2.5.3"", ""platform"": ""Linux-6.18.44-fc-v80-x86_64-with-glibc2.39"", ""extra"": {}}",uniform
G-r0.450-N2-p0.6667-g0.000-az1.0000-tw0.500-n32,0,0.45000000000000001,2,0.66666666666666663,0,1,0.5,32,network,G,95c011af0755,ok,,64,16,2,2.5,0.45001220703125,0.458251953125,0.44189453125,-0.009560385956739248,-0.12690082400681935,-0.098449026140849272,-0.15535262185094389,0.010313780145428275,0.0068273125641846732,0.018840077881667305,-0.0051854519407289468,0.0085097098185711317,0.047186343001731634,19.776345711000431,0.26548352098080485,0.0025245175084249892,0.0026067842920390657,0.0024422507248109131,0.21547627983903478,0.085107151918503932,0.086122588525590349,0.084091715311417514,0.085567724741597795,0.2265756559345854,5.0159057566229273e-06,"[[0.2154762798, 0.0901978657, 0.0881036297, 2.00893e-05, -2.15902e-05, 1.54914e-05], [0.0901978657, 0.2301150114, 0.0903396331, 0.0024684336, -8.2223e-06, 5.4854e-06], [0.0881036297, 0.0903396331, 0.2230363005, 0.002540606, -3.16746e-05, 3.46206e-05], [2.00893e-05, 0.0024684336, 0.002540606, 0.0855677247, 1.29224e-05, -1.05079e-05], [-2.15902e-05, -8.2223e-06, -3.16746e-05, 1.29224e-05, 0.0840917153, -0.0003880102], [1.54914e-05, 5.4854e-06, 3.46206e-05, -1.05079e-05, -0.0003880102, 0.0861225885]]",0.45001220703125,0.35792718500033516,4.5640135389994612,14.8258769389995,105,220,117,0.26804614558683132,0.0028914441541572442,0.0028914441530472168,0.0028914441552672712,0.2132765919593993,0.084530038921722631,0.084530036062826552,0.084530041780618723,0.084845712350148081,0.21636612953250742,2.7118672853314644e-10,"[[0.213276592, 0.0913700605, 0.0913700646, -3e-10, -2.4712e-06, 2.08899e-05], [0.0913700605, 0.2163661269, 0.0920684317, 2.96168e-05, 1.3268e-05, 2.15977e-05], [0.0913700646, 0.0920684317, 0.2163661322, -2.96153e-05, -1.33902e-05, 2.5857e-05], [-3e-10, 2.96168e-05, -2.96153e-05, 0.0848457124, 1.37815e-05, 1.0795e-06], [-2.4712e-06, 1.3268e-05, -1.33902e-05, 1.37815e-05, 0.0845300418, 7e-10], [2.08899e-05, 2.15977e-05, 2.5857e-05, 1.0795e-06, 7e-10, 0.0845300361]]",0.45001220703125,0.099472511000385566,1.3067816419998053,3.7406006400001388,90,130,103,"{""params"": {""w"": 0.0, ""rho"": 0.45, ""N"": 2.0, ""phase"": 0.6666666666666666, ""gradient"": 0.0, ""a_z"": 1.0, ""wall"": 0.5, ""n"": 32, ""kind"": ""network"", ""k_s"": 130.0, ""k_f"": 0.4, ""E"": 70000000000.0, ""nu"": 0.33, ""tol"": 1e-08, ""preconditioner"": ""two_level""}, ""params_json"": ""{\""E\"": 70000000000.0, \""N\"": 2.0, \""a_z\"": 1.0, \""gradient\"": 0.0, \""k_f\"": 0.4, \""k_s\"": 130.0, \""kind\"": \""network\"", \""n\"": 32, \""nu\"": 0.33, \""phase\"": 0.6666666666666666, \""preconditioner\"": \""two_level\"", \""rho\"": 0.45, \""tol\"": 1e-08, \""w\"": 0.0, \""wall\"": 0.5}"", ""voxlat_version"": ""0.1.0"", ""git_hash"": ""0977f9f913f3+dirty"", ""resolution"": 32, ""wall_time_s"": 19.77634571100043, ""timestamp_utc"": ""2026-10-09T17:31:03+00:00"", ""python"": ""3.13.16"", ""numpy"": ""2.5.3"", ""platform"": ""Linux-6.18.44-fc-v80-x86_64-with-glibc2.39"", ""extra"": {}}",uniform
G-r0.450-N3-p0.0000-g0.000-az1.0000-tw0.500-n32,0,0.45000000000000001,3,0,0,1,0.5,32,network,G,95c011af0755,ok,,96,16,3,3.5,0.4500732421875,0.450927734375,0.44970703125,-0.0097156648459487682,-0.084759780875618307,-0.12151479654811215,-0.048010932115297611,7.033343073992171e-05,0.0024148779878241378,-0.01159886601084581,0.016426728484869368,0.0099617237391023128,0.033068655923253365,24.409711792999587,0.26682456704040164,0.0026363767888754773,0.0025302905613257603,0.0027424630164251938,0.21775593304334162,0.085294432277657123,0.084096335265698763,0.086492529289615511,0.085928001895033274,0.22495984425911827,3.0045101165174957e-06,"[[0.217755933, 0.0893109818, 0.0918798718, -5.33808e-05, -1.57346e-05, -1.2175e-06], [0.0893109818, 0.2206037014, 0.0915723338, -3.96266e-05, -3.1583e-05, -4.0776e-06], [0.0918798718, 0.0915723338, 0.2293159871, -4.27561e-05, -1.08965e-05, -3.1544e-05], [-5.33808e-05, -3.96266e-05, -4.27561e-05, 0.0859280019, -1.27528e-05, -1.2188e-06], [-1.57346e-05, -3.1583e-05, -1.08965e-05, -1.27528e-05, 0.0864925293, -2.06412e-05], [-1.2175e-06, -4.0776e-06, -3.1544e-05, -1.2188e-06, -2.06412e-05, 0.0840963353]]",0.4500732421875,0.50535650900019391,6.6244963119997919,17.254730820000077,97,245,120,0.26944237888898215,0.002880529869412559,0.0028802881953882984,0.0028807715434368201,0.21774061859862415,0.085088952838440562,0.085083203948065844,0.085094701728815308,0.085080453917509624,0.21775885171743176,3.3501009210907255e-06,"[[0.2177406186, 0.0922535456, 0.0922510595, -5.44418e-05, -2.12221e-05, -9.83e-06], [0.0922535456, 0.2177709973, 0.0922544592, -3.56807e-05, -3.86159e-05, -1.92431e-05], [0.0922510595, 0.0922544592, 0.2177467061, -3.85648e-05, -2.40067e-05, -3.28188e-05], [-5.44418e-05, -3.56807e-05, -3.85648e-05, 0.0850804539, -1.15085e-05, -4.9088e-06], [-2.12221e-05, -3.86159e-05, -2.40067e-05, -1.15085e-05, 0.0850947017, -2.36084e-05], [-9.83e-06, -1.92431e-05, -3.28188e-05, -4.9088e-06, -2.36084e-05, 0.0850832039]]",0.4500732421875,0.10058764499990502,1.099527467000371,3.5558141309998064,83,132,103,"{""params"": {""w"": 0.0, ""rho"": 0.45, ""N"": 3.0, ""phase"": 0.0, ""gradient"": 0.0, ""a_z"": 1.0, ""wall"": 0.5, ""n"": 32, ""kind"": ""network"", ""k_s"": 130.0, ""k_f"": 0.4, ""E"": 70000000000.0, ""nu"": 0.33, ""tol"": 1e-08, ""preconditioner"": ""two_level""}, ""params_json"": ""{\""E\"": 70000000000.0, \""N\"": 3.0, \""a_z\"": 1.0, \""gradient\"": 0.0, \""k_f\"": 0.4, \""k_s\"": 130.0, \""kind\"": \""network\"", \""n\"": 32, \""nu\"": 0.33, \""phase\"": 0.0, \""preconditioner\"": \""two_level\"", \""rho\"": 0.45, \""tol\"": 1e-08, \""w\"": 0.0, \""wall\"": 0.5}"", ""voxlat_version"": ""0.1.0"", ""git_hash"": ""0977f9f913f3+dirty"", ""resolution"": 32, ""wall_time_s"": 24.409711792999587, ""timestamp_utc"": ""2026-10-09T17:24:45+00:00"", ""python"": ""3.13.16"", ""numpy"": ""2.5.3"", ""platform"": ""Linux-6.18.44-fc-v80-x86_64-with-glibc2.39"", ""extra"": {}}",uniform
G-r0.450-N3-p0.1250-g0.000-az1.0000-tw0.500-n32,0,0.45000000000000001,3,0.125,0,1,0.5,32,network,G,95c011af0755,ok,,96,16,3,3.5,0.449981689453125,0.449951171875,0.4501953125,-0.0031515821021623758,-0.084660892650834096,-0.084871997053405313,-0.084449670353586859,0.010788657860679063,0.0069876072701255953,0.0069465616310178113,0.0070286472206180228,0.0032396632475713005,0.030119391005367424,27.305194098998982,0.26853395502191457,0.0026380002441029841,0.0026381280843774976,0.0026378724038284705,0.22005852790056551,0.085652820999266382,0.08564339413360586,0.085662247864926891,0.0853362163990877,0.22431532047831382,8.0158095504967023e-06,"[[0.2200585279, 0.091042262, 0.091054984, -0.0001297252, -8.405e-06, -1.65142e-05], [0.091042262, 0.224340109, 0.0908814146, 0.0018777257, -1.96046e-05, -1.92832e-05], [0.091054984, 0.0908814146, 0.224290532, 0.0018721835, -1.88762e-05, -3.80465e-05], [-0.0001297252, 0.0018777257, 0.0018721835, 0.0853362164, -2.28294e-05, 5.5741e-06], [-8.405e-06, -1.96046e-05, -1.88762e-05, -2.28294e-05, 0.0856622479, -0.0003904964], [-1.65142e-05, -1.92832e-05, -3.80465e-05, 5.5741e-06, -0.0003904964, 0.0856433941]]",0.449981689453125,0.57430887699956656,8.6201875910010131,18.087617612000031,104,260,116,0.26938293746626119,0.0028819922834310745,0.0028827968064391689,0.0028811877604229806,0.21770973208812658,0.085058465844942532,0.085052571205847916,0.085064360484037121,0.085060648542190989,0.21775662358844486,4.0021534176682653e-06,"[[0.2177097321, 0.0922173344, 0.0922220104, -7.28941e-05, -1.33691e-05, -1.56645e-05], [0.0922173344, 0.2178099807, 0.0922274905, -5.42747e-05, -2.3816e-05, -2.13458e-05], [0.0922220104, 0.0922274905, 0.2177032665, -5.46857e-05, -1.521e-05, -3.83532e-05], [-7.28941e-05, -5.42747e-05, -5.46857e-05, 0.0850606485, -2.21864e-05, 1.5651e-06], [-1.33691e-05, -2.3816e-05, -1.521e-05, -2.21864e-05, 0.0850643605, -2.73529e-05], [-1.56645e-05, -2.13458e-05, -3.83532e-05, 1.5651e-06, -2.73529e-05, 0.0850525712]]",0.449981689453125,0.12616532900028687,1.4673652460005542,4.2402210039999773,91,132,105,"{""params"": {""w"": 0.0, ""rho"": 0.45, ""N"": 3.0, ""phase"": 0.125, ""gradient"": 0.0, ""a_z"": 1.0, ""wall"": 0.5, ""n"": 32, ""kind"": ""network"", ""k_s"": 130.0, ""k_f"": 0.4, ""E"": 70000000000.0, ""nu"": 0.33, ""tol"": 1e-08, ""preconditioner"": ""two_level""}, ""params_json"": ""{\""E\"": 70000000000.0, \""N\"": 3.0, \""a_z\"": 1.0, \""gradient\"": 0.0, \""k_f\"": 0.4, \""k_s\"": 130.0, \""kind\"": \""network\"", \""n\"": 32, \""nu\"": 0.33, \""phase\"": 0.125, \""preconditioner\"": \""two_level\"", \""rho\"": 0.45, \""tol\"": 1e-08, \""w\"": 0.0, \""wall\"": 0.5}"", ""voxlat_version"": ""0.1.0"", ""git_hash"": ""0977f9f913f3+dirty"", ""resolution"": 32, ""wall_time_s"": 27.30519409899898, ""timestamp_utc"": ""2026-10-09T17:59:03+00:00"", ""python"": ""3.13.16"", ""numpy"": ""2.5.3"", ""platform"": ""Linux-6.18.44-fc-v80-x86_64-with-glibc2.39"", ""extra"": {}}",uniform
G-r0.450-N3-p0.3333-g0.000-az1.0000-tw0.500-n32,0,0.45000000000000001,3,0.33333333333333331,0,1,0.5,32,network,G,95c011af0755,ok,,96,16,3,3.5,0.45001220703125,0.44189453125,0.458251953125,-0.0063317892678814713,-0.08465153322568042,-0.065692772600221327,-0.10360771994416917,0.0069030584411187146,0.0045952276594478647,0.012580625925196154,-0.0033905496957276071,0.0057219989696153384,0.031646780378360218,22.890127050000046,0.26633199309044153,0.0026469091539991184,0.0027015487083961592,0.002592269599602078,0.21473805948211708,0.08490761902250242,0.085584570140613922,0.084230667904390918,0.085326545677403429,0.22316646896075962,-3.5021678075523285e-06,"[[0.2147380595, 0.0905974088, 0.089193218, -2.12312e-05, -1.94058e-05, 3.5471e-06], [0.0905974088, 0.2255852609, 0.0909143261, -0.0016644207, -2.09275e-05, 1.33632e-05], [0.089193218, 0.0909143261, 0.220747677, -0.0016936871, -2.07619e-05, -1.10505e-05], [-2.12312e-05, -0.0016644207, -0.0016936871, 0.0853265457, -1.3724e-06, -1.13978e-05], [-1.94058e-05, -2.09275e-05, -2.07619e-05, -1.3724e-06, 0.0842306679, 0.0002434186], [3.5471e-06, 1.33632e-05, -1.10505e-05, -1.13978e-05, 0.0002434186, 0.0855845701]]",0.45001220703125,0.48085119400002441,5.2462765569998737,17.143946131000121,105,222,120,0.26802909684935222,0.0028916956220255705,0.0028914993153961758,0.0028918919286549647,0.21326587269937711,0.084519233901124632,0.084521240036975032,0.084517227765274205,0.084841085076017411,0.21632061787554116,-9.5446092796747019e-08,"[[0.2132658727, 0.0913643764, 0.0913537938, -6.7946e-06, -9.2106e-06, 1.1682e-05], [0.0913643764, 0.2163619159, 0.0920680911, -3.28111e-05, -1.95613e-05, 1.74962e-05], [0.0913537938, 0.0920680911, 0.2162793199, 1.64679e-05, -4.1052e-06, 6.2954e-06], [-6.7946e-06, -3.28111e-05, 1.64679e-05, 0.0848410851, 6.35e-06, -7.4294e-06], [-9.2106e-06, -1.95613e-05, -4.1052e-06, 6.35e-06, 0.0845172278, -1.00723e-05], [1.1682e-05, 1.74962e-05, 6.2954e-06, -7.4294e-06, -1.00723e-05, 0.08452124]]",0.449981689453125,0.099593724000442307,1.0624326829997699,3.9295359600000666,90,129,103,"{""params"": {""w"": 0.0, ""rho"": 0.45, ""N"": 3.0, ""phase"": 0.3333333333333333, ""gradient"": 0.0, ""a_z"": 1.0, ""wall"": 0.5, ""n"": 32, ""kind"": ""network"", ""k_s"": 130.0, ""k_f"": 0.4, ""E"": 70000000000.0, ""nu"": 0.33, ""tol"": 1e-08, ""preconditioner"": ""two_level""}, ""params_json"": ""{\""E\"": 70000000000.0, \""N\"": 3.0, \""a_z\"": 1.0, \""gradient\"": 0.0, \""k_f\"": 0.4, \""k_s\"": 130.0, \""kind\"": \""network\"", \""n\"": 32, \""nu\"": 0.33, \""phase\"": 0.3333333333333333, \""preconditioner\"": \""two_level\"", \""rho\"": 0.45, \""tol\"": 1e-08, \""w\"": 0.0, \""wall\"": 0.5}"", ""voxlat_version"": ""0.1.0"", ""git_hash"": ""0977f9f913f3+dirty"", ""resolution"": 32, ""wall_time_s"": 22.890127050000046, ""timestamp_utc"": ""2026-10-09T17:24:45+00:00"", ""python"": ""3.13.16"", ""numpy"": ""2.5.3"", ""platform"": ""Linux-6.18.44-fc-v80-x86_64-with-glibc2.39"", ""extra"": {}}",uniform
G-r0.450-N3-p0.6667-g0.000-az1.0000-tw0.500-n32,0,0.45000000000000001,3,0.66666666666666663,0,1,0.5,32,network,G,95c011af0755,ok,,96,16,3,3.5,0.45001220703125,0.458251953125,0.44189453125,-0.0063939649291641087,-0.084601441255260812,-0.065586724292283294,-0.10361615820363868,0.0068551987394036562,0.0044774540578442767,0.012448280953248458,-0.0034933722983967463,0.0056723510564209434,0.031428954262250119,23.541250532000049,0.26633226793255149,0.0026468238114064429,0.0027018038025747745,0.0025918438202381113,0.21473864538374365,0.084908518287502427,0.085582289700724845,0.084234746874279995,0.085326987016230232,0.22316629072148467,3.268950188987109e-06,"[[0.2147386454, 0.0905876133, 0.0892032726, 8.7394e-06, -2.21872e-05, 1.64904e-05], [0.0905876133, 0.2255031969, 0.090912079, 0.001650183, -9.6749e-06, 6.4058e-06], [0.0892032726, 0.090912079, 0.2208293845, 0.0016786206, -3.2778e-05, 3.61347e-05], [8.7394e-06, 0.001650183, 0.0016786206, 0.085326987, 1.35684e-05, -1.12501e-05], [-2.21872e-05, -9.6749e-06, -3.2778e-05, 1.35684e-05, 0.0842347469, -0.0002620449], [1.64904e-05, 6.4058e-06, 3.61347e-05, -1.12501e-05, -0.0002620449, 0.0855822897]]",0.45001220703125,0.5273692780001511,5.9041035249993001,17.08802360899972,106,245,117,0.26804614558683132,0.0028914441541572442,0.0028914441530472168,0.0028914441552672712,0.2132765919593993,0.084530038921722631,0.084530036062826552,0.084530041780618723,0.084845712350148081,0.21636612953250742,2.7118672853314644e-10,"[[0.213276592, 0.0913700605, 0.0913700646, -3e-10, -2.4712e-06, 2.08899e-05], [0.0913700605, 0.2163661269, 0.0920684317, 2.96168e-05, 1.3268e-05, 2.15977e-05], [0.0913700646, 0.0920684317, 0.2163661322, -2.96153e-05, -1.33902e-05, 2.5857e-05], [-3e-10, 2.96168e-05, -2.96153e-05, 0.0848457124, 1.37815e-05, 1.0795e-06], [-2.4712e-06, 1.3268e-05, -1.33902e-05, 1.37815e-05, 0.0845300418, 7e-10], [2.08899e-05, 2.15977e-05, 2.5857e-05, 1.0795e-06, 7e-10, 0.0845300361]]",0.45001220703125,0.099472511000385566,1.3067816419998053,3.7406006400001388,90,130,103,"{""params"": {""w"": 0.0, ""rho"": 0.45, ""N"": 3.0, ""phase"": 0.6666666666666666, ""gradient"": 0.0, ""a_z"": 1.0, ""wall"": 0.5, ""n"": 32, ""kind"": ""network"", ""k_s"": 130.0, ""k_f"": 0.4, ""E"": 70000000000.0, ""nu"": 0.33, ""tol"": 1e-08, ""preconditioner"": ""two_level""}, ""params_json"": ""{\""E\"": 70000000000.0, \""N\"": 3.0, \""a_z\"": 1.0, \""gradient\"": 0.0, \""k_f\"": 0.4, \""k_s\"": 130.0, \""kind\"": \""network\"", \""n\"": 32, \""nu\"": 0.33, \""phase\"": 0.6666666666666666, \""preconditioner\"": \""two_level\"", \""rho\"": 0.45, \""tol\"": 1e-08, \""w\"": 0.0, \""wall\"": 0.5}"", ""voxlat_version"": ""0.1.0"", ""git_hash"": ""0977f9f913f3+dirty"", ""resolution"": 32, ""wall_time_s"": 23.54125053200005, ""timestamp_utc"": ""2026-10-09T17:25:08+00:00"", ""python"": ""3.13.16"", ""numpy"": ""2.5.3"", ""platform"": ""Linux-6.18.44-fc-v80-x86_64-with-glibc2.39"", ""extra"": {}}",uniform
G-r0.450-N4-p0.0000-g0.000-az1.0000-tw0.500-n32,0,0.45000000000000001,4,0,0,1,0.5,32,network,G,95c011af0755,ok,,128,16,4,4.5,0.4500732421875,0.450927734375,0.44970703125,-0.0073044906301686918,-0.063570064820333783,-0.091136175091803384,-0.036008579707577537,5.2735850307294996e-05,0.0017716672975200964,-0.0087278360632402352,0.012269751991957456,0.0074712982337505895,0.024784094080327002,32.500629152999863,0.26747423955701721,0.002697414398897095,0.002617789746098536,0.0027770390516956541,0.21775210133529238,0.085239702153564675,0.084340611692271888,0.086138792614857476,0.085716115362590217,0.22315580758522055,3.0862982434243488e-06,"[[0.2177521013, 0.0900466624, 0.0919726737, -5.36461e-05, -1.71231e-05, -3.3512e-06], [0.0900466624, 0.2198880679, 0.0917419235, -3.86376e-05, -3.3348e-05, -7.8139e-06], [0.0919726737, 0.0917419235, 0.2264235473, -4.17079e-05, -1.42124e-05, -3.18567e-05], [-5.36461e-05, -3.86376e-05, -4.17079e-05, 0.0857161154, -1.24379e-05, -2.1335e-06], [-1.71231e-05, -3.3348e-05, -1.42124e-05, -1.24379e-05, 0.0861387926, -2.13848e-05], [-3.3512e-06, -7.8139e-06, -3.18567e-05, -2.1335e-06, -2.13848e-05, 0.0843406117]]",0.4500732421875,0.70827729900065606,8.9995347789999869,22.770959106000191,97,266,119,0.26944237888898215,0.002880529869412559,0.0028802881953882984,0.0028807715434368201,0.21774061859862415,0.085088952838440562,0.085083203948065844,0.085094701728815308,0.085080453917509624,0.21775885171743176,3.3501009210907255e-06,"[[0.2177406186, 0.0922535456, 0.0922510595, -5.44418e-05, -2.12221e-05, -9.83e-06], [0.0922535456, 0.2177709973, 0.0922544592, -3.56807e-05, -3.86159e-05, -1.92431e-05], [0.0922510595, 0.0922544592, 0.2177467061, -3.85648e-05, -2.40067e-05, -3.28188e-05], [-5.44418e-05, -3.56807e-05, -3.85648e-05, 0.0850804539, -1.15085e-05, -4.9088e-06], [-2.12221e-05, -3.86159e-05, -2.40067e-05, -1.15085e-05, 0.0850947017, -2.36084e-05], [-9.83e-06, -1.92431e-05, -3.28188e-05, -4.9088e-06, -2.36084e-05, 0.0850832039]]",0.4500732421875,0.10058764499990502,1.099527467000371,3.5558141309998064,83,132,103,"{""params"": {""w"": 0.0, ""rho"": 0.45, ""N"": 4.0, ""phase"": 0.0, ""gradient"": 0.0, ""a_z"": 1.0, ""wall"": 0.5, ""n"": 32, ""kind"": ""network"", ""k_s"": 130.0, ""k_f"": 0.4, ""E"": 70000000000.0, ""nu"": 0.33, ""tol"": 1e-08, ""preconditioner"": ""two_level""}, ""params_json"": ""{\""E\"": 70000000000.0, \""N\"": 4.0, \""a_z\"": 1.0, \""gradient\"": 0.0, \""k_f\"": 0.4, \""k_s\"": 130.0, \""kind\"": \""network\"", \""n\"": 32, \""nu\"": 0.33, \""phase\"": 0.0, \""preconditioner\"": \""two_level\"", \""rho\"": 0.45, \""tol\"": 1e-08, \""w\"": 0.0, \""wall\"": 0.5}"", ""voxlat_version"": ""0.1.0"", ""git_hash"": ""0977f9f913f3+dirty"", ""resolution"": 32, ""wall_time_s"": 32.50062915299986, ""timestamp_utc"": ""2026-10-09T17:12:01+00:00"", ""python"": ""3.13.16"", ""numpy"": ""2.5.3"", ""platform"": ""Linux-6.18.44-fc-v80-x86_64-with-glibc2.39"", ""extra"": {}}",uniform
G-r0.450-N4-p0.1250-g0.000-az1.0000-tw0.500-n32,0,0.45000000000000001,4,0.125,0,1,0.5,32,network,G,95c011af0755,ok,,128,16,4,4.5,0.449981689453125,0.449951171875,0.4501953125,-0.0023655503831820912,-0.063495800217571952,-0.063654027933887081,-0.063337484136423372,0.0080697105456652984,0.0052260924389135877,0.0051954100684914462,0.0052567705569912526,0.0024297204477550238,0.022584131426433007,31.998467852999966,0.26874569855531516,0.002698997877173751,0.0026992951779943697,0.0026987005763531328,0.21946658660905211,0.08550298925016038,0.085494454190641861,0.085511524309678899,0.085267322139253254,0.22267446779454259,7.0087277125816059e-06,"[[0.2194665866, 0.0913384016, 0.091349096, -0.0001154022, -9.6642e-06, -1.62936e-05], [0.0913384016, 0.2227063904, 0.0912167549, 0.0013946679, -2.0657e-05, -1.9798e-05], [0.091349096, 0.0912167549, 0.2226425452, 0.0013904089, -1.79504e-05, -3.81262e-05], [-0.0001154022, 0.0013946679, 0.0013904089, 0.0852673221, -2.26642e-05, 4.5661e-06], [-9.6642e-06, -2.0657e-05, -1.79504e-05, -2.26642e-05, 0.0855115243, -0.0002985716], [-1.62936e-05, -1.9798e-05, -3.81262e-05, 4.5661e-06, -0.0002985716, 0.0854944542]]",0.449981689453125,0.63382253300005686,10.271074291000332,21.062344949999897,103,288,116,0.26938293746626119,0.0028819922834310745,0.0028827968064391689,0.0028811877604229806,0.21770973208812658,0.085058465844942532,0.085052571205847916,0.085064360484037121,0.085060648542190989,0.21775662358844486,4.0021534176682653e-06,"[[0.2177097321, 0.0922173344, 0.0922220104, -7.28941e-05, -1.33691e-05, -1.56645e-05], [0.0922173344, 0.2178099807, 0.0922274905, -5.42747e-05, -2.3816e-05, -2.13458e-05], [0.0922220104, 0.0922274905, 0.2177032665, -5.46857e-05, -1.521e-05, -3.83532e-05], [-7.28941e-05, -5.42747e-05, -5.46857e-05, 0.0850606485, -2.21864e-05, 1.5651e-06], [-1.33691e-05, -2.3816e-05, -1.521e-05, -2.21864e-05, 0.0850643605, -2.73529e-05], [-1.56645e-05, -2.13458e-05, -3.83532e-05, 1.5651e-06, -2.73529e-05, 0.0850525712]]",0.449981689453125,0.12616532900028687,1.4673652460005542,4.2402210039999773,91,132,105,"{""params"": {""w"": 0.0, ""rho"": 0.45, ""N"": 4.0, ""phase"": 0.125, ""gradient"": 0.0, ""a_z"": 1.0, ""wall"": 0.5, ""n"": 32, ""kind"": ""network"", ""k_s"": 130.0, ""k_f"": 0.4, ""E"": 70000000000.0, ""nu"": 0.33, ""tol"": 1e-08, ""preconditioner"": ""two_level""}, ""params_json"": ""{\""E\"": 70000000000.0, \""N\"": 4.0, \""a_z\"": 1.0, \""gradient\"": 0.0, \""k_f\"": 0.4, \""k_s\"": 130.0, \""kind\"": \""network\"", \""n\"": 32, \""nu\"": 0.33, \""phase\"": 0.125, \""preconditioner\"": \""two_level\"", \""rho\"": 0.45, \""tol\"": 1e-08, \""w\"": 0.0, \""wall\"": 0.5}"", ""voxlat_version"": ""0.1.0"", ""git_hash"": ""0977f9f913f3+dirty"", ""resolution"": 32, ""wall_time_s"": 31.998467852999966, ""timestamp_utc"": ""2026-10-09T17:57:47+00:00"", ""python"": ""3.13.16"", ""numpy"": ""2.5.3"", ""platform"": ""Linux-6.18.44-fc-v80-x86_64-with-glibc2.39"", ""extra"": {}}",uniform
G-r0.450-N4-p0.3333-g0.000-az1.0000-tw0.500-n32,0,0.45000000000000001,4,0.33333333333333331,0,1,0.5,32,network,G,95c011af0755,ok,,128,16,4,4.5,0.45001220703125,0.44189453125,0.458251953125,-0.0047406131834037968,-0.063510382959498513,-0.049274310929495635,-0.07774452225108297,0.0051810733514252583,0.0034593384386951698,0.0094299744493413495,-0.0025115810149191065,0.0043051187662721535,0.023776864083177252,31.670208779999484,0.26675847457929242,0.0027080429256684212,0.0027490226790769208,0.0026670631722599215,0.21437081882918832,0.084811614535767854,0.085318273170950365,0.084304955900585357,0.085206336023529047,0.22146404380515683,-2.6262398867419598e-06,"[[0.2143708188, 0.0907915666, 0.0897402249, -1.58966e-05, -1.97817e-05, 3.2739e-06], [0.0907915666, 0.2232799554, 0.0912013786, -0.0012557333, -2.21577e-05, 1.33682e-05], [0.0897402249, 0.0912013786, 0.2196481322, -0.001262902, -2.09719e-05, -1.16073e-05], [-1.58966e-05, -0.0012557333, -0.001262902, 0.085206336, -1.3004e-06, -1.1997e-05], [-1.97817e-05, -2.21577e-05, -2.09719e-05, -1.3004e-06, 0.0843049559, 0.0001820158], [3.2739e-06, 1.33682e-05, -1.16073e-05, -1.1997e-05, 0.0001820158, 0.0853182732]]",0.45001220703125,1.0044673780002995,7.2083797049999703,23.414254451000488,105,184,120,0.26802909684935222,0.0028916956220255705,0.0028914993153961758,0.0028918919286549647,0.21326587269937711,0.084519233901124632,0.084521240036975032,0.084517227765274205,0.084841085076017411,0.21632061787554116,-9.5446092796747019e-08,"[[0.2132658727, 0.0913643764, 0.0913537938, -6.7946e-06, -9.2106e-06, 1.1682e-05], [0.0913643764, 0.2163619159, 0.0920680911, -3.28111e-05, -1.95613e-05, 1.74962e-05], [0.0913537938, 0.0920680911, 0.2162793199, 1.64679e-05, -4.1052e-06, 6.2954e-06], [-6.7946e-06, -3.28111e-05, 1.64679e-05, 0.0848410851, 6.35e-06, -7.4294e-06], [-9.2106e-06, -1.95613e-05, -4.1052e-06, 6.35e-06, 0.0845172278, -1.00723e-05], [1.1682e-05, 1.74962e-05, 6.2954e-06, -7.4294e-06, -1.00723e-05, 0.08452124]]",0.449981689453125,0.099593724000442307,1.0624326829997699,3.9295359600000666,90,129,103,"{""params"": {""w"": 0.0, ""rho"": 0.45, ""N"": 4.0, ""phase"": 0.3333333333333333, ""gradient"": 0.0, ""a_z"": 1.0, ""wall"": 0.5, ""n"": 32, ""kind"": ""network"", ""k_s"": 130.0, ""k_f"": 0.4, ""E"": 70000000000.0, ""nu"": 0.33, ""tol"": 1e-08, ""preconditioner"": ""two_level""}, ""params_json"": ""{\""E\"": 70000000000.0, \""N\"": 4.0, \""a_z\"": 1.0, \""gradient\"": 0.0, \""k_f\"": 0.4, \""k_s\"": 130.0, \""kind\"": \""network\"", \""n\"": 32, \""nu\"": 0.33, \""phase\"": 0.3333333333333333, \""preconditioner\"": \""two_level\"", \""rho\"": 0.45, \""tol\"": 1e-08, \""w\"": 0.0, \""wall\"": 0.5}"", ""voxlat_version"": ""0.1.0"", ""git_hash"": ""0977f9f913f3+dirty"", ""resolution"": 32, ""wall_time_s"": 31.670208779999484, ""timestamp_utc"": ""2026-10-09T17:12:12+00:00"", ""python"": ""3.13.16"", ""numpy"": ""2.5.3"", ""platform"": ""Linux-6.18.44-fc-v80-x86_64-with-glibc2.39"", ""extra"": {}}",uniform
G-r0.450-N4-p0.6667-g0.000-az1.0000-tw0.500-n32,0,0.45000000000000001,4,0.66666666666666663,0,1,0.5,32,network,G,95c011af0755,ok,,128,16,4,4.5,0.45001220703125,0.458251953125,0.44189453125,-0.0048031499532668054,-0.063451061605948711,-0.049156092590387224,-0.077746030610534422,0.00513259636550778,0.0033390323481858886,0.0092927996013758563,-0.0026147345022785595,0.0042542643201179953,0.023560901955570035,31.700116238999726,0.26675867975518258,0.0027079789530016526,0.0027493120565400941,0.0026666458494632112,0.21437125462013801,0.084812287456075677,0.085315556748255472,0.084309018163895896,0.08520666843691431,0.22146391069692897,2.4023855361023158e-06,"[[0.2143712546, 0.0907815718, 0.0897504131, 3.1284e-06, -2.2484e-05, 1.69819e-05], [0.0907815718, 0.2231977581, 0.0911996927, 0.00124097, -1.04025e-05, 6.8615e-06], [0.0897504131, 0.0911996927, 0.2197300632, 0.0012475167, -3.33317e-05, 3.68876e-05], [3.1284e-06, 0.00124097, 0.0012475167, 0.0852066684, 1.38915e-05, -1.16171e-05], [-2.2484e-05, -1.04025e-05, -3.33317e-05, 1.38915e-05, 0.0843090182, -0.0002010246], [1.69819e-05, 6.8615e-06, 3.68876e-05, -1.16171e-05, -0.0002010246, 0.0853155567]]",0.45001220703125,0.64260994200049026,7.9898325550002482,23.039146930999777,105,252,116,0.26804614558683132,0.0028914441541572442,0.0028914441530472168,0.0028914441552672712,0.2132765919593993,0.084530038921722631,0.084530036062826552,0.084530041780618723,0.084845712350148081,0.21636612953250742,2.7118672853314644e-10,"[[0.213276592, 0.0913700605, 0.0913700646, -3e-10, -2.4712e-06, 2.08899e-05], [0.0913700605, 0.2163661269, 0.0920684317, 2.96168e-05, 1.3268e-05, 2.15977e-05], [0.0913700646, 0.0920684317, 0.2163661322, -2.96153e-05, -1.33902e-05, 2.5857e-05], [-3e-10, 2.96168e-05, -2.96153e-05, 0.0848457124, 1.37815e-05, 1.0795e-06], [-2.4712e-06, 1.3268e-05, -1.33902e-05, 1.37815e-05, 0.0845300418, 7e-10], [2.08899e-05, 2.15977e-05, 2.5857e-05, 1.0795e-06, 7e-10, 0.0845300361]]",0.45001220703125,0.099472511000385566,1.3067816419998053,3.7406006400001388,90,130,103,"{""params"": {""w"": 0.0, ""rho"": 0.45, ""N"": 4.0, ""phase"": 0.6666666666666666, ""gradient"": 0.0, ""a_z"": 1.0, ""wall"": 0.5, ""n"": 32, ""kind"": ""network"", ""k_s"": 130.0, ""k_f"": 0.4, ""E"": 70000000000.0, ""nu"": 0.33, ""tol"": 1e-08, ""preconditioner"": ""two_level""}, ""params_json"": ""{\""E\"": 70000000000.0, \""N\"": 4.0, \""a_z\"": 1.0, \""gradient\"": 0.0, \""k_f\"": 0.4, \""k_s\"": 130.0, \""kind\"": \""network\"", \""n\"": 32, \""nu\"": 0.33, \""phase\"": 0.6666666666666666, \""preconditioner\"": \""two_level\"", \""rho\"": 0.45, \""tol\"": 1e-08, \""w\"": 0.0, \""wall\"": 0.5}"", ""voxlat_version"": ""0.1.0"", ""git_hash"": ""0977f9f913f3+dirty"", ""resolution"": 32, ""wall_time_s"": 31.700116238999726, ""timestamp_utc"": ""2026-10-09T17:12:33+00:00"", ""python"": ""3.13.16"", ""numpy"": ""2.5.3"", ""platform"": ""Linux-6.18.44-fc-v80-x86_64-with-glibc2.39"", ""extra"": {}}",uniform
G-r0.450-N6-p0.0000-g0.000-az1.0000-tw0.500-n32,0,0.45000000000000001,6,0,0,1,0.5,32,network,G,95c011af0755,ok,,192,16,6,6.5,0.4500732421875,0.450927734375,0.44970703125,-0.0048815461561653173,-0.042380092969040772,-0.060757324427893389,-0.024005944919903266,3.5155963059363415e-05,0.0011558570935357171,-0.0058357519584867346,0.0081465214570366484,0.0049808651895697498,0.016511133465880956,49.670253819999743,0.26812708348000858,0.0027584527457467558,0.0027052895910552599,0.0028116159004382513,0.21774827347976813,0.085187303508160395,0.08458667947399158,0.085787927542329223,0.08550422818874015,0.22135429718151522,3.1781994946429484e-06,"[[0.2177482735, 0.0907823157, 0.0920654721, -5.39114e-05, -1.85007e-05, -5.4982e-06], [0.0907823157, 0.2191774068, 0.0919121415, -3.76502e-05, -3.51086e-05, -1.15869e-05], [0.0920654721, 0.0919121415, 0.2235311876, -4.066e-05, -1.75025e-05, -3.21737e-05], [-5.39114e-05, -3.76502e-05, -4.066e-05, 0.0855042282, -1.21255e-05, -3.0532e-06], [-1.85007e-05, -3.51086e-05, -1.75025e-05, -1.21255e-05, 0.0857879275, -2.21272e-05], [-5.4982e-06, -1.15869e-05, -3.21737e-05, -3.0532e-06, -2.21272e-05, 0.0845866795]]",0.4500732421875,0.98189977999936673,17.426621920000798,31.236635074000333,95,312,119,0.26944237888898215,0.002880529869412559,0.0028802881953882984,0.0028807715434368201,0.21774061859862415,0.085088952838440562,0.085083203948065844,0.085094701728815308,0.085080453917509624,0.21775885171743176,3.3501009210907255e-06,"[[0.2177406186, 0.0922535456, 0.0922510595, -5.44418e-05, -2.12221e-05, -9.83e-06], [0.0922535456, 0.2177709973, 0.0922544592, -3.56807e-05, -3.86159e-05, -1.92431e-05], [0.0922510595, 0.0922544592, 0.2177467061, -3.85648e-05, -2.40067e-05, -3.28188e-05], [-5.44418e-05, -3.56807e-05, -3.85648e-05, 0.0850804539, -1.15085e-05, -4.9088e-06], [-2.12221e-05, -3.86159e-05, -2.40067e-05, -1.15085e-05, 0.0850947017, -2.36084e-05], [-9.83e-06, -1.92431e-05, -3.28188e-05, -4.9088e-06, -2.36084e-05, 0.0850832039]]",0.4500732421875,0.10058764499990502,1.099527467000371,3.5558141309998064,83,132,103,"{""params"": {""w"": 0.0, ""rho"": 0.45, ""N"": 6.0, ""phase"": 0.0, ""gradient"": 0.0, ""a_z"": 1.0, ""wall"": 0.5, ""n"": 32, ""kind"": ""network"", ""k_s"": 130.0, ""k_f"": 0.4, ""E"": 70000000000.0, ""nu"": 0.33, ""tol"": 1e-08, ""preconditioner"": ""two_level""}, ""params_json"": ""{\""E\"": 70000000000.0, \""N\"": 6.0, \""a_z\"": 1.0, \""gradient\"": 0.0, \""k_f\"": 0.4, \""k_s\"": 130.0, \""kind\"": \""network\"", \""n\"": 32, \""nu\"": 0.33, \""phase\"": 0.0, \""preconditioner\"": \""two_level\"", \""rho\"": 0.45, \""tol\"": 1e-08, \""w\"": 0.0, \""wall\"": 0.5}"", ""voxlat_version"": ""0.1.0"", ""git_hash"": ""0977f9f913f3+dirty"", ""resolution"": 32, ""wall_time_s"": 49.67025381999974, ""timestamp_utc"": ""2026-10-09T17:03:24+00:00"", ""python"": ""3.13.16"", ""numpy"": ""2.5.3"", ""platform"": ""Linux-6.18.44-fc-v80-x86_64-with-glibc2.39"", ""extra"": {}}",uniform
G-r0.450-N6-p0.1250-g0.000-az1.0000-tw0.500-n32,0,0.45000000000000001,6,0.125,0,1,0.5,32,network,G,95c011af0755,ok,,192,16,6,6.5,0.449981689453125,0.449951171875,0.4501953125,-0.0015782780875661651,-0.042330501742196769,-0.04243590236727024,-0.042225042254435685,0.0053653745830053445,0.0034756256949783904,0.0034552415554165439,0.0034960070094525175,0.001619791697643258,0.015052500695370119,49.08760011800041,0.26895777627889395,0.0027599961040562977,0.002760462722616438,0.0027595294854961573,0.21887782635114514,0.085354097234408649,0.085346448384273396,0.08536174608454393,0.085198429074495777,0.22103440531643137,6.007263760721074e-06,"[[0.2188778264, 0.0916329511, 0.0916416287, -0.0001011568, -1.09106e-05, -1.60794e-05], [0.0916329511, 0.2210734674, 0.0915528858, 0.000911649, -2.17093e-05, -2.03139e-05], [0.0916416287, 0.0915528858, 0.2209953433, 0.0009086729, -1.70303e-05, -3.82045e-05], [-0.0001011568, 0.000911649, 0.0009086729, 0.0851984291, -2.25021e-05, 3.5619e-06], [-1.09106e-05, -2.17093e-05, -1.70303e-05, -2.25021e-05, 0.0853617461, -0.0002075255], [-1.60794e-05, -2.03139e-05, -3.82045e-05, 3.5619e-06, -0.0002075255, 0.0853464484]]",0.449981689453125,1.0470318019997649,18.056965497999954,29.937400214000263,103,314,116,0.26938293746626119,0.0028819922834310745,0.0028827968064391689,0.0028811877604229806,0.21770973208812658,0.085058465844942532,0.085052571205847916,0.085064360484037121,0.085060648542190989,0.21775662358844486,4.0021534176682653e-06,"[[0.2177097321, 0.0922173344, 0.0922220104, -7.28941e-05, -1.33691e-05, -1.56645e-05], [0.0922173344, 0.2178099807, 0.0922274905, -5.42747e-05, -2.3816e-05, -2.13458e-05], [0.0922220104, 0.0922274905, 0.2177032665, -5.46857e-05, -1.521e-05, -3.83532e-05], [-7.28941e-05, -5.42747e-05, -5.46857e-05, 0.0850606485, -2.21864e-05, 1.5651e-06], [-1.33691e-05, -2.3816e-05, -1.521e-05, -2.21864e-05, 0.0850643605, -2.73529e-05], [-1.56645e-05, -2.13458e-05, -3.83532e-05, 1.5651e-06, -2.73529e-05, 0.0850525712]]",0.449981689453125,0.12616532900028687,1.4673652460005542,4.2402210039999773,91,132,105,"{""params"": {""w"": 0.0, ""rho"": 0.45, ""N"": 6.0, ""phase"": 0.125, ""gradient"": 0.0, ""a_z"": 1.0, ""wall"": 0.5, ""n"": 32, ""kind"": ""network"", ""k_s"": 130.0, ""k_f"": 0.4, ""E"": 70000000000.0, ""nu"": 0.33, ""tol"": 1e-08, ""preconditioner"": ""two_level""}, ""params_json"": ""{\""E\"": 70000000000.0, \""N\"": 6.0, \""a_z\"": 1.0, \""gradient\"": 0.0, \""k_f\"": 0.4, \""k_s\"": 130.0, \""kind\"": \""network\"", \""n\"": 32, \""nu\"": 0.33, \""phase\"": 0.125, \""preconditioner\"": \""two_level\"", \""rho\"": 0.45, \""tol\"": 1e-08, \""w\"": 0.0, \""wall\"": 0.5}"", ""voxlat_version"": ""0.1.0"", ""git_hash"": ""0977f9f913f3+dirty"", ""resolution"": 32, ""wall_time_s"": 49.08760011800041, ""timestamp_utc"": ""2026-10-09T17:56:07+00:00"", ""python"": ""3.13.16"", ""numpy"": ""2.5.3"", ""platform"": ""Linux-6.18.44-fc-v80-x86_64-with-glibc2.39"", ""extra"": {}}",uniform
G-r0.450-N6-p0.3333-g0.000-az1.0000-tw0.500-n32,0,0.45000000000000001,6,0.33333333333333331,0,1,0.5,32,network,G,95c011af0755,ok,,192,16,6,6.5,0.45001220703125,0.44189453125,0.458251953125,-0.0031443329764634376,-0.042369241098592858,-0.032855879791312881,-0.051881310839010375,0.0034649862583473467,0.0023372807090886738,0.0063009669983526972,-0.0016265937475669068,0.0028882345566350054,0.015914191778048536,43.333355425999798,0.26718632412147708,0.0027691766730322236,0.0027964965614728555,0.0027418567845915913,0.21400483601765491,0.084716779076068685,0.085053805581107852,0.084379752571029532,0.085086126029756362,0.21976318567395847,-1.7477522459875971e-06,"[[0.214004836, 0.0909850608, 0.0902853626, -1.05797e-05, -2.01567e-05, 3.0039e-06], [0.0909850608, 0.2209750011, 0.0914894196, -0.0008470367, -2.33909e-05, 1.33745e-05], [0.0902853626, 0.0914894196, 0.2185513703, -0.0008320901, -2.11832e-05, -1.21616e-05], [-1.05797e-05, -0.0008470367, -0.0008320901, 0.085086126, -1.2273e-06, -1.25925e-05], [-2.01567e-05, -2.33909e-05, -2.11832e-05, -1.2273e-06, 0.0843797526, 0.0001210656], [3.0039e-06, 1.33745e-05, -1.21616e-05, -1.25925e-05, 0.0001210656, 0.0850538056]]",0.45001220703125,1.0646946529996058,10.107417107000401,32.126658273999965,104,166,120,0.26802909684935222,0.0028916956220255705,0.0028914993153961758,0.0028918919286549647,0.21326587269937711,0.084519233901124632,0.084521240036975032,0.084517227765274205,0.084841085076017411,0.21632061787554116,-9.5446092796747019e-08,"[[0.2132658727, 0.0913643764, 0.0913537938, -6.7946e-06, -9.2106e-06, 1.1682e-05], [0.0913643764, 0.2163619159, 0.0920680911, -3.28111e-05, -1.95613e-05, 1.74962e-05], [0.0913537938, 0.0920680911, 0.2162793199, 1.64679e-05, -4.1052e-06, 6.2954e-06], [-6.7946e-06, -3.28111e-05, 1.64679e-05, 0.0848410851, 6.35e-06, -7.4294e-06], [-9.2106e-06, -1.95613e-05, -4.1052e-06, 6.35e-06, 0.0845172278, -1.00723e-05], [1.1682e-05, 1.74962e-05, 6.2954e-06, -7.4294e-06, -1.00723e-05, 0.08452124]]",0.449981689453125,0.099593724000442307,1.0624326829997699,3.9295359600000666,90,129,103,"{""params"": {""w"": 0.0, ""rho"": 0.45, ""N"": 6.0, ""phase"": 0.3333333333333333, ""gradient"": 0.0, ""a_z"": 1.0, ""wall"": 0.5, ""n"": 32, ""kind"": ""network"", ""k_s"": 130.0, ""k_f"": 0.4, ""E"": 70000000000.0, ""nu"": 0.33, ""tol"": 1e-08, ""preconditioner"": ""two_level""}, ""params_json"": ""{\""E\"": 70000000000.0, \""N\"": 6.0, \""a_z\"": 1.0, \""gradient\"": 0.0, \""k_f\"": 0.4, \""k_s\"": 130.0, \""kind\"": \""network\"", \""n\"": 32, \""nu\"": 0.33, \""phase\"": 0.3333333333333333, \""preconditioner\"": \""two_level\"", \""rho\"": 0.45, \""tol\"": 1e-08, \""w\"": 0.0, \""wall\"": 0.5}"", ""voxlat_version"": ""0.1.0"", ""git_hash"": ""0977f9f913f3+dirty"", ""resolution"": 32, ""wall_time_s"": 43.3333554259998, ""timestamp_utc"": ""2026-10-09T17:03:53+00:00"", ""python"": ""3.13.16"", ""numpy"": ""2.5.3"", ""platform"": ""Linux-6.18.44-fc-v80-x86_64-with-glibc2.39"", ""extra"": {}}",uniform
G-r0.450-N6-p0.6667-g0.000-az1.0000-tw0.500-n32,0,0.45000000000000001,6,0.66666666666666663,0,1,0.5,32,network,G,95c011af0755,ok,,192,16,6,6.5,0.45001220703125,0.458251953125,0.44189453125,-0.0032072328534445971,-0.042300669245815326,-0.032725463482335626,-0.051875875001943017,0.0034158965126089846,0.0022144586258268095,0.0061590099049064762,-0.001730092386435178,0.0028361738523223767,0.015700093549871896,43.662986869999258,0.26718645918246603,0.0027691341313494924,0.0027968203030054573,0.0027414479596935275,0.21400512272609454,0.084717227195554315,0.085050657392199594,0.084383796998909022,0.085086349540997239,0.21976309800719146,1.5358456003034887e-06,"[[0.2140051227, 0.090974867, 0.0902956833, -2.4639e-06, -2.27796e-05, 1.7468e-05], [0.090974867, 0.2208926698, 0.0914882941, 0.0008317472, -1.11313e-05, 7.3144e-06], [0.0902956833, 0.0914882941, 0.2186335262, 0.0008163846, -3.38867e-05, 3.76378e-05], [-2.4639e-06, 0.0008317472, 0.0008163846, 0.0850863495, 1.42146e-05, -1.19815e-05], [-2.27796e-05, -1.11313e-05, -3.38867e-05, 1.42146e-05, 0.084383797, -0.0001404562], [1.7468e-05, 7.3144e-06, 3.76378e-05, -1.19815e-05, -0.0001404562, 0.0850506574]]",0.45001220703125,1.0653515340000013,11.696747416000107,30.868727820000458,104,191,116,0.26804614558683132,0.0028914441541572442,0.0028914441530472168,0.0028914441552672712,0.2132765919593993,0.084530038921722631,0.084530036062826552,0.084530041780618723,0.084845712350148081,0.21636612953250742,2.7118672853314644e-10,"[[0.213276592, 0.0913700605, 0.0913700646, -3e-10, -2.4712e-06, 2.08899e-05], [0.0913700605, 0.2163661269, 0.0920684317, 2.96168e-05, 1.3268e-05, 2.15977e-05], [0.0913700646, 0.0920684317, 0.2163661322, -2.96153e-05, -1.33902e-05, 2.5857e-05], [-3e-10, 2.96168e-05, -2.96153e-05, 0.0848457124, 1.37815e-05, 1.0795e-06], [-2.4712e-06, 1.3268e-05, -1.33902e-05, 1.37815e-05, 0.0845300418, 7e-10], [2.08899e-05, 2.15977e-05, 2.5857e-05, 1.0795e-06, 7e-10, 0.0845300361]]",0.45001220703125,0.099472511000385566,1.3067816419998053,3.7406006400001388,90,130,103,"{""params"": {""w"": 0.0, ""rho"": 0.45, ""N"": 6.0, ""phase"": 0.6666666666666666, ""gradient"": 0.0, ""a_z"": 1.0, ""wall"": 0.5, ""n"": 32, ""kind"": ""network"", ""k_s"": 130.0, ""k_f"": 0.4, ""E"": 70000000000.0, ""nu"": 0.33, ""tol"": 1e-08, ""preconditioner"": ""two_level""}, ""params_json"": ""{\""E\"": 70000000000.0, \""N\"": 6.0, \""a_z\"": 1.0, \""gradient\"": 0.0, \""k_f\"": 0.4, \""k_s\"": 130.0, \""kind\"": \""network\"", \""n\"": 32, \""nu\"": 0.33, \""phase\"": 0.6666666666666666, \""preconditioner\"": \""two_level\"", \""rho\"": 0.45, \""tol\"": 1e-08, \""w\"": 0.0, \""wall\"": 0.5}"", ""voxlat_version"": ""0.1.0"", ""git_hash"": ""0977f9f913f3+dirty"", ""resolution"": 32, ""wall_time_s"": 43.66298686999926, ""timestamp_utc"": ""2026-10-09T17:04:08+00:00"", ""python"": ""3.13.16"", ""numpy"": ""2.5.3"", ""platform"": ""Linux-6.18.44-fc-v80-x86_64-with-glibc2.39"", ""extra"": {}}",uniform
G-r0.450-N8-p0.0000-g0.000-az1.0000-tw0.500-n32,0,0.45000000000000001,8,0,0,1,0.5,32,network,G,95c011af0755,ok,,256,16,8,8.5,0.4500732421875,0.450927734375,0.44970703125,-0.0036656331064238712,-0.031784883691323373,-0.045567925357271499,-0.018004154602471956,2.6366475440964265e-05,0.00085748524671358517,-0.0043832102871400602,0.0060974726710489868,0.0037356487901891722,0.012379001735593587,62.352429910999945,0.2684547019846531,0.002788972562543898,0.0027490394378934142,0.0028289056871943817,0.21774635965129693,0.085161915360157825,0.084710266373257848,0.085613564347057816,0.085398284612255321,0.22045448892078268,3.221077858874129e-06,"[[0.2177463597, 0.0911501328, 0.0921118701, -5.4044e-05, -1.91852e-05, -6.5764e-06], [0.0911501328, 0.2188239404, 0.0919974858, -3.71572e-05, -3.59871e-05, -1.34872e-05], [0.0921118701, 0.0919974858, 0.2220850374, -4.01361e-05, -1.9138e-05, -3.23336e-05], [-5.4044e-05, -3.71572e-05, -4.01361e-05, 0.0853982846, -1.19703e-05, -3.5151e-06], [-1.91852e-05, -3.59871e-05, -1.9138e-05, -1.19703e-05, 0.0856135643, -2.24979e-05], [-6.5764e-06, -1.34872e-05, -3.23336e-05, -3.5151e-06, -2.24979e-05, 0.0847102664]]",0.4500732421875,1.2564758929997879,20.491880436999963,40.576663671999995,95,305,119,0.26944237888898215,0.002880529869412559,0.0028802881953882984,0.0028807715434368201,0.21774061859862415,0.085088952838440562,0.085083203948065844,0.085094701728815308,0.085080453917509624,0.21775885171743176,3.3501009210907255e-06,"[[0.2177406186, 0.0922535456, 0.0922510595, -5.44418e-05, -2.12221e-05, -9.83e-06], [0.0922535456, 0.2177709973, 0.0922544592, -3.56807e-05, -3.86159e-05, -1.92431e-05], [0.0922510595, 0.0922544592, 0.2177467061, -3.85648e-05, -2.40067e-05, -3.28188e-05], [-5.44418e-05, -3.56807e-05, -3.85648e-05, 0.0850804539, -1.15085e-05, -4.9088e-06], [-2.12221e-05, -3.86159e-05, -2.40067e-05, -1.15085e-05, 0.0850947017, -2.36084e-05], [-9.83e-06, -1.92431e-05, -3.28188e-05, -4.9088e-06, -2.36084e-05, 0.0850832039]]",0.4500732421875,0.10058764499990502,1.099527467000371,3.5558141309998064,83,132,103,"{""params"": {""w"": 0.0, ""rho"": 0.45, ""N"": 8.0, ""phase"": 0.0, ""gradient"": 0.0, ""a_z"": 1.0, ""wall"": 0.5, ""n"": 32, ""kind"": ""network"", ""k_s"": 130.0, ""k_f"": 0.4, ""E"": 70000000000.0, ""nu"": 0.33, ""tol"": 1e-08, ""preconditioner"": ""two_level""}, ""params_json"": ""{\""E\"": 70000000000.0, \""N\"": 8.0, \""a_z\"": 1.0, \""gradient\"": 0.0, \""k_f\"": 0.4, \""k_s\"": 130.0, \""kind\"": \""network\"", \""n\"": 32, \""nu\"": 0.33, \""phase\"": 0.0, \""preconditioner\"": \""two_level\"", \""rho\"": 0.45, \""tol\"": 1e-08, \""w\"": 0.0, \""wall\"": 0.5}"", ""voxlat_version"": ""0.1.0"", ""git_hash"": ""0977f9f913f3+dirty"", ""resolution"": 32, ""wall_time_s"": 62.352429910999945, ""timestamp_utc"": ""2026-10-09T16:45:43+00:00"", ""python"": ""3.13.16"", ""numpy"": ""2.5.3"", ""platform"": ""Linux-6.18.44-fc-v80-x86_64-with-glibc2.39"", ""extra"": {}}",uniform
G-r0.450-N8-p0.1250-g0.000-az1.0000-tw0.500-n32,0,0.45000000000000001,8,0.125,0,1,0.5,32,network,G,95c011af0755,ok,,256,16,8,8.5,0.449981689453125,0.449951171875,0.4501953125,-0.0011841758053557916,-0.031747731436432391,-0.031826893339242934,-0.03166852532437392,0.0040186404935997899,0.0026036171624859161,0.0025883556096639726,0.0026188766001720154,0.0012148355907650732,0.011288035826418241,63.449052682999536,0.26906394070933798,0.0027904955664148343,0.0027910463399619194,0.0027899447928677493,0.21858462923334673,0.085279925526431141,0.085272717505644927,0.08528713354721737,0.085163983245413605,0.22021466815695107,5.5080860958625132e-06,"[[0.2185846292, 0.091779634, 0.0917873072, -9.40627e-05, -1.15295e-05, -1.59741e-05], [0.091779634, 0.220257302, 0.0917212452, 0.0006701538, -2.22357e-05, -2.05719e-05], [0.0917873072, 0.0917212452, 0.2201720343, 0.0006678191, -1.65727e-05, -3.82427e-05], [-9.40627e-05, 0.0006701538, 0.0006678191, 0.0851639832, -2.24221e-05, 3.0613e-06], [-1.15295e-05, -2.22357e-05, -1.65727e-05, -2.24221e-05, 0.0852871335, -0.0001622479], [-1.59741e-05, -2.05719e-05, -3.82427e-05, 3.0613e-06, -0.0001622479, 0.0852727175]]",0.449981689453125,1.2561162359997979,19.689727271000265,42.466638963999685,102,257,115,0.26938293746626119,0.0028819922834310745,0.0028827968064391689,0.0028811877604229806,0.21770973208812658,0.085058465844942532,0.085052571205847916,0.085064360484037121,0.085060648542190989,0.21775662358844486,4.0021534176682653e-06,"[[0.2177097321, 0.0922173344, 0.0922220104, -7.28941e-05, -1.33691e-05, -1.56645e-05], [0.0922173344, 0.2178099807, 0.0922274905, -5.42747e-05, -2.3816e-05, -2.13458e-05], [0.0922220104, 0.0922274905, 0.2177032665, -5.46857e-05, -1.521e-05, -3.83532e-05], [-7.28941e-05, -5.42747e-05, -5.46857e-05, 0.0850606485, -2.21864e-05, 1.5651e-06], [-1.33691e-05, -2.3816e-05, -1.521e-05, -2.21864e-05, 0.0850643605, -2.73529e-05], [-1.56645e-05, -2.13458e-05, -3.83532e-05, 1.5651e-06, -2.73529e-05, 0.0850525712]]",0.449981689453125,0.12616532900028687,1.4673652460005542,4.2402210039999773,91,132,105,"{""params"": {""w"": 0.0, ""rho"": 0.45, ""N"": 8.0, ""phase"": 0.125, ""gradient"": 0.0, ""a_z"": 1.0, ""wall"": 0.5, ""n"": 32, ""kind"": ""network"", ""k_s"": 130.0, ""k_f"": 0.4, ""E"": 70000000000.0, ""nu"": 0.33, ""tol"": 1e-08, ""preconditioner"": ""two_level""}, ""params_json"": ""{\""E\"": 70000000000.0, \""N\"": 8.0, \""a_z\"": 1.0, \""gradient\"": 0.0, \""k_f\"": 0.4, \""k_s\"": 130.0, \""kind\"": \""network\"", \""n\"": 32, \""nu\"": 0.33, \""phase\"": 0.125, \""preconditioner\"": \""two_level\"", \""rho\"": 0.45, \""tol\"": 1e-08, \""w\"": 0.0, \""wall\"": 0.5}"", ""voxlat_version"": ""0.1.0"", ""git_hash"": ""0977f9f913f3+dirty"", ""resolution"": 32, ""wall_time_s"": 63.449052682999536, ""timestamp_utc"": ""2026-10-09T17:53:52+00:00"", ""python"": ""3.13.16"", ""numpy"": ""2.5.3"", ""platform"": ""Linux-6.18.44-fc-v80-x86_64-with-glibc2.39"", ""extra"": {}}",uniform
G-r0.450-N8-p0.3333-g0.000-az1.0000-tw0.500-n32,0,0.45000000000000001,8,0.33333333333333331,0,1,0.5,32,network,G,95c011af0755,ok,,256,16,8,8.5,0.45001220703125,0.44189453125,0.458251953125,-0.0023442711461483245,-0.031798670397239159,-0.024646665191360828,-0.038949704622133208,0.0026091381388382295,0.0017806448965425048,0.0047441479263719,-0.0011829988191522922,0.0021797936726810629,0.011985559254895639,58.659676915000091,0.2674007639712801,0.00279974354605164,0.0028202334998685573,0.0027792535922347228,0.21382231282154965,0.084669732643630355,0.084922221302630829,0.084417243984629867,0.085026021136449498,0.2189133414591441,-1.3091236761457214e-06,"[[0.2138223128, 0.0910815603, 0.0905572341, -7.9281e-06, -2.03438e-05, 2.8701e-06], [0.0910815603, 0.2198226548, 0.0916338089, -0.0006426848, -2.40085e-05, 1.3378e-05], [0.0905572341, 0.0916338089, 0.2180040281, -0.000616674, -2.12893e-05, -1.24379e-05], [-7.9281e-06, -0.0006426848, -0.000616674, 0.0850260211, -1.1904e-06, -1.28889e-05], [-2.03438e-05, -2.40085e-05, -2.12893e-05, -1.1904e-06, 0.084417244, 9.06982e-05], [2.8701e-06, 1.3378e-05, -1.24379e-05, -1.28889e-05, 9.06982e-05, 0.0849222213]]",0.45001220703125,1.5870984670000325,14.078547541000262,42.959275270000035,104,161,120,0.26802909684935222,0.0028916956220255705,0.0028914993153961758,0.0028918919286549647,0.21326587269937711,0.084519233901124632,0.084521240036975032,0.084517227765274205,0.084841085076017411,0.21632061787554116,-9.5446092796747019e-08,"[[0.2132658727, 0.0913643764, 0.0913537938, -6.7946e-06, -9.2106e-06, 1.1682e-05], [0.0913643764, 0.2163619159, 0.0920680911, -3.28111e-05, -1.95613e-05, 1.74962e-05], [0.0913537938, 0.0920680911, 0.2162793199, 1.64679e-05, -4.1052e-06, 6.2954e-06], [-6.7946e-06, -3.28111e-05, 1.64679e-05, 0.0848410851, 6.35e-06, -7.4294e-06], [-9.2106e-06, -1.95613e-05, -4.1052e-06, 6.35e-06, 0.0845172278, -1.00723e-05], [1.1682e-05, 1.74962e-05, 6.2954e-06, -7.4294e-06, -1.00723e-05, 0.08452124]]",0.449981689453125,0.099593724000442307,1.0624326829997699,3.9295359600000666,90,129,103,"{""params"": {""w"": 0.0, ""rho"": 0.45, ""N"": 8.0, ""phase"": 0.3333333333333333, ""gradient"": 0.0, ""a_z"": 1.0, ""wall"": 0.5, ""n"": 32, ""kind"": ""network"", ""k_s"": 130.0, ""k_f"": 0.4, ""E"": 70000000000.0, ""nu"": 0.33, ""tol"": 1e-08, ""preconditioner"": ""two_level""}, ""params_json"": ""{\""E\"": 70000000000.0, \""N\"": 8.0, \""a_z\"": 1.0, \""gradient\"": 0.0, \""k_f\"": 0.4, \""k_s\"": 130.0, \""kind\"": \""network\"", \""n\"": 32, \""nu\"": 0.33, \""phase\"": 0.3333333333333333, \""preconditioner\"": \""two_level\"", \""rho\"": 0.45, \""tol\"": 1e-08, \""w\"": 0.0, \""wall\"": 0.5}"", ""voxlat_version"": ""0.1.0"", ""git_hash"": ""0977f9f913f3+dirty"", ""resolution"": 32, ""wall_time_s"": 58.65967691500009, ""timestamp_utc"": ""2026-10-09T16:46:09+00:00"", ""python"": ""3.13.16"", ""numpy"": ""2.5.3"", ""platform"": ""Linux-6.18.44-fc-v80-x86_64-with-glibc2.39"", ""extra"": {}}",uniform
G-r0.450-N8-p0.6667-g0.000-az1.0000-tw0.500-n32,0,0.45000000000000001,8,0.66666666666666663,0,1,0.5,32,network,G,95c011af0755,ok,,256,16,8,8.5,0.45001220703125,0.458251953125,0.44189453125,-0.0024073533304124206,-0.03172549168072869,-0.02451014959682396,-0.038940833759093407,0.0025597436921671601,0.0016565709768614489,0.0045998172807171223,-0.0012866751279071442,0.0021271299503848873,0.011772392938572018,56.407248028999675,0.26740086380554862,0.0027997116666992369,0.0028205744243051676,0.0027788489090933063,0.21382252537035426,0.084670068930873324,0.084918858783447987,0.084421279078298647,0.085026190206049804,0.21891327662796206,1.1028212742502912e-06,"[[0.2138225254, 0.0910712672, 0.0905676206, -5.2529e-06, -2.2927e-05, 1.77091e-05], [0.0910712672, 0.2197402562, 0.0916329633, 0.0006271321, -1.14961e-05, 7.5398e-06], [0.0905676206, 0.0916329633, 0.2180862971, 0.000600808, -3.41648e-05, 3.80119e-05], [-5.2529e-06, 0.0006271321, 0.000600808, 0.0850261902, 1.43762e-05, -1.21627e-05], [-2.2927e-05, -1.14961e-05, -3.41648e-05, 1.43762e-05, 0.0844212791, -0.0001102793], [1.77091e-05, 7.5398e-06, 3.80119e-05, -1.21627e-05, -0.0001102793, 0.0849188588]]",0.45001220703125,1.4516545349997614,14.21385157199984,40.713104750000184,104,169,116,0.26804614558683132,0.0028914441541572442,0.0028914441530472168,0.0028914441552672712,0.2132765919593993,0.084530038921722631,0.084530036062826552,0.084530041780618723,0.084845712350148081,0.21636612953250742,2.7118672853314644e-10,"[[0.213276592, 0.0913700605, 0.0913700646, -3e-10, -2.4712e-06, 2.08899e-05], [0.0913700605, 0.2163661269, 0.0920684317, 2.96168e-05, 1.3268e-05, 2.15977e-05], [0.0913700646, 0.0920684317, 0.2163661322, -2.96153e-05, -1.33902e-05, 2.5857e-05], [-3e-10, 2.96168e-05, -2.96153e-05, 0.0848457124, 1.37815e-05, 1.0795e-06], [-2.4712e-06, 1.3268e-05, -1.33902e-05, 1.37815e-05, 0.0845300418, 7e-10], [2.08899e-05, 2.15977e-05, 2.5857e-05, 1.0795e-06, 7e-10, 0.0845300361]]",0.45001220703125,0.099472511000385566,1.3067816419998053,3.7406006400001388,90,130,103,"{""params"": {""w"": 0.0, ""rho"": 0.45, ""N"": 8.0, ""phase"": 0.6666666666666666, ""gradient"": 0.0, ""a_z"": 1.0, ""wall"": 0.5, ""n"": 32, ""kind"": ""network"", ""k_s"": 130.0, ""k_f"": 0.4, ""E"": 70000000000.0, ""nu"": 0.33, ""tol"": 1e-08, ""preconditioner"": ""two_level""}, ""params_json"": ""{\""E\"": 70000000000.0, \""N\"": 8.0, \""a_z\"": 1.0, \""gradient\"": 0.0, \""k_f\"": 0.4, \""k_s\"": 130.0, \""kind\"": \""network\"", \""n\"": 32, \""nu\"": 0.33, \""phase\"": 0.6666666666666666, \""preconditioner\"": \""two_level\"", \""rho\"": 0.45, \""tol\"": 1e-08, \""w\"": 0.0, \""wall\"": 0.5}"", ""voxlat_version"": ""0.1.0"", ""git_hash"": ""0977f9f913f3+dirty"", ""resolution"": 32, ""wall_time_s"": 56.407248028999675, ""timestamp_utc"": ""2026-10-09T16:46:40+00:00"", ""python"": ""3.13.16"", ""numpy"": ""2.5.3"", ""platform"": ""Linux-6.18.44-fc-v80-x86_64-with-glibc2.39"", ""extra"": {}}",uniform
B0.50-r0.250-N1-p0.0000-g0.000-az1.0000-tw0.500-n32,0.5,0.25,1,0,0,1,0.5,32,network,B0.50,95c011af0755,ok,,32,16,1,1.5,0.249969482421875,0.30810546875,0.297607421875,0.018174889820125717,-0.19240070191885539,-0.22279109835323996,-0.16201030548845874,0.56452532895758312,0.39505573983533249,0.57164897920252122,0.2184625004681382,1.3822120105301292,2.4286157801023713,11.618242690000443,0.070462588881070071,0.0061796775659486427,0.0059471329713369353,0.0064122221605603501,0.019922375228143784,0.013658225660369151,0.015387153218244154,0.01192929810249415,0.02332293132208707,0.04365935713539814,0.00091504883842332709,"[[0.0199223752, 0.0054645584, 0.0028877031, 0.003740208, 0.0032441172, 0.0094171103], [0.0054645584, 0.0460642392, 0.0125827966, 0.000781803, 0.0055459972, 0.0077248388], [0.0028877031, 0.0125827966, 0.0412544751, -0.0001877341, 0.0023094612, 0.003381489], [0.003740208, 0.000781803, -0.0001877341, 0.0233229313, 0.0065519111, 0.0071549858], [0.0032441172, 0.0055459972, 0.0023094612, 0.0065519111, 0.0119292981, 0.0069955852], [0.0094171103, 0.0077248388, 0.003381489, 0.0071549858, 0.0069955852, 0.0153871532]]",0.249969482421875,0.20309120799993252,2.267222321999725,9.132528583999374,104,191,149,0.069204799279147647,0.0076519105212591847,0.007651910520757128,0.0076519105217612406,0.01273381444160941,0.0097904515714772218,0.0097904515714773866,0.0097904515714770587,0.0097904515714774126,0.012733814441609601,0.00046441199064941127,"[[0.0127338144, 0.0020637696, 0.0020637696, 0.0026875245, 0.0035135001, 0.003396867], [0.0020637696, 0.0127338144, 0.0020637696, 0.003396867, 0.0026875245, 0.0035135001], [0.0020637696, 0.0020637696, 0.0127338144, 0.0035135001, 0.003396867, 0.0026875245], [0.0026875245, 0.003396867, 0.0035135001, 0.0097904516, 0.0064604689, 0.0064604689], [0.0035135001, 0.0026875245, 0.003396867, 0.0064604689, 0.0097904516, 0.0064604689], [0.003396867, 0.0035135001, 0.0026875245, 0.0064604689, 0.0064604689, 0.0097904516]]",0.249969482421875,0.11881577800022569,1.5698298709999108,2.6134011070002998,108,130,127,"{""params"": {""w"": 0.5, ""rho"": 0.25, ""N"": 1.0, ""phase"": 0.0, ""gradient"": 0.0, ""a_z"": 1.0, ""wall"": 0.5, ""n"": 32, ""kind"": ""network"", ""k_s"": 130.0, ""k_f"": 0.4, ""E"": 70000000000.0, ""nu"": 0.33, ""tol"": 1e-08, ""preconditioner"": ""two_level""}, ""params_json"": ""{\""E\"": 70000000000.0, \""N\"": 1.0, \""a_z\"": 1.0, \""gradient\"": 0.0, \""k_f\"": 0.4, \""k_s\"": 130.0, \""kind\"": \""network\"", \""n\"": 32, \""nu\"": 0.33, \""phase\"": 0.0, \""preconditioner\"": \""two_level\"", \""rho\"": 0.25, \""tol\"": 1e-08, \""w\"": 0.5, \""wall\"": 0.5}"", ""voxlat_version"": ""0.1.0"", ""git_hash"": ""0977f9f913f3+dirty"", ""resolution"": 32, ""wall_time_s"": 11.618242690000443, ""timestamp_utc"": ""2026-10-09T17:34:07+00:00"", ""python"": ""3.13.16"", ""numpy"": ""2.5.3"", ""platform"": ""Linux-6.18.44-fc-v80-x86_64-with-glibc2.39"", ""extra"": {}}",uniform
B0.50-r0.250-N1-p0.3333-g0.000-az1.0000-tw0.500-n32,0.5,0.25,1,0.33333333333333331,0,1,0.5,32,network,B0.50,95c011af0755,ok,,32,16,1,1.5,0.25,0.190673828125,0.25390625,0.25819862401010929,-0.27676127039081433,-0.28369511292974647,-0.2698289466509205,1.6421783943787398,0.79433842510489239,0.86503579989840684,0.72394288467417311,0.95105593883474659,1.6674596882950437,12.331970492999972,0.087083123438850857,0.0055193972062775459,0.005465882820228949,0.0055729115923261428,0.033463085352004339,0.017367827150731985,0.018013505629707549,0.016722148671756427,0.018927162894122895,0.033881696685118146,-0.00018989403304737576,"[[0.0334630854, 0.0076400388, 0.0072831219, 0.0045110277, -0.0038453483, 0.0093130891], [0.0076400388, 0.0321203581, 0.009079471, 0.0053656061, -0.0004893264, 0.0037825197], [0.0072831219, 0.009079471, 0.0356430353, 0.0063132083, -0.000815024, 0.001664936], [0.0045110277, 0.0053656061, 0.0063132083, 0.0189271629, 0.0049740148, 0.0050830604], [-0.0038453483, -0.0004893264, -0.000815024, 0.0049740148, 0.0167221487, 0.003832074], [0.0093130891, 0.0037825197, 0.001664936, 0.0050830604, 0.003832074, 0.0180135056]]",0.25,0.23129248399982316,2.6713156900004833,9.4153168259999802,111,200,164,0.069212540672871664,0.0076315011631913655,0.0076306652640398195,0.0076323370623429115,0.012664960633694294,0.0096792371537809032,0.009658530753505529,0.0096999435540562774,0.0097009842298150604,0.012701858938597215,0.00046699851984301178,"[[0.0126649606, 0.001983151, 0.0020126594, 0.0026054878, 0.0034725432, 0.0033245895], [0.001983151, 0.0126682859, 0.0020288917, 0.0033679518, 0.0026163785, 0.0034328529], [0.0020126594, 0.0020288917, 0.012735432, 0.0034467512, 0.0033272514, 0.0025834993], [0.0026054878, 0.0033679518, 0.0034467512, 0.0097009842, 0.0063567289, 0.0063234445], [0.0034725432, 0.0026163785, 0.0033272514, 0.0063567289, 0.0096999436, 0.0063638089], [0.0033245895, 0.0034328529, 0.0025834993, 0.0063234445, 0.0063638089, 0.0096585308]]",0.25,0.14100694099988687,1.8397138300001643,2.8552067329997044,114,138,134,"{""params"": {""w"": 0.5, ""rho"": 0.25, ""N"": 1.0, ""phase"": 0.3333333333333333, ""gradient"": 0.0, ""a_z"": 1.0, ""wall"": 0.5, ""n"": 32, ""kind"": ""network"", ""k_s"": 130.0, ""k_f"": 0.4, ""E"": 70000000000.0, ""nu"": 0.33, ""tol"": 1e-08, ""preconditioner"": ""two_level""}, ""params_json"": ""{\""E\"": 70000000000.0, \""N\"": 1.0, \""a_z\"": 1.0, \""gradient\"": 0.0, \""k_f\"": 0.4, \""k_s\"": 130.0, \""kind\"": \""network\"", \""n\"": 32, \""nu\"": 0.33, \""phase\"": 0.3333333333333333, \""preconditioner\"": \""two_level\"", \""rho\"": 0.25, \""tol\"": 1e-08, \""w\"": 0.5, \""wall\"": 0.5}"", ""voxlat_version"": ""0.1.0"", ""git_hash"": ""0977f9f913f3+dirty"", ""resolution"": 32, ""wall_time_s"": 12.331970492999972, ""timestamp_utc"": ""2026-10-09T17:34:19+00:00"", ""python"": ""3.13.16"", ""numpy"": ""2.5.3"", ""platform"": ""Linux-6.18.44-fc-v80-x86_64-with-glibc2.39"", ""extra"": {}}",uniform
B0.50-r0.250-N1-p0.6667-g0.000-az1.0000-tw0.500-n32,0.5,0.25,1,0.66666666666666663,0,1,0.5,32,network,B0.50,95c011af0755,ok,,32,16,1,1.5,0.25,0.259033203125,0.1953125,0.013618691774796243,-0.32625759545985922,-0.2892153459098985,-0.36342538715636363,0.34057910414305392,0.39724872072692929,0.44950523540820719,0.34465637891027345,0.81481761892752891,1.785741164292046,13.0472135480004,0.07007285795470064,0.0051393824232377613,0.0054311172247655023,0.0048476476217100203,0.016964346448203979,0.013378500068830896,0.013923303807417294,0.012833696330244495,0.017404869224410559,0.03495383489314112,0.00020800891914941755,"[[0.0169643464, 0.0024107105, 0.0028414714, 0.0023847197, 0.0066245529, 0.0041323749], [0.0024107105, 0.0344302288, 0.0086222954, 0.0059694878, 0.0043468213, 0.0063991384], [0.0028414714, 0.0086222954, 0.035477441, 0.0056924301, 0.0057431455, 0.0036473224], [0.0023847197, 0.0059694878, 0.0056924301, 0.0174048692, 0.0047736447, 0.0067150267], [0.0066245529, 0.0043468213, 0.0057431455, 0.0047736447, 0.0128336963, 0.0070666026], [0.0041323749, 0.0063991384, 0.0036473224, 0.0067150267, 0.0070666026, 0.0139233038]]",0.25,0.42303088500011654,2.4109484990003693,10.184244943000522,110,202,168,0.069131379011970001,0.0076281118549241661,0.0076410164365718495,0.0076152072732764819,0.012654491179055186,0.0095748880427463396,0.0096055560665127479,0.0095442200189799313,0.0095904233256761135,0.01254740940801803,0.00046292439849738166,"[[0.0126544912, 0.0020351571, 0.0020402126, 0.0026087827, 0.0033911892, 0.0033333035], [0.0020351571, 0.0128554289, 0.0020114447, 0.0033159036, 0.0025514176, 0.0033895872], [0.0020402126, 0.0020114447, 0.0122393899, 0.0034255567, 0.0032862925, 0.0026158383], [0.0026087827, 0.0033159036, 0.0034255567, 0.0095904233, 0.0062393332, 0.0062547418], [0.0033911892, 0.0025514176, 0.0032862925, 0.0062393332, 0.00954422, 0.0062510832], [0.0033333035, 0.0033895872, 0.0026158383, 0.0062547418, 0.0062510832, 0.0096055561]]",0.25,0.14842664800016792,1.8486571359999289,2.8396600169999147,115,139,135,"{""params"": {""w"": 0.5, ""rho"": 0.25, ""N"": 1.0, ""phase"": 0.6666666666666666, ""gradient"": 0.0, ""a_z"": 1.0, ""wall"": 0.5, ""n"": 32, ""kind"": ""network"", ""k_s"": 130.0, ""k_f"": 0.4, ""E"": 70000000000.0, ""nu"": 0.33, ""tol"": 1e-08, ""preconditioner"": ""two_level""}, ""params_json"": ""{\""E\"": 70000000000.0, \""N\"": 1.0, \""a_z\"": 1.0, \""gradient\"": 0.0, \""k_f\"": 0.4, \""k_s\"": 130.0, \""kind\"": \""network\"", \""n\"": 32, \""nu\"": 0.33, \""phase\"": 0.6666666666666666, \""preconditioner\"": \""two_level\"", \""rho\"": 0.25, \""tol\"": 1e-08, \""w\"": 0.5, \""wall\"": 0.5}"", ""voxlat_version"": ""0.1.0"", ""git_hash"": ""0977f9f913f3+dirty"", ""resolution"": 32, ""wall_time_s"": 13.0472135480004, ""timestamp_utc"": ""2026-10-09T17:34:22+00:00"", ""python"": ""3.13.16"", ""numpy"": ""2.5.3"", ""platform"": ""Linux-6.18.44-fc-v80-x86_64-with-glibc2.39"", ""extra"": {}}",uniform
B0.50-r0.250-N1.5-p0.0000-g0.000-az1.0000-tw0.500-n32,0.5,0.25,1.5,0,0,1,0.5,32,network,B0.50,95c011af0755,ok,,48,16,1.5,2,0.25050862630208331,0.30810546875,0.174560546875,-0.079721843979085771,-0.19691642615818239,-0.20633590301135507,-0.18749694930624561,0.13095647626705209,0.12280615646732551,0.086820535246556529,0.1587917776880956,0.69893001419590672,1.1108810483717453,16.118085656000403,0.063687665068411489,0.0061451236481306314,0.0060730466536946179,0.0062172006425666457,0.014401389910321078,0.010992779299049828,0.010640463817218544,0.01134509478088111,0.016633292027314457,0.026879567578276142,0.00055924664291293925,"[[0.0144013899, 0.0027199132, 0.0027559131, 0.0028847547, 0.0044509476, 0.0039102493], [0.0027199132, 0.0303087869, 0.0070768274, 0.0042195586, 0.004502177, 0.0051988131], [0.0027559131, 0.0070768274, 0.0234503483, 0.0051047492, 0.0065474966, 0.0044490559], [0.0028847547, 0.0042195586, 0.0051047492, 0.016633292, 0.0073167747, 0.0077032671], [0.0044509476, 0.004502177, 0.0065474966, 0.0073167747, 0.0113450948, 0.0066266685], [0.0039102493, 0.0051988131, 0.0044490559, 0.0077032671, 0.0066266685, 0.0106404638]]",0.25050862630208331,0.26668468299976666,3.9828618690007715,11.837480686000163,108,209,167,0.069204799279147647,0.0076519105212591847,0.007651910520757128,0.0076519105217612406,0.01273381444160941,0.0097904515714772218,0.0097904515714773866,0.0097904515714770587,0.0097904515714774126,0.012733814441609601,0.00046441199064941127,"[[0.0127338144, 0.0020637696, 0.0020637696, 0.0026875245, 0.0035135001, 0.003396867], [0.0020637696, 0.0127338144, 0.0020637696, 0.003396867, 0.0026875245, 0.0035135001], [0.0020637696, 0.0020637696, 0.0127338144, 0.0035135001, 0.003396867, 0.0026875245], [0.0026875245, 0.003396867, 0.0035135001, 0.0097904516, 0.0064604689, 0.0064604689], [0.0035135001, 0.0026875245, 0.003396867, 0.0064604689, 0.0097904516, 0.0064604689], [0.003396867, 0.0035135001, 0.0026875245, 0.0064604689, 0.0064604689, 0.0097904516]]",0.249969482421875,0.11881577800022569,1.5698298709999108,2.6134011070002998,108,130,127,"{""params"": {""w"": 0.5, ""rho"": 0.25, ""N"": 1.5, ""phase"": 0.0, ""gradient"": 0.0, ""a_z"": 1.0, ""wall"": 0.5, ""n"": 32, ""kind"": ""network"", ""k_s"": 130.0, ""k_f"": 0.4, ""E"": 70000000000.0, ""nu"": 0.33, ""tol"": 1e-08, ""preconditioner"": ""two_level""}, ""params_json"": ""{\""E\"": 70000000000.0, \""N\"": 1.5, \""a_z\"": 1.0, \""gradient\"": 0.0, \""k_f\"": 0.4, \""k_s\"": 130.0, \""kind\"": \""network\"", \""n\"": 32, \""nu\"": 0.33, \""phase\"": 0.0, \""preconditioner\"": \""two_level\"", \""rho\"": 0.25, \""tol\"": 1e-08, \""w\"": 0.5, \""wall\"": 0.5}"", ""voxlat_version"": ""0.1.0"", ""git_hash"": ""0977f9f913f3+dirty"", ""resolution"": 32, ""wall_time_s"": 16.118085656000403, ""timestamp_utc"": ""2026-10-09T17:28:11+00:00"", ""python"": ""3.13.16"", ""numpy"": ""2.5.3"", ""platform"": ""Linux-6.18.44-fc-v80-x86_64-with-glibc2.39"", ""extra"": {}}",uniform
B0.50-r0.250-N1.5-p0.3333-g0.000-az1.0000-tw0.500-n32,0.5,0.25,1.5,0.33333333333333331,0,1,0.5,32,network,B0.50,95c011af0755,ok,,48,16,1.5,2,0.23738606770833334,0.190673828125,0.27001953125,-0.025505345141730529,-0.11382518806717867,-0.10232954333845867,-0.12531831477301869,0.03646032993155135,0.13637849901103816,0.19459055542885828,0.078414972315957288,0.42372966375136523,0.95727194944032634,19.081786950000605,0.067447250934874012,0.0067628441080562155,0.0068498227722019857,0.0066758654439104462,0.013126729276968898,0.010999276988385416,0.011537989617456881,0.010460564359313947,0.013811579015571892,0.024860992206264206,0.00045745382733351037,"[[0.0131267293, 0.0028254534, 0.0015719024, 0.0025232434, 0.0027130098, 0.0036818261], [0.0028254534, 0.02344572, 0.0056773764, 0.0065947005, 0.0043285362, 0.0061498026], [0.0015719024, 0.0056773764, 0.0262762644, 0.0053485785, 0.0009932423, 0.0012147567], [0.0025232434, 0.0065947005, 0.0053485785, 0.013811579, 0.0055434865, 0.0054917309], [0.0027130098, 0.0043285362, 0.0009932423, 0.0055434865, 0.0104605644, 0.0063923242], [0.0036818261, 0.0061498026, 0.0012147567, 0.0054917309, 0.0063923242, 0.0115379896]]",0.23738606770833334,0.31081600699963019,4.7056814829993527,14.040696237000702,119,232,195,0.069212540672871664,0.0076315011631913655,0.0076306652640398195,0.0076323370623429115,0.012664960633694294,0.0096792371537809032,0.009658530753505529,0.0096999435540562774,0.0097009842298150604,0.012701858938597215,0.00046699851984301178,"[[0.0126649606, 0.001983151, 0.0020126594, 0.0026054878, 0.0034725432, 0.0033245895], [0.001983151, 0.0126682859, 0.0020288917, 0.0033679518, 0.0026163785, 0.0034328529], [0.0020126594, 0.0020288917, 0.012735432, 0.0034467512, 0.0033272514, 0.0025834993], [0.0026054878, 0.0033679518, 0.0034467512, 0.0097009842, 0.0063567289, 0.0063234445], [0.0034725432, 0.0026163785, 0.0033272514, 0.0063567289, 0.0096999436, 0.0063638089], [0.0033245895, 0.0034328529, 0.0025834993, 0.0063234445, 0.0063638089, 0.0096585308]]",0.25,0.14100694099988687,1.8397138300001643,2.8552067329997044,114,138,134,"{""params"": {""w"": 0.5, ""rho"": 0.25, ""N"": 1.5, ""phase"": 0.3333333333333333, ""gradient"": 0.0, ""a_z"": 1.0, ""wall"": 0.5, ""n"": 32, ""kind"": ""network"", ""k_s"": 130.0, ""k_f"": 0.4, ""E"": 70000000000.0, ""nu"": 0.33, ""tol"": 1e-08, ""preconditioner"": ""two_level""}, ""params_json"": ""{\""E\"": 70000000000.0, \""N\"": 1.5, \""a_z\"": 1.0, \""gradient\"": 0.0, \""k_f\"": 0.4, \""k_s\"": 130.0, \""kind\"": \""network\"", \""n\"": 32, \""nu\"": 0.33, \""phase\"": 0.3333333333333333, \""preconditioner\"": \""two_level\"", \""rho\"": 0.25, \""tol\"": 1e-08, \""w\"": 0.5, \""wall\"": 0.5}"", ""voxlat_version"": ""0.1.0"", ""git_hash"": ""0977f9f913f3+dirty"", ""resolution"": 32, ""wall_time_s"": 19.081786950000605, ""timestamp_utc"": ""2026-10-09T17:28:19+00:00"", ""python"": ""3.13.16"", ""numpy"": ""2.5.3"", ""platform"": ""Linux-6.18.44-fc-v80-x86_64-with-glibc2.39"", ""extra"": {}}",uniform
B0.50-r0.250-N1.5-p0.6667-g0.000-az1.0000-tw0.500-n32,0.5,0.25,1.5,0.66666666666666663,0,1,0.5,32,network,B0.50,95c011af0755,ok,,48,16,1.5,2,0.26241048177083331,0.259033203125,0.305908203125,0.21018627104480392,-0.21685348459938036,-0.21999120804561267,-0.21370512690329868,0.38375968313143205,0.39576027424217353,0.46986545995271278,0.32117885064272023,0.9435392319368836,1.7092632563364973,16.688004554000145,0.083661845778680993,0.0059739292182700177,0.0059600599999940261,0.0059877984365460084,0.017510774704118905,0.013364248360381739,0.01411887508580633,0.012609621634957147,0.018639363984334127,0.033994235271354131,8.2278011346434752e-05,"[[0.0175107747, 0.0029120526, 0.0027486575, 0.0027598263, 0.0043425453, 0.0055307555], [0.0029120526, 0.0327506252, 0.008663391, 0.0003049977, 0.0020527535, 0.0026845357], [0.0027486575, 0.008663391, 0.0352378453, 0.0013564014, 0.0027611298, 0.0025199525], [0.0027598263, 0.0003049977, 0.0013564014, 0.018639364, 0.005154857, 0.0060155257], [0.0043425453, 0.0020527535, 0.0027611298, 0.005154857, 0.0126096216, 0.0072501145], [0.0055307555, 0.0026845357, 0.0025199525, 0.0060155257, 0.0072501145, 0.0141188751]]",0.26241048177083331,0.43005107199951453,4.5396485940000275,11.695499143000234,117,212,169,0.069131379011970001,0.0076281118549241661,0.0076410164365718495,0.0076152072732764819,0.012654491179055186,0.0095748880427463396,0.0096055560665127479,0.0095442200189799313,0.0095904233256761135,0.01254740940801803,0.00046292439849738166,"[[0.0126544912, 0.0020351571, 0.0020402126, 0.0026087827, 0.0033911892, 0.0033333035], [0.0020351571, 0.0128554289, 0.0020114447, 0.0033159036, 0.0025514176, 0.0033895872], [0.0020402126, 0.0020114447, 0.0122393899, 0.0034255567, 0.0032862925, 0.0026158383], [0.0026087827, 0.0033159036, 0.0034255567, 0.0095904233, 0.0062393332, 0.0062547418], [0.0033911892, 0.0025514176, 0.0032862925, 0.0062393332, 0.00954422, 0.0062510832], [0.0033333035, 0.0033895872, 0.0026158383, 0.0062547418, 0.0062510832, 0.0096055561]]",0.25,0.14842664800016792,1.8486571359999289,2.8396600169999147,115,139,135,"{""params"": {""w"": 0.5, ""rho"": 0.25, ""N"": 1.5, ""phase"": 0.6666666666666666, ""gradient"": 0.0, ""a_z"": 1.0, ""wall"": 0.5, ""n"": 32, ""kind"": ""network"", ""k_s"": 130.0, ""k_f"": 0.4, ""E"": 70000000000.0, ""nu"": 0.33, ""tol"": 1e-08, ""preconditioner"": ""two_level""}, ""params_json"": ""{\""E\"": 70000000000.0, \""N\"": 1.5, \""a_z\"": 1.0, \""gradient\"": 0.0, \""k_f\"": 0.4, \""k_s\"": 130.0, \""kind\"": \""network\"", \""n\"": 32, \""nu\"": 0.33, \""phase\"": 0.6666666666666666, \""preconditioner\"": \""two_level\"", \""rho\"": 0.25, \""tol\"": 1e-08, \""w\"": 0.5, \""wall\"": 0.5}"", ""voxlat_version"": ""0.1.0"", ""git_hash"": ""0977f9f913f3+dirty"", ""resolution"": 32, ""wall_time_s"": 16.688004554000145, ""timestamp_utc"": ""2026-10-09T17:28:28+00:00"", ""python"": ""3.13.16"", ""numpy"": ""2.5.3"", ""platform"": ""Linux-6.18.44-fc-v80-x86_64-with-glibc2.39"", ""extra"": {}}",uniform
B0.50-r0.250-N2-p0.0000-g0.000-az1.0000-tw0.500-n32,0.5,0.25,2,0,0,1,0.5,32,network,B0.50,95c011af0755,ok,,64,16,2,2.5,0.249969482421875,0.30810546875,0.297607421875,0.0090070396653794127,-0.098061242393005288,-0.11343348572153178,-0.082688999066495739,0.15734323401857186,0.13604103761483044,0.17357212646756426,0.098509948762095512,0.6894617706082482,1.1920626800051477,20.849384307000037,0.069828129651289553,0.0069015546688644003,0.0067839276379583853,0.0070191816997704163,0.014737393987244629,0.011122354761978731,0.011489801069816423,0.010754908454141041,0.016540593647002538,0.027913319411562994,0.00067522998423707689,"[[0.014737394, 0.0030735931, 0.0021762592, 0.0030349444, 0.0035477373, 0.0050888758], [0.0030735931, 0.0289255359, 0.0072544984, 0.0020226456, 0.0040690496, 0.0050027252], [0.0021762592, 0.0072544984, 0.0269011029, 0.0016393549, 0.002934406, 0.002798938], [0.0030349444, 0.0020226456, 0.0016393549, 0.0165405936, 0.0065289905, 0.0066734094], [0.0035477373, 0.0040690496, 0.002934406, 0.0065289905, 0.0107549085, 0.0068418809], [0.0050888758, 0.0050027252, 0.002798938, 0.0066734094, 0.0068418809, 0.0114898011]]",0.249969482421875,0.51668784999992567,6.1787870220000514,14.123830789999829,109,216,172,0.069204799279147647,0.0076519105212591847,0.007651910520757128,0.0076519105217612406,0.01273381444160941,0.0097904515714772218,0.0097904515714773866,0.0097904515714770587,0.0097904515714774126,0.012733814441609601,0.00046441199064941127,"[[0.0127338144, 0.0020637696, 0.0020637696, 0.0026875245, 0.0035135001, 0.003396867], [0.0020637696, 0.0127338144, 0.0020637696, 0.003396867, 0.0026875245, 0.0035135001], [0.0020637696, 0.0020637696, 0.0127338144, 0.0035135001, 0.003396867, 0.0026875245], [0.0026875245, 0.003396867, 0.0035135001, 0.0097904516, 0.0064604689, 0.0064604689], [0.0035135001, 0.0026875245, 0.003396867, 0.0064604689, 0.0097904516, 0.0064604689], [0.003396867, 0.0035135001, 0.0026875245, 0.0064604689, 0.0064604689, 0.0097904516]]",0.249969482421875,0.11881577800022569,1.5698298709999108,2.6134011070002998,108,130,127,"{""params"": {""w"": 0.5, ""rho"": 0.25, ""N"": 2.0, ""phase"": 0.0, ""gradient"": 0.0, ""a_z"": 1.0, ""wall"": 0.5, ""n"": 32, ""kind"": ""network"", ""k_s"": 130.0, ""k_f"": 0.4, ""E"": 70000000000.0, ""nu"": 0.33, ""tol"": 1e-08, ""preconditioner"": ""two_level""}, ""params_json"": ""{\""E\"": 70000000000.0, \""N\"": 2.0, \""a_z\"": 1.0, \""gradient\"": 0.0, \""k_f\"": 0.4, \""k_s\"": 130.0, \""kind\"": \""network\"", \""n\"": 32, \""nu\"": 0.33, \""phase\"": 0.0, \""preconditioner\"": \""two_level\"", \""rho\"": 0.25, \""tol\"": 1e-08, \""w\"": 0.5, \""wall\"": 0.5}"", ""voxlat_version"": ""0.1.0"", ""git_hash"": ""0977f9f913f3+dirty"", ""resolution"": 32, ""wall_time_s"": 20.849384307000037, ""timestamp_utc"": ""2026-10-09T16:19:17+00:00"", ""python"": ""3.13.16"", ""numpy"": ""2.5.3"", ""platform"": ""Linux-6.18.44-fc-v80-x86_64-with-glibc2.39"", ""extra"": {}}",uniform
B0.50-r0.250-N2-p0.0000-g0.000-az1.0000-tw0.500-n48,0.5,0.25,2,0,0,1,0.5,48,network,B0.50,95c011af0755,ok,,96,24,2,2.5,0.25,0.30815972222222221,0.29781539351851855,0.007291486200091013,-0.098689366002330692,-0.11387742691240021,-0.083501305092261169,0.1484499634483103,0.13305323728261786,0.17238045620557907,0.093726018359654661,0.67959856146350184,1.1454031250272458,66.152936189000684,0.072473817312683847,0.0068882300183793288,0.0067721558779715004,0.0070043041587871573,0.014800322549927417,0.0110752350419918,0.0114596460994674,0.010690823984516196,0.016417541764421308,0.027648273116474519,0.00068768696100030794,"[[0.0148003225, 0.0030628538, 0.0021991037, 0.0030273537, 0.0035217794, 0.0050855763], [0.0030628538, 0.0286922921, 0.0071544303, 0.0019548985, 0.0040226472, 0.0049138584], [0.0021991037, 0.0071544303, 0.0266042541, 0.0015565438, 0.0029809866, 0.002789189], [0.0030273537, 0.0019548985, 0.0015565438, 0.0164175418, 0.0064586131, 0.0066249833], [0.0035217794, 0.0040226472, 0.0029809866, 0.0064586131, 0.010690824, 0.0067652034], [0.0050855763, 0.0049138584, 0.002789189, 0.0066249833, 0.0067652034, 0.0114596461]]",0.25,1.7624000670002715,23.594191493000835,40.758357869000974,115,203,152,0.07194920070860944,0.0076424595012568562,0.0076424595012568562,0.0076424595012568562,0.012887215830882433,0.0097746819633588843,0.0097746819633591098,0.0097746819633586571,0.0097746819633591758,0.012887215830881852,0.00047836949154254807,"[[0.0128872158, 0.0021242791, 0.0021242791, 0.0026898679, 0.0034891472, 0.0034244438], [0.0021242791, 0.0128872158, 0.0021242791, 0.0034244438, 0.0026898679, 0.0034891472], [0.0021242791, 0.0021242791, 0.0128872158, 0.0034891472, 0.0034244438, 0.0026898679], [0.0026898679, 0.0034244438, 0.0034891472, 0.009774682, 0.0063973576, 0.0063973576], [0.0034891472, 0.0026898679, 0.0034244438, 0.0063973576, 0.009774682, 0.0063973576], [0.0034244438, 0.0034891472, 0.0026898679, 0.0063973576, 0.0063973576, 0.009774682]]",0.25,0.67893440300031216,6.7416371880008228,6.9983379059995059,117,122,107,"{""params"": {""w"": 0.5, ""rho"": 0.25, ""N"": 2.0, ""phase"": 0.0, ""gradient"": 0.0, ""a_z"": 1.0, ""wall"": 0.5, ""n"": 48, ""kind"": ""network"", ""k_s"": 130.0, ""k_f"": 0.4, ""E"": 70000000000.0, ""nu"": 0.33, ""tol"": 1e-08, ""preconditioner"": ""two_level""}, ""params_json"": ""{\""E\"": 70000000000.0, \""N\"": 2.0, \""a_z\"": 1.0, \""gradient\"": 0.0, \""k_f\"": 0.4, \""k_s\"": 130.0, \""kind\"": \""network\"", \""n\"": 48, \""nu\"": 0.33, \""phase\"": 0.0, \""preconditioner\"": \""two_level\"", \""rho\"": 0.25, \""tol\"": 1e-08, \""w\"": 0.5, \""wall\"": 0.5}"", ""voxlat_version"": ""0.1.0"", ""git_hash"": ""0977f9f913f3+dirty"", ""resolution"": 48, ""wall_time_s"": 66.15293618900068, ""timestamp_utc"": ""2026-10-09T18:20:19+00:00"", ""python"": ""3.13.16"", ""numpy"": ""2.5.3"", ""platform"": ""Linux-6.18.44-fc-v80-x86_64-with-glibc2.39"", ""extra"": {}}",
B0.50-r0.250-N2-p0.3333-g0.000-az1.0000-tw0.500-n32,0.5,0.25,2,0.33333333333333331,0,1,0.5,32,network,B0.50,95c011af0755,ok,,64,16,2,2.5,0.25,0.190673828125,0.25390625,0.11419857350549178,-0.14043907033434921,-0.14375770032181845,-0.13712116726445944,0.24917060541159897,0.22988466305370259,0.272935234659194,0.18701789094411092,0.47006706649852803,0.78842732700125562,21.057706384999619,0.077116514086404436,0.0065597402345772653,0.0065336983737558736,0.0065857820953986561,0.01582069654230597,0.011904345325494704,0.012294684111176603,0.011514006539812806,0.014261097428872709,0.022716351629502425,0.00012414610127862213,"[[0.0158206965, 0.0030865837, 0.0028831836, 0.0028046729, 0.0027764255, 0.0040050872], [0.0030865837, 0.0219041528, 0.0049773489, 0.004205661, 0.0018948962, 0.0032301515], [0.0028831836, 0.0049773489, 0.0235285505, 0.0046236951, 0.0021276669, 0.0017271496], [0.0028046729, 0.004205661, 0.0046236951, 0.0142610974, 0.005992589, 0.0058821323], [0.0027764255, 0.0018948962, 0.0021276669, 0.005992589, 0.0115140065, 0.0065065885], [0.0040050872, 0.0032301515, 0.0017271496, 0.0058821323, 0.0065065885, 0.0122946841]]",0.25,0.507042717999866,5.9219623979997777,14.608113952000167,118,227,198,0.069212540672871664,0.0076315011631913655,0.0076306652640398195,0.0076323370623429115,0.012664960633694294,0.0096792371537809032,0.009658530753505529,0.0096999435540562774,0.0097009842298150604,0.012701858938597215,0.00046699851984301178,"[[0.0126649606, 0.001983151, 0.0020126594, 0.0026054878, 0.0034725432, 0.0033245895], [0.001983151, 0.0126682859, 0.0020288917, 0.0033679518, 0.0026163785, 0.0034328529], [0.0020126594, 0.0020288917, 0.012735432, 0.0034467512, 0.0033272514, 0.0025834993], [0.0026054878, 0.0033679518, 0.0034467512, 0.0097009842, 0.0063567289, 0.0063234445], [0.0034725432, 0.0026163785, 0.0033272514, 0.0063567289, 0.0096999436, 0.0063638089], [0.0033245895, 0.0034328529, 0.0025834993, 0.0063234445, 0.0063638089, 0.0096585308]]",0.25,0.14100694099988687,1.8397138300001643,2.8552067329997044,114,138,134,"{""params"": {""w"": 0.5, ""rho"": 0.25, ""N"": 2.0, ""phase"": 0.3333333333333333, ""gradient"": 0.0, ""a_z"": 1.0, ""wall"": 0.5, ""n"": 32, ""kind"": ""network"", ""k_s"": 130.0, ""k_f"": 0.4, ""E"": 70000000000.0, ""nu"": 0.33, ""tol"": 1e-08, ""preconditioner"": ""two_level""}, ""params_json"": ""{\""E\"": 70000000000.0, \""N\"": 2.0, \""a_z\"": 1.0, \""gradient\"": 0.0, \""k_f\"": 0.4, \""k_s\"": 130.0, \""kind\"": \""network\"", \""n\"": 32, \""nu\"": 0.33, \""phase\"": 0.3333333333333333, \""preconditioner\"": \""two_level\"", \""rho\"": 0.25, \""tol\"": 1e-08, \""w\"": 0.5, \""wall\"": 0.5}"", ""voxlat_version"": ""0.1.0"", ""git_hash"": ""0977f9f913f3+dirty"", ""resolution"": 32, ""wall_time_s"": 21.05770638499962, ""timestamp_utc"": ""2026-10-09T17:19:33+00:00"", ""python"": ""3.13.16"", ""numpy"": ""2.5.3"", ""platform"": ""Linux-6.18.44-fc-v80-x86_64-with-glibc2.39"", ""extra"": {}}",uniform
B0.50-r0.250-N2-p0.6667-g0.000-az1.0000-tw0.500-n32,0.5,0.25,2,0.66666666666666663,0,1,0.5,32,network,B0.50,95c011af0755,ok,,64,16,2,2.5,0.25,0.259033203125,0.1953125,0.0067723489375375312,-0.16494467935786872,-0.1463822565630315,-0.18357001319161492,0.13138301878580716,0.15823127911475732,0.17682892784378046,0.13951411236706157,0.39532964890394351,0.88104508592752673,20.45732147400031,0.069599560833172217,0.0063698953909077424,0.0065225072081512483,0.0062172835736642364,0.014317076431357826,0.011089934825130687,0.011304096247097517,0.010875773403163855,0.013381802011855843,0.023602242808073132,0.00031872148302510863,"[[0.0143170764, 0.0021855074, 0.002290811, 0.002574572, 0.0046252062, 0.0037346885], [0.0021855074, 0.0234897737, 0.0052832788, 0.0046043747, 0.0034376606, 0.004647791], [0.002290811, 0.0052832788, 0.0237147119, 0.0046672003, 0.0043581742, 0.0031705201], [0.002574572, 0.0046043747, 0.0046672003, 0.013381802, 0.0056165419, 0.0063374157], [0.0046252062, 0.0034376606, 0.0043581742, 0.0056165419, 0.0108757734, 0.0067143442], [0.0037346885, 0.004647791, 0.0031705201, 0.0063374157, 0.0067143442, 0.0113040962]]",0.25,0.48228788400047051,5.9604732170000716,13.991018783000072,117,226,185,0.069131379011970001,0.0076281118549241661,0.0076410164365718495,0.0076152072732764819,0.012654491179055186,0.0095748880427463396,0.0096055560665127479,0.0095442200189799313,0.0095904233256761135,0.01254740940801803,0.00046292439849738166,"[[0.0126544912, 0.0020351571, 0.0020402126, 0.0026087827, 0.0033911892, 0.0033333035], [0.0020351571, 0.0128554289, 0.0020114447, 0.0033159036, 0.0025514176, 0.0033895872], [0.0020402126, 0.0020114447, 0.0122393899, 0.0034255567, 0.0032862925, 0.0026158383], [0.0026087827, 0.0033159036, 0.0034255567, 0.0095904233, 0.0062393332, 0.0062547418], [0.0033911892, 0.0025514176, 0.0032862925, 0.0062393332, 0.00954422, 0.0062510832], [0.0033333035, 0.0033895872, 0.0026158383, 0.0062547418, 0.0062510832, 0.0096055561]]",0.25,0.14842664800016792,1.8486571359999289,2.8396600169999147,115,139,135,"{""params"": {""w"": 0.5, ""rho"": 0.25, ""N"": 2.0, ""phase"": 0.6666666666666666, ""gradient"": 0.0, ""a_z"": 1.0, ""wall"": 0.5, ""n"": 32, ""kind"": ""network"", ""k_s"": 130.0, ""k_f"": 0.4, ""E"": 70000000000.0, ""nu"": 0.33, ""tol"": 1e-08, ""preconditioner"": ""two_level""}, ""params_json"": ""{\""E\"": 70000000000.0, \""N\"": 2.0, \""a_z\"": 1.0, \""gradient\"": 0.0, \""k_f\"": 0.4, \""k_s\"": 130.0, \""kind\"": \""network\"", \""n\"": 32, \""nu\"": 0.33, \""phase\"": 0.6666666666666666, \""preconditioner\"": \""two_level\"", \""rho\"": 0.25, \""tol\"": 1e-08, \""w\"": 0.5, \""wall\"": 0.5}"", ""voxlat_version"": ""0.1.0"", ""git_hash"": ""0977f9f913f3+dirty"", ""resolution"": 32, ""wall_time_s"": 20.45732147400031, ""timestamp_utc"": ""2026-10-09T17:19:38+00:00"", ""python"": ""3.13.16"", ""numpy"": ""2.5.3"", ""platform"": ""Linux-6.18.44-fc-v80-x86_64-with-glibc2.39"", ""extra"": {}}",uniform
B0.50-r0.250-N3-p0.0000-g0.000-az1.0000-tw0.500-n32,0.5,0.25,3,0,0,1,0.5,32,network,B0.50,95c011af0755,ok,,96,16,3,3.5,0.249969482421875,0.30810546875,0.297607421875,0.0059867196286305102,-0.066601928892275009,-0.076850610934212971,-0.05635324685168186,0.093571489175340306,0.084159459281754945,0.10503886677380114,0.063280051789707858,0.45939376586234637,0.79208518151087737,28.453279983000357,0.069619109009387559,0.0071422785208322299,0.0070638565224230114,0.0072207005192414476,0.013925336421793257,0.010614410681856952,0.010818829509749151,0.010409991853964755,0.014288123988391348,0.022820080164917773,0.00059558824364730944,"[[0.0139253364, 0.0026907281, 0.0021092113, 0.0029013647, 0.0035575452, 0.004403924], [0.0026907281, 0.0234729648, 0.0055281701, 0.0024736124, 0.0035868065, 0.0044566401], [0.0021092113, 0.0055281701, 0.0221671956, 0.0022614425, 0.0031027981, 0.0027402303], [0.0029013647, 0.0024736124, 0.0022614425, 0.014288124, 0.0065075224, 0.0065873441], [0.0035575452, 0.0035868065, 0.0031027981, 0.0065075224, 0.0104099919, 0.0067250731], [0.004403924, 0.0044566401, 0.0027402303, 0.0065873441, 0.0067250731, 0.0108188295]]",0.249969482421875,0.79515887900015514,10.661601920000066,16.974856499000452,110,247,184,0.069204799279147647,0.0076519105212591847,0.007651910520757128,0.0076519105217612406,0.01273381444160941,0.0097904515714772218,0.0097904515714773866,0.0097904515714770587,0.0097904515714774126,0.012733814441609601,0.00046441199064941127,"[[0.0127338144, 0.0020637696, 0.0020637696, 0.0026875245, 0.0035135001, 0.003396867], [0.0020637696, 0.0127338144, 0.0020637696, 0.003396867, 0.0026875245, 0.0035135001], [0.0020637696, 0.0020637696, 0.0127338144, 0.0035135001, 0.003396867, 0.0026875245], [0.0026875245, 0.003396867, 0.0035135001, 0.0097904516, 0.0064604689, 0.0064604689], [0.0035135001, 0.0026875245, 0.003396867, 0.0064604689, 0.0097904516, 0.0064604689], [0.003396867, 0.0035135001, 0.0026875245, 0.0064604689, 0.0064604689, 0.0097904516]]",0.249969482421875,0.11881577800022569,1.5698298709999108,2.6134011070002998,108,130,127,"{""params"": {""w"": 0.5, ""rho"": 0.25, ""N"": 3.0, ""phase"": 0.0, ""gradient"": 0.0, ""a_z"": 1.0, ""wall"": 0.5, ""n"": 32, ""kind"": ""network"", ""k_s"": 130.0, ""k_f"": 0.4, ""E"": 70000000000.0, ""nu"": 0.33, ""tol"": 1e-08, ""preconditioner"": ""two_level""}, ""params_json"": ""{\""E\"": 70000000000.0, \""N\"": 3.0, \""a_z\"": 1.0, \""gradient\"": 0.0, \""k_f\"": 0.4, \""k_s\"": 130.0, \""kind\"": \""network\"", \""n\"": 32, \""nu\"": 0.33, \""phase\"": 0.0, \""preconditioner\"": \""two_level\"", \""rho\"": 0.25, \""tol\"": 1e-08, \""w\"": 0.5, \""wall\"": 0.5}"", ""voxlat_version"": ""0.1.0"", ""git_hash"": ""0977f9f913f3+dirty"", ""resolution"": 32, ""wall_time_s"": 28.453279983000357, ""timestamp_utc"": ""2026-10-09T17:07:13+00:00"", ""python"": ""3.13.16"", ""numpy"": ""2.5.3"", ""platform"": ""Linux-6.18.44-fc-v80-x86_64-with-glibc2.39"", ""extra"": {}}",uniform
B0.50-r0.250-N3-p0.3333-g0.000-az1.0000-tw0.500-n32,0.5,0.25,3,0.33333333333333331,0,1,0.5,32,network,B0.50,95c011af0755,ok,,96,16,3,3.5,0.25,0.190673828125,0.25390625,0.073340581703543073,-0.094967941271351664,-0.097134223924308372,-0.092802133124124109,0.1494402861471984,0.13517162487846113,0.15842279958810623,0.11201971840222935,0.31250384143301591,0.52152401726984876,31.92672151700026,0.074288628667000214,0.0069067532089131557,0.0068894665155911344,0.0069240399022351779,0.014557615974836574,0.010987595367441439,0.011188662235383697,0.01078652849949918,0.012732579067313374,0.019326183439049373,0.0002282054369474754,"[[0.014557616, 0.0026268243, 0.0025075962, 0.0027238183, 0.0031302114, 0.0036819173], [0.0026268243, 0.0187824819, 0.0039478649, 0.003912743, 0.0021950931, 0.0032758393], [0.0025075962, 0.0039478649, 0.0198698849, 0.0042134282, 0.0025944183, 0.0020260772], [0.0027238183, 0.003912743, 0.0042134282, 0.0127325791, 0.0061276307, 0.0060442115], [0.0031302114, 0.0021950931, 0.0025944183, 0.0061276307, 0.0107865285, 0.0065382494], [0.0036819173, 0.0032758393, 0.0020260772, 0.0060442115, 0.0065382494, 0.0111886622]]",0.25,0.54939369099975011,10.048413605999485,21.308194991000164,118,260,223,0.069212540672871664,0.0076315011631913655,0.0076306652640398195,0.0076323370623429115,0.012664960633694294,0.0096792371537809032,0.009658530753505529,0.0096999435540562774,0.0097009842298150604,0.012701858938597215,0.00046699851984301178,"[[0.0126649606, 0.001983151, 0.0020126594, 0.0026054878, 0.0034725432, 0.0033245895], [0.001983151, 0.0126682859, 0.0020288917, 0.0033679518, 0.0026163785, 0.0034328529], [0.0020126594, 0.0020288917, 0.012735432, 0.0034467512, 0.0033272514, 0.0025834993], [0.0026054878, 0.0033679518, 0.0034467512, 0.0097009842, 0.0063567289, 0.0063234445], [0.0034725432, 0.0026163785, 0.0033272514, 0.0063567289, 0.0096999436, 0.0063638089], [0.0033245895, 0.0034328529, 0.0025834993, 0.0063234445, 0.0063638089, 0.0096585308]]",0.25,0.14100694099988687,1.8397138300001643,2.8552067329997044,114,138,134,"{""params"": {""w"": 0.5, ""rho"": 0.25, ""N"": 3.0, ""phase"": 0.3333333333333333, ""gradient"": 0.0, ""a_z"": 1.0, ""wall"": 0.5, ""n"": 32, ""kind"": ""network"", ""k_s"": 130.0, ""k_f"": 0.4, ""E"": 70000000000.0, ""nu"": 0.33, ""tol"": 1e-08, ""preconditioner"": ""two_level""}, ""params_json"": ""{\""E\"": 70000000000.0, \""N\"": 3.0, \""a_z\"": 1.0, \""gradient\"": 0.0, \""k_f\"": 0.4, \""k_s\"": 130.0, \""kind\"": \""network\"", \""n\"": 32, \""nu\"": 0.33, \""phase\"": 0.3333333333333333, \""preconditioner\"": \""two_level\"", \""rho\"": 0.25, \""tol\"": 1e-08, \""w\"": 0.5, \""wall\"": 0.5}"", ""voxlat_version"": ""0.1.0"", ""git_hash"": ""0977f9f913f3+dirty"", ""resolution"": 32, ""wall_time_s"": 31.92672151700026, ""timestamp_utc"": ""2026-10-09T17:07:45+00:00"", ""python"": ""3.13.16"", ""numpy"": ""2.5.3"", ""platform"": ""Linux-6.18.44-fc-v80-x86_64-with-glibc2.39"", ""extra"": {}}",uniform
B0.50-r0.250-N3-p0.6667-g0.000-az1.0000-tw0.500-n32,0.5,0.25,3,0.66666666666666663,0,1,0.5,32,network,B0.50,95c011af0755,ok,,96,16,3,3.5,0.25,0.259033203125,0.1953125,0.0045047331053966744,-0.11129787826218385,-0.098981667245147453,-0.1236558309009399,0.082211042697166725,0.098534673240554316,0.10991931329397198,0.087076869657579437,0.26176779334769629,0.58486375946203317,29.738411475000248,0.06944279742362694,0.006779119190324495,0.0068846958902323927,0.0066735424904165973,0.013694830093687412,0.010518346507353241,0.010661392193150576,0.010375300821555905,0.012100887276908626,0.019885934445900741,0.0003566102782844925,"[[0.0136948301, 0.0021287291, 0.0021789225, 0.0026079559, 0.0041533276, 0.0036097182], [0.0021287291, 0.0199087715, 0.0041742226, 0.0041758651, 0.0031308893, 0.0041842915], [0.0021789225, 0.0041742226, 0.0198630974, 0.0042704344, 0.003969368, 0.0029809331], [0.0026079559, 0.0041758651, 0.0042704344, 0.0121008873, 0.0058479773, 0.0062917627], [0.0041533276, 0.0031308893, 0.003969368, 0.0058479773, 0.0103753008, 0.0065671144], [0.0036097182, 0.0041842915, 0.0029809331, 0.0062917627, 0.0065671144, 0.0106613922]]",0.25,0.52175937800075189,9.9784845679996579,19.214637846999722,118,259,202,0.069131379011970001,0.0076281118549241661,0.0076410164365718495,0.0076152072732764819,0.012654491179055186,0.0095748880427463396,0.0096055560665127479,0.0095442200189799313,0.0095904233256761135,0.01254740940801803,0.00046292439849738166,"[[0.0126544912, 0.0020351571, 0.0020402126, 0.0026087827, 0.0033911892, 0.0033333035], [0.0020351571, 0.0128554289, 0.0020114447, 0.0033159036, 0.0025514176, 0.0033895872], [0.0020402126, 0.0020114447, 0.0122393899, 0.0034255567, 0.0032862925, 0.0026158383], [0.0026087827, 0.0033159036, 0.0034255567, 0.0095904233, 0.0062393332, 0.0062547418], [0.0033911892, 0.0025514176, 0.0032862925, 0.0062393332, 0.00954422, 0.0062510832], [0.0033333035, 0.0033895872, 0.0026158383, 0.0062547418, 0.0062510832, 0.0096055561]]",0.25,0.14842664800016792,1.8486571359999289,2.8396600169999147,115,139,135,"{""params"": {""w"": 0.5, ""rho"": 0.25, ""N"": 3.0, ""phase"": 0.6666666666666666, ""gradient"": 0.0, ""a_z"": 1.0, ""wall"": 0.5, ""n"": 32, ""kind"": ""network"", ""k_s"": 130.0, ""k_f"": 0.4, ""E"": 70000000000.0, ""nu"": 0.33, ""tol"": 1e-08, ""preconditioner"": ""two_level""}, ""params_json"": ""{\""E\"": 70000000000.0, \""N\"": 3.0, \""a_z\"": 1.0, \""gradient\"": 0.0, \""k_f\"": 0.4, \""k_s\"": 130.0, \""kind\"": \""network\"", \""n\"": 32, \""nu\"": 0.33, \""phase\"": 0.6666666666666666, \""preconditioner\"": \""two_level\"", \""rho\"": 0.25, \""tol\"": 1e-08, \""w\"": 0.5, \""wall\"": 0.5}"", ""voxlat_version"": ""0.1.0"", ""git_hash"": ""0977f9f913f3+dirty"", ""resolution"": 32, ""wall_time_s"": 29.738411475000248, ""timestamp_utc"": ""2026-10-09T17:07:45+00:00"", ""python"": ""3.13.16"", ""numpy"": ""2.5.3"", ""platform"": ""Linux-6.18.44-fc-v80-x86_64-with-glibc2.39"", ""extra"": {}}",uniform
B0.50-r0.250-N4-p0.0000-g0.000-az1.0000-tw0.500-n32,0.5,0.25,4,0,0,1,0.5,32,network,B0.50,95c011af0755,ok,,128,16,4,4.5,0.249969482421875,0.30810546875,0.297607421875,0.0044833296124073829,-0.05087215450380056,-0.058558682125977146,-0.0431856268826325,0.066569808858540913,0.060989671769716258,0.075359110088012216,0.046620233451419857,0.34445912943988954,0.59312544677649637,39.300274878999517,0.069515067205076567,0.0072626413469724302,0.007203824724915691,0.0073214579690291702,0.013581502035027474,0.01038756799929892,0.010528251289263702,0.01024688470933414,0.013162861996611923,0.020286563821458294,0.00055577379839266911,"[[0.013581502, 0.0025184412, 0.0020888387, 0.0028420833, 0.003552742, 0.0041135961], [0.0025184412, 0.0207680115, 0.0046638924, 0.0027018664, 0.0033536411, 0.0042038653], [0.0020888387, 0.0046638924, 0.0198051161, 0.0025736854, 0.003181101, 0.0027206053], [0.0028420833, 0.0027018664, 0.0025736854, 0.013162862, 0.0064960592, 0.006550667], [0.003552742, 0.0033536411, 0.003181101, 0.0064960592, 0.0102468847, 0.0066614413], [0.0041135961, 0.0042038653, 0.0027206053, 0.006550667, 0.0066614413, 0.0105282513]]",0.249969482421875,0.60572155299996666,15.989262601000519,22.682011947000319,110,286,193,0.069204799279147647,0.0076519105212591847,0.007651910520757128,0.0076519105217612406,0.01273381444160941,0.0097904515714772218,0.0097904515714773866,0.0097904515714770587,0.0097904515714774126,0.012733814441609601,0.00046441199064941127,"[[0.0127338144, 0.0020637696, 0.0020637696, 0.0026875245, 0.0035135001, 0.003396867], [0.0020637696, 0.0127338144, 0.0020637696, 0.003396867, 0.0026875245, 0.0035135001], [0.0020637696, 0.0020637696, 0.0127338144, 0.0035135001, 0.003396867, 0.0026875245], [0.0026875245, 0.003396867, 0.0035135001, 0.0097904516, 0.0064604689, 0.0064604689], [0.0035135001, 0.0026875245, 0.003396867, 0.0064604689, 0.0097904516, 0.0064604689], [0.003396867, 0.0035135001, 0.0026875245, 0.0064604689, 0.0064604689, 0.0097904516]]",0.249969482421875,0.11881577800022569,1.5698298709999108,2.6134011070002998,108,130,127,"{""params"": {""w"": 0.5, ""rho"": 0.25, ""N"": 4.0, ""phase"": 0.0, ""gradient"": 0.0, ""a_z"": 1.0, ""wall"": 0.5, ""n"": 32, ""kind"": ""network"", ""k_s"": 130.0, ""k_f"": 0.4, ""E"": 70000000000.0, ""nu"": 0.33, ""tol"": 1e-08, ""preconditioner"": ""two_level""}, ""params_json"": ""{\""E\"": 70000000000.0, \""N\"": 4.0, \""a_z\"": 1.0, \""gradient\"": 0.0, \""k_f\"": 0.4, \""k_s\"": 130.0, \""kind\"": \""network\"", \""n\"": 32, \""nu\"": 0.33, \""phase\"": 0.0, \""preconditioner\"": \""two_level\"", \""rho\"": 0.25, \""tol\"": 1e-08, \""w\"": 0.5, \""wall\"": 0.5}"", ""voxlat_version"": ""0.1.0"", ""git_hash"": ""0977f9f913f3+dirty"", ""resolution"": 32, ""wall_time_s"": 39.30027487899952, ""timestamp_utc"": ""2026-10-09T16:51:39+00:00"", ""python"": ""3.13.16"", ""numpy"": ""2.5.3"", ""platform"": ""Linux-6.18.44-fc-v80-x86_64-with-glibc2.39"", ""extra"": {}}",uniform
B0.50-r0.250-N4-p0.3333-g0.000-az1.0000-tw0.500-n32,0.5,0.25,4,0.33333333333333331,0,1,0.5,32,network,B0.50,95c011af0755,ok,,128,16,4,4.5,0.25,0.190673828125,0.25390625,0.054015062255080126,-0.072232177068183634,-0.073822501315216171,-0.070642201168106267,0.10653856733161082,0.096176559839816322,0.11218709245885683,0.080234382360202083,0.23414218257744257,0.38985789832791862,44.864818387999549,0.072951060366149095,0.0070802612198756776,0.0070673504675492658,0.0070931719722020902,0.014014267394919335,0.010610152885105287,0.010742093236165767,0.010478212534044806,0.01197239385053331,0.017653778969256413,0.00028023752289246492,"[[0.0140142674, 0.0024381002, 0.0023577291, 0.0026883421, 0.0032505536, 0.0035677443], [0.0024381002, 0.0172409021, 0.0034533286, 0.0037725169, 0.0023182552, 0.0033114147], [0.0023577291, 0.0034533286, 0.0180666559, 0.0040155078, 0.0027984929, 0.0021716847], [0.0026883421, 0.0037725169, 0.0040155078, 0.0119723939, 0.0061895738, 0.0061207965], [0.0032505536, 0.0023182552, 0.0027984929, 0.0061895738, 0.0104782125, 0.0065146242], [0.0035677443, 0.0033114147, 0.0021716847, 0.0061207965, 0.0065146242, 0.0107420932]]",0.25,0.71907065199957287,16.185093169999163,27.932974350000222,117,292,243,0.069212540672871664,0.0076315011631913655,0.0076306652640398195,0.0076323370623429115,0.012664960633694294,0.0096792371537809032,0.009658530753505529,0.0096999435540562774,0.0097009842298150604,0.012701858938597215,0.00046699851984301178,"[[0.0126649606, 0.001983151, 0.0020126594, 0.0026054878, 0.0034725432, 0.0033245895], [0.001983151, 0.0126682859, 0.0020288917, 0.0033679518, 0.0026163785, 0.0034328529], [0.0020126594, 0.0020288917, 0.012735432, 0.0034467512, 0.0033272514, 0.0025834993], [0.0026054878, 0.0033679518, 0.0034467512, 0.0097009842, 0.0063567289, 0.0063234445], [0.0034725432, 0.0026163785, 0.0033272514, 0.0063567289, 0.0096999436, 0.0063638089], [0.0033245895, 0.0034328529, 0.0025834993, 0.0063234445, 0.0063638089, 0.0096585308]]",0.25,0.14100694099988687,1.8397138300001643,2.8552067329997044,114,138,134,"{""params"": {""w"": 0.5, ""rho"": 0.25, ""N"": 4.0, ""phase"": 0.3333333333333333, ""gradient"": 0.0, ""a_z"": 1.0, ""wall"": 0.5, ""n"": 32, ""kind"": ""network"", ""k_s"": 130.0, ""k_f"": 0.4, ""E"": 70000000000.0, ""nu"": 0.33, ""tol"": 1e-08, ""preconditioner"": ""two_level""}, ""params_json"": ""{\""E\"": 70000000000.0, \""N\"": 4.0, \""a_z\"": 1.0, \""gradient\"": 0.0, \""k_f\"": 0.4, \""k_s\"": 130.0, \""kind\"": \""network\"", \""n\"": 32, \""nu\"": 0.33, \""phase\"": 0.3333333333333333, \""preconditioner\"": \""two_level\"", \""rho\"": 0.25, \""tol\"": 1e-08, \""w\"": 0.5, \""wall\"": 0.5}"", ""voxlat_version"": ""0.1.0"", ""git_hash"": ""0977f9f913f3+dirty"", ""resolution"": 32, ""wall_time_s"": 44.86481838799955, ""timestamp_utc"": ""2026-10-09T16:52:07+00:00"", ""python"": ""3.13.16"", ""numpy"": ""2.5.3"", ""platform"": ""Linux-6.18.44-fc-v80-x86_64-with-glibc2.39"", ""extra"": {}}",uniform
B0.50-r0.250-N4-p0.6667-g0.000-az1.0000-tw0.500-n32,0.5,0.25,4,0.66666666666666663,0,1,0.5,32,network,B0.50,95c011af0755,ok,,128,16,4,4.5,0.25,0.259033203125,0.1953125,0.0033747492441784654,-0.084474670268714913,-0.07528181633883968,-0.093698680260363987,0.059815171068341666,0.071578475259215901,0.079787007370379248,0.063317190915314514,0.1957170604675591,0.43776592091119104,40.890226396000799,0.069364680081039659,0.0069837296212065716,0.0070657868405517923,0.0069016724018613508,0.013411421733713194,0.010260243929623819,0.010371954639188191,0.010148533220059449,0.011467432787616954,0.018040237642568787,0.00037556339227151972,"[[0.0134114217, 0.0021024127, 0.002134978, 0.0026147714, 0.0039424407, 0.003541979], [0.0021024127, 0.0181326353, 0.0036266715, 0.0039615496, 0.0029814251, 0.0039705014], [0.002134978, 0.0036266715, 0.01794784, 0.004065247, 0.00378792, 0.0028876899], [0.0026147714, 0.0039615496, 0.004065247, 0.0114674328, 0.0059534479, 0.0062768178], [0.0039424407, 0.0029814251, 0.00378792, 0.0059534479, 0.0101485332, 0.0064892187], [0.003541979, 0.0039705014, 0.0028876899, 0.0062768178, 0.0064892187, 0.0103719546]]",0.25,0.73469833200033463,14.945793340999444,25.193282108999483,118,291,219,0.069131379011970001,0.0076281118549241661,0.0076410164365718495,0.0076152072732764819,0.012654491179055186,0.0095748880427463396,0.0096055560665127479,0.0095442200189799313,0.0095904233256761135,0.01254740940801803,0.00046292439849738166,"[[0.0126544912, 0.0020351571, 0.0020402126, 0.0026087827, 0.0033911892, 0.0033333035], [0.0020351571, 0.0128554289, 0.0020114447, 0.0033159036, 0.0025514176, 0.0033895872], [0.0020402126, 0.0020114447, 0.0122393899, 0.0034255567, 0.0032862925, 0.0026158383], [0.0026087827, 0.0033159036, 0.0034255567, 0.0095904233, 0.0062393332, 0.0062547418], [0.0033911892, 0.0025514176, 0.0032862925, 0.0062393332, 0.00954422, 0.0062510832], [0.0033333035, 0.0033895872, 0.0026158383, 0.0062547418, 0.0062510832, 0.0096055561]]",0.25,0.14842664800016792,1.8486571359999289,2.8396600169999147,115,139,135,"{""params"": {""w"": 0.5, ""rho"": 0.25, ""N"": 4.0, ""phase"": 0.6666666666666666, ""gradient"": 0.0, ""a_z"": 1.0, ""wall"": 0.5, ""n"": 32, ""kind"": ""network"", ""k_s"": 130.0, ""k_f"": 0.4, ""E"": 70000000000.0, ""nu"": 0.33, ""tol"": 1e-08, ""preconditioner"": ""two_level""}, ""params_json"": ""{\""E\"": 70000000000.0, \""N\"": 4.0, \""a_z\"": 1.0, \""gradient\"": 0.0, \""k_f\"": 0.4, \""k_s\"": 130.0, \""kind\"": \""network\"", \""n\"": 32, \""nu\"": 0.33, \""phase\"": 0.6666666666666666, \""preconditioner\"": \""two_level\"", \""rho\"": 0.25, \""tol\"": 1e-08, \""w\"": 0.5, \""wall\"": 0.5}"", ""voxlat_version"": ""0.1.0"", ""git_hash"": ""0977f9f913f3+dirty"", ""resolution"": 32, ""wall_time_s"": 40.8902263960008, ""timestamp_utc"": ""2026-10-09T16:52:20+00:00"", ""python"": ""3.13.16"", ""numpy"": ""2.5.3"", ""platform"": ""Linux-6.18.44-fc-v80-x86_64-with-glibc2.39"", ""extra"": {}}",uniform
B0.50-r0.250-N6-p0.0000-g0.000-az1.0000-tw0.500-n32,0.5,0.25,6,0,0,1,0.5,32,network,B0.50,95c011af0755,ok,,192,16,6,6.5,0.249969482421875,0.30810546875,0.297607421875,0.0029844263525906634,-0.035141802628051666,-0.040266152891642926,-0.030017452365132757,0.042234606165610922,0.039368615751098623,0.048190903511582173,0.030546327990615074,0.22958717385244665,0.39482082321481471,56.583848447000037,0.069411335905842086,0.0073830085919935826,0.0073437975218151501,0.0074222196621720141,0.013271622079536752,0.01017588809742445,0.01026226227849327,0.01008951391635563,0.012038213678512157,0.017761389542110598,0.00051595894467562956,"[[0.0132716221, 0.0023574466, 0.0020752017, 0.0027870916, 0.0035432047, 0.0038517081], [0.0023574466, 0.0180770571, 0.0037984975, 0.0029319568, 0.0031260827, 0.0039632548], [0.0020752017, 0.0037984975, 0.017445722, 0.0028865265, 0.0032560096, 0.0027058534], [0.0027870916, 0.0029319568, 0.0028865265, 0.0120382137, 0.006484333, 0.0065176341], [0.0035432047, 0.0031260827, 0.0032560096, 0.006484333, 0.0100895139, 0.0065956922], [0.0038517081, 0.0039632548, 0.0027058534, 0.0065176341, 0.0065956922, 0.0102622623]]",0.249969482421875,0.93325178399982178,27.089439550999941,28.529600091000248,110,334,194,0.069204799279147647,0.0076519105212591847,0.007651910520757128,0.0076519105217612406,0.01273381444160941,0.0097904515714772218,0.0097904515714773866,0.0097904515714770587,0.0097904515714774126,0.012733814441609601,0.00046441199064941127,"[[0.0127338144, 0.0020637696, 0.0020637696, 0.0026875245, 0.0035135001, 0.003396867], [0.0020637696, 0.0127338144, 0.0020637696, 0.003396867, 0.0026875245, 0.0035135001], [0.0020637696, 0.0020637696, 0.0127338144, 0.0035135001, 0.003396867, 0.0026875245], [0.0026875245, 0.003396867, 0.0035135001, 0.0097904516, 0.0064604689, 0.0064604689], [0.0035135001, 0.0026875245, 0.003396867, 0.0064604689, 0.0097904516, 0.0064604689], [0.003396867, 0.0035135001, 0.0026875245, 0.0064604689, 0.0064604689, 0.0097904516]]",0.249969482421875,0.11881577800022569,1.5698298709999108,2.6134011070002998,108,130,127,"{""params"": {""w"": 0.5, ""rho"": 0.25, ""N"": 6.0, ""phase"": 0.0, ""gradient"": 0.0, ""a_z"": 1.0, ""wall"": 0.5, ""n"": 32, ""kind"": ""network"", ""k_s"": 130.0, ""k_f"": 0.4, ""E"": 70000000000.0, ""nu"": 0.33, ""tol"": 1e-08, ""preconditioner"": ""two_level""}, ""params_json"": ""{\""E\"": 70000000000.0, \""N\"": 6.0, \""a_z\"": 1.0, \""gradient\"": 0.0, \""k_f\"": 0.4, \""k_s\"": 130.0, \""kind\"": \""network\"", \""n\"": 32, \""nu\"": 0.33, \""phase\"": 0.0, \""preconditioner\"": \""two_level\"", \""rho\"": 0.25, \""tol\"": 1e-08, \""w\"": 0.5, \""wall\"": 0.5}"", ""voxlat_version"": ""0.1.0"", ""git_hash"": ""0977f9f913f3+dirty"", ""resolution"": 32, ""wall_time_s"": 56.58384844700004, ""timestamp_utc"": ""2026-10-09T16:37:15+00:00"", ""python"": ""3.13.16"", ""numpy"": ""2.5.3"", ""platform"": ""Linux-6.18.44-fc-v80-x86_64-with-glibc2.39"", ""extra"": {}}",uniform
B0.50-r0.250-N6-p0.3333-g0.000-az1.0000-tw0.500-n32,0.5,0.25,6,0.33333333333333331,0,1,0.5,32,network,B0.50,95c011af0755,ok,,192,16,6,6.5,0.25,0.190673828125,0.25390625,0.035373147253042747,-0.049495837955954802,-0.05051016128097785,-0.048481736809800391,0.067782199991460512,0.061087805629018943,0.070936446541658649,0.051281212363309958,0.15594547408963599,0.25912887869788759,71.694786581000244,0.071660806065850374,0.0072537736182573653,0.0072452391308720126,0.0072623081056427171,0.013523419528251337,0.010270520511668249,0.01034367260397254,0.010197368419363957,0.011213808814669653,0.015993277402734655,0.00033226371436143422,"[[0.0135234195, 0.002270098, 0.0022273257, 0.0026572073, 0.003344115, 0.0034733771], [0.002270098, 0.0157089452, 0.0029696282, 0.0036351598, 0.0024280127, 0.0033503944], [0.0022273257, 0.0029696282, 0.0162776096, 0.0038220584, 0.0029872439, 0.0023135139], [0.0026572073, 0.0036351598, 0.0038220584, 0.0112138088, 0.0062481958, 0.0061924786], [0.003344115, 0.0024280127, 0.0029872439, 0.0062481958, 0.0101973684, 0.0064746806], [0.0034733771, 0.0033503944, 0.0023135139, 0.0061924786, 0.0064746806, 0.0103436726]]",0.25,1.0535777380000582,30.499051227000109,40.120150499999909,117,367,257,0.069212540672871664,0.0076315011631913655,0.0076306652640398195,0.0076323370623429115,0.012664960633694294,0.0096792371537809032,0.009658530753505529,0.0096999435540562774,0.0097009842298150604,0.012701858938597215,0.00046699851984301178,"[[0.0126649606, 0.001983151, 0.0020126594, 0.0026054878, 0.0034725432, 0.0033245895], [0.001983151, 0.0126682859, 0.0020288917, 0.0033679518, 0.0026163785, 0.0034328529], [0.0020126594, 0.0020288917, 0.012735432, 0.0034467512, 0.0033272514, 0.0025834993], [0.0026054878, 0.0033679518, 0.0034467512, 0.0097009842, 0.0063567289, 0.0063234445], [0.0034725432, 0.0026163785, 0.0033272514, 0.0063567289, 0.0096999436, 0.0063638089], [0.0033245895, 0.0034328529, 0.0025834993, 0.0063234445, 0.0063638089, 0.0096585308]]",0.25,0.14100694099988687,1.8397138300001643,2.8552067329997044,114,138,134,"{""params"": {""w"": 0.5, ""rho"": 0.25, ""N"": 6.0, ""phase"": 0.3333333333333333, ""gradient"": 0.0, ""a_z"": 1.0, ""wall"": 0.5, ""n"": 32, ""kind"": ""network"", ""k_s"": 130.0, ""k_f"": 0.4, ""E"": 70000000000.0, ""nu"": 0.33, ""tol"": 1e-08, ""preconditioner"": ""two_level""}, ""params_json"": ""{\""E\"": 70000000000.0, \""N\"": 6.0, \""a_z\"": 1.0, \""gradient\"": 0.0, \""k_f\"": 0.4, \""k_s\"": 130.0, \""kind\"": \""network\"", \""n\"": 32, \""nu\"": 0.33, \""phase\"": 0.3333333333333333, \""preconditioner\"": \""two_level\"", \""rho\"": 0.25, \""tol\"": 1e-08, \""w\"": 0.5, \""wall\"": 0.5}"", ""voxlat_version"": ""0.1.0"", ""git_hash"": ""0977f9f913f3+dirty"", ""resolution"": 32, ""wall_time_s"": 71.69478658100024, ""timestamp_utc"": ""2026-10-09T16:38:09+00:00"", ""python"": ""3.13.16"", ""numpy"": ""2.5.3"", ""platform"": ""Linux-6.18.44-fc-v80-x86_64-with-glibc2.39"", ""extra"": {}}",uniform
B0.50-r0.250-N6-p0.6667-g0.000-az1.0000-tw0.500-n32,0.5,0.25,6,0.66666666666666663,0,1,0.5,32,network,B0.50,95c011af0755,ok,,192,16,6,6.5,0.25,0.259033203125,0.1953125,0.0022473047993951667,-0.057650965391558007,-0.051581401251831416,-0.063741100261192729,0.038737553119239987,0.046282147642794369,0.051550831602875435,0.04097960442033588,0.13009924972349562,0.29128099948881503,65.227619438000147,0.069286738291812408,0.0071883438423729993,0.007246882101785198,0.0071298055829608015,0.013144695203300789,0.010018034424803951,0.010100730469749526,0.0099353383798583775,0.010838130204877288,0.016202231361380885,0.00039452861639749425,"[[0.0131446952, 0.0020780041, 0.0020976713, 0.0026167529, 0.0037461261, 0.0034728886], [0.0020780041, 0.0163654118, 0.0030837463, 0.0037469214, 0.0028349936, 0.0037674155], [0.0020976713, 0.0030837463, 0.0160390509, 0.0038558311, 0.0036140295, 0.0027956349], [0.0026167529, 0.0037469214, 0.0038558311, 0.0108381302, 0.0060534206, 0.0062660898], [0.0037461261, 0.0028349936, 0.0036140295, 0.0060534206, 0.0099353384, 0.0064101659], [0.0034728886, 0.0037674155, 0.0027956349, 0.0062660898, 0.0064101659, 0.0101007305]]",0.25,1.2726721220001309,28.151860282999678,35.773407326000324,119,337,234,0.069131379011970001,0.0076281118549241661,0.0076410164365718495,0.0076152072732764819,0.012654491179055186,0.0095748880427463396,0.0096055560665127479,0.0095442200189799313,0.0095904233256761135,0.01254740940801803,0.00046292439849738166,"[[0.0126544912, 0.0020351571, 0.0020402126, 0.0026087827, 0.0033911892, 0.0033333035], [0.0020351571, 0.0128554289, 0.0020114447, 0.0033159036, 0.0025514176, 0.0033895872], [0.0020402126, 0.0020114447, 0.0122393899, 0.0034255567, 0.0032862925, 0.0026158383], [0.0026087827, 0.0033159036, 0.0034255567, 0.0095904233, 0.0062393332, 0.0062547418], [0.0033911892, 0.0025514176, 0.0032862925, 0.0062393332, 0.00954422, 0.0062510832], [0.0033333035, 0.0033895872, 0.0026158383, 0.0062547418, 0.0062510832, 0.0096055561]]",0.25,0.14842664800016792,1.8486571359999289,2.8396600169999147,115,139,135,"{""params"": {""w"": 0.5, ""rho"": 0.25, ""N"": 6.0, ""phase"": 0.6666666666666666, ""gradient"": 0.0, ""a_z"": 1.0, ""wall"": 0.5, ""n"": 32, ""kind"": ""network"", ""k_s"": 130.0, ""k_f"": 0.4, ""E"": 70000000000.0, ""nu"": 0.33, ""tol"": 1e-08, ""preconditioner"": ""two_level""}, ""params_json"": ""{\""E\"": 70000000000.0, \""N\"": 6.0, \""a_z\"": 1.0, \""gradient\"": 0.0, \""k_f\"": 0.4, \""k_s\"": 130.0, \""kind\"": \""network\"", \""n\"": 32, \""nu\"": 0.33, \""phase\"": 0.6666666666666666, \""preconditioner\"": \""two_level\"", \""rho\"": 0.25, \""tol\"": 1e-08, \""w\"": 0.5, \""wall\"": 0.5}"", ""voxlat_version"": ""0.1.0"", ""git_hash"": ""0977f9f913f3+dirty"", ""resolution"": 32, ""wall_time_s"": 65.22761943800015, ""timestamp_utc"": ""2026-10-09T16:38:20+00:00"", ""python"": ""3.13.16"", ""numpy"": ""2.5.3"", ""platform"": ""Linux-6.18.44-fc-v80-x86_64-with-glibc2.39"", ""extra"": {}}",uniform
B0.50-r0.250-N8-p0.0000-g0.000-az1.0000-tw0.500-n32,0.5,0.25,8,0,0,1,0.5,32,network,B0.50,95c011af0755,ok,,256,16,8,8.5,0.249969482421875,0.30810546875,0.297607421875,0.0022366509844082838,-0.027275826027139516,-0.031119136185858265,-0.023432515868924919,0.030934039499304733,0.029073576933117184,0.035430856388901422,0.022716297477332725,0.1721720202355661,0.29589942814044368,87.745006417000241,0.069359586261581133,0.0074431983411060807,0.0074137896751796852,0.0074726070070324771,0.013127722760522972,0.010075095018450523,0.010137335655088897,0.010012854381812151,0.011476093397557154,0.016501742852928405,0.00049609646496744607,"[[0.0131277228, 0.0022807063, 0.0020705399, 0.0027609949, 0.0035369623, 0.0037300378], [0.0022807063, 0.0167365523, 0.0033653293, 0.0030476232, 0.0030143897, 0.0038470833], [0.0020705399, 0.0033653293, 0.0162669334, 0.0030431287, 0.0032922928, 0.002700013], [0.0027609949, 0.0030476232, 0.0030431287, 0.0114760934, 0.0064784033, 0.0065023112], [0.0035369623, 0.0030143897, 0.0032922928, 0.0064784033, 0.0100128544, 0.006562247], [0.0037300378, 0.0038470833, 0.002700013, 0.0065023112, 0.006562247, 0.0101373357]]",0.249969482421875,1.7473995049999758,45.671426641999915,40.283913271000074,110,366,196,0.069204799279147647,0.0076519105212591847,0.007651910520757128,0.0076519105217612406,0.01273381444160941,0.0097904515714772218,0.0097904515714773866,0.0097904515714770587,0.0097904515714774126,0.012733814441609601,0.00046441199064941127,"[[0.0127338144, 0.0020637696, 0.0020637696, 0.0026875245, 0.0035135001, 0.003396867], [0.0020637696, 0.0127338144, 0.0020637696, 0.003396867, 0.0026875245, 0.0035135001], [0.0020637696, 0.0020637696, 0.0127338144, 0.0035135001, 0.003396867, 0.0026875245], [0.0026875245, 0.003396867, 0.0035135001, 0.0097904516, 0.0064604689, 0.0064604689], [0.0035135001, 0.0026875245, 0.003396867, 0.0064604689, 0.0097904516, 0.0064604689], [0.003396867, 0.0035135001, 0.0026875245, 0.0064604689, 0.0064604689, 0.0097904516]]",0.249969482421875,0.11881577800022569,1.5698298709999108,2.6134011070002998,108,130,127,"{""params"": {""w"": 0.5, ""rho"": 0.25, ""N"": 8.0, ""phase"": 0.0, ""gradient"": 0.0, ""a_z"": 1.0, ""wall"": 0.5, ""n"": 32, ""kind"": ""network"", ""k_s"": 130.0, ""k_f"": 0.4, ""E"": 70000000000.0, ""nu"": 0.33, ""tol"": 1e-08, ""preconditioner"": ""two_level""}, ""params_json"": ""{\""E\"": 70000000000.0, \""N\"": 8.0, \""a_z\"": 1.0, \""gradient\"": 0.0, \""k_f\"": 0.4, \""k_s\"": 130.0, \""kind\"": \""network\"", \""n\"": 32, \""nu\"": 0.33, \""phase\"": 0.0, \""preconditioner\"": \""two_level\"", \""rho\"": 0.25, \""tol\"": 1e-08, \""w\"": 0.5, \""wall\"": 0.5}"", ""voxlat_version"": ""0.1.0"", ""git_hash"": ""0977f9f913f3+dirty"", ""resolution"": 32, ""wall_time_s"": 87.74500641700024, ""timestamp_utc"": ""2026-10-09T16:30:13+00:00"", ""python"": ""3.13.16"", ""numpy"": ""2.5.3"", ""platform"": ""Linux-6.18.44-fc-v80-x86_64-with-glibc2.39"", ""extra"": {}}",uniform
B0.50-r0.250-N8-p0.3333-g0.000-az1.0000-tw0.500-n32,0.5,0.25,8,0.33333333333333331,0,1,0.5,32,network,B0.50,95c011af0755,ok,,256,16,8,8.5,0.25,0.190673828125,0.25390625,0.02629730582198242,-0.038126741061342062,-0.03885298529401171,-0.037400655906274172,0.049720531770026444,0.044783262795495604,0.051891584655881173,0.037705289102994755,0.11690606669854597,0.19407526483433801,96.448608812999737,0.07103264402166258,0.007340536894433038,0.007334191138752554,0.0073468826501135211,0.013294669211248026,0.010112704974898598,0.010159727219752494,0.010065682730044699,0.010835088139227364,0.015166975575993873,0.0003583085491311777,"[[0.0132946692, 0.002192749, 0.0021683798, 0.0026430476, 0.003382732, 0.0034319044], [0.002192749, 0.0149461017, 0.0027313469, 0.0035674733, 0.0024786456, 0.00337066], [0.0021683798, 0.0027313469, 0.0153878495, 0.0037268583, 0.0030765951, 0.0023827828], [0.0026430476, 0.0035674733, 0.0037268583, 0.0108350881, 0.0062763686, 0.006226692], [0.003382732, 0.0024786456, 0.0030765951, 0.0062763686, 0.0100656827, 0.0064501727], [0.0034319044, 0.00337066, 0.0023827828, 0.006226692, 0.0064501727, 0.0101597272]]",0.25,1.9938337730000057,45.364510073000019,49.057215716999963,116,395,255,0.069212540672871664,0.0076315011631913655,0.0076306652640398195,0.0076323370623429115,0.012664960633694294,0.0096792371537809032,0.009658530753505529,0.0096999435540562774,0.0097009842298150604,0.012701858938597215,0.00046699851984301178,"[[0.0126649606, 0.001983151, 0.0020126594, 0.0026054878, 0.0034725432, 0.0033245895], [0.001983151, 0.0126682859, 0.0020288917, 0.0033679518, 0.0026163785, 0.0034328529], [0.0020126594, 0.0020288917, 0.012735432, 0.0034467512, 0.0033272514, 0.0025834993], [0.0026054878, 0.0033679518, 0.0034467512, 0.0097009842, 0.0063567289, 0.0063234445], [0.0034725432, 0.0026163785, 0.0033272514, 0.0063567289, 0.0096999436, 0.0063638089], [0.0033245895, 0.0034328529, 0.0025834993, 0.0063234445, 0.0063638089, 0.0096585308]]",0.25,0.14100694099988687,1.8397138300001643,2.8552067329997044,114,138,134,"{""params"": {""w"": 0.5, ""rho"": 0.25, ""N"": 8.0, ""phase"": 0.3333333333333333, ""gradient"": 0.0, ""a_z"": 1.0, ""wall"": 0.5, ""n"": 32, ""kind"": ""network"", ""k_s"": 130.0, ""k_f"": 0.4, ""E"": 70000000000.0, ""nu"": 0.33, ""tol"": 1e-08, ""preconditioner"": ""two_level""}, ""params_json"": ""{\""E\"": 70000000000.0, \""N\"": 8.0, \""a_z\"": 1.0, \""gradient\"": 0.0, \""k_f\"": 0.4, \""k_s\"": 130.0, \""kind\"": \""network\"", \""n\"": 32, \""nu\"": 0.33, \""phase\"": 0.3333333333333333, \""preconditioner\"": \""two_level\"", \""rho\"": 0.25, \""tol\"": 1e-08, \""w\"": 0.5, \""wall\"": 0.5}"", ""voxlat_version"": ""0.1.0"", ""git_hash"": ""0977f9f913f3+dirty"", ""resolution"": 32, ""wall_time_s"": 96.44860881299974, ""timestamp_utc"": ""2026-10-09T16:30:24+00:00"", ""python"": ""3.13.16"", ""numpy"": ""2.5.3"", ""platform"": ""Linux-6.18.44-fc-v80-x86_64-with-glibc2.39"", ""extra"": {}}",uniform
B0.50-r0.250-N8-p0.6667-g0.000-az1.0000-tw0.500-n32,0.5,0.25,8,0.66666666666666663,0,1,0.5,32,network,B0.50,95c011af0755,ok,,256,16,8,8.5,0.25,0.259033203125,0.1953125,0.0016845321852301254,-0.044238249774763538,-0.039730337374903946,-0.048761440215400187,0.028647998326321922,0.034201004510745037,0.038080257976886633,0.030296820974412331,0.097439016786873056,0.21825610704995202,94.132120723000298,0.069247833044925003,0.0072906575373761964,0.0073374362756596636,0.00724387879909273,0.013017017021173215,0.0099023588318861867,0.0099713381195370033,0.0098333795442353666,0.010524904745099888,0.015285958138973989,0.0004040172222745094,"[[0.013017017, 0.0020665385, 0.0020812817, 0.0026161403, 0.0036529322, 0.0034380579], [0.0020665385, 0.0154849566, 0.0028139951, 0.0036394188, 0.002762935, 0.003669575], [0.0020812817, 0.0028139951, 0.0150869596, 0.003749642, 0.0035297025, 0.0027501211], [0.0026161403, 0.0036394188, 0.003749642, 0.0105249047, 0.006101548, 0.0062620927], [0.0036529322, 0.002762935, 0.0035297025, 0.006101548, 0.0098333795, 0.0063704167], [0.0034380579, 0.003669575, 0.0027501211, 0.0062620927, 0.0063704167, 0.0099713381]]",0.25,1.7298223500001768,45.632273591999819,46.720611130000179,118,363,234,0.069131379011970001,0.0076281118549241661,0.0076410164365718495,0.0076152072732764819,0.012654491179055186,0.0095748880427463396,0.0096055560665127479,0.0095442200189799313,0.0095904233256761135,0.01254740940801803,0.00046292439849738166,"[[0.0126544912, 0.0020351571, 0.0020402126, 0.0026087827, 0.0033911892, 0.0033333035], [0.0020351571, 0.0128554289, 0.0020114447, 0.0033159036, 0.0025514176, 0.0033895872], [0.0020402126, 0.0020114447, 0.0122393899, 0.0034255567, 0.0032862925, 0.0026158383], [0.0026087827, 0.0033159036, 0.0034255567, 0.0095904233, 0.0062393332, 0.0062547418], [0.0033911892, 0.0025514176, 0.0032862925, 0.0062393332, 0.00954422, 0.0062510832], [0.0033333035, 0.0033895872, 0.0026158383, 0.0062547418, 0.0062510832, 0.0096055561]]",0.25,0.14842664800016792,1.8486571359999289,2.8396600169999147,115,139,135,"{""params"": {""w"": 0.5, ""rho"": 0.25, ""N"": 8.0, ""phase"": 0.6666666666666666, ""gradient"": 0.0, ""a_z"": 1.0, ""wall"": 0.5, ""n"": 32, ""kind"": ""network"", ""k_s"": 130.0, ""k_f"": 0.4, ""E"": 70000000000.0, ""nu"": 0.33, ""tol"": 1e-08, ""preconditioner"": ""two_level""}, ""params_json"": ""{\""E\"": 70000000000.0, \""N\"": 8.0, \""a_z\"": 1.0, \""gradient\"": 0.0, \""k_f\"": 0.4, \""k_s\"": 130.0, \""kind\"": \""network\"", \""n\"": 32, \""nu\"": 0.33, \""phase\"": 0.6666666666666666, \""preconditioner\"": \""two_level\"", \""rho\"": 0.25, \""tol\"": 1e-08, \""w\"": 0.5, \""wall\"": 0.5}"", ""voxlat_version"": ""0.1.0"", ""git_hash"": ""0977f9f913f3+dirty"", ""resolution"": 32, ""wall_time_s"": 94.1321207230003, ""timestamp_utc"": ""2026-10-09T16:31:47+00:00"", ""python"": ""3.13.16"", ""numpy"": ""2.5.3"", ""platform"": ""Linux-6.18.44-fc-v80-x86_64-with-glibc2.39"", ""extra"": {}}",uniform
B0.50-r0.350-N1-p0.0000-g0.000-az1.0000-tw0.500-n32,0.5,0.34999999999999998,1,0,0,1,0.5,32,network,B0.50,95c011af0755,ok,,32,16,1,1.5,0.350006103515625,0.410888671875,0.37060546875,0.023085948072707474,-0.20084752218630064,-0.25225432078267418,-0.14944072358992722,0.45414783483325039,0.3322938777060922,0.50042694087476836,0.16416081453741227,0.8992460178870878,1.5752535466644435,14.340042069000447,0.11041141889401403,0.0031950757884483755,0.0029895472790376788,0.0034006042978590723,0.038738747734150938,0.024391926953842468,0.027470143752674953,0.021313710155009984,0.034771810417264029,0.068605196188425394,0.00043988509083702762,"[[0.0387387477, 0.0113195303, 0.0067427818, 0.0059744895, 0.0057432806, 0.0172262643], [0.0113195303, 0.0703858187, 0.0189832369, 0.0030977701, 0.0092227026, 0.014192383], [0.0067427818, 0.0189832369, 0.0668245736, 0.0011658529, 0.0051263392, 0.0061190883], [0.0059744895, 0.0030977701, 0.0011658529, 0.0347718104, 0.0108875926, 0.011689052], [0.0057432806, 0.0092227026, 0.0051263392, 0.0108875926, 0.0213137102, 0.0115220126], [0.0172262643, 0.014192383, 0.0061190883, 0.011689052, 0.0115220126, 0.0274701438]]",0.350006103515625,0.27648089800004527,2.6546739860004891,11.367528048999702,112,224,169,0.1079199837530829,0.0039980803127700748,0.0039980803127700757,0.0039980803127700748,0.026640171519144877,0.018308218150667955,0.01830821815066817,0.018308218150667736,0.018308218150667858,0.026640171519144277,0.00014684781801497298,"[[0.0266401715, 0.005472992, 0.005472992, 0.0055192853, 0.0070672874, 0.0069969727], [0.005472992, 0.0266401715, 0.005472992, 0.0069969727, 0.0055192853, 0.0070672874], [0.005472992, 0.005472992, 0.0266401715, 0.0070672874, 0.0069969727, 0.0055192853], [0.0055192853, 0.0069969727, 0.0070672874, 0.0183082182, 0.0114712995, 0.0114712995], [0.0070672874, 0.0055192853, 0.0069969727, 0.0114712995, 0.0183082182, 0.0114712995], [0.0069969727, 0.0070672874, 0.0055192853, 0.0114712995, 0.0114712995, 0.0183082182]]",0.350006103515625,0.14489948299979005,1.9311008550002953,5.1609783220001191,113,159,153,"{""params"": {""w"": 0.5, ""rho"": 0.35, ""N"": 1.0, ""phase"": 0.0, ""gradient"": 0.0, ""a_z"": 1.0, ""wall"": 0.5, ""n"": 32, ""kind"": ""network"", ""k_s"": 130.0, ""k_f"": 0.4, ""E"": 70000000000.0, ""nu"": 0.33, ""tol"": 1e-08, ""preconditioner"": ""two_level""}, ""params_json"": ""{\""E\"": 70000000000.0, \""N\"": 1.0, \""a_z\"": 1.0, \""gradient\"": 0.0, \""k_f\"": 0.4, \""k_s\"": 130.0, \""kind\"": \""network\"", \""n\"": 32, \""nu\"": 0.33, \""phase\"": 0.0, \""preconditioner\"": \""two_level\"", \""rho\"": 0.35, \""tol\"": 1e-08, \""w\"": 0.5, \""wall\"": 0.5}"", ""voxlat_version"": ""0.1.0"", ""git_hash"": ""0977f9f913f3+dirty"", ""resolution"": 32, ""wall_time_s"": 14.340042069000447, ""timestamp_utc"": ""2026-10-09T17:34:33+00:00"", ""python"": ""3.13.16"", ""numpy"": ""2.5.3"", ""platform"": ""Linux-6.18.44-fc-v80-x86_64-with-glibc2.39"", ""extra"": {}}",uniform
B0.50-r0.350-N1-p0.3333-g0.000-az1.0000-tw0.500-n32,0.5,0.34999999999999998,1,0.33333333333333331,0,1,0.5,32,network,B0.50,95c011af0755,ok,,32,16,1,1.5,0.350006103515625,0.34375,0.36376953125,0.38487034144484067,-0.2052602772880725,-0.18703460554389317,-0.22339554494036518,1.9188162089681784,0.90170562819920863,0.8791477221444044,0.92418543818888632,0.95476499375305357,1.6287219994673836,15.240075860999241,0.14862135432698179,0.0031817587283560021,0.0032466334093574256,0.003116884047354578,0.076795709753378835,0.03451573336639422,0.034047169180465922,0.034984297552322526,0.035702636265635225,0.070175402548797228,-0.00019368154159240449,"[[0.0767957098, 0.0159949182, 0.0196911224, 0.0072246505, -0.0087999573, 0.015824268], [0.0159949182, 0.0650315973, 0.020434833, 0.0107756445, -0.0002802896, 0.006798853], [0.0196911224, 0.020434833, 0.0753192078, 0.0114440551, -0.0032845339, 0.003745608], [0.0072246505, 0.0107756445, 0.0114440551, 0.0357026363, 0.008434145, 0.006240438], [-0.0087999573, -0.0002802896, -0.0032845339, 0.008434145, 0.0349842976, 0.0061192393], [0.015824268, 0.006798853, 0.003745608, 0.006240438, 0.0061192393, 0.0340471692]]",0.350006103515625,0.43560304299990094,2.7574965339999835,12.014682224000353,112,218,158,0.10731788376081804,0.0040035229615788398,0.0039935690147420121,0.0040134769084156684,0.026310567111906869,0.018149882323837036,0.01811841015969342,0.018181354487980653,0.018264413563641686,0.02669563482293516,0.00013847088286398591,"[[0.0263105671, 0.0052854732, 0.0052240966, 0.0053863174, 0.0069543345, 0.0068664149], [0.0052854732, 0.0265083162, 0.0052503225, 0.0068714458, 0.0053629374, 0.0069591845], [0.0052240966, 0.0052503225, 0.0268829535, 0.0069200006, 0.0067676094, 0.0052933701], [0.0053863174, 0.0068714458, 0.0069200006, 0.0182644136, 0.0113909258, 0.01137418], [0.0069543345, 0.0053629374, 0.0067676094, 0.0113909258, 0.0181813545, 0.0113498845], [0.0068664149, 0.0069591845, 0.0052933701, 0.01137418, 0.0113498845, 0.0181184102]]",0.350006103515625,0.13672598099992683,1.8692630079999617,4.9496425469997121,116,160,161,"{""params"": {""w"": 0.5, ""rho"": 0.35, ""N"": 1.0, ""phase"": 0.3333333333333333, ""gradient"": 0.0, ""a_z"": 1.0, ""wall"": 0.5, ""n"": 32, ""kind"": ""network"", ""k_s"": 130.0, ""k_f"": 0.4, ""E"": 70000000000.0, ""nu"": 0.33, ""tol"": 1e-08, ""preconditioner"": ""two_level""}, ""params_json"": ""{\""E\"": 70000000000.0, \""N\"": 1.0, \""a_z\"": 1.0, \""gradient\"": 0.0, \""k_f\"": 0.4, \""k_s\"": 130.0, \""kind\"": \""network\"", \""n\"": 32, \""nu\"": 0.33, \""phase\"": 0.3333333333333333, \""preconditioner\"": \""two_level\"", \""rho\"": 0.35, \""tol\"": 1e-08, \""w\"": 0.5, \""wall\"": 0.5}"", ""voxlat_version"": ""0.1.0"", ""git_hash"": ""0977f9f913f3+dirty"", ""resolution"": 32, ""wall_time_s"": 15.24007586099924, ""timestamp_utc"": ""2026-10-09T17:34:37+00:00"", ""python"": ""3.13.16"", ""numpy"": ""2.5.3"", ""platform"": ""Linux-6.18.44-fc-v80-x86_64-with-glibc2.39"", ""extra"": {}}",uniform
B0.50-r0.350-N1-p0.6667-g0.000-az1.0000-tw0.500-n32,0.5,0.34999999999999998,1,0.66666666666666663,0,1,0.5,32,network,B0.50,95c011af0755,ok,,32,16,1,1.5,0.350006103515625,0.351806640625,0.269775390625,0.0089227157398044099,-0.31212868616729006,-0.27753404969144724,-0.34669413074477873,0.21698556714427175,0.29620898667804951,0.35225379388563383,0.24024153342139432,0.65223959180373203,1.3009060633285174,15.410550160000639,0.10846899429390344,0.0027665172971883785,0.002904425387565968,0.002628609206810789,0.032086854567829677,0.023642917289971973,0.024648144006384862,0.022637690573559077,0.030269841442916869,0.061884478558417895,4.4444573378839711e-05,"[[0.0320868546, 0.0055844301, 0.0068403091, 0.0048945277, 0.0118073518, 0.0077708765], [0.0055844301, 0.0619145235, 0.0155700225, 0.0107262101, 0.0077253973, 0.0117262618], [0.0068403091, 0.0155700225, 0.0618544337, 0.0104692763, 0.0107576818, 0.0066848321], [0.0048945277, 0.0107262101, 0.0104692763, 0.0302698414, 0.0084982282, 0.0120861209], [0.0118073518, 0.0077253973, 0.0107576818, 0.0084982282, 0.0226376906, 0.0117860854], [0.0077708765, 0.0117262618, 0.0066848321, 0.0120861209, 0.0117860854, 0.024648144]]",0.350006103515625,0.36302715700003318,3.4457976900002905,11.577789521999875,113,229,166,0.10750971566178613,0.0040218529855152452,0.0040201553946252249,0.0040235505764052663,0.026365846427516285,0.018240050433969382,0.018227454134596772,0.018252646733341992,0.018320491527425275,0.026895699717916815,0.00014747285297425969,"[[0.0263658464, 0.0052214753, 0.0052722704, 0.0053834805, 0.0069622781, 0.0068457512], [0.0052214753, 0.0267188271, 0.0052439403, 0.0068594548, 0.0053815836, 0.0069490244], [0.0052722704, 0.0052439403, 0.0270725723, 0.0069380489, 0.0068551065, 0.0053220766], [0.0053834805, 0.0068594548, 0.0069380489, 0.0183204915, 0.0114230393, 0.0114357828], [0.0069622781, 0.0053815836, 0.0068551065, 0.0114230393, 0.0182526467, 0.0113876598], [0.0068457512, 0.0069490244, 0.0053220766, 0.0114357828, 0.0113876598, 0.0182274541]]",0.350006103515625,0.3581075699999019,1.97841390900021,4.2088199279996843,116,160,161,"{""params"": {""w"": 0.5, ""rho"": 0.35, ""N"": 1.0, ""phase"": 0.6666666666666666, ""gradient"": 0.0, ""a_z"": 1.0, ""wall"": 0.5, ""n"": 32, ""kind"": ""network"", ""k_s"": 130.0, ""k_f"": 0.4, ""E"": 70000000000.0, ""nu"": 0.33, ""tol"": 1e-08, ""preconditioner"": ""two_level""}, ""params_json"": ""{\""E\"": 70000000000.0, \""N\"": 1.0, \""a_z\"": 1.0, \""gradient\"": 0.0, \""k_f\"": 0.4, \""k_s\"": 130.0, \""kind\"": \""network\"", \""n\"": 32, \""nu\"": 0.33, \""phase\"": 0.6666666666666666, \""preconditioner\"": \""two_level\"", \""rho\"": 0.35, \""tol\"": 1e-08, \""w\"": 0.5, \""wall\"": 0.5}"", ""voxlat_version"": ""0.1.0"", ""git_hash"": ""0977f9f913f3+dirty"", ""resolution"": 32, ""wall_time_s"": 15.41055016000064, ""timestamp_utc"": ""2026-10-09T17:34:49+00:00"", ""python"": ""3.13.16"", ""numpy"": ""2.5.3"", ""platform"": ""Linux-6.18.44-fc-v80-x86_64-with-glibc2.39"", ""extra"": {}}",uniform
B0.50-r0.350-N1.5-p0.0000-g0.000-az1.0000-tw0.500-n32,0.5,0.34999999999999998,1.5,0,0,1,0.5,32,network,B0.50,95c011af0755,ok,,48,16,1.5,2,0.35557047526041669,0.410888671875,0.31689453125,-0.049664464206770176,-0.2047234856939828,-0.2322962350984219,-0.17715073628954392,0.12337163613124535,0.12201136227178644,0.081113178910483086,0.1629095456330909,0.53489140527525025,0.81256627949867033,22.880257040999822,0.1025601955827827,0.0031795793750552959,0.0030693413084924661,0.0032898174416181262,0.029926813066278781,0.020542028787999999,0.019793255925055472,0.021290801650944522,0.028101126685364429,0.04828707657566178,0.00022262336034961161,"[[0.0299268131, 0.0069762454, 0.0065828537, 0.0055340175, 0.0083892988, 0.0075886428], [0.0069762454, 0.054166011, 0.0126193557, 0.0079262937, 0.0082369234, 0.0096062272], [0.0065828537, 0.0126193557, 0.0424081422, 0.0096155304, 0.0127009058, 0.0078877975], [0.0055340175, 0.0079262937, 0.0096155304, 0.0281011267, 0.0126640415, 0.0133320789], [0.0083892988, 0.0082369234, 0.0127009058, 0.0126640415, 0.0212908017, 0.0112938632], [0.0075886428, 0.0096062272, 0.0078877975, 0.0133320789, 0.0112938632, 0.0197932559]]",0.35557047526041669,0.30860090700025467,4.3227826919992367,18.223714159999872,125,266,221,0.1079199837530829,0.0039980803127700748,0.0039980803127700757,0.0039980803127700748,0.026640171519144877,0.018308218150667955,0.01830821815066817,0.018308218150667736,0.018308218150667858,0.026640171519144277,0.00014684781801497298,"[[0.0266401715, 0.005472992, 0.005472992, 0.0055192853, 0.0070672874, 0.0069969727], [0.005472992, 0.0266401715, 0.005472992, 0.0069969727, 0.0055192853, 0.0070672874], [0.005472992, 0.005472992, 0.0266401715, 0.0070672874, 0.0069969727, 0.0055192853], [0.0055192853, 0.0069969727, 0.0070672874, 0.0183082182, 0.0114712995, 0.0114712995], [0.0070672874, 0.0055192853, 0.0069969727, 0.0114712995, 0.0183082182, 0.0114712995], [0.0069969727, 0.0070672874, 0.0055192853, 0.0114712995, 0.0114712995, 0.0183082182]]",0.350006103515625,0.14489948299979005,1.9311008550002953,5.1609783220001191,113,159,153,"{""params"": {""w"": 0.5, ""rho"": 0.35, ""N"": 1.5, ""phase"": 0.0, ""gradient"": 0.0, ""a_z"": 1.0, ""wall"": 0.5, ""n"": 32, ""kind"": ""network"", ""k_s"": 130.0, ""k_f"": 0.4, ""E"": 70000000000.0, ""nu"": 0.33, ""tol"": 1e-08, ""preconditioner"": ""two_level""}, ""params_json"": ""{\""E\"": 70000000000.0, \""N\"": 1.5, \""a_z\"": 1.0, \""gradient\"": 0.0, \""k_f\"": 0.4, \""k_s\"": 130.0, \""kind\"": \""network\"", \""n\"": 32, \""nu\"": 0.33, \""phase\"": 0.0, \""preconditioner\"": \""two_level\"", \""rho\"": 0.35, \""tol\"": 1e-08, \""w\"": 0.5, \""wall\"": 0.5}"", ""voxlat_version"": ""0.1.0"", ""git_hash"": ""0977f9f913f3+dirty"", ""resolution"": 32, ""wall_time_s"": 22.880257040999822, ""timestamp_utc"": ""2026-10-09T17:28:42+00:00"", ""python"": ""3.13.16"", ""numpy"": ""2.5.3"", ""platform"": ""Linux-6.18.44-fc-v80-x86_64-with-glibc2.39"", ""extra"": {}}",uniform
B0.50-r0.350-N1.5-p0.3333-g0.000-az1.0000-tw0.500-n32,0.5,0.34999999999999998,1.5,0.33333333333333331,0,1,0.5,32,network,B0.50,95c011af0755,ok,,48,16,1.5,2,0.33917236328125,0.34375,0.37646484375,0.022379979561375496,-0.077164531689244198,-0.049570967971495072,-0.10462122412428632,0.041409529341733808,0.17081521493921192,0.23624704412290654,0.10560991247217633,0.36441622663075335,0.8037083218850869,21.558968530999664,0.10971965580595522,0.0036945929871414727,0.0037956039330202807,0.0035935820412626648,0.027400075312725033,0.021250158374104662,0.022398831004127429,0.020101485744081899,0.024920262236127536,0.048151138688133463,0.00020858032311054276,"[[0.0274000753, 0.0065617975, 0.0044332149, 0.0049671941, 0.005816971, 0.0071652622], [0.0065617975, 0.0459696464, 0.0112594282, 0.0115804358, 0.0078484003, 0.0122348138], [0.0044332149, 0.0112594282, 0.0503326309, 0.0091190497, 0.0026163838, 0.0028632898], [0.0049671941, 0.0115804358, 0.0091190497, 0.0249202622, 0.0094581442, 0.009615255], [0.005816971, 0.0078484003, 0.0026163838, 0.0094581442, 0.0201014857, 0.0114595214], [0.0071652622, 0.0122348138, 0.0028632898, 0.009615255, 0.0114595214, 0.022398831]]",0.33917236328125,0.36151446000076248,4.6056329520006329,16.562805752000713,121,256,202,0.10731788376081804,0.0040035229615788398,0.0039935690147420121,0.0040134769084156684,0.026310567111906869,0.018149882323837036,0.01811841015969342,0.018181354487980653,0.018264413563641686,0.02669563482293516,0.00013847088286398591,"[[0.0263105671, 0.0052854732, 0.0052240966, 0.0053863174, 0.0069543345, 0.0068664149], [0.0052854732, 0.0265083162, 0.0052503225, 0.0068714458, 0.0053629374, 0.0069591845], [0.0052240966, 0.0052503225, 0.0268829535, 0.0069200006, 0.0067676094, 0.0052933701], [0.0053863174, 0.0068714458, 0.0069200006, 0.0182644136, 0.0113909258, 0.01137418], [0.0069543345, 0.0053629374, 0.0067676094, 0.0113909258, 0.0181813545, 0.0113498845], [0.0068664149, 0.0069591845, 0.0052933701, 0.01137418, 0.0113498845, 0.0181184102]]",0.350006103515625,0.13672598099992683,1.8692630079999617,4.9496425469997121,116,160,161,"{""params"": {""w"": 0.5, ""rho"": 0.35, ""N"": 1.5, ""phase"": 0.3333333333333333, ""gradient"": 0.0, ""a_z"": 1.0, ""wall"": 0.5, ""n"": 32, ""kind"": ""network"", ""k_s"": 130.0, ""k_f"": 0.4, ""E"": 70000000000.0, ""nu"": 0.33, ""tol"": 1e-08, ""preconditioner"": ""two_level""}, ""params_json"": ""{\""E\"": 70000000000.0, \""N\"": 1.5, \""a_z\"": 1.0, \""gradient\"": 0.0, \""k_f\"": 0.4, \""k_s\"": 130.0, \""kind\"": \""network\"", \""n\"": 32, \""nu\"": 0.33, \""phase\"": 0.3333333333333333, \""preconditioner\"": \""two_level\"", \""rho\"": 0.35, \""tol\"": 1e-08, \""w\"": 0.5, \""wall\"": 0.5}"", ""voxlat_version"": ""0.1.0"", ""git_hash"": ""0977f9f913f3+dirty"", ""resolution"": 32, ""wall_time_s"": 21.558968530999664, ""timestamp_utc"": ""2026-10-09T17:28:50+00:00"", ""python"": ""3.13.16"", ""numpy"": ""2.5.3"", ""platform"": ""Linux-6.18.44-fc-v80-x86_64-with-glibc2.39"", ""extra"": {}}",uniform
B0.50-r0.350-N1.5-p0.6667-g0.000-az1.0000-tw0.500-n32,0.5,0.34999999999999998,1.5,0.66666666666666663,0,1,0.5,32,network,B0.50,95c011af0755,ok,,48,16,1.5,2,0.36049397786458331,0.351806640625,0.41650390625,0.20069228952068441,-0.19141082367935625,-0.19260134245255756,-0.19022130949838545,0.31418865404025786,0.33324725799392674,0.39865770932347844,0.26792708722906045,0.73912207748045944,1.2977318130436584,20.431083204000061,0.12908608664366777,0.0032520267928404941,0.0032458680687525152,0.0032581855169284729,0.034649696229209763,0.024318497226760612,0.025493969246693882,0.023143025206827341,0.031861571285638997,0.061799104875926825,-5.7662249577280715e-05,"[[0.0346496962, 0.0069105784, 0.0071660052, 0.0052232119, 0.0086152923, 0.0103058709], [0.0069105784, 0.058794599, 0.0158981417, 0.0026453291, 0.004569821, 0.0058747389], [0.0071660052, 0.0158981417, 0.0648036108, 0.0039372118, 0.0062116918, 0.0049694402], [0.0052232119, 0.0026453291, 0.0039372118, 0.0318615713, 0.0087843178, 0.0106251027], [0.0086152923, 0.004569821, 0.0062116918, 0.0087843178, 0.0231430252, 0.0124529754], [0.0103058709, 0.0058747389, 0.0049694402, 0.0106251027, 0.0124529754, 0.0254939692]]",0.36049397786458331,0.32506880000073579,4.9625166019995959,15.119007628999498,117,251,171,0.10750971566178613,0.0040218529855152452,0.0040201553946252249,0.0040235505764052663,0.026365846427516285,0.018240050433969382,0.018227454134596772,0.018252646733341992,0.018320491527425275,0.026895699717916815,0.00014747285297425969,"[[0.0263658464, 0.0052214753, 0.0052722704, 0.0053834805, 0.0069622781, 0.0068457512], [0.0052214753, 0.0267188271, 0.0052439403, 0.0068594548, 0.0053815836, 0.0069490244], [0.0052722704, 0.0052439403, 0.0270725723, 0.0069380489, 0.0068551065, 0.0053220766], [0.0053834805, 0.0068594548, 0.0069380489, 0.0183204915, 0.0114230393, 0.0114357828], [0.0069622781, 0.0053815836, 0.0068551065, 0.0114230393, 0.0182526467, 0.0113876598], [0.0068457512, 0.0069490244, 0.0053220766, 0.0114357828, 0.0113876598, 0.0182274541]]",0.350006103515625,0.3581075699999019,1.97841390900021,4.2088199279996843,116,160,161,"{""params"": {""w"": 0.5, ""rho"": 0.35, ""N"": 1.5, ""phase"": 0.6666666666666666, ""gradient"": 0.0, ""a_z"": 1.0, ""wall"": 0.5, ""n"": 32, ""kind"": ""network"", ""k_s"": 130.0, ""k_f"": 0.4, ""E"": 70000000000.0, ""nu"": 0.33, ""tol"": 1e-08, ""preconditioner"": ""two_level""}, ""params_json"": ""{\""E\"": 70000000000.0, \""N\"": 1.5, \""a_z\"": 1.0, \""gradient\"": 0.0, \""k_f\"": 0.4, \""k_s\"": 130.0, \""kind\"": \""network\"", \""n\"": 32, \""nu\"": 0.33, \""phase\"": 0.6666666666666666, \""preconditioner\"": \""two_level\"", \""rho\"": 0.35, \""tol\"": 1e-08, \""w\"": 0.5, \""wall\"": 0.5}"", ""voxlat_version"": ""0.1.0"", ""git_hash"": ""0977f9f913f3+dirty"", ""resolution"": 32, ""wall_time_s"": 20.43108320400006, ""timestamp_utc"": ""2026-10-09T17:29:02+00:00"", ""python"": ""3.13.16"", ""numpy"": ""2.5.3"", ""platform"": ""Linux-6.18.44-fc-v80-x86_64-with-glibc2.39"", ""extra"": {}}",uniform
B0.50-r0.350-N2-p0.0000-g0.000-az1.0000-tw0.500-n32,0.5,0.34999999999999998,2,0,0,1,0.5,32,network,B0.50,95c011af0755,ok,,64,16,2,2.5,0.350006103515625,0.410888671875,0.37060546875,0.011413159272004592,-0.10118906573890296,-0.12715692632620335,-0.07522120515160291,0.1289720168281947,0.11505190589953007,0.15643797000766502,0.073665841791394238,0.45071801304189463,0.77063619365835967,28.085953959999642,0.10915169171628898,0.0035935183011717698,0.0034896967089929273,0.0036973398933506122,0.03007600816861802,0.020414613542526671,0.021172318632616188,0.019656908452437154,0.026560061857874424,0.047170051897063463,0.00029010937313135636,"[[0.0300760082, 0.0071783696, 0.0056890964, 0.0056563456, 0.0068108104, 0.0099932292], [0.0071783696, 0.0477177623, 0.0121101428, 0.0050581127, 0.0074175438, 0.0095908638], [0.0056890964, 0.0121101428, 0.0466223415, 0.0040839076, 0.0061800928, 0.0054927942], [0.0056563456, 0.0050581127, 0.0040839076, 0.0265600619, 0.0112265218, 0.0115520786], [0.0068108104, 0.0074175438, 0.0061800928, 0.0112265218, 0.0196569085, 0.0117999792], [0.0099932292, 0.0095908638, 0.0054927942, 0.0115520786, 0.0117999792, 0.0211723186]]",0.350006103515625,0.44339525799932744,5.7660999350000566,21.856451960000413,124,262,238,0.1079199837530829,0.0039980803127700748,0.0039980803127700757,0.0039980803127700748,0.026640171519144877,0.018308218150667955,0.01830821815066817,0.018308218150667736,0.018308218150667858,0.026640171519144277,0.00014684781801497298,"[[0.0266401715, 0.005472992, 0.005472992, 0.0055192853, 0.0070672874, 0.0069969727], [0.005472992, 0.0266401715, 0.005472992, 0.0069969727, 0.0055192853, 0.0070672874], [0.005472992, 0.005472992, 0.0266401715, 0.0070672874, 0.0069969727, 0.0055192853], [0.0055192853, 0.0069969727, 0.0070672874, 0.0183082182, 0.0114712995, 0.0114712995], [0.0070672874, 0.0055192853, 0.0069969727, 0.0114712995, 0.0183082182, 0.0114712995], [0.0069969727, 0.0070672874, 0.0055192853, 0.0114712995, 0.0114712995, 0.0183082182]]",0.350006103515625,0.14489948299979005,1.9311008550002953,5.1609783220001191,113,159,153,"{""params"": {""w"": 0.5, ""rho"": 0.35, ""N"": 2.0, ""phase"": 0.0, ""gradient"": 0.0, ""a_z"": 1.0, ""wall"": 0.5, ""n"": 32, ""kind"": ""network"", ""k_s"": 130.0, ""k_f"": 0.4, ""E"": 70000000000.0, ""nu"": 0.33, ""tol"": 1e-08, ""preconditioner"": ""two_level""}, ""params_json"": ""{\""E\"": 70000000000.0, \""N\"": 2.0, \""a_z\"": 1.0, \""gradient\"": 0.0, \""k_f\"": 0.4, \""k_s\"": 130.0, \""kind\"": \""network\"", \""n\"": 32, \""nu\"": 0.33, \""phase\"": 0.0, \""preconditioner\"": \""two_level\"", \""rho\"": 0.35, \""tol\"": 1e-08, \""w\"": 0.5, \""wall\"": 0.5}"", ""voxlat_version"": ""0.1.0"", ""git_hash"": ""0977f9f913f3+dirty"", ""resolution"": 32, ""wall_time_s"": 28.085953959999642, ""timestamp_utc"": ""2026-10-09T17:20:01+00:00"", ""python"": ""3.13.16"", ""numpy"": ""2.5.3"", ""platform"": ""Linux-6.18.44-fc-v80-x86_64-with-glibc2.39"", ""extra"": {}}",uniform
B0.50-r0.350-N2-p0.0000-g0.075-az1.0000-tw0.500-n32,0.5,0.34999999999999998,2,0,0.074999999999999997,1,0.5,32,network,B0.50,95c011af0755,ok,,64,16,2,2.5,0.3468170166015625,0.341796875,0.41455078125,-0.011410340445401568,-0.098570746815997867,-0.11691039914616197,-0.080229957856377765,0.27144030397218599,0.18163081739511622,0.19820352250906215,0.16502495693768737,0.14210525769077242,0.23224318897588669,23.514373927999259,0.1138525418875721,0.0037669398608558861,0.0036904155120558602,0.0038434642096559124,0.039256071993794724,0.023667225045913145,0.024023146912164912,0.023311303179661378,0.032010528351967223,0.058765990011760375,0.00036621945891951387,"[[0.039256072, 0.0107492951, 0.0102765412, 0.0059055197, 0.00516436, 0.0116308494], [0.0107492951, 0.0595163346, 0.0154487755, 0.0070177488, 0.0062343474, 0.0068265642], [0.0102765412, 0.0154487755, 0.0580156454, 0.0048373883, 0.0054236746, 0.0063853473], [0.0059055197, 0.0070177488, 0.0048373883, 0.0320105284, 0.0092648519, 0.0106181001], [0.00516436, 0.0062343474, 0.0054236746, 0.0092648519, 0.0233113032, 0.0104627006], [0.0116308494, 0.0068265642, 0.0063853473, 0.0106181001, 0.0104627006, 0.0240231469]]",0.3468170166015625,0.44063455899959081,6.2481042919998799,16.773942321000504,123,253,190,0.11516663237087417,0.0041788524696202292,0.0041789819611596449,0.0041787229780808136,0.030875277330089643,0.020029288926373057,0.020049304196552487,0.020009273656193625,0.028027651686578742,0.047690253464172598,0.00016884126302997555,"[[0.0308752773, 0.0081798063, 0.0083233223, 0.0041391038, 0.0063686073, 0.0063729868], [0.0081798063, 0.0475224762, 0.0133769977, 0.0049156773, 0.0047164498, 0.0053503169], [0.0083233223, 0.0133769977, 0.0478580307, 0.0033497824, 0.0060935222, 0.0048818326], [0.0041391038, 0.0049156773, 0.0033497824, 0.0280276517, 0.0089526294, 0.0089602329], [0.0063686073, 0.0047164498, 0.0060935222, 0.0089526294, 0.0200092737, 0.0113567636], [0.0063729868, 0.0053503169, 0.0048818326, 0.0089602329, 0.0113567636, 0.0200493042]]",0.34999999999999998,,,,,,,"{""params"": {""w"": 0.5, ""rho"": 0.35, ""N"": 2.0, ""phase"": 0.0, ""gradient"": 0.075, ""a_z"": 1.0, ""wall"": 0.5, ""n"": 32, ""kind"": ""network"", ""k_s"": 130.0, ""k_f"": 0.4, ""E"": 70000000000.0, ""nu"": 0.33, ""tol"": 1e-08, ""preconditioner"": ""two_level""}, ""params_json"": ""{\""E\"": 70000000000.0, \""N\"": 2.0, \""a_z\"": 1.0, \""gradient\"": 0.075, \""k_f\"": 0.4, \""k_s\"": 130.0, \""kind\"": \""network\"", \""n\"": 32, \""nu\"": 0.33, \""phase\"": 0.0, \""preconditioner\"": \""two_level\"", \""rho\"": 0.35, \""tol\"": 1e-08, \""w\"": 0.5, \""wall\"": 0.5}"", ""voxlat_version"": ""0.1.0"", ""git_hash"": ""0977f9f913f3+dirty"", ""resolution"": 32, ""wall_time_s"": 23.51437392799926, ""timestamp_utc"": ""2026-10-09T17:21:11+00:00"", ""python"": ""3.13.16"", ""numpy"": ""2.5.3"", ""platform"": ""Linux-6.18.44-fc-v80-x86_64-with-glibc2.39"", ""extra"": {}}",graded
B0.50-r0.350-N2-p0.0000-g0.150-az1.0000-tw0.500-n32,0.5,0.34999999999999998,2,0,0.14999999999999999,1,0.5,32,network,B0.50,95c011af0755,ok,,64,16,2,2.5,0.3442230224609375,0.266357421875,0.4609375,0.0063362132811304317,-0.12001218509561018,-0.12772825635208007,-0.11229586197394559,0.40034636900375409,0.28522917367689726,0.34209411512555565,0.22828025907106531,0.094207001835451498,0.097144641712677782,22.191820566999922,0.10799181938240909,0.0041019753303697254,0.0040660739941640279,0.0041378766665754237,0.034114748152215685,0.021632801459182064,0.022606611484700501,0.020658991433663631,0.037154392762235589,0.070055974582987512,0.00042989796585465141,"[[0.0341147482, 0.0099473885, 0.0094302109, 0.0047758355, 0.0059587682, 0.0114984189], [0.0099473885, 0.0700105717, 0.0190328541, 0.0057460189, 0.0054789191, 0.0062336993], [0.0094302109, 0.0190328541, 0.0701013774, 0.0028904046, 0.0046983193, 0.0063446853], [0.0047758355, 0.0057460189, 0.0028904046, 0.0371543928, 0.0080035944, 0.008704332], [0.0059587682, 0.0054789191, 0.0046983193, 0.0080035944, 0.0206589914, 0.0104875365], [0.0114984189, 0.0062336993, 0.0063446853, 0.008704332, 0.0104875365, 0.0226066115]]",0.3442230224609375,0.33743499600041105,5.5481818609996481,16.264084574999288,120,254,175,0.10731186849602167,0.0046614001477002301,0.0046614762243235531,0.0046613240710769062,0.024361650022691087,0.016831863065551986,0.01684428180551675,0.016819444325587223,0.033955542872520311,0.06385299797265373,0.00023031163511028432,"[[0.02436165, 0.0064361954, 0.0065854529, 0.0029286227, 0.0053875197, 0.0053097243], [0.0064361954, 0.0636792621, 0.0178204213, 0.0034358814, 0.003614078, 0.0040829554], [0.0065854529, 0.0178204213, 0.0640267339, 0.0014119285, 0.0047106015, 0.0038027155], [0.0029286227, 0.0034358814, 0.0014119285, 0.0339555429, 0.0068349068, 0.0068373262], [0.0053875197, 0.003614078, 0.0047106015, 0.0068349068, 0.0168194443, 0.0100798683], [0.0053097243, 0.0040829554, 0.0038027155, 0.0068373262, 0.0100798683, 0.0168442818]]",0.34999999999999998,,,,,,,"{""params"": {""w"": 0.5, ""rho"": 0.35, ""N"": 2.0, ""phase"": 0.0, ""gradient"": 0.15, ""a_z"": 1.0, ""wall"": 0.5, ""n"": 32, ""kind"": ""network"", ""k_s"": 130.0, ""k_f"": 0.4, ""E"": 70000000000.0, ""nu"": 0.33, ""tol"": 1e-08, ""preconditioner"": ""two_level""}, ""params_json"": ""{\""E\"": 70000000000.0, \""N\"": 2.0, \""a_z\"": 1.0, \""gradient\"": 0.15, \""k_f\"": 0.4, \""k_s\"": 130.0, \""kind\"": \""network\"", \""n\"": 32, \""nu\"": 0.33, \""phase\"": 0.0, \""preconditioner\"": \""two_level\"", \""rho\"": 0.35, \""tol\"": 1e-08, \""w\"": 0.5, \""wall\"": 0.5}"", ""voxlat_version"": ""0.1.0"", ""git_hash"": ""0977f9f913f3+dirty"", ""resolution"": 32, ""wall_time_s"": 22.191820566999922, ""timestamp_utc"": ""2026-10-09T17:21:38+00:00"", ""python"": ""3.13.16"", ""numpy"": ""2.5.3"", ""platform"": ""Linux-6.18.44-fc-v80-x86_64-with-glibc2.39"", ""extra"": {}}",graded
B0.50-r0.350-N2-p0.3333-g0.000-az1.0000-tw0.500-n32,0.5,0.34999999999999998,2,0.33333333333333331,0,1,0.5,32,network,B0.50,95c011af0755,ok,,64,16,2,2.5,0.350006103515625,0.34375,0.36376953125,0.16044734642882963,-0.10334101018278052,-0.094045528792186306,-0.11259038355795792,0.24010269781788041,0.26143819087323594,0.2955134787957987,0.22748087249529059,0.46112160336958508,0.76181134555759655,26.043347011000151,0.12453675343459888,0.0035897948544393252,0.0036179917049825091,0.0035615980038961412,0.032627805256594103,0.02289495472314311,0.023472644576233565,0.022317264870052658,0.026686529230713334,0.047032672307909626,-2.9021436605268912e-05,"[[0.0326278053, 0.0074477821, 0.0073729058, 0.0050828984, 0.0058648888, 0.0078469286], [0.0074477821, 0.0449900381, 0.0115214686, 0.0086657397, 0.0040809928, 0.0065950192], [0.0073729058, 0.0115214686, 0.0490753066, 0.0086586465, 0.0041538054, 0.0036435448], [0.0050828984, 0.0086657397, 0.0086586465, 0.0266865292, 0.0102331048, 0.0097114199], [0.0058648888, 0.0040809928, 0.0041538054, 0.0102331048, 0.0223172649, 0.0114465463], [0.0078469286, 0.0065950192, 0.0036435448, 0.0097114199, 0.0114465463, 0.0234726446]]",0.350006103515625,0.48411878800015984,6.3564439350002431,19.174499389999255,124,262,209,0.10731788376081804,0.0040035229615788398,0.0039935690147420121,0.0040134769084156684,0.026310567111906869,0.018149882323837036,0.01811841015969342,0.018181354487980653,0.018264413563641686,0.02669563482293516,0.00013847088286398591,"[[0.0263105671, 0.0052854732, 0.0052240966, 0.0053863174, 0.0069543345, 0.0068664149], [0.0052854732, 0.0265083162, 0.0052503225, 0.0068714458, 0.0053629374, 0.0069591845], [0.0052240966, 0.0052503225, 0.0268829535, 0.0069200006, 0.0067676094, 0.0052933701], [0.0053863174, 0.0068714458, 0.0069200006, 0.0182644136, 0.0113909258, 0.01137418], [0.0069543345, 0.0053629374, 0.0067676094, 0.0113909258, 0.0181813545, 0.0113498845], [0.0068664149, 0.0069591845, 0.0052933701, 0.01137418, 0.0113498845, 0.0181184102]]",0.350006103515625,0.13672598099992683,1.8692630079999617,4.9496425469997121,116,160,161,"{""params"": {""w"": 0.5, ""rho"": 0.35, ""N"": 2.0, ""phase"": 0.3333333333333333, ""gradient"": 0.0, ""a_z"": 1.0, ""wall"": 0.5, ""n"": 32, ""kind"": ""network"", ""k_s"": 130.0, ""k_f"": 0.4, ""E"": 70000000000.0, ""nu"": 0.33, ""tol"": 1e-08, ""preconditioner"": ""two_level""}, ""params_json"": ""{\""E\"": 70000000000.0, \""N\"": 2.0, \""a_z\"": 1.0, \""gradient\"": 0.0, \""k_f\"": 0.4, \""k_s\"": 130.0, \""kind\"": \""network\"", \""n\"": 32, \""nu\"": 0.33, \""phase\"": 0.3333333333333333, \""preconditioner\"": \""two_level\"", \""rho\"": 0.35, \""tol\"": 1e-08, \""w\"": 0.5, \""wall\"": 0.5}"", ""voxlat_version"": ""0.1.0"", ""git_hash"": ""0977f9f913f3+dirty"", ""resolution"": 32, ""wall_time_s"": 26.04334701100015, ""timestamp_utc"": ""2026-10-09T17:20:04+00:00"", ""python"": ""3.13.16"", ""numpy"": ""2.5.3"", ""platform"": ""Linux-6.18.44-fc-v80-x86_64-with-glibc2.39"", ""extra"": {}}",uniform
B0.50-r0.350-N2-p0.3333-g0.075-az1.0000-tw0.500-n32,0.5,0.34999999999999998,2,0.33333333333333331,0.074999999999999997,1,0.5,32,network,B0.50,95c011af0755,ok,,64,16,2,2.5,0.3476104736328125,0.233642578125,0.44091796875,0.0077864744117766005,-0.091817847346039039,-0.094594871310593742,-0.089040940501059596,0.02892659859482416,0.096463140214533727,0.12816091159306664,0.06469294785083779,0.17141625730034082,0.2692242933000828,24.777931487999922,0.11565711662914557,0.003791873683749618,0.0037801992394355839,0.003803548128063652,0.031712589780374736,0.021924529377630328,0.022584088476498825,0.021264970278761834,0.032862100920361945,0.060295145229207661,1.3348494114878538e-05,"[[0.0317125898, 0.0080691422, 0.0077409075, 0.0041348534, 0.0052540923, 0.0063864685], [0.0080691422, 0.0556820008, 0.0181677231, 0.0031649543, 0.0044315642, 0.0064180252], [0.0077409075, 0.0181677231, 0.0649082896, 0.0018388514, 0.0037123466, 0.003249392], [0.0041348534, 0.0031649543, 0.0018388514, 0.0328621009, 0.0095848249, 0.0086389987], [0.0052540923, 0.0044315642, 0.0037123466, 0.0095848249, 0.0212649703, 0.0105130596], [0.0063864685, 0.0064180252, 0.003249392, 0.0086389987, 0.0105130596, 0.0225840885]]",0.3476104736328125,0.4787660780002625,5.5087294880004265,18.74104590800016,121,260,209,0.11476351346812047,0.0041752347507256204,0.0041751467046663463,0.0041753227967848937,0.030821041873816579,0.019995683004301067,0.020018499350955194,0.019972866657646943,0.02805330787887161,0.047505508323068373,0.00017069084750370169,"[[0.0308210419, 0.0081572563, 0.0082967023, 0.0041020305, 0.0063233354, 0.0063703474], [0.0081572563, 0.0473356062, 0.0133841553, 0.0049186011, 0.004669907, 0.0053506714], [0.0082967023, 0.0133841553, 0.0476754104, 0.0033174661, 0.0060490648, 0.0048368654], [0.0041020305, 0.0049186011, 0.0033174661, 0.0280533079, 0.0089503188, 0.0089429661], [0.0063233354, 0.004669907, 0.0060490648, 0.0089503188, 0.0199728667, 0.0113341761], [0.0063703474, 0.0053506714, 0.0048368654, 0.0089429661, 0.0113341761, 0.0200184994]]",0.34999999999999998,,,,,,,"{""params"": {""w"": 0.5, ""rho"": 0.35, ""N"": 2.0, ""phase"": 0.3333333333333333, ""gradient"": 0.075, ""a_z"": 1.0, ""wall"": 0.5, ""n"": 32, ""kind"": ""network"", ""k_s"": 130.0, ""k_f"": 0.4, ""E"": 70000000000.0, ""nu"": 0.33, ""tol"": 1e-08, ""preconditioner"": ""two_level""}, ""params_json"": ""{\""E\"": 70000000000.0, \""N\"": 2.0, \""a_z\"": 1.0, \""gradient\"": 0.075, \""k_f\"": 0.4, \""k_s\"": 130.0, \""kind\"": \""network\"", \""n\"": 32, \""nu\"": 0.33, \""phase\"": 0.3333333333333333, \""preconditioner\"": \""two_level\"", \""rho\"": 0.35, \""tol\"": 1e-08, \""w\"": 0.5, \""wall\"": 0.5}"", ""voxlat_version"": ""0.1.0"", ""git_hash"": ""0977f9f913f3+dirty"", ""resolution"": 32, ""wall_time_s"": 24.777931487999922, ""timestamp_utc"": ""2026-10-09T17:21:15+00:00"", ""python"": ""3.13.16"", ""numpy"": ""2.5.3"", ""platform"": ""Linux-6.18.44-fc-v80-x86_64-with-glibc2.39"", ""extra"": {}}",graded
B0.50-r0.350-N2-p0.3333-g0.150-az1.0000-tw0.500-n32,0.5,0.34999999999999998,2,0.33333333333333331,0.14999999999999999,1,0.5,32,network,B0.50,95c011af0755,ok,,64,16,2,2.5,0.3455810546875,0.139404296875,0.512939453125,-0.067295525125657396,-0.11304341369472115,-0.13056509942207883,-0.095529979658529163,0.10730861380614853,0.12510934948753638,0.17564210912868194,0.074428853851601362,0.074202760228911258,0.14274746423716755,24.496134762000111,0.0999700885330079,0.0041311773473745681,0.0040486128192446036,0.0042137418755045326,0.026914170032005687,0.018857608192159973,0.019733333865657933,0.017981882518662017,0.036488988860007343,0.072836532267037429,5.0845364163804484e-05,"[[0.02691417, 0.0083820758, 0.0067681066, 0.0033954077, 0.0034825438, 0.0053505172], [0.0083820758, 0.0687673209, 0.0216054886, 0.0007301661, 0.00354231, 0.0039238669], [0.0067681066, 0.0216054886, 0.0769057437, -0.0015343856, 0.0030382283, 0.0023582578], [0.0033954077, 0.0007301661, -0.0015343856, 0.0364889889, 0.0075995614, 0.0071382861], [0.0034825438, 0.00354231, 0.0030382283, 0.0075995614, 0.0179818825, 0.0087901143], [0.0053505172, 0.0039238669, 0.0023582578, 0.0071382861, 0.0087901143, 0.0197333339]]",0.3455810546875,0.32114860399997269,5.5850427409995973,18.555315476000033,119,257,210,0.10718302659207916,0.0046576996114133041,0.0046566026007852394,0.0046587966220413687,0.02430593395231858,0.016760689261669733,0.016785154012799983,0.016736224510539483,0.03396843706883753,0.063738082600479806,0.00023414317088718,"[[0.024305934, 0.0063885647, 0.0065279399, 0.0028821465, 0.005322174, 0.005282052], [0.0063885647, 0.0634731898, 0.0177764118, 0.0034444457, 0.0035466307, 0.0040460333], [0.0065279399, 0.0177764118, 0.0640029754, 0.0013816154, 0.0046385017, 0.0037345261], [0.0028821465, 0.0034444457, 0.0013816154, 0.0339684371, 0.0067908617, 0.0067930283], [0.005322174, 0.0035466307, 0.0046385017, 0.0067908617, 0.0167362245, 0.0100223093], [0.005282052, 0.0040460333, 0.0037345261, 0.0067930283, 0.0100223093, 0.016785154]]",0.34999999999999998,,,,,,,"{""params"": {""w"": 0.5, ""rho"": 0.35, ""N"": 2.0, ""phase"": 0.3333333333333333, ""gradient"": 0.15, ""a_z"": 1.0, ""wall"": 0.5, ""n"": 32, ""kind"": ""network"", ""k_s"": 130.0, ""k_f"": 0.4, ""E"": 70000000000.0, ""nu"": 0.33, ""tol"": 1e-08, ""preconditioner"": ""two_level""}, ""params_json"": ""{\""E\"": 70000000000.0, \""N\"": 2.0, \""a_z\"": 1.0, \""gradient\"": 0.15, \""k_f\"": 0.4, \""k_s\"": 130.0, \""kind\"": \""network\"", \""n\"": 32, \""nu\"": 0.33, \""phase\"": 0.3333333333333333, \""preconditioner\"": \""two_level\"", \""rho\"": 0.35, \""tol\"": 1e-08, \""w\"": 0.5, \""wall\"": 0.5}"", ""voxlat_version"": ""0.1.0"", ""git_hash"": ""0977f9f913f3+dirty"", ""resolution"": 32, ""wall_time_s"": 24.49613476200011, ""timestamp_utc"": ""2026-10-09T17:21:57+00:00"", ""python"": ""3.13.16"", ""numpy"": ""2.5.3"", ""platform"": ""Linux-6.18.44-fc-v80-x86_64-with-glibc2.39"", ""extra"": {}}",graded
B0.50-r0.350-N2-p0.6667-g0.000-az1.0000-tw0.500-n32,0.5,0.34999999999999998,2,0.66666666666666663,0,1,0.5,32,network,B0.50,95c011af0755,ok,,64,16,2,2.5,0.350006103515625,0.351806640625,0.269775390625,0.0044447598263350763,-0.15656365045891063,-0.13902569572894852,-0.17408680618405681,0.088679832943636461,0.12253877560605431,0.14444952716222015,0.10065826562417746,0.31431437672353812,0.6430337605105465,27.604887041999973,0.10798757052690036,0.0033921770004939102,0.0034612504939489676,0.0033231035070388527,0.028703965284125998,0.020475163881140668,0.020860401265710326,0.020089926496571008,0.024078885403136813,0.044190542649091315,9.2337459311390131e-05,"[[0.0287039653, 0.0053848804, 0.0058347428, 0.0052660663, 0.008964488, 0.0073598913], [0.0053848804, 0.0441262722, 0.0104054554, 0.0087213449, 0.0066188295, 0.0090215894], [0.0058347428, 0.0104054554, 0.0442548131, 0.0088978161, 0.0086039996, 0.0061164764], [0.0052660663, 0.0087213449, 0.0088978161, 0.0240788854, 0.0101343915, 0.0115277974], [0.008964488, 0.0066188295, 0.0086039996, 0.0101343915, 0.0200899265, 0.0117534604], [0.0073598913, 0.0090215894, 0.0061164764, 0.0115277974, 0.0117534604, 0.0208604013]]",0.350006103515625,0.47046977399986645,6.2422786810002435,20.866991410000082,125,261,226,0.10750971566178613,0.0040218529855152452,0.0040201553946252249,0.0040235505764052663,0.026365846427516285,0.018240050433969382,0.018227454134596772,0.018252646733341992,0.018320491527425275,0.026895699717916815,0.00014747285297425969,"[[0.0263658464, 0.0052214753, 0.0052722704, 0.0053834805, 0.0069622781, 0.0068457512], [0.0052214753, 0.0267188271, 0.0052439403, 0.0068594548, 0.0053815836, 0.0069490244], [0.0052722704, 0.0052439403, 0.0270725723, 0.0069380489, 0.0068551065, 0.0053220766], [0.0053834805, 0.0068594548, 0.0069380489, 0.0183204915, 0.0114230393, 0.0114357828], [0.0069622781, 0.0053815836, 0.0068551065, 0.0114230393, 0.0182526467, 0.0113876598], [0.0068457512, 0.0069490244, 0.0053220766, 0.0114357828, 0.0113876598, 0.0182274541]]",0.350006103515625,0.3581075699999019,1.97841390900021,4.2088199279996843,116,160,161,"{""params"": {""w"": 0.5, ""rho"": 0.35, ""N"": 2.0, ""phase"": 0.6666666666666666, ""gradient"": 0.0, ""a_z"": 1.0, ""wall"": 0.5, ""n"": 32, ""kind"": ""network"", ""k_s"": 130.0, ""k_f"": 0.4, ""E"": 70000000000.0, ""nu"": 0.33, ""tol"": 1e-08, ""preconditioner"": ""two_level""}, ""params_json"": ""{\""E\"": 70000000000.0, \""N\"": 2.0, \""a_z\"": 1.0, \""gradient\"": 0.0, \""k_f\"": 0.4, \""k_s\"": 130.0, \""kind\"": \""network\"", \""n\"": 32, \""nu\"": 0.33, \""phase\"": 0.6666666666666666, \""preconditioner\"": \""two_level\"", \""rho\"": 0.35, \""tol\"": 1e-08, \""w\"": 0.5, \""wall\"": 0.5}"", ""voxlat_version"": ""0.1.0"", ""git_hash"": ""0977f9f913f3+dirty"", ""resolution"": 32, ""wall_time_s"": 27.604887041999973, ""timestamp_utc"": ""2026-10-09T17:20:29+00:00"", ""python"": ""3.13.16"", ""numpy"": ""2.5.3"", ""platform"": ""Linux-6.18.44-fc-v80-x86_64-with-glibc2.39"", ""extra"": {}}",uniform
B0.50-r0.350-N2-p0.6667-g0.075-az1.0000-tw0.500-n32,0.5,0.34999999999999998,2,0.66666666666666663,0.074999999999999997,1,0.5,32,network,B0.50,95c011af0755,ok,,64,16,2,2.5,0.3517913818359375,0.28369140625,0.32421875,0.081626420582678882,-0.18479708223568148,-0.1724905240053044,-0.19711684701282195,0.15861630121918568,0.23217631273822725,0.28147371081899331,0.18266692285850783,0.24818588358013516,0.41087912572200147,22.160641672000565,0.12430015580706502,0.0034066451713785904,0.0034599274396906682,0.0033533629030665126,0.03573013952586726,0.024664479672564583,0.025706301214394121,0.023622658130735049,0.035018107792241578,0.066935473953306776,6.3792019064805888e-05,"[[0.0357301395, 0.0103526836, 0.0091916732, 0.004357028, 0.008579774, 0.0086969831], [0.0103526836, 0.0702037397, 0.0198044694, 0.0073806953, 0.0054179459, 0.0070470076], [0.0091916732, 0.0198044694, 0.0636672082, 0.0069907858, 0.0067939974, 0.0063571145], [0.004357028, 0.0073806953, 0.0069907858, 0.0350181078, 0.0084662651, 0.0092244752], [0.008579774, 0.0054179459, 0.0067939974, 0.0084662651, 0.0236226581, 0.0118231337], [0.0086969831, 0.0070470076, 0.0063571145, 0.0092244752, 0.0118231337, 0.0257063012]]",0.3517913818359375,0.40514226100003725,5.1859075639995353,16.533112422000158,117,263,178,0.11491967415154647,0.0041788922698182468,0.0041811333163668165,0.004176651223269677,0.030838630086827919,0.020017005210685699,0.02005995206719079,0.019974058354180608,0.028055202556689845,0.047442387326450307,0.00017144290179144333,"[[0.0308386301, 0.0082115637, 0.0083157087, 0.0041328589, 0.0063810389, 0.0063714347], [0.0082115637, 0.0472548581, 0.0133807874, 0.0050043755, 0.0046842825, 0.0053499018], [0.0083157087, 0.0133807874, 0.0476299166, 0.0033813863, 0.0061059224, 0.0048646641], [0.0041328589, 0.0050043755, 0.0033813863, 0.0280552026, 0.0089834583, 0.0089867412], [0.0063810389, 0.0046842825, 0.0061059224, 0.0089834583, 0.0199740584, 0.0113686737], [0.0063714347, 0.0053499018, 0.0048646641, 0.0089867412, 0.0113686737, 0.0200599521]]",0.34999999999999998,,,,,,,"{""params"": {""w"": 0.5, ""rho"": 0.35, ""N"": 2.0, ""phase"": 0.6666666666666666, ""gradient"": 0.075, ""a_z"": 1.0, ""wall"": 0.5, ""n"": 32, ""kind"": ""network"", ""k_s"": 130.0, ""k_f"": 0.4, ""E"": 70000000000.0, ""nu"": 0.33, ""tol"": 1e-08, ""preconditioner"": ""two_level""}, ""params_json"": ""{\""E\"": 70000000000.0, \""N\"": 2.0, \""a_z\"": 1.0, \""gradient\"": 0.075, \""k_f\"": 0.4, \""k_s\"": 130.0, \""kind\"": \""network\"", \""n\"": 32, \""nu\"": 0.33, \""phase\"": 0.6666666666666666, \""preconditioner\"": \""two_level\"", \""rho\"": 0.35, \""tol\"": 1e-08, \""w\"": 0.5, \""wall\"": 0.5}"", ""voxlat_version"": ""0.1.0"", ""git_hash"": ""0977f9f913f3+dirty"", ""resolution"": 32, ""wall_time_s"": 22.160641672000565, ""timestamp_utc"": ""2026-10-09T17:21:33+00:00"", ""python"": ""3.13.16"", ""numpy"": ""2.5.3"", ""platform"": ""Linux-6.18.44-fc-v80-x86_64-with-glibc2.39"", ""extra"": {}}",graded
B0.50-r0.350-N2-p0.6667-g0.150-az1.0000-tw0.500-n32,0.5,0.34999999999999998,2,0.66666666666666663,0.14999999999999999,1,0.5,32,network,B0.50,95c011af0755,ok,,64,16,2,2.5,0.3549652099609375,0.216796875,0.39111328125,0.12620751393666874,-0.23053595708150831,-0.22171573677084599,-0.23936199994701868,0.28831387319114565,0.36327276878189707,0.41210612595482643,0.31429161941039907,0.19532345838208154,0.3180865932560919,24.096538306000184,0.12070345521138881,0.0035850692188707008,0.003627360674896195,0.0035427777628452063,0.031320118246879886,0.02287799294111623,0.023733303780330169,0.022022682101902294,0.040566960637892016,0.083933008033611131,6.0802273309384766e-05,"[[0.0313201182, 0.0092013712, 0.0081702159, 0.0031665939, 0.0084824856, 0.007125271], [0.0092013712, 0.087957735, 0.0245023984, 0.006015438, 0.0045885404, 0.0053919747], [0.0081702159, 0.0245023984, 0.079908281, 0.0061035875, 0.0056182116, 0.0049974255], [0.0031665939, 0.006015438, 0.0061035875, 0.0405669606, 0.0072550289, 0.0074096553], [0.0084824856, 0.0045885404, 0.0056182116, 0.0072550289, 0.0220226821, 0.0114744478], [0.007125271, 0.0053919747, 0.0049974255, 0.0074096553, 0.0114744478, 0.0237333038]]",0.3549652099609375,0.41698731300039071,5.4607322559995737,18.17750081199938,115,278,195,0.10717692229691204,0.0046591770620923768,0.0046607144025320908,0.0046576397216526629,0.024310937651629987,0.016781669424496781,0.01680702557981071,0.016756313269182855,0.03393806116111954,0.063677916506433757,0.00023035233497795718,"[[0.0243109377, 0.006420314, 0.0065556697, 0.0029007915, 0.0053550452, 0.0053016211], [0.006420314, 0.0633184461, 0.0177512226, 0.0033910437, 0.0035641984, 0.0040477371], [0.0065556697, 0.0177512226, 0.0640373869, 0.0013273724, 0.0046867501, 0.0037734109], [0.0029007915, 0.0033910437, 0.0013273724, 0.0339380612, 0.006813377, 0.0068123315], [0.0053550452, 0.0035641984, 0.0046867501, 0.006813377, 0.0167563133, 0.0100361746], [0.0053016211, 0.0040477371, 0.0037734109, 0.0068123315, 0.0100361746, 0.0168070256]]",0.34999999999999998,,,,,,,"{""params"": {""w"": 0.5, ""rho"": 0.35, ""N"": 2.0, ""phase"": 0.6666666666666666, ""gradient"": 0.15, ""a_z"": 1.0, ""wall"": 0.5, ""n"": 32, ""kind"": ""network"", ""k_s"": 130.0, ""k_f"": 0.4, ""E"": 70000000000.0, ""nu"": 0.33, ""tol"": 1e-08, ""preconditioner"": ""two_level""}, ""params_json"": ""{\""E\"": 70000000000.0, \""N\"": 2.0, \""a_z\"": 1.0, \""gradient\"": 0.15, \""k_f\"": 0.4, \""k_s\"": 130.0, \""kind\"": \""network\"", \""n\"": 32, \""nu\"": 0.33, \""phase\"": 0.6666666666666666, \""preconditioner\"": \""two_level\"", \""rho\"": 0.35, \""tol\"": 1e-08, \""w\"": 0.5, \""wall\"": 0.5}"", ""voxlat_version"": ""0.1.0"", ""git_hash"": ""0977f9f913f3+dirty"", ""resolution"": 32, ""wall_time_s"": 24.096538306000184, ""timestamp_utc"": ""2026-10-09T17:22:02+00:00"", ""python"": ""3.13.16"", ""numpy"": ""2.5.3"", ""platform"": ""Linux-6.18.44-fc-v80-x86_64-with-glibc2.39"", ""extra"": {}}",graded
B0.50-r0.350-N3-p0.0000-g0.000-az1.0000-tw0.500-n32,0.5,0.34999999999999998,3,0,0,1,0.5,32,network,B0.50,95c011af0755,ok,,96,16,3,3.5,0.350006103515625,0.410888671875,0.37060546875,0.0075799365314928036,-0.067909188581029678,-0.085221628371775049,-0.050596748790284529,0.07709929475316124,0.071345184560093422,0.095183497852712629,0.047506871267473993,0.30039777364198605,0.51207043208600589,44.651450316999217,0.10873801038041102,0.0037265739228480696,0.0036573573981546741,0.0037957904475414651,0.028694109955374195,0.019614421353593814,0.02005085839369929,0.019177984313488338,0.023807966122480279,0.040281815659797791,0.00024056615591042528,"[[0.02869411, 0.0065278475, 0.005578487, 0.0055937114, 0.006943425, 0.008797806], [0.0065278475, 0.0406154394, 0.0099024051, 0.0057038851, 0.0067703129, 0.0086682491], [0.005578487, 0.0099024051, 0.0399481919, 0.0050734518, 0.0064718922, 0.0054746067], [0.0055937114, 0.0057038851, 0.0050734518, 0.0238079661, 0.0113150644, 0.01151278], [0.006943425, 0.0067703129, 0.0064718922, 0.0113150644, 0.0191779843, 0.0117210921], [0.008797806, 0.0086682491, 0.0054746067, 0.01151278, 0.0117210921, 0.0200508584]]",0.350006103515625,0.69864015100029064,10.525929083000847,33.405615505999776,125,306,298,0.1079199837530829,0.0039980803127700748,0.0039980803127700757,0.0039980803127700748,0.026640171519144877,0.018308218150667955,0.01830821815066817,0.018308218150667736,0.018308218150667858,0.026640171519144277,0.00014684781801497298,"[[0.0266401715, 0.005472992, 0.005472992, 0.0055192853, 0.0070672874, 0.0069969727], [0.005472992, 0.0266401715, 0.005472992, 0.0069969727, 0.0055192853, 0.0070672874], [0.005472992, 0.005472992, 0.0266401715, 0.0070672874, 0.0069969727, 0.0055192853], [0.0055192853, 0.0069969727, 0.0070672874, 0.0183082182, 0.0114712995, 0.0114712995], [0.0070672874, 0.0055192853, 0.0069969727, 0.0114712995, 0.0183082182, 0.0114712995], [0.0069969727, 0.0070672874, 0.0055192853, 0.0114712995, 0.0114712995, 0.0183082182]]",0.350006103515625,0.14489948299979005,1.9311008550002953,5.1609783220001191,113,159,153,"{""params"": {""w"": 0.5, ""rho"": 0.35, ""N"": 3.0, ""phase"": 0.0, ""gradient"": 0.0, ""a_z"": 1.0, ""wall"": 0.5, ""n"": 32, ""kind"": ""network"", ""k_s"": 130.0, ""k_f"": 0.4, ""E"": 70000000000.0, ""nu"": 0.33, ""tol"": 1e-08, ""preconditioner"": ""two_level""}, ""params_json"": ""{\""E\"": 70000000000.0, \""N\"": 3.0, \""a_z\"": 1.0, \""gradient\"": 0.0, \""k_f\"": 0.4, \""k_s\"": 130.0, \""kind\"": \""network\"", \""n\"": 32, \""nu\"": 0.33, \""phase\"": 0.0, \""preconditioner\"": \""two_level\"", \""rho\"": 0.35, \""tol\"": 1e-08, \""w\"": 0.5, \""wall\"": 0.5}"", ""voxlat_version"": ""0.1.0"", ""git_hash"": ""0977f9f913f3+dirty"", ""resolution"": 32, ""wall_time_s"": 44.65145031699922, ""timestamp_utc"": ""2026-10-09T17:08:29+00:00"", ""python"": ""3.13.16"", ""numpy"": ""2.5.3"", ""platform"": ""Linux-6.18.44-fc-v80-x86_64-with-glibc2.39"", ""extra"": {}}",uniform
B0.50-r0.350-N3-p0.3333-g0.000-az1.0000-tw0.500-n32,0.5,0.34999999999999998,3,0.33333333333333331,0,1,0.5,32,network,B0.50,95c011af0755,ok,,96,16,3,3.5,0.350006103515625,0.34375,0.36376953125,0.10153447360332368,-0.069328046854554071,-0.063105305311097593,-0.075519921974749105,0.14692030285302127,0.15207344358448371,0.16983939142568194,0.13436900192281587,0.30551446552615658,0.50341221821125615,41.716077226999914,0.11821434859669538,0.0037259665341152189,0.0037415536227857781,0.0037103794454446597,0.030176123600222964,0.020909997429476083,0.021195629914816643,0.020624364944135522,0.023844456111686358,0.040134543565706601,2.5081105116296878e-05,"[[0.0301761236, 0.0065584343, 0.0064581589, 0.0051840112, 0.0064446336, 0.0073987344], [0.0065584343, 0.0387527299, 0.0093281964, 0.0080472272, 0.0046253757, 0.0066871787], [0.0064581589, 0.0093281964, 0.0415163572, 0.0080353753, 0.0051928095, 0.00422355], [0.0051840112, 0.0080472272, 0.0080353753, 0.0238444561, 0.0106422436, 0.0103475471], [0.0064446336, 0.0046253757, 0.0051928095, 0.0106422436, 0.0206243649, 0.0116095956], [0.0073987344, 0.0066871787, 0.00422355, 0.0103475471, 0.0116095956, 0.0211956299]]",0.350006103515625,0.62342943099974946,9.9907978640003421,31.084872261999408,124,300,266,0.10731788376081804,0.0040035229615788398,0.0039935690147420121,0.0040134769084156684,0.026310567111906869,0.018149882323837036,0.01811841015969342,0.018181354487980653,0.018264413563641686,0.02669563482293516,0.00013847088286398591,"[[0.0263105671, 0.0052854732, 0.0052240966, 0.0053863174, 0.0069543345, 0.0068664149], [0.0052854732, 0.0265083162, 0.0052503225, 0.0068714458, 0.0053629374, 0.0069591845], [0.0052240966, 0.0052503225, 0.0268829535, 0.0069200006, 0.0067676094, 0.0052933701], [0.0053863174, 0.0068714458, 0.0069200006, 0.0182644136, 0.0113909258, 0.01137418], [0.0069543345, 0.0053629374, 0.0067676094, 0.0113909258, 0.0181813545, 0.0113498845], [0.0068664149, 0.0069591845, 0.0052933701, 0.01137418, 0.0113498845, 0.0181184102]]",0.350006103515625,0.13672598099992683,1.8692630079999617,4.9496425469997121,116,160,161,"{""params"": {""w"": 0.5, ""rho"": 0.35, ""N"": 3.0, ""phase"": 0.3333333333333333, ""gradient"": 0.0, ""a_z"": 1.0, ""wall"": 0.5, ""n"": 32, ""kind"": ""network"", ""k_s"": 130.0, ""k_f"": 0.4, ""E"": 70000000000.0, ""nu"": 0.33, ""tol"": 1e-08, ""preconditioner"": ""two_level""}, ""params_json"": ""{\""E\"": 70000000000.0, \""N\"": 3.0, \""a_z\"": 1.0, \""gradient\"": 0.0, \""k_f\"": 0.4, \""k_s\"": 130.0, \""kind\"": \""network\"", \""n\"": 32, \""nu\"": 0.33, \""phase\"": 0.3333333333333333, \""preconditioner\"": \""two_level\"", \""rho\"": 0.35, \""tol\"": 1e-08, \""w\"": 0.5, \""wall\"": 0.5}"", ""voxlat_version"": ""0.1.0"", ""git_hash"": ""0977f9f913f3+dirty"", ""resolution"": 32, ""wall_time_s"": 41.716077226999914, ""timestamp_utc"": ""2026-10-09T17:08:27+00:00"", ""python"": ""3.13.16"", ""numpy"": ""2.5.3"", ""platform"": ""Linux-6.18.44-fc-v80-x86_64-with-glibc2.39"", ""extra"": {}}",uniform
B0.50-r0.350-N3-p0.6667-g0.000-az1.0000-tw0.500-n32,0.5,0.34999999999999998,3,0.66666666666666663,0,1,0.5,32,network,B0.50,95c011af0755,ok,,96,16,3,3.5,0.350006103515625,0.351806640625,0.269775390625,0.0029587903778089952,-0.10483211699543082,-0.093116464702976742,-0.11653788330075765,0.056088799006384971,0.076857479973603704,0.090374662606599543,0.063358953975079402,0.2077064830720412,0.42701661576064853,43.347575838000012,0.10782781437400722,0.0036002336227992883,0.0036458127367211238,0.0035546545088774532,0.02784467508842246,0.019641934744915705,0.019874754152188218,0.019409115337643196,0.022125776390737907,0.038380610389976283,0.00010888607657421806,"[[0.0278446751, 0.0053285338, 0.0056039516, 0.0053453699, 0.0082227817, 0.0072152302], [0.0053285338, 0.0382715506, 0.0086658111, 0.008100104, 0.0062063439, 0.0082677074], [0.0056039516, 0.0086658111, 0.0384896702, 0.008275104, 0.0079808819, 0.005855364], [0.0053453699, 0.008100104, 0.008275104, 0.0221257764, 0.0106016044, 0.0114644237], [0.0082227817, 0.0062063439, 0.0079808819, 0.0106016044, 0.0194091153, 0.0116594711], [0.0072152302, 0.0082677074, 0.005855364, 0.0114644237, 0.0116594711, 0.0198747542]]",0.350006103515625,0.61812906500017561,10.15319258100044,32.55015911099963,126,302,282,0.10750971566178613,0.0040218529855152452,0.0040201553946252249,0.0040235505764052663,0.026365846427516285,0.018240050433969382,0.018227454134596772,0.018252646733341992,0.018320491527425275,0.026895699717916815,0.00014747285297425969,"[[0.0263658464, 0.0052214753, 0.0052722704, 0.0053834805, 0.0069622781, 0.0068457512], [0.0052214753, 0.0267188271, 0.0052439403, 0.0068594548, 0.0053815836, 0.0069490244], [0.0052722704, 0.0052439403, 0.0270725723, 0.0069380489, 0.0068551065, 0.0053220766], [0.0053834805, 0.0068594548, 0.0069380489, 0.0183204915, 0.0114230393, 0.0114357828], [0.0069622781, 0.0053815836, 0.0068551065, 0.0114230393, 0.0182526467, 0.0113876598], [0.0068457512, 0.0069490244, 0.0053220766, 0.0114357828, 0.0113876598, 0.0182274541]]",0.350006103515625,0.3581075699999019,1.97841390900021,4.2088199279996843,116,160,161,"{""params"": {""w"": 0.5, ""rho"": 0.35, ""N"": 3.0, ""phase"": 0.6666666666666666, ""gradient"": 0.0, ""a_z"": 1.0, ""wall"": 0.5, ""n"": 32, ""kind"": ""network"", ""k_s"": 130.0, ""k_f"": 0.4, ""E"": 70000000000.0, ""nu"": 0.33, ""tol"": 1e-08, ""preconditioner"": ""two_level""}, ""params_json"": ""{\""E\"": 70000000000.0, \""N\"": 3.0, \""a_z\"": 1.0, \""gradient\"": 0.0, \""k_f\"": 0.4, \""k_s\"": 130.0, \""kind\"": \""network\"", \""n\"": 32, \""nu\"": 0.33, \""phase\"": 0.6666666666666666, \""preconditioner\"": \""two_level\"", \""rho\"": 0.35, \""tol\"": 1e-08, \""w\"": 0.5, \""wall\"": 0.5}"", ""voxlat_version"": ""0.1.0"", ""git_hash"": ""0977f9f913f3+dirty"", ""resolution"": 32, ""wall_time_s"": 43.34757583800001, ""timestamp_utc"": ""2026-10-09T17:09:10+00:00"", ""python"": ""3.13.16"", ""numpy"": ""2.5.3"", ""platform"": ""Linux-6.18.44-fc-v80-x86_64-with-glibc2.39"", ""extra"": {}}",uniform
B0.50-r0.350-N4-p0.0000-g0.000-az1.0000-tw0.500-n32,0.5,0.34999999999999998,4,0,0,1,0.5,32,network,B0.50,95c011af0755,ok,,128,16,4,4.5,0.350006103515625,0.410888671875,0.37060546875,0.0056741998800369231,-0.051269010288018113,-0.064253345066489831,-0.038284675509546506,0.054897869909933616,0.051737793029058343,0.068400300963618932,0.035075285094497088,0.22526386426623546,0.38344392944473582,64.277063337000072,0.10853234331194823,0.0037931026920823433,0.0037411902788301206,0.0038450151053345664,0.028102660189581206,0.019255444952078059,0.019560505782281468,0.018950384121874653,0.022432398119116532,0.036855183567526692,0.00021580195055123235,"[[0.0281026602, 0.006235888, 0.0055399193, 0.005569434, 0.0069891549, 0.0082830721], [0.006235888, 0.0370936836, 0.0087972665, 0.006026995, 0.0064515236, 0.0082398732], [0.0055399193, 0.0087972665, 0.0366166836, 0.0055702671, 0.0066098074, 0.005477484], [0.005569434, 0.006026995, 0.0055702671, 0.0224323981, 0.0113564453, 0.0114982362], [0.0069891549, 0.0064515236, 0.0066098074, 0.0113564453, 0.0189503841, 0.0116677935], [0.0082830721, 0.0082398732, 0.005477484, 0.0114982362, 0.0116677935, 0.0195605058]]",0.350006103515625,0.9846035029995619,16.701883328000804,46.557917592999729,134,351,322,0.1079199837530829,0.0039980803127700748,0.0039980803127700757,0.0039980803127700748,0.026640171519144877,0.018308218150667955,0.01830821815066817,0.018308218150667736,0.018308218150667858,0.026640171519144277,0.00014684781801497298,"[[0.0266401715, 0.005472992, 0.005472992, 0.0055192853, 0.0070672874, 0.0069969727], [0.005472992, 0.0266401715, 0.005472992, 0.0069969727, 0.0055192853, 0.0070672874], [0.005472992, 0.005472992, 0.0266401715, 0.0070672874, 0.0069969727, 0.0055192853], [0.0055192853, 0.0069969727, 0.0070672874, 0.0183082182, 0.0114712995, 0.0114712995], [0.0070672874, 0.0055192853, 0.0069969727, 0.0114712995, 0.0183082182, 0.0114712995], [0.0069969727, 0.0070672874, 0.0055192853, 0.0114712995, 0.0114712995, 0.0183082182]]",0.350006103515625,0.14489948299979005,1.9311008550002953,5.1609783220001191,113,159,153,"{""params"": {""w"": 0.5, ""rho"": 0.35, ""N"": 4.0, ""phase"": 0.0, ""gradient"": 0.0, ""a_z"": 1.0, ""wall"": 0.5, ""n"": 32, ""kind"": ""network"", ""k_s"": 130.0, ""k_f"": 0.4, ""E"": 70000000000.0, ""nu"": 0.33, ""tol"": 1e-08, ""preconditioner"": ""two_level""}, ""params_json"": ""{\""E\"": 70000000000.0, \""N\"": 4.0, \""a_z\"": 1.0, \""gradient\"": 0.0, \""k_f\"": 0.4, \""k_s\"": 130.0, \""kind\"": \""network\"", \""n\"": 32, \""nu\"": 0.33, \""phase\"": 0.0, \""preconditioner\"": \""two_level\"", \""rho\"": 0.35, \""tol\"": 1e-08, \""w\"": 0.5, \""wall\"": 0.5}"", ""voxlat_version"": ""0.1.0"", ""git_hash"": ""0977f9f913f3+dirty"", ""resolution"": 32, ""wall_time_s"": 64.27706333700007, ""timestamp_utc"": ""2026-10-09T16:53:11+00:00"", ""python"": ""3.13.16"", ""numpy"": ""2.5.3"", ""platform"": ""Linux-6.18.44-fc-v80-x86_64-with-glibc2.39"", ""extra"": {}}",uniform
B0.50-r0.350-N4-p0.0000-g0.025-az1.0000-tw0.500-n32,0.5,0.34999999999999998,4,0,0.025000000000000001,1,0.5,32,network,B0.50,95c011af0755,ok,,128,16,4,4.5,0.3489227294921875,0.36572265625,0.401123046875,-0.023871030413501804,-0.047538978569593993,-0.057803293215106577,-0.037273956773395622,0.014885444113638124,0.028587347983676681,0.038158521771993081,0.019000153083670979,0.076220206506699917,0.13913346293397399,56.97268522900049,0.11182123534222731,0.0038910451045869781,0.003849245359133537,0.0039328448500404196,0.031938428365487083,0.020919509589527374,0.021131825695716314,0.020707193483338437,0.027200234626780534,0.047007810179843831,0.00024025027317200133,"[[0.0319384284, 0.0084606685, 0.007605493, 0.0048551971, 0.0069357644, 0.0081737526], [0.0084606685, 0.0470922095, 0.0125880842, 0.0051081199, 0.0060709363, 0.0070390053], [0.007605493, 0.0125880842, 0.0469234108, 0.0038620006, 0.0065596374, 0.005407846], [0.0048551971, 0.0051081199, 0.0038620006, 0.0272002346, 0.0101401288, 0.0103376304], [0.0069357644, 0.0060709363, 0.0065596374, 0.0101401288, 0.0207071935, 0.0115389587], [0.0081737526, 0.0070390053, 0.005407846, 0.0103376304, 0.0115389587, 0.0211318257]]",0.3489227294921875,0.82497400699958234,15.821260959000028,40.178943177000292,132,348,287,0.11455580033609322,0.0040852539022997562,0.004085394622391025,0.0040851131822084875,0.031469983682129644,0.020338097324000298,0.020355104979196438,0.020321089668804155,0.025273856095928266,0.041266288551272665,0.00015521354936553046,"[[0.0314699837, 0.0081265461, 0.0082317673, 0.0046033735, 0.0065078381, 0.0065550846], [0.0081265461, 0.0411555442, 0.0112246362, 0.0055338055, 0.0050300481, 0.0057849684], [0.0082317673, 0.0112246362, 0.0413770329, 0.0043997948, 0.0064222717, 0.0051468516], [0.0046033735, 0.0055338055, 0.0043997948, 0.0252738561, 0.0097618955, 0.0097723682], [0.0065078381, 0.0050300481, 0.0064222717, 0.0097618955, 0.0203210897, 0.0115030787], [0.0065550846, 0.0057849684, 0.0051468516, 0.0097723682, 0.0115030787, 0.020355105]]",0.34999999999999998,,,,,,,"{""params"": {""w"": 0.5, ""rho"": 0.35, ""N"": 4.0, ""phase"": 0.0, ""gradient"": 0.025, ""a_z"": 1.0, ""wall"": 0.5, ""n"": 32, ""kind"": ""network"", ""k_s"": 130.0, ""k_f"": 0.4, ""E"": 70000000000.0, ""nu"": 0.33, ""tol"": 1e-08, ""preconditioner"": ""two_level""}, ""params_json"": ""{\""E\"": 70000000000.0, \""N\"": 4.0, \""a_z\"": 1.0, \""gradient\"": 0.025, \""k_f\"": 0.4, \""k_s\"": 130.0, \""kind\"": \""network\"", \""n\"": 32, \""nu\"": 0.33, \""phase\"": 0.0, \""preconditioner\"": \""two_level\"", \""rho\"": 0.35, \""tol\"": 1e-08, \""w\"": 0.5, \""wall\"": 0.5}"", ""voxlat_version"": ""0.1.0"", ""git_hash"": ""0977f9f913f3+dirty"", ""resolution"": 32, ""wall_time_s"": 56.97268522900049, ""timestamp_utc"": ""2026-10-09T16:55:39+00:00"", ""python"": ""3.13.16"", ""numpy"": ""2.5.3"", ""platform"": ""Linux-6.18.44-fc-v80-x86_64-with-glibc2.39"", ""extra"": {}}",graded
B0.50-r0.350-N4-p0.0000-g0.050-az1.0000-tw0.500-n32,0.5,0.34999999999999998,4,0,0.050000000000000003,1,0.5,32,network,B0.50,95c011af0755,ok,,128,16,4,4.5,0.34848785400390625,0.310791015625,0.432861328125,-0.0056023439663116514,-0.05499449846808302,-0.063074958449706786,-0.046913605440211725,0.13823571530533751,0.083221235519525427,0.079506399183741916,0.086943471552259011,0.060450987855170668,0.093322724133887203,51.84799675100021,0.11325451273457028,0.0040684805634958569,0.0040338002840231207,0.004103160842968594,0.03331278793941838,0.020909086425636533,0.020858112742812324,0.020960060108460743,0.032036444661796032,0.057981371637232715,0.00027861310591689443,"[[0.0333127879, 0.0091007801, 0.0089934331, 0.0047467377, 0.0059272818, 0.0082756373], [0.0091007801, 0.0581220035, 0.0159959887, 0.0057040718, 0.00515004, 0.0054038498], [0.0089934331, 0.0159959887, 0.0578407398, 0.003660515, 0.005416021, 0.0051672516], [0.0047467377, 0.0057040718, 0.003660515, 0.0320364447, 0.0085905838, 0.0091632556], [0.0059272818, 0.00515004, 0.005416021, 0.0085905838, 0.0209600601, 0.010997264], [0.0082756373, 0.0054038498, 0.0051672516, 0.0091632556, 0.010997264, 0.0208581127]]",0.34848785400390625,0.74923718499940151,16.784897557000477,34.223587994000809,128,353,239,0.11389257813247844,0.0043052453735989669,0.0043053607333928753,0.0043051300138050577,0.029267038005815919,0.019302692506400407,0.019321898192158918,0.019283486820641904,0.03021020775942863,0.053032256951546147,0.00018515134460312763,"[[0.029267038, 0.0078263441, 0.0079882757, 0.0037427413, 0.0061718969, 0.0061279715], [0.0078263441, 0.0528424085, 0.0150042996, 0.0044351104, 0.0044001085, 0.0049660026], [0.0079882757, 0.0150042996, 0.0532221055, 0.0025962596, 0.0057230593, 0.0045909307], [0.0037427413, 0.0044351104, 0.0025962596, 0.0302102078, 0.0082735613, 0.0082786988], [0.0061718969, 0.0044001085, 0.0057230593, 0.0082735613, 0.0192834868, 0.0111191052], [0.0061279715, 0.0049660026, 0.0045909307, 0.0082786988, 0.0111191052, 0.0193218982]]",0.34999999999999998,,,,,,,"{""params"": {""w"": 0.5, ""rho"": 0.35, ""N"": 4.0, ""phase"": 0.0, ""gradient"": 0.05, ""a_z"": 1.0, ""wall"": 0.5, ""n"": 32, ""kind"": ""network"", ""k_s"": 130.0, ""k_f"": 0.4, ""E"": 70000000000.0, ""nu"": 0.33, ""tol"": 1e-08, ""preconditioner"": ""two_level""}, ""params_json"": ""{\""E\"": 70000000000.0, \""N\"": 4.0, \""a_z\"": 1.0, \""gradient\"": 0.05, \""k_f\"": 0.4, \""k_s\"": 130.0, \""kind\"": \""network\"", \""n\"": 32, \""nu\"": 0.33, \""phase\"": 0.0, \""preconditioner\"": \""two_level\"", \""rho\"": 0.35, \""tol\"": 1e-08, \""w\"": 0.5, \""wall\"": 0.5}"", ""voxlat_version"": ""0.1.0"", ""git_hash"": ""0977f9f913f3+dirty"", ""resolution"": 32, ""wall_time_s"": 51.84799675100021, ""timestamp_utc"": ""2026-10-09T16:56:35+00:00"", ""python"": ""3.13.16"", ""numpy"": ""2.5.3"", ""platform"": ""Linux-6.18.44-fc-v80-x86_64-with-glibc2.39"", ""extra"": {}}",graded
B0.50-r0.350-N4-p0.0000-g0.075-az1.0000-tw0.500-n32,0.5,0.34999999999999998,4,0,0.074999999999999997,1,0.5,32,network,B0.50,95c011af0755,ok,,128,16,4,4.5,0.34734344482421875,0.26025390625,0.462158203125,-0.015359144830232818,-0.060854552785976734,-0.066126523479416832,-0.055582410009943906,0.15756697663812935,0.115715383177589,0.12304769922055381,0.10837223925324069,0.028172654145983467,0.030387792063957697,48.046058032000474,0.10566033913818089,0.0043778546960051819,0.0043533502929652274,0.0044023590990451365,0.028197806765662616,0.018778317803758736,0.018915672238359573,0.018640963369157895,0.034913497007320812,0.06579701952537978,0.00033386085105921047,"[[0.0281978068, 0.0078373864, 0.0076824076, 0.0039317934, 0.0056259392, 0.0077399345], [0.0078373864, 0.0655105036, 0.0176406478, 0.0052107778, 0.0043908303, 0.0047048185], [0.0076824076, 0.0176406478, 0.0660835355, 0.0028991181, 0.0047409286, 0.0046298296], [0.0039317934, 0.0052107778, 0.0028991181, 0.034913497, 0.0074772182, 0.0078656134], [0.0056259392, 0.0043908303, 0.0047409286, 0.0074772182, 0.0186409634, 0.0102680029], [0.0077399345, 0.0047048185, 0.0046298296, 0.0078656134, 0.0102680029, 0.0189156722]]",0.34734344482421875,0.77280096000049525,16.092754522000178,31.132266546999745,124,362,220,0.10730850602371504,0.0046615300207141462,0.0046616060980604118,0.0046614539433678798,0.024359546648053371,0.016830742039495371,0.016843160136019077,0.016818323942971666,0.033956842624180195,0.063856559668260954,0.00023032481766567279,"[[0.0243595466, 0.006435694, 0.0065849526, 0.0029283502, 0.0053871354, 0.0053093319], [0.006435694, 0.0636828234, 0.0178214234, 0.0034356326, 0.0036138078, 0.0040826068], [0.0065849526, 0.0178214234, 0.0640302959, 0.0014115206, 0.004710257, 0.0038024524], [0.0029283502, 0.0034356326, 0.0014115206, 0.0339568426, 0.0068343553, 0.0068367751], [0.0053871354, 0.0036138078, 0.004710257, 0.0068343553, 0.0168183239, 0.0100793312], [0.0053093319, 0.0040826068, 0.0038024524, 0.0068367751, 0.0100793312, 0.0168431601]]",0.34999999999999998,,,,,,,"{""params"": {""w"": 0.5, ""rho"": 0.35, ""N"": 4.0, ""phase"": 0.0, ""gradient"": 0.075, ""a_z"": 1.0, ""wall"": 0.5, ""n"": 32, ""kind"": ""network"", ""k_s"": 130.0, ""k_f"": 0.4, ""E"": 70000000000.0, ""nu"": 0.33, ""tol"": 1e-08, ""preconditioner"": ""two_level""}, ""params_json"": ""{\""E\"": 70000000000.0, \""N\"": 4.0, \""a_z\"": 1.0, \""gradient\"": 0.075, \""k_f\"": 0.4, \""k_s\"": 130.0, \""kind\"": \""network\"", \""n\"": 32, \""nu\"": 0.33, \""phase\"": 0.0, \""preconditioner\"": \""two_level\"", \""rho\"": 0.35, \""tol\"": 1e-08, \""w\"": 0.5, \""wall\"": 0.5}"", ""voxlat_version"": ""0.1.0"", ""git_hash"": ""0977f9f913f3+dirty"", ""resolution"": 32, ""wall_time_s"": 48.046058032000474, ""timestamp_utc"": ""2026-10-09T16:58:11+00:00"", ""python"": ""3.13.16"", ""numpy"": ""2.5.3"", ""platform"": ""Linux-6.18.44-fc-v80-x86_64-with-glibc2.39"", ""extra"": {}}",graded
B0.50-r0.350-N4-p0.3333-g0.000-az1.0000-tw0.500-n32,0.5,0.34999999999999998,4,0.33333333333333331,0,1,0.5,32,network,B0.50,95c011af0755,ok,,128,16,4,4.5,0.350006103515625,0.34375,0.36376953125,0.074265722418437097,-0.052321383240378938,-0.04763522047169555,-0.056984301417835503,0.10521523468979677,0.10780998848380996,0.1199754323839255,0.095686661671017026,0.22853606444044772,0.3761659271086093,61.246350598999925,0.11528792392673305,0.0037940531023944162,0.0038033344742558445,0.0037847717305329875,0.029078839605407799,0.020106620928152411,0.020292174252711945,0.019921067603592881,0.022438490758789086,0.036737623045857433,5.2132724296765463e-05,"[[0.0290788396, 0.0061894645, 0.0060883113, 0.0052319589, 0.0066337811, 0.007236197], [0.0061894645, 0.0356682937, 0.0082760438, 0.0077470618, 0.0048439849, 0.006752271], [0.0060883113, 0.0082760438, 0.0378069524, 0.0077407691, 0.0056384719, 0.0045038335], [0.0052319589, 0.0077470618, 0.0077407691, 0.0224384908, 0.0108384523, 0.0106330406], [0.0066337811, 0.0048439849, 0.0056384719, 0.0108384523, 0.0199210676, 0.0115921368], [0.007236197, 0.006752271, 0.0045038335, 0.0106330406, 0.0115921368, 0.0202921743]]",0.350006103515625,0.74116254599994136,15.576652681999803,44.906379278999339,128,355,302,0.10731788376081804,0.0040035229615788398,0.0039935690147420121,0.0040134769084156684,0.026310567111906869,0.018149882323837036,0.01811841015969342,0.018181354487980653,0.018264413563641686,0.02669563482293516,0.00013847088286398591,"[[0.0263105671, 0.0052854732, 0.0052240966, 0.0053863174, 0.0069543345, 0.0068664149], [0.0052854732, 0.0265083162, 0.0052503225, 0.0068714458, 0.0053629374, 0.0069591845], [0.0052240966, 0.0052503225, 0.0268829535, 0.0069200006, 0.0067676094, 0.0052933701], [0.0053863174, 0.0068714458, 0.0069200006, 0.0182644136, 0.0113909258, 0.01137418], [0.0069543345, 0.0053629374, 0.0067676094, 0.0113909258, 0.0181813545, 0.0113498845], [0.0068664149, 0.0069591845, 0.0052933701, 0.01137418, 0.0113498845, 0.0181184102]]",0.350006103515625,0.13672598099992683,1.8692630079999617,4.9496425469997121,116,160,161,"{""params"": {""w"": 0.5, ""rho"": 0.35, ""N"": 4.0, ""phase"": 0.3333333333333333, ""gradient"": 0.0, ""a_z"": 1.0, ""wall"": 0.5, ""n"": 32, ""kind"": ""network"", ""k_s"": 130.0, ""k_f"": 0.4, ""E"": 70000000000.0, ""nu"": 0.33, ""tol"": 1e-08, ""preconditioner"": ""two_level""}, ""params_json"": ""{\""E\"": 70000000000.0, \""N\"": 4.0, \""a_z\"": 1.0, \""gradient\"": 0.0, \""k_f\"": 0.4, \""k_s\"": 130.0, \""kind\"": \""network\"", \""n\"": 32, \""nu\"": 0.33, \""phase\"": 0.3333333333333333, \""preconditioner\"": \""two_level\"", \""rho\"": 0.35, \""tol\"": 1e-08, \""w\"": 0.5, \""wall\"": 0.5}"", ""voxlat_version"": ""0.1.0"", ""git_hash"": ""0977f9f913f3+dirty"", ""resolution"": 32, ""wall_time_s"": 61.246350598999925, ""timestamp_utc"": ""2026-10-09T16:53:22+00:00"", ""python"": ""3.13.16"", ""numpy"": ""2.5.3"", ""platform"": ""Linux-6.18.44-fc-v80-x86_64-with-glibc2.39"", ""extra"": {}}",uniform
B0.50-r0.350-N4-p0.3333-g0.025-az1.0000-tw0.500-n32,0.5,0.34999999999999998,4,0.33333333333333331,0.025000000000000001,1,0.5,32,network,B0.50,95c011af0755,ok,,128,16,4,4.5,0.34944915771484375,0.268798828125,0.415771484375,0.034471302150546057,-0.048650097820211569,-0.048273778750739682,-0.049026130133078105,0.035282747656305569,0.06280707191318502,0.075306686545705936,0.050289168027455311,0.1280808791426169,0.19184289767221663,54.559421092999401,0.11803293770155586,0.0038845046764272818,0.0038845600901140651,0.0038844492627404985,0.032476891383250883,0.021592866619938401,0.021862790407184383,0.021322942832692423,0.02878109202474774,0.049516896778949715,7.2387302132155459e-05,"[[0.0324768914, 0.0081609189, 0.0079877548, 0.0046184725, 0.0058447438, 0.0069184194], [0.0081609189, 0.0475473544, 0.0139319182, 0.005330211, 0.0046133776, 0.0061155842], [0.0079877548, 0.0139319182, 0.0514864392, 0.0039956534, 0.0049979248, 0.0046041476], [0.0046184725, 0.005330211, 0.0039956534, 0.028781092, 0.0097191512, 0.0093001305], [0.0058447438, 0.0046133776, 0.0049979248, 0.0097191512, 0.0213229428, 0.0113193996], [0.0069184194, 0.0061155842, 0.0046041476, 0.0093001305, 0.0113193996, 0.0218627904]]",0.34944915771484375,0.84024930399937148,16.195485873000507,37.352431855999384,129,358,265,0.11409977005275937,0.0040831503398769241,0.0040815940586517536,0.0040847066211020956,0.031370069149488616,0.020316826252452905,0.020331679027697652,0.020301973477208159,0.025513323164046919,0.041546496501897158,0.00015576692768138977,"[[0.0313700691, 0.0081001031, 0.0082027282, 0.0045340907, 0.0064806536, 0.0065425705], [0.0081001031, 0.0413398573, 0.0114244611, 0.0054570212, 0.0049592473, 0.005786032], [0.0082027282, 0.0114244611, 0.0417531357, 0.0043062164, 0.0063682005, 0.0050840072], [0.0045340907, 0.0054570212, 0.0043062164, 0.0255133232, 0.0097280991, 0.0097065034], [0.0064806536, 0.0049592473, 0.0063682005, 0.0097280991, 0.0203019735, 0.0114810937], [0.0065425705, 0.005786032, 0.0050840072, 0.0097065034, 0.0114810937, 0.020331679]]",0.34999999999999998,,,,,,,"{""params"": {""w"": 0.5, ""rho"": 0.35, ""N"": 4.0, ""phase"": 0.3333333333333333, ""gradient"": 0.025, ""a_z"": 1.0, ""wall"": 0.5, ""n"": 32, ""kind"": ""network"", ""k_s"": 130.0, ""k_f"": 0.4, ""E"": 70000000000.0, ""nu"": 0.33, ""tol"": 1e-08, ""preconditioner"": ""two_level""}, ""params_json"": ""{\""E\"": 70000000000.0, \""N\"": 4.0, \""a_z\"": 1.0, \""gradient\"": 0.025, \""k_f\"": 0.4, \""k_s\"": 130.0, \""kind\"": \""network\"", \""n\"": 32, \""nu\"": 0.33, \""phase\"": 0.3333333333333333, \""preconditioner\"": \""two_level\"", \""rho\"": 0.35, \""tol\"": 1e-08, \""w\"": 0.5, \""wall\"": 0.5}"", ""voxlat_version"": ""0.1.0"", ""git_hash"": ""0977f9f913f3+dirty"", ""resolution"": 32, ""wall_time_s"": 54.5594210929994, ""timestamp_utc"": ""2026-10-09T16:55:44+00:00"", ""python"": ""3.13.16"", ""numpy"": ""2.5.3"", ""platform"": ""Linux-6.18.44-fc-v80-x86_64-with-glibc2.39"", ""extra"": {}}",graded
B0.50-r0.350-N4-p0.3333-g0.050-az1.0000-tw0.500-n32,0.5,0.34999999999999998,4,0.33333333333333331,0.050000000000000003,1,0.5,32,network,B0.50,95c011af0755,ok,,128,16,4,4.5,0.3487701416015625,0.195556640625,0.468505859375,0.0036204707908085165,-0.054164367859102835,-0.0582842869666228,-0.050046246383272153,0.0059387103889960713,0.049852137669020413,0.069996351383582178,0.029696323417352843,0.091968596986044426,0.10923726861114536,53.229571773000316,0.11401607134214005,0.004068916116631011,0.0040503085091201287,0.0040875237241418923,0.029418741422606021,0.020198661771065843,0.020592152810897841,0.019805170731233838,0.032959380716505234,0.058629302262188723,9.8014058932306952e-05,"[[0.0294187414, 0.0075900071, 0.0073767724, 0.0037622294, 0.0052677297, 0.0065900074], [0.0075900071, 0.0563504068, 0.0174671526, 0.0034385736, 0.0041710269, 0.0057161349], [0.0073767724, 0.0174671526, 0.0609081977, 0.0017212498, 0.004292558, 0.0041032551], [0.0037622294, 0.0034385736, 0.0017212498, 0.0329593807, 0.0087445975, 0.00823455], [0.0052677297, 0.0041710269, 0.004292558, 0.0087445975, 0.0198051707, 0.0108149364], [0.0065900074, 0.0057161349, 0.0041032551, 0.00823455, 0.0108149364, 0.0205921528]]",0.3487701416015625,0.83672490200024185,15.19271988499986,37.146086794999974,128,358,267,0.1136047685957426,0.0043019272888049553,0.004300988560627929,0.0043028660169819816,0.029245063460406857,0.019239530069360807,0.019245068251186753,0.019233991887534864,0.030183451069450914,0.052855510647958431,0.00018616309682493654,"[[0.0292450635, 0.0077986062, 0.007962211, 0.0037035621, 0.0061195154, 0.0061091626], [0.0077986062, 0.052736423, 0.0149283659, 0.0044413722, 0.0043514431, 0.0049452462], [0.007962211, 0.0149283659, 0.0529745983, 0.0025479596, 0.0056691229, 0.0045280862], [0.0037035621, 0.0044413722, 0.0025479596, 0.0301834511, 0.0082520177, 0.0082415399], [0.0061195154, 0.0043514431, 0.0056691229, 0.0082520177, 0.0192339919, 0.011064158], [0.0061091626, 0.0049452462, 0.0045280862, 0.0082415399, 0.011064158, 0.0192450683]]",0.34999999999999998,,,,,,,"{""params"": {""w"": 0.5, ""rho"": 0.35, ""N"": 4.0, ""phase"": 0.3333333333333333, ""gradient"": 0.05, ""a_z"": 1.0, ""wall"": 0.5, ""n"": 32, ""kind"": ""network"", ""k_s"": 130.0, ""k_f"": 0.4, ""E"": 70000000000.0, ""nu"": 0.33, ""tol"": 1e-08, ""preconditioner"": ""two_level""}, ""params_json"": ""{\""E\"": 70000000000.0, \""N\"": 4.0, \""a_z\"": 1.0, \""gradient\"": 0.05, \""k_f\"": 0.4, \""k_s\"": 130.0, \""kind\"": \""network\"", \""n\"": 32, \""nu\"": 0.33, \""phase\"": 0.3333333333333333, \""preconditioner\"": \""two_level\"", \""rho\"": 0.35, \""tol\"": 1e-08, \""w\"": 0.5, \""wall\"": 0.5}"", ""voxlat_version"": ""0.1.0"", ""git_hash"": ""0977f9f913f3+dirty"", ""resolution"": 32, ""wall_time_s"": 53.229571773000316, ""timestamp_utc"": ""2026-10-09T16:57:22+00:00"", ""python"": ""3.13.16"", ""numpy"": ""2.5.3"", ""platform"": ""Linux-6.18.44-fc-v80-x86_64-with-glibc2.39"", ""extra"": {}}",graded
B0.50-r0.350-N4-p0.3333-g0.075-az1.0000-tw0.500-n32,0.5,0.34999999999999998,4,0.33333333333333331,0.074999999999999997,1,0.5,32,network,B0.50,95c011af0755,ok,,128,16,4,4.5,0.3474884033203125,0.13330078125,0.5166015625,-0.029612922617962445,-0.063986845882521903,-0.072348548906676413,-0.055629078063422432,0.033735190120044667,0.049600216635391936,0.076346338776503986,0.022775935600380715,0.054476971540582841,0.052116403725176008,54.275664268999208,0.10400580030806802,0.0043597892919585947,0.0043198249265418206,0.0043997536573753687,0.025123801705328217,0.017590859349224854,0.018065432093818251,0.017116286604631457,0.035820464475022226,0.067063884975018487,0.00012572178202722921,"[[0.0251238017, 0.0066171683, 0.0063362494, 0.002946392, 0.0041404038, 0.0055937783], [0.0066171683, 0.0643988001, 0.0198335961, 0.0022236125, 0.0034100127, 0.0045525679], [0.0063362494, 0.0198335961, 0.0697289699, 2.94265e-05, 0.0034487806, 0.0032313439], [0.002946392, 0.0022236125, 2.94265e-05, 0.0358204645, 0.0073570026, 0.0070080726], [0.0041404038, 0.0034100127, 0.0034487806, 0.0073570026, 0.0171162866, 0.0094921063], [0.0055937783, 0.0045525679, 0.0032313439, 0.0070080726, 0.0094921063, 0.0180654321]]",0.3474884033203125,0.92630125400046381,15.655960510000114,37.636026854000193,128,359,272,0.10717970460680543,0.0046578290836833706,0.0046567327862749577,0.0046589253810917835,0.024303904854405377,0.016759580524491766,0.016784032651008456,0.016735128397975078,0.033969887860793017,0.063741887055052779,0.0002341554231687898,"[[0.0243039049, 0.0063881139, 0.0065274882, 0.0028818729, 0.0053218043, 0.0052816651], [0.0063881139, 0.0634770635, 0.0177776002, 0.0034441386, 0.003546382, 0.004045708], [0.0065274882, 0.0177776002, 0.0640067107, 0.0013810677, 0.0046381648, 0.0037342713], [0.0028818729, 0.0034441386, 0.0013810677, 0.0339698879, 0.0067903019, 0.006792452], [0.0053218043, 0.003546382, 0.0046381648, 0.0067903019, 0.0167351284, 0.0100217822], [0.0052816651, 0.004045708, 0.0037342713, 0.006792452, 0.0100217822, 0.0167840327]]",0.34999999999999998,,,,,,,"{""params"": {""w"": 0.5, ""rho"": 0.35, ""N"": 4.0, ""phase"": 0.3333333333333333, ""gradient"": 0.075, ""a_z"": 1.0, ""wall"": 0.5, ""n"": 32, ""kind"": ""network"", ""k_s"": 130.0, ""k_f"": 0.4, ""E"": 70000000000.0, ""nu"": 0.33, ""tol"": 1e-08, ""preconditioner"": ""two_level""}, ""params_json"": ""{\""E\"": 70000000000.0, \""N\"": 4.0, \""a_z\"": 1.0, \""gradient\"": 0.075, \""k_f\"": 0.4, \""k_s\"": 130.0, \""kind\"": \""network\"", \""n\"": 32, \""nu\"": 0.33, \""phase\"": 0.3333333333333333, \""preconditioner\"": \""two_level\"", \""rho\"": 0.35, \""tol\"": 1e-08, \""w\"": 0.5, \""wall\"": 0.5}"", ""voxlat_version"": ""0.1.0"", ""git_hash"": ""0977f9f913f3+dirty"", ""resolution"": 32, ""wall_time_s"": 54.27566426899921, ""timestamp_utc"": ""2026-10-09T16:58:18+00:00"", ""python"": ""3.13.16"", ""numpy"": ""2.5.3"", ""platform"": ""Linux-6.18.44-fc-v80-x86_64-with-glibc2.39"", ""extra"": {}}",graded
B0.50-r0.350-N4-p0.6667-g0.000-az1.0000-tw0.500-n32,0.5,0.34999999999999998,4,0.66666666666666663,0,1,0.5,32,network,B0.50,95c011af0755,ok,,128,16,4,4.5,0.350006103515625,0.351806640625,0.269775390625,0.0022174525392411049,-0.078966506274154691,-0.070162280433279878,-0.087763302868995696,0.041002098636016449,0.056012997837050271,0.065791836462865128,0.046247656122740954,0.1551390117495548,0.31966775342074394,59.305216063999978,0.10774811335377345,0.0037042613065008277,0.0037380921244421668,0.0036704304885594886,0.027446901463359371,0.019261730339474998,0.019426671816154536,0.019096788862795467,0.021162714477756125,0.035493387623422218,0.00011715358529799834,"[[0.0274469015, 0.0052999267, 0.0055062655, 0.0053673819, 0.0078822195, 0.0071295562], [0.0052999267, 0.0353646646, 0.0078028525, 0.007790267, 0.0059991096, 0.0079161829], [0.0055062655, 0.0078028525, 0.0356221107, 0.0079517275, 0.0076856582, 0.0057228377], [0.0053673819, 0.007790267, 0.0079517275, 0.0211627145, 0.0108191553, 0.0114467134], [0.0078822195, 0.0059991096, 0.0076856582, 0.0108191553, 0.0190967889, 0.0115992877], [0.0071295562, 0.0079161829, 0.0057228377, 0.0114467134, 0.0115992877, 0.0194266718]]",0.350006103515625,0.81789032299911923,15.976033124000423,42.458422830000018,126,352,306,0.10750971566178613,0.0040218529855152452,0.0040201553946252249,0.0040235505764052663,0.026365846427516285,0.018240050433969382,0.018227454134596772,0.018252646733341992,0.018320491527425275,0.026895699717916815,0.00014747285297425969,"[[0.0263658464, 0.0052214753, 0.0052722704, 0.0053834805, 0.0069622781, 0.0068457512], [0.0052214753, 0.0267188271, 0.0052439403, 0.0068594548, 0.0053815836, 0.0069490244], [0.0052722704, 0.0052439403, 0.0270725723, 0.0069380489, 0.0068551065, 0.0053220766], [0.0053834805, 0.0068594548, 0.0069380489, 0.0183204915, 0.0114230393, 0.0114357828], [0.0069622781, 0.0053815836, 0.0068551065, 0.0114230393, 0.0182526467, 0.0113876598], [0.0068457512, 0.0069490244, 0.0053220766, 0.0114357828, 0.0113876598, 0.0182274541]]",0.350006103515625,0.3581075699999019,1.97841390900021,4.2088199279996843,116,160,161,"{""params"": {""w"": 0.5, ""rho"": 0.35, ""N"": 4.0, ""phase"": 0.6666666666666666, ""gradient"": 0.0, ""a_z"": 1.0, ""wall"": 0.5, ""n"": 32, ""kind"": ""network"", ""k_s"": 130.0, ""k_f"": 0.4, ""E"": 70000000000.0, ""nu"": 0.33, ""tol"": 1e-08, ""preconditioner"": ""two_level""}, ""params_json"": ""{\""E\"": 70000000000.0, \""N\"": 4.0, \""a_z\"": 1.0, \""gradient\"": 0.0, \""k_f\"": 0.4, \""k_s\"": 130.0, \""kind\"": \""network\"", \""n\"": 32, \""nu\"": 0.33, \""phase\"": 0.6666666666666666, \""preconditioner\"": \""two_level\"", \""rho\"": 0.35, \""tol\"": 1e-08, \""w\"": 0.5, \""wall\"": 0.5}"", ""voxlat_version"": ""0.1.0"", ""git_hash"": ""0977f9f913f3+dirty"", ""resolution"": 32, ""wall_time_s"": 59.30521606399998, ""timestamp_utc"": ""2026-10-09T16:54:10+00:00"", ""python"": ""3.13.16"", ""numpy"": ""2.5.3"", ""platform"": ""Linux-6.18.44-fc-v80-x86_64-with-glibc2.39"", ""extra"": {}}",uniform
B0.50-r0.350-N4-p0.6667-g0.025-az1.0000-tw0.500-n32,0.5,0.34999999999999998,4,0.66666666666666663,0.025000000000000001,1,0.5,32,network,B0.50,95c011af0755,ok,,128,16,4,4.5,0.350677490234375,0.3076171875,0.3056640625,0.024097918628062542,-0.08862168811161697,-0.081573924909208562,-0.09567399647045316,0.094856129852600057,0.089583464652470024,0.08959566379740691,0.089571210132891599,0.11390695271779405,0.20523924376537495,50.344416441000249,0.11715759339273749,0.0037250133661976461,0.003755029243124782,0.0036949974892705097,0.034506845910606661,0.022134112432471827,0.022184482891116613,0.022083741973827037,0.028186345522995499,0.049555216029611091,0.00011255548885602662,"[[0.0345068459, 0.0093422135, 0.0089508032, 0.0050793277, 0.0073083538, 0.0073342137], [0.0093422135, 0.0511435814, 0.0137612025, 0.0075465151, 0.0052867833, 0.0060613415], [0.0089508032, 0.0137612025, 0.0479668506, 0.0069230044, 0.0067199411, 0.0056333244], [0.0050793277, 0.0075465151, 0.0069230044, 0.0281863455, 0.0093653116, 0.0099764974], [0.0073083538, 0.0052867833, 0.0067199411, 0.0093653116, 0.022083742, 0.0116020399], [0.0073342137, 0.0060613415, 0.0056333244, 0.0099764974, 0.0116020399, 0.0221844829]]",0.350677490234375,0.69844379700043646,16.540126967000106,33.045638732999578,135,359,243,0.114400772876961,0.0040872306457231675,0.0040885481640463841,0.0040859131273999509,0.031517242283926654,0.020314288120673391,0.020360289259779455,0.02026828698156732,0.02530403949290767,0.041116497231530609,0.00015697800995961682,"[[0.0315172423, 0.0081908062, 0.0082325823, 0.004606147, 0.0065470169, 0.0065783127], [0.0081908062, 0.0409554292, 0.0111820617, 0.005622518, 0.0049781822, 0.0057930449], [0.0082325823, 0.0111820617, 0.0412775653, 0.0044273979, 0.0064351128, 0.0051378944], [0.004606147, 0.005622518, 0.0044273979, 0.0253040395, 0.009782144, 0.0097838216], [0.0065470169, 0.0049781822, 0.0064351128, 0.009782144, 0.020268287, 0.011488529], [0.0065783127, 0.0057930449, 0.0051378944, 0.0097838216, 0.011488529, 0.0203602893]]",0.34999999999999998,,,,,,,"{""params"": {""w"": 0.5, ""rho"": 0.35, ""N"": 4.0, ""phase"": 0.6666666666666666, ""gradient"": 0.025, ""a_z"": 1.0, ""wall"": 0.5, ""n"": 32, ""kind"": ""network"", ""k_s"": 130.0, ""k_f"": 0.4, ""E"": 70000000000.0, ""nu"": 0.33, ""tol"": 1e-08, ""preconditioner"": ""two_level""}, ""params_json"": ""{\""E\"": 70000000000.0, \""N\"": 4.0, \""a_z\"": 1.0, \""gradient\"": 0.025, \""k_f\"": 0.4, \""k_s\"": 130.0, \""kind\"": \""network\"", \""n\"": 32, \""nu\"": 0.33, \""phase\"": 0.6666666666666666, \""preconditioner\"": \""two_level\"", \""rho\"": 0.35, \""tol\"": 1e-08, \""w\"": 0.5, \""wall\"": 0.5}"", ""voxlat_version"": ""0.1.0"", ""git_hash"": ""0977f9f913f3+dirty"", ""resolution"": 32, ""wall_time_s"": 50.34441644100025, ""timestamp_utc"": ""2026-10-09T16:56:29+00:00"", ""python"": ""3.13.16"", ""numpy"": ""2.5.3"", ""platform"": ""Linux-6.18.44-fc-v80-x86_64-with-glibc2.39"", ""extra"": {}}",graded
B0.50-r0.350-N4-p0.6667-g0.050-az1.0000-tw0.500-n32,0.5,0.34999999999999998,4,0.66666666666666663,0.050000000000000003,1,0.5,32,network,B0.50,95c011af0755,ok,,128,16,4,4.5,0.3511810302734375,0.26171875,0.346923828125,0.048377302915311171,-0.10082572886356678,-0.093847387059467491,-0.10781005147192868,0.12256918686669871,0.13298218539445461,0.15128503171119512,0.11460770975089751,0.10556672703184966,0.17740838294921768,48.573326585000359,0.11913506682426717,0.0038710550969939324,0.0039027687174799774,0.0038393414765078874,0.032723067746970994,0.021791404025886099,0.022186680141730471,0.02139612791004173,0.033437414664879546,0.06229140424909968,0.00011609222001659746,"[[0.0327230677, 0.0092493154, 0.0088261179, 0.0039973892, 0.0073899597, 0.0071188734], [0.0092493154, 0.0640786021, 0.0180261147, 0.0058470178, 0.0047577122, 0.0054216282], [0.0088261179, 0.0180261147, 0.0605042064, 0.0045603416, 0.0062637853, 0.0053825698], [0.0039973892, 0.0058470178, 0.0045603416, 0.0334374147, 0.0081706189, 0.0085547715], [0.0073899597, 0.0047577122, 0.0062637853, 0.0081706189, 0.0213961279, 0.0116030945], [0.0071188734, 0.0054216282, 0.0053825698, 0.0085547715, 0.0116030945, 0.0221866801]]",0.3511810302734375,0.73105096299968864,15.642520051999782,32.146472180000274,129,368,226,0.11363758686207556,0.0043051221784865448,0.0043069662458018005,0.0043032781111712881,0.029150156738496642,0.019233668725602504,0.019271231302949918,0.019196106148255093,0.03024459206967095,0.052905521271276991,0.00018653410991575754,"[[0.0291501567, 0.0078172968, 0.0079514115, 0.003703905, 0.0061319787, 0.0060909935], [0.0078172968, 0.0526496702, 0.0150240897, 0.0044099588, 0.0043477492, 0.0049404652], [0.0079514115, 0.0150240897, 0.0531613724, 0.0025176151, 0.0057060939, 0.0045522376], [0.003703905, 0.0044099588, 0.0025176151, 0.0302445921, 0.0082562291, 0.0082555198], [0.0061319787, 0.0043477492, 0.0057060939, 0.0082562291, 0.0191961061, 0.0110716619], [0.0060909935, 0.0049404652, 0.0045522376, 0.0082555198, 0.0110716619, 0.0192712313]]",0.34999999999999998,,,,,,,"{""params"": {""w"": 0.5, ""rho"": 0.35, ""N"": 4.0, ""phase"": 0.6666666666666666, ""gradient"": 0.05, ""a_z"": 1.0, ""wall"": 0.5, ""n"": 32, ""kind"": ""network"", ""k_s"": 130.0, ""k_f"": 0.4, ""E"": 70000000000.0, ""nu"": 0.33, ""tol"": 1e-08, ""preconditioner"": ""two_level""}, ""params_json"": ""{\""E\"": 70000000000.0, \""N\"": 4.0, \""a_z\"": 1.0, \""gradient\"": 0.05, \""k_f\"": 0.4, \""k_s\"": 130.0, \""kind\"": \""network\"", \""n\"": 32, \""nu\"": 0.33, \""phase\"": 0.6666666666666666, \""preconditioner\"": \""two_level\"", \""rho\"": 0.35, \""tol\"": 1e-08, \""w\"": 0.5, \""wall\"": 0.5}"", ""voxlat_version"": ""0.1.0"", ""git_hash"": ""0977f9f913f3+dirty"", ""resolution"": 32, ""wall_time_s"": 48.57332658500036, ""timestamp_utc"": ""2026-10-09T16:57:24+00:00"", ""python"": ""3.13.16"", ""numpy"": ""2.5.3"", ""platform"": ""Linux-6.18.44-fc-v80-x86_64-with-glibc2.39"", ""extra"": {}}",graded
B0.50-r0.350-N4-p0.6667-g0.075-az1.0000-tw0.500-n32,0.5,0.34999999999999998,4,0.66666666666666663,0.074999999999999997,1,0.5,32,network,B0.50,95c011af0755,ok,,128,16,4,4.5,0.3526763916015625,0.210693359375,0.399169921875,0.070271379565788106,-0.12027396187186801,-0.11593461179224696,-0.12461617681929404,0.17518834028606878,0.19528921467271387,0.21446684369706914,0.17605349010191929,0.10158345650243494,0.16901416841116257,50.47042072899967,0.11470478368537274,0.0040989123040477728,0.0041204899514585306,0.0040773346566370149,0.028567399519497348,0.020057575622825466,0.020410207581318261,0.019704943664332671,0.037387071522685805,0.074444586235718729,0.00013646271501909475,"[[0.0285673995, 0.0080667329, 0.0075706608, 0.0033102302, 0.0070598712, 0.0065358061], [0.0080667329, 0.0765775248, 0.0212002308, 0.0049754253, 0.0041889573, 0.0046295922], [0.0075706608, 0.0212002308, 0.0723116477, 0.003970026, 0.0052819967, 0.0044900853], [0.0033102302, 0.0049754253, 0.003970026, 0.0373870715, 0.0071858914, 0.0072871686], [0.0070598712, 0.0041889573, 0.0052819967, 0.0071858914, 0.0197049437, 0.0110512128], [0.0065358061, 0.0046295922, 0.0044900853, 0.0072871686, 0.0110512128, 0.0204102076]]",0.3526763916015625,0.8488696609992985,16.79874048199963,32.751260291000108,127,385,224,0.107173550442794,0.0046593054273684764,0.0046608429720474773,0.0046577678826894755,0.024308783996736527,0.016780520878637305,0.016805899384775041,0.01675514237249957,0.033939390885000247,0.063681508956301439,0.00023036569031663831,"[[0.024308784, 0.0064198435, 0.0065551734, 0.0029005163, 0.0053546605, 0.0053012176], [0.0064198435, 0.0633220933, 0.0177522667, 0.003390806, 0.0035639361, 0.0040474172], [0.0065551734, 0.0177522667, 0.0640409246, 0.0013269917, 0.0046864068, 0.0037731494], [0.0029005163, 0.003390806, 0.0013269917, 0.0339393909, 0.0068128023, 0.0068117675], [0.0053546605, 0.0035639361, 0.0046864068, 0.0068128023, 0.0167551424, 0.0100356189], [0.0053012176, 0.0040474172, 0.0037731494, 0.0068117675, 0.0100356189, 0.0168058994]]",0.34999999999999998,,,,,,,"{""params"": {""w"": 0.5, ""rho"": 0.35, ""N"": 4.0, ""phase"": 0.6666666666666666, ""gradient"": 0.075, ""a_z"": 1.0, ""wall"": 0.5, ""n"": 32, ""kind"": ""network"", ""k_s"": 130.0, ""k_f"": 0.4, ""E"": 70000000000.0, ""nu"": 0.33, ""tol"": 1e-08, ""preconditioner"": ""two_level""}, ""params_json"": ""{\""E\"": 70000000000.0, \""N\"": 4.0, \""a_z\"": 1.0, \""gradient\"": 0.075, \""k_f\"": 0.4, \""k_s\"": 130.0, \""kind\"": \""network\"", \""n\"": 32, \""nu\"": 0.33, \""phase\"": 0.6666666666666666, \""preconditioner\"": \""two_level\"", \""rho\"": 0.35, \""tol\"": 1e-08, \""w\"": 0.5, \""wall\"": 0.5}"", ""voxlat_version"": ""0.1.0"", ""git_hash"": ""0977f9f913f3+dirty"", ""resolution"": 32, ""wall_time_s"": 50.47042072899967, ""timestamp_utc"": ""2026-10-09T16:59:01+00:00"", ""python"": ""3.13.16"", ""numpy"": ""2.5.3"", ""platform"": ""Linux-6.18.44-fc-v80-x86_64-with-glibc2.39"", ""extra"": {}}",graded
B0.50-r0.350-N6-p0.0000-g0.000-az1.0000-tw0.500-n32,0.5,0.34999999999999998,6,0,0,1,0.5,32,network,B0.50,95c011af0755,ok,,192,16,6,6.5,0.350006103515625,0.410888671875,0.37060546875,0.0037756586394250835,-0.034628386066728356,-0.043284582522994275,-0.025972189610462659,0.034849444050370604,0.033418227207321127,0.043803758301577789,0.023032696113064244,0.15015470565771438,0.25524304340159709,101.69852678100006,0.10832745277210684,0.0038596332441736868,0.0038250250755384207,0.0038942414128089525,0.027568566685993591,0.018920046344588177,0.019110186913472601,0.018729905775703753,0.021057283258198615,0.03343988997443121,0.00019103944583761693,"[[0.0275685667, 0.0059645469, 0.005510392, 0.0055493522, 0.0070239103, 0.0078157267], [0.0059645469, 0.0335914094, 0.0076908498, 0.0063503223, 0.006136552, 0.0078317693], [0.005510392, 0.0076908498, 0.0332883705, 0.0060682593, 0.0067430344, 0.0054866059], [0.0055493522, 0.0063503223, 0.0060682593, 0.0210572833, 0.0113961721, 0.0114868031], [0.0070239103, 0.006136552, 0.0067430344, 0.0113961721, 0.0187299058, 0.0116075157], [0.0078157267, 0.0078317693, 0.0054866059, 0.0114868031, 0.0116075157, 0.0191101869]]",0.350006103515625,1.2903022039999996,31.578938445999938,68.805087862999699,134,443,344,0.1079199837530829,0.0039980803127700748,0.0039980803127700757,0.0039980803127700748,0.026640171519144877,0.018308218150667955,0.01830821815066817,0.018308218150667736,0.018308218150667858,0.026640171519144277,0.00014684781801497298,"[[0.0266401715, 0.005472992, 0.005472992, 0.0055192853, 0.0070672874, 0.0069969727], [0.005472992, 0.0266401715, 0.005472992, 0.0069969727, 0.0055192853, 0.0070672874], [0.005472992, 0.005472992, 0.0266401715, 0.0070672874, 0.0069969727, 0.0055192853], [0.0055192853, 0.0069969727, 0.0070672874, 0.0183082182, 0.0114712995, 0.0114712995], [0.0070672874, 0.0055192853, 0.0069969727, 0.0114712995, 0.0183082182, 0.0114712995], [0.0069969727, 0.0070672874, 0.0055192853, 0.0114712995, 0.0114712995, 0.0183082182]]",0.350006103515625,0.14489948299979005,1.9311008550002953,5.1609783220001191,113,159,153,"{""params"": {""w"": 0.5, ""rho"": 0.35, ""N"": 6.0, ""phase"": 0.0, ""gradient"": 0.0, ""a_z"": 1.0, ""wall"": 0.5, ""n"": 32, ""kind"": ""network"", ""k_s"": 130.0, ""k_f"": 0.4, ""E"": 70000000000.0, ""nu"": 0.33, ""tol"": 1e-08, ""preconditioner"": ""two_level""}, ""params_json"": ""{\""E\"": 70000000000.0, \""N\"": 6.0, \""a_z\"": 1.0, \""gradient\"": 0.0, \""k_f\"": 0.4, \""k_s\"": 130.0, \""kind\"": \""network\"", \""n\"": 32, \""nu\"": 0.33, \""phase\"": 0.0, \""preconditioner\"": \""two_level\"", \""rho\"": 0.35, \""tol\"": 1e-08, \""w\"": 0.5, \""wall\"": 0.5}"", ""voxlat_version"": ""0.1.0"", ""git_hash"": ""0977f9f913f3+dirty"", ""resolution"": 32, ""wall_time_s"": 101.69852678100006, ""timestamp_utc"": ""2026-10-09T16:39:50+00:00"", ""python"": ""3.13.16"", ""numpy"": ""2.5.3"", ""platform"": ""Linux-6.18.44-fc-v80-x86_64-with-glibc2.39"", ""extra"": {}}",uniform
B0.50-r0.350-N6-p0.3333-g0.000-az1.0000-tw0.500-n32,0.5,0.34999999999999998,6,0.33333333333333331,0,1,0.5,32,network,B0.50,95c011af0755,ok,,192,16,6,6.5,0.350006103515625,0.34375,0.36376953125,0.048314445870350164,-0.035314346776484928,-0.032164701084392844,-0.038448369403345284,0.067215747141889715,0.068248075436977862,0.075685087556877306,0.060836810448990697,0.1519812666830147,0.24993730934379332,90.751213276000271,0.11250288784670062,0.0038621411633860247,0.0038651170611229422,0.0038591652656491068,0.028079051538060517,0.019388576861846536,0.019489703619021231,0.019287450104671835,0.02104026227226638,0.033367869961804041,7.9189527589099433e-05,"[[0.0280790515, 0.0058578827, 0.0057639867, 0.0052819576, 0.0067752282, 0.0070974983], [0.0058578827, 0.0326010312, 0.0072479203, 0.0074512053, 0.0050368412, 0.0068205475], [0.0057639867, 0.0072479203, 0.0341347087, 0.0074573031, 0.0060457092, 0.0047764996], [0.0052819576, 0.0074512053, 0.0074573031, 0.0210402623, 0.0110288139, 0.010897261], [0.0067752282, 0.0050368412, 0.0060457092, 0.0110288139, 0.0192874501, 0.0115359882], [0.0070974983, 0.0068205475, 0.0047764996, 0.010897261, 0.0115359882, 0.0194897036]]",0.350006103515625,1.0451444440000159,30.624787368999932,59.052255328000228,128,453,301,0.10731788376081804,0.0040035229615788398,0.0039935690147420121,0.0040134769084156684,0.026310567111906869,0.018149882323837036,0.01811841015969342,0.018181354487980653,0.018264413563641686,0.02669563482293516,0.00013847088286398591,"[[0.0263105671, 0.0052854732, 0.0052240966, 0.0053863174, 0.0069543345, 0.0068664149], [0.0052854732, 0.0265083162, 0.0052503225, 0.0068714458, 0.0053629374, 0.0069591845], [0.0052240966, 0.0052503225, 0.0268829535, 0.0069200006, 0.0067676094, 0.0052933701], [0.0053863174, 0.0068714458, 0.0069200006, 0.0182644136, 0.0113909258, 0.01137418], [0.0069543345, 0.0053629374, 0.0067676094, 0.0113909258, 0.0181813545, 0.0113498845], [0.0068664149, 0.0069591845, 0.0052933701, 0.01137418, 0.0113498845, 0.0181184102]]",0.350006103515625,0.13672598099992683,1.8692630079999617,4.9496425469997121,116,160,161,"{""params"": {""w"": 0.5, ""rho"": 0.35, ""N"": 6.0, ""phase"": 0.3333333333333333, ""gradient"": 0.0, ""a_z"": 1.0, ""wall"": 0.5, ""n"": 32, ""kind"": ""network"", ""k_s"": 130.0, ""k_f"": 0.4, ""E"": 70000000000.0, ""nu"": 0.33, ""tol"": 1e-08, ""preconditioner"": ""two_level""}, ""params_json"": ""{\""E\"": 70000000000.0, \""N\"": 6.0, \""a_z\"": 1.0, \""gradient\"": 0.0, \""k_f\"": 0.4, \""k_s\"": 130.0, \""kind\"": \""network\"", \""n\"": 32, \""nu\"": 0.33, \""phase\"": 0.3333333333333333, \""preconditioner\"": \""two_level\"", \""rho\"": 0.35, \""tol\"": 1e-08, \""w\"": 0.5, \""wall\"": 0.5}"", ""voxlat_version"": ""0.1.0"", ""git_hash"": ""0977f9f913f3+dirty"", ""resolution"": 32, ""wall_time_s"": 90.75121327600027, ""timestamp_utc"": ""2026-10-09T16:39:51+00:00"", ""python"": ""3.13.16"", ""numpy"": ""2.5.3"", ""platform"": ""Linux-6.18.44-fc-v80-x86_64-with-glibc2.39"", ""extra"": {}}",uniform
B0.50-r0.350-N6-p0.6667-g0.000-az1.0000-tw0.500-n32,0.5,0.34999999999999998,6,0.66666666666666663,0,1,0.5,32,network,B0.50,95c011af0755,ok,,192,16,6,6.5,0.350006103515625,0.351806640625,0.269775390625,0.0014772098119444355,-0.053100453195473851,-0.047207686764246359,-0.058988247149571738,0.026670791580521769,0.036328001881526184,0.042625887582994348,0.030038808623939373,0.10302214162006562,0.21273043083184606,98.855513175999931,0.10766853006864109,0.0038082907692988163,0.0038303731580121621,0.0037862083805854708,0.027069044422428613,0.018902675020453754,0.019004415545462276,0.018800934495445228,0.020207907800112893,0.032617233506433224,0.00012542532053661654,"[[0.0270690444, 0.0052723142, 0.0054189916, 0.0053804842, 0.0075596984, 0.0070386732], [0.0052723142, 0.0324707618, 0.0069448165, 0.0074805192, 0.0057923065, 0.0075801205], [0.0054189916, 0.0069448165, 0.0327637052, 0.0076207713, 0.0074001509, 0.0055894439], [0.0053804842, 0.0074805192, 0.0076207713, 0.0202079078, 0.0110279902, 0.0114367331], [0.0075596984, 0.0057923065, 0.0074001509, 0.0110279902, 0.0188009345, 0.0115331445], [0.0070386732, 0.0075801205, 0.0055894439, 0.0114367331, 0.0115331445, 0.0190044155]]",0.350006103515625,1.1897211510004126,29.658618683999975,67.970834673000354,126,432,342,0.10750971566178613,0.0040218529855152452,0.0040201553946252249,0.0040235505764052663,0.026365846427516285,0.018240050433969382,0.018227454134596772,0.018252646733341992,0.018320491527425275,0.026895699717916815,0.00014747285297425969,"[[0.0263658464, 0.0052214753, 0.0052722704, 0.0053834805, 0.0069622781, 0.0068457512], [0.0052214753, 0.0267188271, 0.0052439403, 0.0068594548, 0.0053815836, 0.0069490244], [0.0052722704, 0.0052439403, 0.0270725723, 0.0069380489, 0.0068551065, 0.0053220766], [0.0053834805, 0.0068594548, 0.0069380489, 0.0183204915, 0.0114230393, 0.0114357828], [0.0069622781, 0.0053815836, 0.0068551065, 0.0114230393, 0.0182526467, 0.0113876598], [0.0068457512, 0.0069490244, 0.0053220766, 0.0114357828, 0.0113876598, 0.0182274541]]",0.350006103515625,0.3581075699999019,1.97841390900021,4.2088199279996843,116,160,161,"{""params"": {""w"": 0.5, ""rho"": 0.35, ""N"": 6.0, ""phase"": 0.6666666666666666, ""gradient"": 0.0, ""a_z"": 1.0, ""wall"": 0.5, ""n"": 32, ""kind"": ""network"", ""k_s"": 130.0, ""k_f"": 0.4, ""E"": 70000000000.0, ""nu"": 0.33, ""tol"": 1e-08, ""preconditioner"": ""two_level""}, ""params_json"": ""{\""E\"": 70000000000.0, \""N\"": 6.0, \""a_z\"": 1.0, \""gradient\"": 0.0, \""k_f\"": 0.4, \""k_s\"": 130.0, \""kind\"": \""network\"", \""n\"": 32, \""nu\"": 0.33, \""phase\"": 0.6666666666666666, \""preconditioner\"": \""two_level\"", \""rho\"": 0.35, \""tol\"": 1e-08, \""w\"": 0.5, \""wall\"": 0.5}"", ""voxlat_version"": ""0.1.0"", ""git_hash"": ""0977f9f913f3+dirty"", ""resolution"": 32, ""wall_time_s"": 98.85551317599993, ""timestamp_utc"": ""2026-10-09T16:41:29+00:00"", ""python"": ""3.13.16"", ""numpy"": ""2.5.3"", ""platform"": ""Linux-6.18.44-fc-v80-x86_64-with-glibc2.39"", ""extra"": {}}",uniform
B0.50-r0.350-N8-p0.0000-g0.000-az1.0000-tw0.500-n32,0.5,0.34999999999999998,8,0,0,1,0.5,32,network,B0.50,95c011af0755,ok,,256,16,8,8.5,0.350006103515625,0.410888671875,0.37060546875,0.0028290735755469587,-0.026307294235697332,-0.032799434732464827,-0.019815153738930058,0.025528975846202062,0.02468685943291149,0.032225892595178163,0.017147826270644595,0.11260853866451614,0.19129207672186488,132.75449913400007,0.10822529732739222,0.0038929016376040835,0.0038669455384962208,0.0039188577367119462,0.027320267814395803,0.018760190558620573,0.018898216822400695,0.018622164294840447,0.020369879842165737,0.031736225253268066,0.00017865026122776268,"[[0.0273202678, 0.0058356737, 0.0054985553, 0.0055406719, 0.0070377446, 0.0075975871], [0.0058356737, 0.031847135, 0.0071370573, 0.0065120093, 0.0059806073, 0.007634534], [0.0054985553, 0.0071370573, 0.0316253155, 0.0063176558, 0.0068080186, 0.005493144], [0.0055406719, 0.0065120093, 0.0063176558, 0.0203698798, 0.0114154684, 0.0114820853], [0.0070377446, 0.0059806073, 0.0068080186, 0.0114154684, 0.0186221643, 0.0115752053], [0.0075975871, 0.007634534, 0.005493144, 0.0114820853, 0.0115752053, 0.0188982168]]",0.350006103515625,1.6676094289996399,47.534136171999762,83.518362313000125,134,478,343,0.1079199837530829,0.0039980803127700748,0.0039980803127700757,0.0039980803127700748,0.026640171519144877,0.018308218150667955,0.01830821815066817,0.018308218150667736,0.018308218150667858,0.026640171519144277,0.00014684781801497298,"[[0.0266401715, 0.005472992, 0.005472992, 0.0055192853, 0.0070672874, 0.0069969727], [0.005472992, 0.0266401715, 0.005472992, 0.0069969727, 0.0055192853, 0.0070672874], [0.005472992, 0.005472992, 0.0266401715, 0.0070672874, 0.0069969727, 0.0055192853], [0.0055192853, 0.0069969727, 0.0070672874, 0.0183082182, 0.0114712995, 0.0114712995], [0.0070672874, 0.0055192853, 0.0069969727, 0.0114712995, 0.0183082182, 0.0114712995], [0.0069969727, 0.0070672874, 0.0055192853, 0.0114712995, 0.0114712995, 0.0183082182]]",0.350006103515625,0.14489948299979005,1.9311008550002953,5.1609783220001191,113,159,153,"{""params"": {""w"": 0.5, ""rho"": 0.35, ""N"": 8.0, ""phase"": 0.0, ""gradient"": 0.0, ""a_z"": 1.0, ""wall"": 0.5, ""n"": 32, ""kind"": ""network"", ""k_s"": 130.0, ""k_f"": 0.4, ""E"": 70000000000.0, ""nu"": 0.33, ""tol"": 1e-08, ""preconditioner"": ""two_level""}, ""params_json"": ""{\""E\"": 70000000000.0, \""N\"": 8.0, \""a_z\"": 1.0, \""gradient\"": 0.0, \""k_f\"": 0.4, \""k_s\"": 130.0, \""kind\"": \""network\"", \""n\"": 32, \""nu\"": 0.33, \""phase\"": 0.0, \""preconditioner\"": \""two_level\"", \""rho\"": 0.35, \""tol\"": 1e-08, \""w\"": 0.5, \""wall\"": 0.5}"", ""voxlat_version"": ""0.1.0"", ""git_hash"": ""0977f9f913f3+dirty"", ""resolution"": 32, ""wall_time_s"": 132.75449913400007, ""timestamp_utc"": ""2026-10-09T16:32:37+00:00"", ""python"": ""3.13.16"", ""numpy"": ""2.5.3"", ""platform"": ""Linux-6.18.44-fc-v80-x86_64-with-glibc2.39"", ""extra"": {}}",uniform
B0.50-r0.350-N8-p0.0000-g0.000-az1.0000-tw0.500-n48,0.5,0.34999999999999998,8,0,0,1,0.5,48,network,B0.50,95c011af0755,ok,,384,24,8,8.5,0.34999819155092593,0.41442418981481483,0.37044270833333331,0.0025271667239563644,-0.026302783142236219,-0.032715424019703621,-0.019890142264403221,0.024394254966611628,0.02408506141208111,0.031649392137665933,0.016520730686496066,0.1118429315062579,0.1845095259040348,388.03102283599947,0.11151946107843849,0.0039007051959767808,0.003875015668421401,0.0039263947235321601,0.027784751447239978,0.018792578684799797,0.018931388717008089,0.018653768652591503,0.020402988543412267,0.032127574519834938,0.00018293466814683177,"[[0.0277847514, 0.0057023661, 0.0053551198, 0.0054429368, 0.007044492, 0.0075460116], [0.0057023661, 0.0322683669, 0.0069849072, 0.0064265801, 0.0058790988, 0.0076232179], [0.0053551198, 0.0069849072, 0.0319867822, 0.006297189, 0.0067645212, 0.0053937228], [0.0054429368, 0.0064265801, 0.006297189, 0.0204029885, 0.0113740591, 0.0114439467], [0.007044492, 0.0058790988, 0.0067645212, 0.0113740591, 0.0186537687, 0.0115228094], [0.0075460116, 0.0076232179, 0.0053937228, 0.0114439467, 0.0115228094, 0.0189313887]]",0.34999819155092593,5.4530584189997171,151.29186491800101,211.98050197700104,114,431,200,0.11123834323897692,0.0040060761481529325,0.0040060761482671832,0.0040060761480386819,0.027123103543904171,0.018350603277902774,0.018350603277902999,0.018350603277902545,0.018350603277903221,0.027123103543903297,0.00015050204058728221,"[[0.0271231035, 0.0053359149, 0.0053359149, 0.0054176187, 0.0070769786, 0.0069458193], [0.0053359149, 0.0271231035, 0.0053359149, 0.0069458193, 0.0054176187, 0.0070769786], [0.0053359149, 0.0053359149, 0.0271231035, 0.0070769786, 0.0069458193, 0.0054176187], [0.0054176187, 0.0069458193, 0.0070769786, 0.0183506033, 0.0114284402, 0.0114284402], [0.0070769786, 0.0054176187, 0.0069458193, 0.0114284402, 0.0183506033, 0.0114284402], [0.0069458193, 0.0070769786, 0.0054176187, 0.0114284402, 0.0114284402, 0.0183506033]]",0.34999819155092593,0.65643092999926012,6.8664502450010332,11.587860667999848,114,153,123,"{""params"": {""w"": 0.5, ""rho"": 0.35, ""N"": 8.0, ""phase"": 0.0, ""gradient"": 0.0, ""a_z"": 1.0, ""wall"": 0.5, ""n"": 48, ""kind"": ""network"", ""k_s"": 130.0, ""k_f"": 0.4, ""E"": 70000000000.0, ""nu"": 0.33, ""tol"": 1e-08, ""preconditioner"": ""two_level""}, ""params_json"": ""{\""E\"": 70000000000.0, \""N\"": 8.0, \""a_z\"": 1.0, \""gradient\"": 0.0, \""k_f\"": 0.4, \""k_s\"": 130.0, \""kind\"": \""network\"", \""n\"": 48, \""nu\"": 0.33, \""phase\"": 0.0, \""preconditioner\"": \""two_level\"", \""rho\"": 0.35, \""tol\"": 1e-08, \""w\"": 0.5, \""wall\"": 0.5}"", ""voxlat_version"": ""0.1.0"", ""git_hash"": ""0977f9f913f3+dirty"", ""resolution"": 48, ""wall_time_s"": 388.03102283599947, ""timestamp_utc"": ""2026-10-09T18:28:13+00:00"", ""python"": ""3.13.16"", ""numpy"": ""2.5.3"", ""platform"": ""Linux-6.18.44-fc-v80-x86_64-with-glibc2.39"", ""extra"": {}}",
B0.50-r0.350-N8-p0.3333-g0.000-az1.0000-tw0.500-n32,0.5,0.34999999999999998,8,0.33333333333333331,0,1,0.5,32,network,B0.50,95c011af0755,ok,,256,16,8,8.5,0.350006103515625,0.34375,0.36376953125,0.03580337929503119,-0.026809992065338628,-0.024428481554942039,-0.02917968966161999,0.049393376737953076,0.049954930804393838,0.055307047585037905,0.044621343193064211,0.11385180783474902,0.18715997468398227,119.76189520299977,0.11116022665824668,0.0038961885427455101,0.0038960121877269988,0.0038963648977640214,0.027610134865454484,0.019056558439432207,0.019120485932560816,0.018992630946303594,0.020343850066903802,0.031691989160568534,9.2723633934217281e-05,"[[0.0276101349, 0.0057043287, 0.0056165406, 0.005307549, 0.0068314808, 0.0070348512], [0.0057043287, 0.031073027, 0.0067417273, 0.0073048386, 0.005125126, 0.0068552389], [0.0056165406, 0.0067417273, 0.0323109513, 0.0073194329, 0.006236859, 0.0049094106], [0.005307549, 0.0073048386, 0.0073194329, 0.0203438501, 0.0111216877, 0.011022493], [0.0068314808, 0.005125126, 0.006236859, 0.0111216877, 0.0189926309, 0.0114971179], [0.0070348512, 0.0068552389, 0.0049094106, 0.011022493, 0.0114971179, 0.0191204859]]",0.350006103515625,1.8052711989998897,47.337501102999795,70.57518473600021,128,514,300,0.10731788376081804,0.0040035229615788398,0.0039935690147420121,0.0040134769084156684,0.026310567111906869,0.018149882323837036,0.01811841015969342,0.018181354487980653,0.018264413563641686,0.02669563482293516,0.00013847088286398591,"[[0.0263105671, 0.0052854732, 0.0052240966, 0.0053863174, 0.0069543345, 0.0068664149], [0.0052854732, 0.0265083162, 0.0052503225, 0.0068714458, 0.0053629374, 0.0069591845], [0.0052240966, 0.0052503225, 0.0268829535, 0.0069200006, 0.0067676094, 0.0052933701], [0.0053863174, 0.0068714458, 0.0069200006, 0.0182644136, 0.0113909258, 0.01137418], [0.0069543345, 0.0053629374, 0.0067676094, 0.0113909258, 0.0181813545, 0.0113498845], [0.0068664149, 0.0069591845, 0.0052933701, 0.01137418, 0.0113498845, 0.0181184102]]",0.350006103515625,0.13672598099992683,1.8692630079999617,4.9496425469997121,116,160,161,"{""params"": {""w"": 0.5, ""rho"": 0.35, ""N"": 8.0, ""phase"": 0.3333333333333333, ""gradient"": 0.0, ""a_z"": 1.0, ""wall"": 0.5, ""n"": 32, ""kind"": ""network"", ""k_s"": 130.0, ""k_f"": 0.4, ""E"": 70000000000.0, ""nu"": 0.33, ""tol"": 1e-08, ""preconditioner"": ""two_level""}, ""params_json"": ""{\""E\"": 70000000000.0, \""N\"": 8.0, \""a_z\"": 1.0, \""gradient\"": 0.0, \""k_f\"": 0.4, \""k_s\"": 130.0, \""kind\"": \""network\"", \""n\"": 32, \""nu\"": 0.33, \""phase\"": 0.3333333333333333, \""preconditioner\"": \""two_level\"", \""rho\"": 0.35, \""tol\"": 1e-08, \""w\"": 0.5, \""wall\"": 0.5}"", ""voxlat_version"": ""0.1.0"", ""git_hash"": ""0977f9f913f3+dirty"", ""resolution"": 32, ""wall_time_s"": 119.76189520299977, ""timestamp_utc"": ""2026-10-09T16:33:47+00:00"", ""python"": ""3.13.16"", ""numpy"": ""2.5.3"", ""platform"": ""Linux-6.18.44-fc-v80-x86_64-with-glibc2.39"", ""extra"": {}}",uniform
B0.50-r0.350-N8-p0.6667-g0.000-az1.0000-tw0.500-n32,0.5,0.34999999999999998,8,0.66666666666666663,0,1,0.5,32,network,B0.50,95c011af0755,ok,,256,16,8,8.5,0.350006103515625,0.351806640625,0.269775390625,0.0011074983570984465,-0.040166745827673767,-0.035729667008563171,-0.04460008051858777,0.019765221956067336,0.026884297291863035,0.031529313746806453,0.022245691963887815,0.07712085249809042,0.1594087001768032,130.89357829099981,0.10762878249525369,0.0038603082388897836,0.0038765165810525867,0.003844099896726981,0.026886973234215728,0.01873042137245479,0.018802153254811996,0.018658689490097583,0.019733383452204354,0.031183108250295549,0.00012955250357882221,"[[0.0268869732, 0.0052589959, 0.005378981, 0.0053839712, 0.0074046635, 0.0069916377], [0.0052589959, 0.0310284264, 0.0065176839, 0.0073255211, 0.0056892008, 0.007417443], [0.005378981, 0.0065176839, 0.0313377901, 0.0074526141, 0.0072607801, 0.0055225979], [0.0053839712, 0.0073255211, 0.0074526141, 0.0197333835, 0.0111294257, 0.0114342915], [0.0074046635, 0.0056892008, 0.0072607801, 0.0111294257, 0.0186586895, 0.0114982245], [0.0069916377, 0.007417443, 0.0055225979, 0.0114342915, 0.0114982245, 0.0188021533]]",0.350006103515625,1.4760563179997916,45.084722788999898,84.294650869999714,126,464,340,0.10750971566178613,0.0040218529855152452,0.0040201553946252249,0.0040235505764052663,0.026365846427516285,0.018240050433969382,0.018227454134596772,0.018252646733341992,0.018320491527425275,0.026895699717916815,0.00014747285297425969,"[[0.0263658464, 0.0052214753, 0.0052722704, 0.0053834805, 0.0069622781, 0.0068457512], [0.0052214753, 0.0267188271, 0.0052439403, 0.0068594548, 0.0053815836, 0.0069490244], [0.0052722704, 0.0052439403, 0.0270725723, 0.0069380489, 0.0068551065, 0.0053220766], [0.0053834805, 0.0068594548, 0.0069380489, 0.0183204915, 0.0114230393, 0.0114357828], [0.0069622781, 0.0053815836, 0.0068551065, 0.0114230393, 0.0182526467, 0.0113876598], [0.0068457512, 0.0069490244, 0.0053220766, 0.0114357828, 0.0113876598, 0.0182274541]]",0.350006103515625,0.3581075699999019,1.97841390900021,4.2088199279996843,116,160,161,"{""params"": {""w"": 0.5, ""rho"": 0.35, ""N"": 8.0, ""phase"": 0.6666666666666666, ""gradient"": 0.0, ""a_z"": 1.0, ""wall"": 0.5, ""n"": 32, ""kind"": ""network"", ""k_s"": 130.0, ""k_f"": 0.4, ""E"": 70000000000.0, ""nu"": 0.33, ""tol"": 1e-08, ""preconditioner"": ""two_level""}, ""params_json"": ""{\""E\"": 70000000000.0, \""N\"": 8.0, \""a_z\"": 1.0, \""gradient\"": 0.0, \""k_f\"": 0.4, \""k_s\"": 130.0, \""kind\"": \""network\"", \""n\"": 32, \""nu\"": 0.33, \""phase\"": 0.6666666666666666, \""preconditioner\"": \""two_level\"", \""rho\"": 0.35, \""tol\"": 1e-08, \""w\"": 0.5, \""wall\"": 0.5}"", ""voxlat_version"": ""0.1.0"", ""git_hash"": ""0977f9f913f3+dirty"", ""resolution"": 32, ""wall_time_s"": 130.8935782909998, ""timestamp_utc"": ""2026-10-09T16:34:48+00:00"", ""python"": ""3.13.16"", ""numpy"": ""2.5.3"", ""platform"": ""Linux-6.18.44-fc-v80-x86_64-with-glibc2.39"", ""extra"": {}}",uniform
B0.50-r0.450-N1-p0.0000-g0.000-az1.0000-tw0.500-n32,0.5,0.45000000000000001,1,0,0,1,0.5,32,network,B0.50,95c011af0755,ok,,32,16,1,1.5,0.45001220703125,0.501953125,0.436279296875,-0.014833445136300361,-0.24583276538074439,-0.32836246413610026,-0.16330306662538852,0.036774886770531534,0.063063597920757442,0.045812274178176127,0.080314921663338756,0.10105735779123681,0.19347809636421931,12.493876333000117,0.22582473229982741,0.0015931241976515761,0.0014187861276896386,0.0017674622676135134,0.16163607505901614,0.07220421526206991,0.071032490169139165,0.073375940355000641,0.074784784873962853,0.18606653925242739,0.00017507891647955079,"[[0.1616360751, 0.0596518128, 0.0587303455, 0.0041022084, -0.0053138282, 0.0037634038], [0.0596518128, 0.1835311508, 0.0627264392, 0.004153562, 0.0035331767, 0.0017586138], [0.0587303455, 0.0627264392, 0.1886019277, 0.0005954313, -0.0008156793, -0.0025823258], [0.0041022084, 0.004153562, 0.0005954313, 0.0747847849, -0.0015003277, 0.0030398114], [-0.0053138282, 0.0035331767, -0.0008156793, -0.0015003277, 0.0733759404, 0.0082010443], [0.0037634038, 0.0017586138, -0.0025823258, 0.0030398114, 0.0082010443, 0.0710324902]]",0.45001220703125,0.33982535900031507,2.2192041929993138,9.8931750469992039,101,261,128,0.2292249276885682,0.0021124282844982934,0.0021124282844982934,0.0021124282844982934,0.15590276840375564,0.067920880183738666,0.06792088018373868,0.067920880183738652,0.067920880183739013,0.15590276840375678,3.8731552395599009e-05,"[[0.1559027684, 0.0611946113, 0.0611946113, 0.0018274461, -0.0034533273, 0.0021376564], [0.0611946113, 0.1559027684, 0.0611946113, 0.0021376564, 0.0018274461, -0.0034533273], [0.0611946113, 0.0611946113, 0.1559027684, -0.0034533273, 0.0021376564, 0.0018274461], [0.0018274461, 0.0021376564, -0.0034533273, 0.0679208802, 0.0039258637, 0.0039258637], [-0.0034533273, 0.0018274461, 0.0021376564, 0.0039258637, 0.0679208802, 0.0039258637], [0.0021376564, -0.0034533273, 0.0018274461, 0.0039258637, 0.0039258637, 0.0679208802]]",0.45001220703125,0.11567686999978832,1.8468032779996975,4.3690293469999233,102,181,121,"{""params"": {""w"": 0.5, ""rho"": 0.45, ""N"": 1.0, ""phase"": 0.0, ""gradient"": 0.0, ""a_z"": 1.0, ""wall"": 0.5, ""n"": 32, ""kind"": ""network"", ""k_s"": 130.0, ""k_f"": 0.4, ""E"": 70000000000.0, ""nu"": 0.33, ""tol"": 1e-08, ""preconditioner"": ""two_level""}, ""params_json"": ""{\""E\"": 70000000000.0, \""N\"": 1.0, \""a_z\"": 1.0, \""gradient\"": 0.0, \""k_f\"": 0.4, \""k_s\"": 130.0, \""kind\"": \""network\"", \""n\"": 32, \""nu\"": 0.33, \""phase\"": 0.0, \""preconditioner\"": \""two_level\"", \""rho\"": 0.45, \""tol\"": 1e-08, \""w\"": 0.5, \""wall\"": 0.5}"", ""voxlat_version"": ""0.1.0"", ""git_hash"": ""0977f9f913f3+dirty"", ""resolution"": 32, ""wall_time_s"": 12.493876333000117, ""timestamp_utc"": ""2026-10-09T17:34:50+00:00"", ""python"": ""3.13.16"", ""numpy"": ""2.5.3"", ""platform"": ""Linux-6.18.44-fc-v80-x86_64-with-glibc2.39"", ""extra"": {}}",uniform
B0.50-r0.450-N1-p0.3333-g0.000-az1.0000-tw0.500-n32,0.5,0.45000000000000001,1,0.33333333333333331,0,1,0.5,32,network,B0.50,95c011af0755,ok,,32,16,1,1.5,0.45001220703125,0.508056640625,0.470947265625,0.054427815348166986,-0.15886377601102297,-0.10768808269361296,-0.20976643289651886,0.15543742962896023,0.049155191335442439,0.041661390658580544,0.056659853926189996,0.12341273365216643,0.17135256893324358,13.095883130999937,0.2412513832786759,0.0017832499859706807,0.0018866849732578983,0.0016798149986834631,0.1800261159698662,0.071356863973590992,0.07089849096533804,0.07181523698184393,0.076145637873378205,0.18303397511959985,-9.7081376896879701e-05,"[[0.180026116, 0.0604529877, 0.0620155757, 0.0016956384, -0.0039059171, 0.0086126229], [0.0604529877, 0.1809211933, 0.0656063265, 0.000484483, -0.0008312611, -0.001414709], [0.0620155757, 0.0656063265, 0.1851467569, -0.0065249542, 0.0010192084, 0.0015807364], [0.0016956384, 0.000484483, -0.0065249542, 0.0761456379, 0.0034688353, 0.0010504198], [-0.0039059171, -0.0008312611, 0.0010192084, 0.0034688353, 0.071815237, 0.0025504911], [0.0086126229, -0.001414709, 0.0015807364, 0.0010504198, 0.0025504911, 0.070898491]]",0.45001220703125,0.29479834199992183,2.9638932810003098,9.8081258719994366,100,271,125,0.22879838692325832,0.0021200489708002993,0.0021143783207033871,0.0021257196208972116,0.15580775847609252,0.068013640463202282,0.068062896063098913,0.06796438486330568,0.067780643384584061,0.15625865343539544,4.324854308865352e-05,"[[0.1558077585, 0.061021787, 0.0608993335, 0.0018720215, -0.0033558404, 0.0021740831], [0.061021787, 0.1569014553, 0.0603385696, 0.0023704852, 0.0016114113, -0.0033345307], [0.0608993335, 0.0603385696, 0.1556158515, -0.0032989282, 0.0023583065, 0.0017477094], [0.0018720215, 0.0023704852, -0.0032989282, 0.0677806434, 0.0039410726, 0.003894362], [-0.0033558404, 0.0016114113, 0.0023583065, 0.0039410726, 0.0679643849, 0.0038633509], [0.0021740831, -0.0033345307, 0.0017477094, 0.003894362, 0.0038633509, 0.0680628961]]",0.45001220703125,0.13698645699969347,1.4607399069996063,4.1112313880003057,100,181,122,"{""params"": {""w"": 0.5, ""rho"": 0.45, ""N"": 1.0, ""phase"": 0.3333333333333333, ""gradient"": 0.0, ""a_z"": 1.0, ""wall"": 0.5, ""n"": 32, ""kind"": ""network"", ""k_s"": 130.0, ""k_f"": 0.4, ""E"": 70000000000.0, ""nu"": 0.33, ""tol"": 1e-08, ""preconditioner"": ""two_level""}, ""params_json"": ""{\""E\"": 70000000000.0, \""N\"": 1.0, \""a_z\"": 1.0, \""gradient\"": 0.0, \""k_f\"": 0.4, \""k_s\"": 130.0, \""kind\"": \""network\"", \""n\"": 32, \""nu\"": 0.33, \""phase\"": 0.3333333333333333, \""preconditioner\"": \""two_level\"", \""rho\"": 0.45, \""tol\"": 1e-08, \""w\"": 0.5, \""wall\"": 0.5}"", ""voxlat_version"": ""0.1.0"", ""git_hash"": ""0977f9f913f3+dirty"", ""resolution"": 32, ""wall_time_s"": 13.095883130999937, ""timestamp_utc"": ""2026-10-09T17:35:02+00:00"", ""python"": ""3.13.16"", ""numpy"": ""2.5.3"", ""platform"": ""Linux-6.18.44-fc-v80-x86_64-with-glibc2.39"", ""extra"": {}}",uniform
B0.50-r0.450-N1-p0.6667-g0.000-az1.0000-tw0.500-n32,0.5,0.45000000000000001,1,0.66666666666666663,0,1,0.5,32,network,B0.50,95c011af0755,ok,,32,16,1,1.5,0.45001220703125,0.442138671875,0.350830078125,0.0024978581599583993,-0.29770035075139789,-0.27712238235520581,-0.31812490972969742,0.090748749562373776,0.091529044286324579,0.1281075198621815,0.054714581800732187,0.19071561541759441,0.25437478639835831,12.182517963000464,0.22974616567794834,0.0014858852747326452,0.0015237006801419638,0.0014480698693233268,0.17067221839397395,0.0744848481045432,0.077228450312472552,0.071741245896613834,0.080999435749983167,0.19714413270390366,-4.3835801864037412e-05,"[[0.1706722184, 0.0677617176, 0.0602533117, -0.0017043294, 0.0032224207, 0.0004533162], [0.0677617176, 0.2027632515, 0.0733313902, 0.0021859019, 0.0018275534, 0.0027631991], [0.0602533117, 0.0733313902, 0.1915250139, 0.0026570503, 0.0059475031, 0.003314603], [-0.0017043294, 0.0021859019, 0.0026570503, 0.0809994357, 0.003024095, 0.0032012154], [0.0032224207, 0.0018275534, 0.0059475031, 0.003024095, 0.0717412459, -0.0018723558], [0.0004533162, 0.0027631991, 0.003314603, 0.0032012154, -0.0018723558, 0.0772284503]]",0.45001220703125,0.33414566800001921,2.334272926000267,9.4904742099997748,105,269,125,0.22917372222583848,0.0021157425841268891,0.0021078266126240419,0.0021236585556297363,0.15647253179290871,0.06823899784842069,0.068458412830992729,0.068019582865848666,0.068025844879489497,0.15716525462852821,3.4033075883084942e-05,"[[0.1564725318, 0.0614903577, 0.0609771075, 0.0014691947, -0.003370598, 0.0024971875], [0.0614903577, 0.1563214204, 0.0607635872, 0.0013080732, 0.0016310298, -0.0029768769], [0.0609771075, 0.0607635872, 0.1580090889, -0.0044832826, 0.0027183353, 0.0017613645], [0.0014691947, 0.0013080732, -0.0044832826, 0.0680258449, 0.003943922, 0.0038951076], [-0.003370598, 0.0016310298, 0.0027183353, 0.003943922, 0.0680195829, 0.0035231506], [0.0024971875, -0.0029768769, 0.0017613645, 0.0038951076, 0.0035231506, 0.0684584128]]",0.45001220703125,0.11684217699985311,1.6962183770001502,4.2302177810001922,105,182,123,"{""params"": {""w"": 0.5, ""rho"": 0.45, ""N"": 1.0, ""phase"": 0.6666666666666666, ""gradient"": 0.0, ""a_z"": 1.0, ""wall"": 0.5, ""n"": 32, ""kind"": ""network"", ""k_s"": 130.0, ""k_f"": 0.4, ""E"": 70000000000.0, ""nu"": 0.33, ""tol"": 1e-08, ""preconditioner"": ""two_level""}, ""params_json"": ""{\""E\"": 70000000000.0, \""N\"": 1.0, \""a_z\"": 1.0, \""gradient\"": 0.0, \""k_f\"": 0.4, \""k_s\"": 130.0, \""kind\"": \""network\"", \""n\"": 32, \""nu\"": 0.33, \""phase\"": 0.6666666666666666, \""preconditioner\"": \""two_level\"", \""rho\"": 0.45, \""tol\"": 1e-08, \""w\"": 0.5, \""wall\"": 0.5}"", ""voxlat_version"": ""0.1.0"", ""git_hash"": ""0977f9f913f3+dirty"", ""resolution"": 32, ""wall_time_s"": 12.182517963000464, ""timestamp_utc"": ""2026-10-09T17:35:02+00:00"", ""python"": ""3.13.16"", ""numpy"": ""2.5.3"", ""platform"": ""Linux-6.18.44-fc-v80-x86_64-with-glibc2.39"", ""extra"": {}}",uniform
B0.50-r0.450-N1.5-p0.0000-g0.000-az1.0000-tw0.500-n32,0.5,0.45000000000000001,1.5,0,0,1,0.5,32,network,B0.50,95c011af0755,ok,,48,16,1.5,2,0.462890625,0.501953125,0.496337890625,0.053737849439942753,-0.2348555935217489,-0.29258776394826769,-0.17712342309522999,0.12204763245087547,0.097394440185814224,0.085258124828435644,0.1095307555431928,0.1930845297368573,0.24717198020524833,17.090448382000432,0.24154298234057825,0.001616312685970317,0.0014943576162358627,0.0017382677557047713,0.17493033217997114,0.074535996286161657,0.073711687064901096,0.075360305507422218,0.081035351393329694,0.19443756438959356,3.9488575856288305e-05,"[[0.1749303322, 0.0666912231, 0.0654468589, 0.0037582276, 0.0015424904, 0.0026023464], [0.0666912231, 0.1956797257, 0.0740481438, 0.0051570744, 0.0022403853, -0.0007407743], [0.0654468589, 0.0740481438, 0.1931954031, 0.0019933629, 0.0067642806, 0.0027518705], [0.0037582276, 0.0051570744, 0.0019933629, 0.0810353514, 0.0037642731, 0.0035468446], [0.0015424904, 0.0022403853, 0.0067642806, 0.0037642731, 0.0753603055, 0.0056514105], [0.0026023464, -0.0007407743, 0.0027518705, 0.0035468446, 0.0056514105, 0.0737116871]]",0.462890625,0.3975994639995406,4.4004970699998012,12.265161505999458,102,312,130,0.2292249276885682,0.0021124282844982934,0.0021124282844982934,0.0021124282844982934,0.15590276840375564,0.067920880183738666,0.06792088018373868,0.067920880183738652,0.067920880183739013,0.15590276840375678,3.8731552395599009e-05,"[[0.1559027684, 0.0611946113, 0.0611946113, 0.0018274461, -0.0034533273, 0.0021376564], [0.0611946113, 0.1559027684, 0.0611946113, 0.0021376564, 0.0018274461, -0.0034533273], [0.0611946113, 0.0611946113, 0.1559027684, -0.0034533273, 0.0021376564, 0.0018274461], [0.0018274461, 0.0021376564, -0.0034533273, 0.0679208802, 0.0039258637, 0.0039258637], [-0.0034533273, 0.0018274461, 0.0021376564, 0.0039258637, 0.0679208802, 0.0039258637], [0.0021376564, -0.0034533273, 0.0018274461, 0.0039258637, 0.0039258637, 0.0679208802]]",0.45001220703125,0.11567686999978832,1.8468032779996975,4.3690293469999233,102,181,121,"{""params"": {""w"": 0.5, ""rho"": 0.45, ""N"": 1.5, ""phase"": 0.0, ""gradient"": 0.0, ""a_z"": 1.0, ""wall"": 0.5, ""n"": 32, ""kind"": ""network"", ""k_s"": 130.0, ""k_f"": 0.4, ""E"": 70000000000.0, ""nu"": 0.33, ""tol"": 1e-08, ""preconditioner"": ""two_level""}, ""params_json"": ""{\""E\"": 70000000000.0, \""N\"": 1.5, \""a_z\"": 1.0, \""gradient\"": 0.0, \""k_f\"": 0.4, \""k_s\"": 130.0, \""kind\"": \""network\"", \""n\"": 32, \""nu\"": 0.33, \""phase\"": 0.0, \""preconditioner\"": \""two_level\"", \""rho\"": 0.45, \""tol\"": 1e-08, \""w\"": 0.5, \""wall\"": 0.5}"", ""voxlat_version"": ""0.1.0"", ""git_hash"": ""0977f9f913f3+dirty"", ""resolution"": 32, ""wall_time_s"": 17.09044838200043, ""timestamp_utc"": ""2026-10-09T17:29:07+00:00"", ""python"": ""3.13.16"", ""numpy"": ""2.5.3"", ""platform"": ""Linux-6.18.44-fc-v80-x86_64-with-glibc2.39"", ""extra"": {}}",uniform
B0.50-r0.450-N1.5-p0.3333-g0.000-az1.0000-tw0.500-n32,0.5,0.45000000000000001,1.5,0.33333333333333331,0,1,0.5,32,network,B0.50,95c011af0755,ok,,48,16,1.5,2,0.44340006510416669,0.508056640625,0.460205078125,-0.041192321522921627,-0.066186968793620293,-0.025377011431733321,-0.10677919378253198,-0.00041804505998177532,-0.0096202017431894493,0.0032617887800254763,-0.022520864109675465,0.017779466626998586,0.095670787708012739,16.990581678999661,0.21937365020518965,0.0019797293557289931,0.0020607217178878882,0.0018987369935700978,0.15574262381235476,0.067359335520657523,0.06828490285381357,0.066433768187501491,0.068985747071596756,0.17120804189575306,0.00012742483406944473,"[[0.1557426238, 0.0588963265, 0.0566097701, 0.0022043364, -0.0078484122, 0.006703868], [0.0588963265, 0.1763080635, 0.058896458, 0.0084160492, 0.0009509795, 0.0026232533], [0.0566097701, 0.058896458, 0.1661080203, 0.0025019925, -0.0038549391, 0.0006989627], [0.0022043364, 0.0084160492, 0.0025019925, 0.0689857471, 0.0023782662, 0.0021956051], [-0.0078484122, 0.0009509795, -0.0038549391, 0.0023782662, 0.0664337682, 0.0044555762], [0.006703868, 0.0026232533, 0.0006989627, 0.0021956051, 0.0044555762, 0.0682849029]]",0.44340006510416669,0.32322948700038978,4.1978459100000691,12.447440951000317,102,296,130,0.22879838692325832,0.0021200489708002993,0.0021143783207033871,0.0021257196208972116,0.15580775847609252,0.068013640463202282,0.068062896063098913,0.06796438486330568,0.067780643384584061,0.15625865343539544,4.324854308865352e-05,"[[0.1558077585, 0.061021787, 0.0608993335, 0.0018720215, -0.0033558404, 0.0021740831], [0.061021787, 0.1569014553, 0.0603385696, 0.0023704852, 0.0016114113, -0.0033345307], [0.0608993335, 0.0603385696, 0.1556158515, -0.0032989282, 0.0023583065, 0.0017477094], [0.0018720215, 0.0023704852, -0.0032989282, 0.0677806434, 0.0039410726, 0.003894362], [-0.0033558404, 0.0016114113, 0.0023583065, 0.0039410726, 0.0679643849, 0.0038633509], [0.0021740831, -0.0033345307, 0.0017477094, 0.003894362, 0.0038633509, 0.0680628961]]",0.45001220703125,0.13698645699969347,1.4607399069996063,4.1112313880003057,100,181,122,"{""params"": {""w"": 0.5, ""rho"": 0.45, ""N"": 1.5, ""phase"": 0.3333333333333333, ""gradient"": 0.0, ""a_z"": 1.0, ""wall"": 0.5, ""n"": 32, ""kind"": ""network"", ""k_s"": 130.0, ""k_f"": 0.4, ""E"": 70000000000.0, ""nu"": 0.33, ""tol"": 1e-08, ""preconditioner"": ""two_level""}, ""params_json"": ""{\""E\"": 70000000000.0, \""N\"": 1.5, \""a_z\"": 1.0, \""gradient\"": 0.0, \""k_f\"": 0.4, \""k_s\"": 130.0, \""kind\"": \""network\"", \""n\"": 32, \""nu\"": 0.33, \""phase\"": 0.3333333333333333, \""preconditioner\"": \""two_level\"", \""rho\"": 0.45, \""tol\"": 1e-08, \""w\"": 0.5, \""wall\"": 0.5}"", ""voxlat_version"": ""0.1.0"", ""git_hash"": ""0977f9f913f3+dirty"", ""resolution"": 32, ""wall_time_s"": 16.99058167899966, ""timestamp_utc"": ""2026-10-09T17:29:19+00:00"", ""python"": ""3.13.16"", ""numpy"": ""2.5.3"", ""platform"": ""Linux-6.18.44-fc-v80-x86_64-with-glibc2.39"", ""extra"": {}}",uniform
B0.50-r0.450-N1.5-p0.6667-g0.000-az1.0000-tw0.500-n32,0.5,0.45000000000000001,1.5,0.66666666666666663,0,1,0.5,32,network,B0.50,95c011af0755,ok,,48,16,1.5,2,0.454345703125,0.442138671875,0.507568359375,0.074394877757942401,-0.16049965682362144,-0.15366839004941768,-0.167279996283762,0.15346289415513636,0.076982345327417434,0.066013541513239238,0.088021914641656318,0.13027484756205232,0.13865551823783506,17.227530903000115,0.24622307327616239,0.0017761666254474014,0.0017839202905587878,0.0017684129603360147,0.18048525937763005,0.073492195945584704,0.072977595108341939,0.074006796782827455,0.076887901451444821,0.17895708445802808,-8.9849308046976517e-05,"[[0.1804852594, 0.0637146713, 0.0642164972, -0.0010811926, 0.0006780538, 0.0001475571], [0.0637146713, 0.1739249988, 0.0679896215, -0.0058371652, 0.0018525588, -0.0037014363], [0.0642164972, 0.0679896215, 0.1839891702, -0.0087199694, 0.0047899034, 0.0005119207], [-0.0010811926, -0.0058371652, -0.0087199694, 0.0768879015, 0.0014537361, 0.0037238587], [0.0006780538, 0.0018525588, 0.0047899034, 0.0014537361, 0.0740067968, 0.000672338], [0.0001475571, -0.0037014363, 0.0005119207, 0.0037238587, 0.000672338, 0.0729775951]]",0.454345703125,0.31608086100004584,3.446549227000105,13.439027571999759,107,260,129,0.22917372222583848,0.0021157425841268891,0.0021078266126240419,0.0021236585556297363,0.15647253179290871,0.06823899784842069,0.068458412830992729,0.068019582865848666,0.068025844879489497,0.15716525462852821,3.4033075883084942e-05,"[[0.1564725318, 0.0614903577, 0.0609771075, 0.0014691947, -0.003370598, 0.0024971875], [0.0614903577, 0.1563214204, 0.0607635872, 0.0013080732, 0.0016310298, -0.0029768769], [0.0609771075, 0.0607635872, 0.1580090889, -0.0044832826, 0.0027183353, 0.0017613645], [0.0014691947, 0.0013080732, -0.0044832826, 0.0680258449, 0.003943922, 0.0038951076], [-0.003370598, 0.0016310298, 0.0027183353, 0.003943922, 0.0680195829, 0.0035231506], [0.0024971875, -0.0029768769, 0.0017613645, 0.0038951076, 0.0035231506, 0.0684584128]]",0.45001220703125,0.11684217699985311,1.6962183770001502,4.2302177810001922,105,182,123,"{""params"": {""w"": 0.5, ""rho"": 0.45, ""N"": 1.5, ""phase"": 0.6666666666666666, ""gradient"": 0.0, ""a_z"": 1.0, ""wall"": 0.5, ""n"": 32, ""kind"": ""network"", ""k_s"": 130.0, ""k_f"": 0.4, ""E"": 70000000000.0, ""nu"": 0.33, ""tol"": 1e-08, ""preconditioner"": ""two_level""}, ""params_json"": ""{\""E\"": 70000000000.0, \""N\"": 1.5, \""a_z\"": 1.0, \""gradient\"": 0.0, \""k_f\"": 0.4, \""k_s\"": 130.0, \""kind\"": \""network\"", \""n\"": 32, \""nu\"": 0.33, \""phase\"": 0.6666666666666666, \""preconditioner\"": \""two_level\"", \""rho\"": 0.45, \""tol\"": 1e-08, \""w\"": 0.5, \""wall\"": 0.5}"", ""voxlat_version"": ""0.1.0"", ""git_hash"": ""0977f9f913f3+dirty"", ""resolution"": 32, ""wall_time_s"": 17.227530903000115, ""timestamp_utc"": ""2026-10-09T17:29:24+00:00"", ""python"": ""3.13.16"", ""numpy"": ""2.5.3"", ""platform"": ""Linux-6.18.44-fc-v80-x86_64-with-glibc2.39"", ""extra"": {}}",uniform
B0.50-r0.450-N2-p0.0000-g0.000-az1.0000-tw0.500-n32,0.5,0.45000000000000001,2,0,0,1,0.5,32,network,B0.50,95c011af0755,ok,,64,16,2,2.5,0.45001220703125,0.501953125,0.436279296875,-0.0074730728572699467,-0.12335195801765286,-0.1650243682632706,-0.08167954777203501,0.017900510822789428,0.02944353646668052,0.021126703787499146,0.037760369145862116,0.049370530448394234,0.095996815915243561,21.393537994000326,0.22751191310324909,0.0018518561194335575,0.001763826141347498,0.001939886097519617,0.15869350759686987,0.069920711096277621,0.069355824500366758,0.070485597692188498,0.071274170066932041,0.17086893776288906,0.00010595714568761844,"[[0.1586935076, 0.0605114974, 0.0599751376, 0.0028733629, -0.0043030437, 0.002962773], [0.0605114974, 0.16960781, 0.0620579485, 0.0032048148, 0.0025679432, -0.0008946241], [0.0599751376, 0.0620579485, 0.1721300656, -0.0014778481, 0.0007752386, -0.0002897765], [0.0028733629, 0.0032048148, -0.0014778481, 0.0712741701, 0.0013188749, 0.003552614], [-0.0043030437, 0.0025679432, 0.0007752386, 0.0013188749, 0.0704855977, 0.0059483796], [0.002962773, -0.0008946241, -0.0002897765, 0.003552614, 0.0059483796, 0.0693558245]]",0.45001220703125,0.38142777199936972,6.0489539390000573,14.937850840000465,102,315,134,0.2292249276885682,0.0021124282844982934,0.0021124282844982934,0.0021124282844982934,0.15590276840375564,0.067920880183738666,0.06792088018373868,0.067920880183738652,0.067920880183739013,0.15590276840375678,3.8731552395599009e-05,"[[0.1559027684, 0.0611946113, 0.0611946113, 0.0018274461, -0.0034533273, 0.0021376564], [0.0611946113, 0.1559027684, 0.0611946113, 0.0021376564, 0.0018274461, -0.0034533273], [0.0611946113, 0.0611946113, 0.1559027684, -0.0034533273, 0.0021376564, 0.0018274461], [0.0018274461, 0.0021376564, -0.0034533273, 0.0679208802, 0.0039258637, 0.0039258637], [-0.0034533273, 0.0018274461, 0.0021376564, 0.0039258637, 0.0679208802, 0.0039258637], [0.0021376564, -0.0034533273, 0.0018274461, 0.0039258637, 0.0039258637, 0.0679208802]]",0.45001220703125,0.11567686999978832,1.8468032779996975,4.3690293469999233,102,181,121,"{""params"": {""w"": 0.5, ""rho"": 0.45, ""N"": 2.0, ""phase"": 0.0, ""gradient"": 0.0, ""a_z"": 1.0, ""wall"": 0.5, ""n"": 32, ""kind"": ""network"", ""k_s"": 130.0, ""k_f"": 0.4, ""E"": 70000000000.0, ""nu"": 0.33, ""tol"": 1e-08, ""preconditioner"": ""two_level""}, ""params_json"": ""{\""E\"": 70000000000.0, \""N\"": 2.0, \""a_z\"": 1.0, \""gradient\"": 0.0, \""k_f\"": 0.4, \""k_s\"": 130.0, \""kind\"": \""network\"", \""n\"": 32, \""nu\"": 0.33, \""phase\"": 0.0, \""preconditioner\"": \""two_level\"", \""rho\"": 0.45, \""tol\"": 1e-08, \""w\"": 0.5, \""wall\"": 0.5}"", ""voxlat_version"": ""0.1.0"", ""git_hash"": ""0977f9f913f3+dirty"", ""resolution"": 32, ""wall_time_s"": 21.393537994000326, ""timestamp_utc"": ""2026-10-09T17:20:26+00:00"", ""python"": ""3.13.16"", ""numpy"": ""2.5.3"", ""platform"": ""Linux-6.18.44-fc-v80-x86_64-with-glibc2.39"", ""extra"": {}}",uniform
B0.50-r0.450-N2-p0.3333-g0.000-az1.0000-tw0.500-n32,0.5,0.45000000000000001,2,0.33333333333333331,0,1,0.5,32,network,B0.50,95c011af0755,ok,,64,16,2,2.5,0.45001220703125,0.508056640625,0.470947265625,0.026512356132956771,-0.079679389264910916,-0.053851030843700021,-0.10536994627360763,0.070856282894750544,0.022722389037383328,0.019175833667910203,0.02627408497312933,0.061744314212835327,0.085222520468982266,21.368549173000247,0.2348643712400138,0.0019511247635952285,0.0020005168685399382,0.0019017326586505188,0.16684771708787152,0.069559072861655885,0.069368058836961149,0.069750086886350635,0.071965712727269954,0.16957540972624904,-2.6497744394313511e-05,"[[0.1668477171, 0.0607187765, 0.0613463139, 0.0017824523, -0.0035017343, 0.0050529397], [0.0607187765, 0.1688687601, 0.0628940753, 0.0014242477, 0.0004914604, -0.0024046364], [0.0613463139, 0.0628940753, 0.1702820594, -0.0049154355, 0.0017785478, 0.0016561524], [0.0017824523, 0.0014242477, -0.0049154355, 0.0719657127, 0.0037010052, 0.0024920459], [-0.0035017343, 0.0004914604, 0.0017785478, 0.0037010052, 0.0697500869, 0.0032319349], [0.0050529397, -0.0024046364, 0.0016561524, 0.0024920459, 0.0032319349, 0.0693680588]]",0.45001220703125,0.34484499599966512,5.9625392099997043,15.033841303000372,102,313,131,0.22879838692325832,0.0021200489708002993,0.0021143783207033871,0.0021257196208972116,0.15580775847609252,0.068013640463202282,0.068062896063098913,0.06796438486330568,0.067780643384584061,0.15625865343539544,4.324854308865352e-05,"[[0.1558077585, 0.061021787, 0.0608993335, 0.0018720215, -0.0033558404, 0.0021740831], [0.061021787, 0.1569014553, 0.0603385696, 0.0023704852, 0.0016114113, -0.0033345307], [0.0608993335, 0.0603385696, 0.1556158515, -0.0032989282, 0.0023583065, 0.0017477094], [0.0018720215, 0.0023704852, -0.0032989282, 0.0677806434, 0.0039410726, 0.003894362], [-0.0033558404, 0.0016114113, 0.0023583065, 0.0039410726, 0.0679643849, 0.0038633509], [0.0021740831, -0.0033345307, 0.0017477094, 0.003894362, 0.0038633509, 0.0680628961]]",0.45001220703125,0.13698645699969347,1.4607399069996063,4.1112313880003057,100,181,122,"{""params"": {""w"": 0.5, ""rho"": 0.45, ""N"": 2.0, ""phase"": 0.3333333333333333, ""gradient"": 0.0, ""a_z"": 1.0, ""wall"": 0.5, ""n"": 32, ""kind"": ""network"", ""k_s"": 130.0, ""k_f"": 0.4, ""E"": 70000000000.0, ""nu"": 0.33, ""tol"": 1e-08, ""preconditioner"": ""two_level""}, ""params_json"": ""{\""E\"": 70000000000.0, \""N\"": 2.0, \""a_z\"": 1.0, \""gradient\"": 0.0, \""k_f\"": 0.4, \""k_s\"": 130.0, \""kind\"": \""network\"", \""n\"": 32, \""nu\"": 0.33, \""phase\"": 0.3333333333333333, \""preconditioner\"": \""two_level\"", \""rho\"": 0.45, \""tol\"": 1e-08, \""w\"": 0.5, \""wall\"": 0.5}"", ""voxlat_version"": ""0.1.0"", ""git_hash"": ""0977f9f913f3+dirty"", ""resolution"": 32, ""wall_time_s"": 21.368549173000247, ""timestamp_utc"": ""2026-10-09T17:20:47+00:00"", ""python"": ""3.13.16"", ""numpy"": ""2.5.3"", ""platform"": ""Linux-6.18.44-fc-v80-x86_64-with-glibc2.39"", ""extra"": {}}",uniform
B0.50-r0.450-N2-p0.6667-g0.000-az1.0000-tw0.500-n32,0.5,0.45000000000000001,2,0.66666666666666663,0,1,0.5,32,network,B0.50,95c011af0755,ok,,64,16,2,2.5,0.45001220703125,0.442138671875,0.350830078125,0.0012444396013557846,-0.14893910679870115,-0.1382950649888518,-0.15950379693366046,0.041513860031320071,0.040289167604414144,0.056709378395038312,0.023763021431282283,0.094997479243567051,0.12584359252583188,21.780712982000296,0.22945891508136643,0.0018006257734310544,0.0018163245942459686,0.0017849269526161401,0.16296831057650579,0.070988290269892965,0.072340646868549241,0.069635933671236702,0.07448812866645492,0.17694349489121933,-5.80593341819164e-06,"[[0.1629683106, 0.0645081737, 0.0604355962, -3.24945e-05, -0.0003877137, 0.0017253477], [0.0645081737, 0.1792178836, 0.0669851053, 0.001854869, 0.0017712183, -0.0002904988], [0.0604355962, 0.0669851053, 0.1746691062, -0.0009038468, 0.0042092781, 0.002562328], [-3.24945e-05, 0.001854869, -0.0009038468, 0.0744881287, 0.0034731324, 0.0036513294], [-0.0003877137, 0.0017712183, 0.0042092781, 0.0034731324, 0.0696359337, 0.0010843358], [0.0017253477, -0.0002904988, 0.002562328, 0.0036513294, 0.0010843358, 0.0723406469]]",0.45001220703125,0.41995408699949621,5.957252337000682,15.37930711700028,107,316,130,0.22917372222583848,0.0021157425841268891,0.0021078266126240419,0.0021236585556297363,0.15647253179290871,0.06823899784842069,0.068458412830992729,0.068019582865848666,0.068025844879489497,0.15716525462852821,3.4033075883084942e-05,"[[0.1564725318, 0.0614903577, 0.0609771075, 0.0014691947, -0.003370598, 0.0024971875], [0.0614903577, 0.1563214204, 0.0607635872, 0.0013080732, 0.0016310298, -0.0029768769], [0.0609771075, 0.0607635872, 0.1580090889, -0.0044832826, 0.0027183353, 0.0017613645], [0.0014691947, 0.0013080732, -0.0044832826, 0.0680258449, 0.003943922, 0.0038951076], [-0.003370598, 0.0016310298, 0.0027183353, 0.003943922, 0.0680195829, 0.0035231506], [0.0024971875, -0.0029768769, 0.0017613645, 0.0038951076, 0.0035231506, 0.0684584128]]",0.45001220703125,0.11684217699985311,1.6962183770001502,4.2302177810001922,105,182,123,"{""params"": {""w"": 0.5, ""rho"": 0.45, ""N"": 2.0, ""phase"": 0.6666666666666666, ""gradient"": 0.0, ""a_z"": 1.0, ""wall"": 0.5, ""n"": 32, ""kind"": ""network"", ""k_s"": 130.0, ""k_f"": 0.4, ""E"": 70000000000.0, ""nu"": 0.33, ""tol"": 1e-08, ""preconditioner"": ""two_level""}, ""params_json"": ""{\""E\"": 70000000000.0, \""N\"": 2.0, \""a_z\"": 1.0, \""gradient\"": 0.0, \""k_f\"": 0.4, \""k_s\"": 130.0, \""kind\"": \""network\"", \""n\"": 32, \""nu\"": 0.33, \""phase\"": 0.6666666666666666, \""preconditioner\"": \""two_level\"", \""rho\"": 0.45, \""tol\"": 1e-08, \""w\"": 0.5, \""wall\"": 0.5}"", ""voxlat_version"": ""0.1.0"", ""git_hash"": ""0977f9f913f3+dirty"", ""resolution"": 32, ""wall_time_s"": 21.780712982000296, ""timestamp_utc"": ""2026-10-09T17:20:50+00:00"", ""python"": ""3.13.16"", ""numpy"": ""2.5.3"", ""platform"": ""Linux-6.18.44-fc-v80-x86_64-with-glibc2.39"", ""extra"": {}}",uniform
B0.50-r0.450-N3-p0.0000-g0.000-az1.0000-tw0.500-n32,0.5,0.45000000000000001,3,0,0,1,0.5,32,network,B0.50,95c011af0755,ok,,96,16,3,3.5,0.45001220703125,0.501953125,0.436279296875,-0.0049944922975589945,-0.082347086423184113,-0.11012937881624496,-0.054564794030123154,0.011848188339937726,0.019234486695289155,0.013778486930435374,0.024690486460142935,0.032582521390603469,0.063857083673080739,29.044377041000189,0.22808006555281912,0.0019384759699919338,0.0018797878697326303,0.0019971640702512376,0.15774993376652102,0.069227303449965125,0.068856727143653998,0.069597879756276237,0.070133913715194313,0.16585826453058039,8.3303340894312316e-05,"[[0.1577499338, 0.0607384249, 0.0603883258, 0.0025127677, -0.0040141382, 0.0026854511], [0.0607384249, 0.165017269, 0.0617889606, 0.0028572079, 0.0022996354, -0.0017612025], [0.0603883258, 0.0617889606, 0.16669926, -0.0021478364, 0.0012516392, 0.0004343717], [0.0025127677, 0.0028572079, -0.0021478364, 0.0701339137, 0.0022110806, 0.0036930842], [-0.0040141382, 0.0022996354, 0.0012516392, 0.0022110806, 0.0695978798, 0.005251096], [0.0026854511, -0.0017612025, 0.0004343717, 0.0036930842, 0.005251096, 0.0688567271]]",0.45001220703125,0.54675459099962609,9.6120420409997678,18.858724083000197,102,378,134,0.2292249276885682,0.0021124282844982934,0.0021124282844982934,0.0021124282844982934,0.15590276840375564,0.067920880183738666,0.06792088018373868,0.067920880183738652,0.067920880183739013,0.15590276840375678,3.8731552395599009e-05,"[[0.1559027684, 0.0611946113, 0.0611946113, 0.0018274461, -0.0034533273, 0.0021376564], [0.0611946113, 0.1559027684, 0.0611946113, 0.0021376564, 0.0018274461, -0.0034533273], [0.0611946113, 0.0611946113, 0.1559027684, -0.0034533273, 0.0021376564, 0.0018274461], [0.0018274461, 0.0021376564, -0.0034533273, 0.0679208802, 0.0039258637, 0.0039258637], [-0.0034533273, 0.0018274461, 0.0021376564, 0.0039258637, 0.0679208802, 0.0039258637], [0.0021376564, -0.0034533273, 0.0018274461, 0.0039258637, 0.0039258637, 0.0679208802]]",0.45001220703125,0.11567686999978832,1.8468032779996975,4.3690293469999233,102,181,121,"{""params"": {""w"": 0.5, ""rho"": 0.45, ""N"": 3.0, ""phase"": 0.0, ""gradient"": 0.0, ""a_z"": 1.0, ""wall"": 0.5, ""n"": 32, ""kind"": ""network"", ""k_s"": 130.0, ""k_f"": 0.4, ""E"": 70000000000.0, ""nu"": 0.33, ""tol"": 1e-08, ""preconditioner"": ""two_level""}, ""params_json"": ""{\""E\"": 70000000000.0, \""N\"": 3.0, \""a_z\"": 1.0, \""gradient\"": 0.0, \""k_f\"": 0.4, \""k_s\"": 130.0, \""kind\"": \""network\"", \""n\"": 32, \""nu\"": 0.33, \""phase\"": 0.0, \""preconditioner\"": \""two_level\"", \""rho\"": 0.45, \""tol\"": 1e-08, \""w\"": 0.5, \""wall\"": 0.5}"", ""voxlat_version"": ""0.1.0"", ""git_hash"": ""0977f9f913f3+dirty"", ""resolution"": 32, ""wall_time_s"": 29.04437704100019, ""timestamp_utc"": ""2026-10-09T17:08:59+00:00"", ""python"": ""3.13.16"", ""numpy"": ""2.5.3"", ""platform"": ""Linux-6.18.44-fc-v80-x86_64-with-glibc2.39"", ""extra"": {}}",uniform
B0.50-r0.450-N3-p0.3333-g0.000-az1.0000-tw0.500-n32,0.5,0.45000000000000001,3,0.33333333333333331,0,1,0.5,32,network,B0.50,95c011af0755,ok,,96,16,3,3.5,0.45001220703125,0.508056640625,0.470947265625,0.017520110178351311,-0.053249121049432246,-0.036027849307652016,-0.070378512558926465,0.046015396349585735,0.014916971097527876,0.012516805321356239,0.017320615801828643,0.041085509920566032,0.056782453275706635,31.381831808999777,0.2328069598707829,0.00200715822652343,0.0020382018171857192,0.0019761146358611408,0.16297731423671044,0.069028197972229519,0.068914826082728434,0.069141569861730617,0.070565445680783739,0.16513140312301561,-3.5183531631565407e-06,"[[0.1629773142, 0.0608176915, 0.0611910051, 0.0018244666, -0.0034446692, 0.0040378795], [0.0608176915, 0.164872575, 0.0620391632, 0.00174218, 0.0008750085, -0.0027193673], [0.0611910051, 0.0620391632, 0.1653902312, -0.0043769423, 0.0019765025, 0.0016856114], [0.0018244666, 0.00174218, -0.0043769423, 0.0705654457, 0.0037786677, 0.0029658408], [-0.0034446692, 0.0008750085, 0.0019765025, 0.0037786677, 0.0691415699, 0.0034479181], [0.0040378795, -0.0027193673, 0.0016856114, 0.0029658408, 0.0034479181, 0.0689148261]]",0.45001220703125,0.57493963399974746,10.064879622999797,20.722872952999751,102,376,131,0.22879838692325832,0.0021200489708002993,0.0021143783207033871,0.0021257196208972116,0.15580775847609252,0.068013640463202282,0.068062896063098913,0.06796438486330568,0.067780643384584061,0.15625865343539544,4.324854308865352e-05,"[[0.1558077585, 0.061021787, 0.0608993335, 0.0018720215, -0.0033558404, 0.0021740831], [0.061021787, 0.1569014553, 0.0603385696, 0.0023704852, 0.0016114113, -0.0033345307], [0.0608993335, 0.0603385696, 0.1556158515, -0.0032989282, 0.0023583065, 0.0017477094], [0.0018720215, 0.0023704852, -0.0032989282, 0.0677806434, 0.0039410726, 0.003894362], [-0.0033558404, 0.0016114113, 0.0023583065, 0.0039410726, 0.0679643849, 0.0038633509], [0.0021740831, -0.0033345307, 0.0017477094, 0.003894362, 0.0038633509, 0.0680628961]]",0.45001220703125,0.13698645699969347,1.4607399069996063,4.1112313880003057,100,181,122,"{""params"": {""w"": 0.5, ""rho"": 0.45, ""N"": 3.0, ""phase"": 0.3333333333333333, ""gradient"": 0.0, ""a_z"": 1.0, ""wall"": 0.5, ""n"": 32, ""kind"": ""network"", ""k_s"": 130.0, ""k_f"": 0.4, ""E"": 70000000000.0, ""nu"": 0.33, ""tol"": 1e-08, ""preconditioner"": ""two_level""}, ""params_json"": ""{\""E\"": 70000000000.0, \""N\"": 3.0, \""a_z\"": 1.0, \""gradient\"": 0.0, \""k_f\"": 0.4, \""k_s\"": 130.0, \""kind\"": \""network\"", \""n\"": 32, \""nu\"": 0.33, \""phase\"": 0.3333333333333333, \""preconditioner\"": \""two_level\"", \""rho\"": 0.45, \""tol\"": 1e-08, \""w\"": 0.5, \""wall\"": 0.5}"", ""voxlat_version"": ""0.1.0"", ""git_hash"": ""0977f9f913f3+dirty"", ""resolution"": 32, ""wall_time_s"": 31.381831808999777, ""timestamp_utc"": ""2026-10-09T17:09:30+00:00"", ""python"": ""3.13.16"", ""numpy"": ""2.5.3"", ""platform"": ""Linux-6.18.44-fc-v80-x86_64-with-glibc2.39"", ""extra"": {}}",uniform
B0.50-r0.450-N3-p0.6667-g0.000-az1.0000-tw0.500-n32,0.5,0.45000000000000001,3,0.66666666666666663,0,1,0.5,32,network,B0.50,95c011af0755,ok,,96,16,3,3.5,0.45001220703125,0.442138671875,0.350830078125,0.00082927226893247941,-0.099458436188924804,-0.092330466992317728,-0.10653326614534286,0.027084905642275725,0.026031205312989636,0.036774925510573153,0.015218171747678699,0.063277146664850292,0.083754750954363244,30.265347459000623,0.2293637696384484,0.001905314135331314,0.0019132099971416289,0.0018974182735209991,0.16071057555212762,0.070015341211765586,0.070975965863424542,0.069054716560106616,0.072330326242929302,0.17032859138861969,7.1299128642481978e-06,"[[0.1607105756, 0.0634835797, 0.0606074393, 0.0004852554, -0.0014337643, 0.0020261868], [0.0634835797, 0.171552846, 0.0649078802, 0.0016797626, 0.0017341729, -0.0012126119], [0.0606074393, 0.0649078802, 0.1691043368, -0.0020949782, 0.0037111048, 0.0022962146], [0.0004852554, 0.0016797626, -0.0020949782, 0.0723303262, 0.0036368835, 0.0037291816], [-0.0014337643, 0.0017341729, 0.0037111048, 0.0036368835, 0.0690547166, 0.001945168], [0.0020261868, -0.0012126119, 0.0022962146, 0.0037291816, 0.001945168, 0.0709759659]]",0.45001220703125,0.55101603499952034,9.8689504410003792,19.822161034000601,107,371,131,0.22917372222583848,0.0021157425841268891,0.0021078266126240419,0.0021236585556297363,0.15647253179290871,0.06823899784842069,0.068458412830992729,0.068019582865848666,0.068025844879489497,0.15716525462852821,3.4033075883084942e-05,"[[0.1564725318, 0.0614903577, 0.0609771075, 0.0014691947, -0.003370598, 0.0024971875], [0.0614903577, 0.1563214204, 0.0607635872, 0.0013080732, 0.0016310298, -0.0029768769], [0.0609771075, 0.0607635872, 0.1580090889, -0.0044832826, 0.0027183353, 0.0017613645], [0.0014691947, 0.0013080732, -0.0044832826, 0.0680258449, 0.003943922, 0.0038951076], [-0.003370598, 0.0016310298, 0.0027183353, 0.003943922, 0.0680195829, 0.0035231506], [0.0024971875, -0.0029768769, 0.0017613645, 0.0038951076, 0.0035231506, 0.0684584128]]",0.45001220703125,0.11684217699985311,1.6962183770001502,4.2302177810001922,105,182,123,"{""params"": {""w"": 0.5, ""rho"": 0.45, ""N"": 3.0, ""phase"": 0.6666666666666666, ""gradient"": 0.0, ""a_z"": 1.0, ""wall"": 0.5, ""n"": 32, ""kind"": ""network"", ""k_s"": 130.0, ""k_f"": 0.4, ""E"": 70000000000.0, ""nu"": 0.33, ""tol"": 1e-08, ""preconditioner"": ""two_level""}, ""params_json"": ""{\""E\"": 70000000000.0, \""N\"": 3.0, \""a_z\"": 1.0, \""gradient\"": 0.0, \""k_f\"": 0.4, \""k_s\"": 130.0, \""kind\"": \""network\"", \""n\"": 32, \""nu\"": 0.33, \""phase\"": 0.6666666666666666, \""preconditioner\"": \""two_level\"", \""rho\"": 0.45, \""tol\"": 1e-08, \""w\"": 0.5, \""wall\"": 0.5}"", ""voxlat_version"": ""0.1.0"", ""git_hash"": ""0977f9f913f3+dirty"", ""resolution"": 32, ""wall_time_s"": 30.265347459000623, ""timestamp_utc"": ""2026-10-09T17:09:41+00:00"", ""python"": ""3.13.16"", ""numpy"": ""2.5.3"", ""platform"": ""Linux-6.18.44-fc-v80-x86_64-with-glibc2.39"", ""extra"": {}}",uniform
B0.50-r0.450-N4-p0.0000-g0.000-az1.0000-tw0.500-n32,0.5,0.45000000000000001,4,0,0,1,0.5,32,network,B0.50,95c011af0755,ok,,128,16,4,4.5,0.45001220703125,0.501953125,0.436279296875,-0.0037505522553118453,-0.061844229210679225,-0.082680961961664967,-0.041007496459693482,0.0088501857497613745,0.014282844447948362,0.010226525223173022,0.018339163672723924,0.024311711575929484,0.047840222696404089,40.153260201000194,0.22836520761905213,0.001981786785480659,0.0019377706818609448,0.0020258028891003733,0.1572825368630309,0.068890983550170745,0.068615474778117788,0.069166492322223702,0.069572153032749343,0.16336119156317841,7.1992893007481192e-05,"[[0.1572825369, 0.0608516732, 0.0605924041, 0.0023376181, -0.0038721445, 0.0025478844], [0.0608516732, 0.1627301351, 0.0616472081, 0.0026804391, 0.0021735253, -0.00218949], [0.0605924041, 0.0616472081, 0.163992248, -0.0024782802, 0.0014812422, 0.0007895552], [0.0023376181, 0.0026804391, -0.0024782802, 0.069572153, 0.0026484374, 0.0037573555], [-0.0038721445, 0.0021735253, 0.0014812422, 0.0026484374, 0.0691664923, 0.0049111959], [0.0025478844, -0.00218949, 0.0007895552, 0.0037573555, 0.0049111959, 0.0686154748]]",0.45001220703125,0.74597064200042951,14.505662980000125,24.877971201999571,102,433,135,0.2292249276885682,0.0021124282844982934,0.0021124282844982934,0.0021124282844982934,0.15590276840375564,0.067920880183738666,0.06792088018373868,0.067920880183738652,0.067920880183739013,0.15590276840375678,3.8731552395599009e-05,"[[0.1559027684, 0.0611946113, 0.0611946113, 0.0018274461, -0.0034533273, 0.0021376564], [0.0611946113, 0.1559027684, 0.0611946113, 0.0021376564, 0.0018274461, -0.0034533273], [0.0611946113, 0.0611946113, 0.1559027684, -0.0034533273, 0.0021376564, 0.0018274461], [0.0018274461, 0.0021376564, -0.0034533273, 0.0679208802, 0.0039258637, 0.0039258637], [-0.0034533273, 0.0018274461, 0.0021376564, 0.0039258637, 0.0679208802, 0.0039258637], [0.0021376564, -0.0034533273, 0.0018274461, 0.0039258637, 0.0039258637, 0.0679208802]]",0.45001220703125,0.11567686999978832,1.8468032779996975,4.3690293469999233,102,181,121,"{""params"": {""w"": 0.5, ""rho"": 0.45, ""N"": 4.0, ""phase"": 0.0, ""gradient"": 0.0, ""a_z"": 1.0, ""wall"": 0.5, ""n"": 32, ""kind"": ""network"", ""k_s"": 130.0, ""k_f"": 0.4, ""E"": 70000000000.0, ""nu"": 0.33, ""tol"": 1e-08, ""preconditioner"": ""two_level""}, ""params_json"": ""{\""E\"": 70000000000.0, \""N\"": 4.0, \""a_z\"": 1.0, \""gradient\"": 0.0, \""k_f\"": 0.4, \""k_s\"": 130.0, \""kind\"": \""network\"", \""n\"": 32, \""nu\"": 0.33, \""phase\"": 0.0, \""preconditioner\"": \""two_level\"", \""rho\"": 0.45, \""tol\"": 1e-08, \""w\"": 0.5, \""wall\"": 0.5}"", ""voxlat_version"": ""0.1.0"", ""git_hash"": ""0977f9f913f3+dirty"", ""resolution"": 32, ""wall_time_s"": 40.153260201000194, ""timestamp_utc"": ""2026-10-09T16:54:02+00:00"", ""python"": ""3.13.16"", ""numpy"": ""2.5.3"", ""platform"": ""Linux-6.18.44-fc-v80-x86_64-with-glibc2.39"", ""extra"": {}}",uniform
B0.50-r0.450-N4-p0.3333-g0.000-az1.0000-tw0.500-n32,0.5,0.45000000000000001,4,0.33333333333333331,0,1,0.5,32,network,B0.50,95c011af0755,ok,,128,16,4,4.5,0.45001220703125,0.508056640625,0.470947265625,0.013082779797453092,-0.040033819871238885,-0.027116396095486328,-0.052882325630084659,0.034065912595603098,0.011106807048535616,0.0092922161790245372,0.012924028082713424,0.030779481705467626,0.042576167605021142,40.110157828999945,0.23179170583738778,0.0020351753121850748,0.002057044000663485,0.0020133066237066652,0.16111549195805594,0.068769054844495539,0.068695351207087696,0.068842758481903396,0.0698668964576247,0.16291154805379574,7.9711202514262063e-06,"[[0.161115492, 0.0608674796, 0.0611158476, 0.0018411231, -0.0034195682, 0.0035520347], [0.0608674796, 0.162877052, 0.061613327, 0.0019005257, 0.0010624304, -0.0028749955], [0.0611158476, 0.061613327, 0.1629460441, -0.0041076989, 0.0020732222, 0.0017002661], [0.0018411231, 0.0019005257, -0.0041076989, 0.0698668965, 0.0038185623, 0.0032000656], [-0.0034195682, 0.0010624304, 0.0020732222, 0.0038185623, 0.0688427585, 0.0035542446], [0.0035520347, -0.0028749955, 0.0017002661, 0.0032000656, 0.0035542446, 0.0686953512]]",0.45001220703125,0.68564721299935627,15.815976303999378,23.576020084000447,102,432,133,0.22879838692325832,0.0021200489708002993,0.0021143783207033871,0.0021257196208972116,0.15580775847609252,0.068013640463202282,0.068062896063098913,0.06796438486330568,0.067780643384584061,0.15625865343539544,4.324854308865352e-05,"[[0.1558077585, 0.061021787, 0.0608993335, 0.0018720215, -0.0033558404, 0.0021740831], [0.061021787, 0.1569014553, 0.0603385696, 0.0023704852, 0.0016114113, -0.0033345307], [0.0608993335, 0.0603385696, 0.1556158515, -0.0032989282, 0.0023583065, 0.0017477094], [0.0018720215, 0.0023704852, -0.0032989282, 0.0677806434, 0.0039410726, 0.003894362], [-0.0033558404, 0.0016114113, 0.0023583065, 0.0039410726, 0.0679643849, 0.0038633509], [0.0021740831, -0.0033345307, 0.0017477094, 0.003894362, 0.0038633509, 0.0680628961]]",0.45001220703125,0.13698645699969347,1.4607399069996063,4.1112313880003057,100,181,122,"{""params"": {""w"": 0.5, ""rho"": 0.45, ""N"": 4.0, ""phase"": 0.3333333333333333, ""gradient"": 0.0, ""a_z"": 1.0, ""wall"": 0.5, ""n"": 32, ""kind"": ""network"", ""k_s"": 130.0, ""k_f"": 0.4, ""E"": 70000000000.0, ""nu"": 0.33, ""tol"": 1e-08, ""preconditioner"": ""two_level""}, ""params_json"": ""{\""E\"": 70000000000.0, \""N\"": 4.0, \""a_z\"": 1.0, \""gradient\"": 0.0, \""k_f\"": 0.4, \""k_s\"": 130.0, \""kind\"": \""network\"", \""n\"": 32, \""nu\"": 0.33, \""phase\"": 0.3333333333333333, \""preconditioner\"": \""two_level\"", \""rho\"": 0.45, \""tol\"": 1e-08, \""w\"": 0.5, \""wall\"": 0.5}"", ""voxlat_version"": ""0.1.0"", ""git_hash"": ""0977f9f913f3+dirty"", ""resolution"": 32, ""wall_time_s"": 40.110157828999945, ""timestamp_utc"": ""2026-10-09T16:54:42+00:00"", ""python"": ""3.13.16"", ""numpy"": ""2.5.3"", ""platform"": ""Linux-6.18.44-fc-v80-x86_64-with-glibc2.39"", ""extra"": {}}",uniform
B0.50-r0.450-N4-p0.6667-g0.000-az1.0000-tw0.500-n32,0.5,0.45000000000000001,4,0.66666666666666663,0,1,0.5,32,network,B0.50,95c011af0755,ok,,128,16,4,4.5,0.45001220703125,0.442138671875,0.350830078125,0.00062182526026410834,-0.074718205944516281,-0.069348650684823654,-0.080047730996616551,0.020099112419831089,0.019225237837452669,0.027207290217430291,0.011191689055702225,0.047436006414665499,0.06276354531820294,38.4829898579992,0.22931622823530726,0.0019576580940005132,0.0019616516811610022,0.0019536645068400239,0.15961749080002993,0.069550908811846002,0.070320980736710198,0.068780836886981819,0.071252719293556005,0.16702950320985277,1.3597716663302603e-05,"[[0.1596174908, 0.0629774941, 0.0606970301, 0.0007377543, -0.0019364933, 0.0021595057], [0.0629774941, 0.1677320693, 0.0638700236, 0.0015899269, 0.0017112649, -0.0016641517], [0.0606970301, 0.0638700236, 0.1663269372, -0.0026914159, 0.0034630078, 0.0021630424], [0.0007377543, 0.0015899269, -0.0026914159, 0.0712527193, 0.0037162405, 0.0037696642], [-0.0019364933, 0.0017112649, 0.0034630078, 0.0037162405, 0.0687808369, 0.0023570942], [0.0021595057, -0.0016641517, 0.0021630424, 0.0037696642, 0.0023570942, 0.0703209807]]",0.45001220703125,0.79649704799976462,15.02462059500067,22.624107652000021,107,428,131,0.22917372222583848,0.0021157425841268891,0.0021078266126240419,0.0021236585556297363,0.15647253179290871,0.06823899784842069,0.068458412830992729,0.068019582865848666,0.068025844879489497,0.15716525462852821,3.4033075883084942e-05,"[[0.1564725318, 0.0614903577, 0.0609771075, 0.0014691947, -0.003370598, 0.0024971875], [0.0614903577, 0.1563214204, 0.0607635872, 0.0013080732, 0.0016310298, -0.0029768769], [0.0609771075, 0.0607635872, 0.1580090889, -0.0044832826, 0.0027183353, 0.0017613645], [0.0014691947, 0.0013080732, -0.0044832826, 0.0680258449, 0.003943922, 0.0038951076], [-0.003370598, 0.0016310298, 0.0027183353, 0.003943922, 0.0680195829, 0.0035231506], [0.0024971875, -0.0029768769, 0.0017613645, 0.0038951076, 0.0035231506, 0.0684584128]]",0.45001220703125,0.11684217699985311,1.6962183770001502,4.2302177810001922,105,182,123,"{""params"": {""w"": 0.5, ""rho"": 0.45, ""N"": 4.0, ""phase"": 0.6666666666666666, ""gradient"": 0.0, ""a_z"": 1.0, ""wall"": 0.5, ""n"": 32, ""kind"": ""network"", ""k_s"": 130.0, ""k_f"": 0.4, ""E"": 70000000000.0, ""nu"": 0.33, ""tol"": 1e-08, ""preconditioner"": ""two_level""}, ""params_json"": ""{\""E\"": 70000000000.0, \""N\"": 4.0, \""a_z\"": 1.0, \""gradient\"": 0.0, \""k_f\"": 0.4, \""k_s\"": 130.0, \""kind\"": \""network\"", \""n\"": 32, \""nu\"": 0.33, \""phase\"": 0.6666666666666666, \""preconditioner\"": \""two_level\"", \""rho\"": 0.45, \""tol\"": 1e-08, \""w\"": 0.5, \""wall\"": 0.5}"", ""voxlat_version"": ""0.1.0"", ""git_hash"": ""0977f9f913f3+dirty"", ""resolution"": 32, ""wall_time_s"": 38.4829898579992, ""timestamp_utc"": ""2026-10-09T16:54:49+00:00"", ""python"": ""3.13.16"", ""numpy"": ""2.5.3"", ""platform"": ""Linux-6.18.44-fc-v80-x86_64-with-glibc2.39"", ""extra"": {}}",uniform
B0.50-r0.450-N6-p0.0000-g0.000-az1.0000-tw0.500-n32,0.5,0.45000000000000001,6,0,0,1,0.5,32,network,B0.50,95c011af0755,ok,,192,16,6,6.5,0.45001220703125,0.501953125,0.436279296875,-0.0025034980035831822,-0.041340993776334933,-0.055232119099493882,-0.027449868453176318,0.005876051016993733,0.009428396446242937,0.0067478074892981521,0.0121089854031875,0.016125149944900441,0.031858833287560895,69.011637395999969,0.22865106353972836,0.0020250983999358955,0.0019957543938997442,0.0020544424059720464,0.15681886102458664,0.068561265169088711,0.068379197207722245,0.068743333130455192,0.069016114561091427,0.16086964871140125,6.0669609897517158e-05,"[[0.156818861, 0.0609653945, 0.0607948153, 0.0021650916, -0.0037313976, 0.0024107402], [0.0609653945, 0.160448711, 0.0615008199, 0.0025015448, 0.0020528694, -0.0026142202], [0.0607948153, 0.0615008199, 0.1612905864, -0.0028059326, 0.0017053386, 0.0011400624], [0.0021650916, 0.0025015448, -0.0028059326, 0.0690161146, 0.0030799295, 0.0038175223], [-0.0037313976, 0.0020528694, 0.0017053386, 0.0030799295, 0.0687433331, 0.0045771214], [0.0024107402, -0.0026142202, 0.0011400624, 0.0038175223, 0.0045771214, 0.0683791972]]",0.45001220703125,1.1613196749999588,32.753699174999838,35.068561974999739,102,553,134,0.2292249276885682,0.0021124282844982934,0.0021124282844982934,0.0021124282844982934,0.15590276840375564,0.067920880183738666,0.06792088018373868,0.067920880183738652,0.067920880183739013,0.15590276840375678,3.8731552395599009e-05,"[[0.1559027684, 0.0611946113, 0.0611946113, 0.0018274461, -0.0034533273, 0.0021376564], [0.0611946113, 0.1559027684, 0.0611946113, 0.0021376564, 0.0018274461, -0.0034533273], [0.0611946113, 0.0611946113, 0.1559027684, -0.0034533273, 0.0021376564, 0.0018274461], [0.0018274461, 0.0021376564, -0.0034533273, 0.0679208802, 0.0039258637, 0.0039258637], [-0.0034533273, 0.0018274461, 0.0021376564, 0.0039258637, 0.0679208802, 0.0039258637], [0.0021376564, -0.0034533273, 0.0018274461, 0.0039258637, 0.0039258637, 0.0679208802]]",0.45001220703125,0.11567686999978832,1.8468032779996975,4.3690293469999233,102,181,121,"{""params"": {""w"": 0.5, ""rho"": 0.45, ""N"": 6.0, ""phase"": 0.0, ""gradient"": 0.0, ""a_z"": 1.0, ""wall"": 0.5, ""n"": 32, ""kind"": ""network"", ""k_s"": 130.0, ""k_f"": 0.4, ""E"": 70000000000.0, ""nu"": 0.33, ""tol"": 1e-08, ""preconditioner"": ""two_level""}, ""params_json"": ""{\""E\"": 70000000000.0, \""N\"": 6.0, \""a_z\"": 1.0, \""gradient\"": 0.0, \""k_f\"": 0.4, \""k_s\"": 130.0, \""kind\"": \""network\"", \""n\"": 32, \""nu\"": 0.33, \""phase\"": 0.0, \""preconditioner\"": \""two_level\"", \""rho\"": 0.45, \""tol\"": 1e-08, \""w\"": 0.5, \""wall\"": 0.5}"", ""voxlat_version"": ""0.1.0"", ""git_hash"": ""0977f9f913f3+dirty"", ""resolution"": 32, ""wall_time_s"": 69.01163739599997, ""timestamp_utc"": ""2026-10-09T16:41:00+00:00"", ""python"": ""3.13.16"", ""numpy"": ""2.5.3"", ""platform"": ""Linux-6.18.44-fc-v80-x86_64-with-glibc2.39"", ""extra"": {}}",uniform
B0.50-r0.450-N6-p0.3333-g0.000-az1.0000-tw0.500-n32,0.5,0.45000000000000001,6,0.33333333333333331,0,1,0.5,32,network,B0.50,95c011af0755,ok,,192,16,6,6.5,0.45001220703125,0.508056640625,0.470947265625,0.0086839829861378171,-0.026818194081026592,-0.01820458447913631,-0.035385847701099316,0.022420887331837891,0.0073520335214254384,0.0061329595584644903,0.0085728744751265573,0.020496198884523142,0.028377226386732346,69.044894027999817,0.23078526822255568,0.0020631930860400961,0.002075886941943288,0.0020504992301369042,0.15930110667431119,0.068513679027801921,0.068480323052085859,0.068547035003517984,0.069169888931915433,0.16069284061881761,1.9453899481577737e-05,"[[0.1593011067, 0.060918091, 0.0610422485, 0.0018545579, -0.0033964888, 0.0030798205], [0.060918091, 0.1608833654, 0.0611880038, 0.0020580543, 0.0012475674, -0.0030293838], [0.0610422485, 0.0611880038, 0.1605023159, -0.0038382907, 0.0021690337, 0.0017154792], [0.0018545579, 0.0020580543, -0.0038382907, 0.0691698889, 0.0038589461, 0.0034328496], [-0.0033964888, 0.0012475674, 0.0021690337, 0.0038589461, 0.068547035, 0.0036589297], [0.0030798205, -0.0030293838, 0.0017154792, 0.0034328496, 0.0036589297, 0.0684803231]]",0.45001220703125,1.0621915169999738,32.924928768999962,35.028989039999942,101,553,133,0.22879838692325832,0.0021200489708002993,0.0021143783207033871,0.0021257196208972116,0.15580775847609252,0.068013640463202282,0.068062896063098913,0.06796438486330568,0.067780643384584061,0.15625865343539544,4.324854308865352e-05,"[[0.1558077585, 0.061021787, 0.0608993335, 0.0018720215, -0.0033558404, 0.0021740831], [0.061021787, 0.1569014553, 0.0603385696, 0.0023704852, 0.0016114113, -0.0033345307], [0.0608993335, 0.0603385696, 0.1556158515, -0.0032989282, 0.0023583065, 0.0017477094], [0.0018720215, 0.0023704852, -0.0032989282, 0.0677806434, 0.0039410726, 0.003894362], [-0.0033558404, 0.0016114113, 0.0023583065, 0.0039410726, 0.0679643849, 0.0038633509], [0.0021740831, -0.0033345307, 0.0017477094, 0.003894362, 0.0038633509, 0.0680628961]]",0.45001220703125,0.13698645699969347,1.4607399069996063,4.1112313880003057,100,181,122,"{""params"": {""w"": 0.5, ""rho"": 0.45, ""N"": 6.0, ""phase"": 0.3333333333333333, ""gradient"": 0.0, ""a_z"": 1.0, ""wall"": 0.5, ""n"": 32, ""kind"": ""network"", ""k_s"": 130.0, ""k_f"": 0.4, ""E"": 70000000000.0, ""nu"": 0.33, ""tol"": 1e-08, ""preconditioner"": ""two_level""}, ""params_json"": ""{\""E\"": 70000000000.0, \""N\"": 6.0, \""a_z\"": 1.0, \""gradient\"": 0.0, \""k_f\"": 0.4, \""k_s\"": 130.0, \""kind\"": \""network\"", \""n\"": 32, \""nu\"": 0.33, \""phase\"": 0.3333333333333333, \""preconditioner\"": \""two_level\"", \""rho\"": 0.45, \""tol\"": 1e-08, \""w\"": 0.5, \""wall\"": 0.5}"", ""voxlat_version"": ""0.1.0"", ""git_hash"": ""0977f9f913f3+dirty"", ""resolution"": 32, ""wall_time_s"": 69.04489402799982, ""timestamp_utc"": ""2026-10-09T16:42:09+00:00"", ""python"": ""3.13.16"", ""numpy"": ""2.5.3"", ""platform"": ""Linux-6.18.44-fc-v80-x86_64-with-glibc2.39"", ""extra"": {}}",uniform
B0.50-r0.450-N6-p0.6667-g0.000-az1.0000-tw0.500-n32,0.5,0.45000000000000001,6,0.66666666666666663,0,1,0.5,32,network,B0.50,95c011af0755,ok,,192,16,6,6.5,0.45001220703125,0.442138671875,0.350830078125,0.0004144642653345354,-0.04997766943118076,-0.046366567379026669,-0.053561850601102634,0.013259644848837127,0.012624004048418014,0.017896334429353233,0.0073176591019736836,0.031609626097229393,0.041807921950549165,66.424626947999968,0.22926870654425477,0.0020100027006559234,0.0020100939279665037,0.002009911473345343,0.15854730199308104,0.069100447233519144,0.069683567481518896,0.068517326985519392,0.070176116401078292,0.16373600732737589,2.006787933732661e-05,"[[0.158547302, 0.0624765508, 0.0607885798, 0.0009858324, -0.0024265142, 0.0022820797], [0.0624765508, 0.1639200348, 0.0628333357, 0.0014980211, 0.0016863152, -0.0021085747], [0.0607885798, 0.0628333357, 0.1635519798, -0.003288289, 0.0032149165, 0.0020295348], [0.0009858324, 0.0014980211, -0.003288289, 0.0701761164, 0.0037938247, 0.003810849], [-0.0024265142, 0.0016863152, 0.0032149165, 0.0037938247, 0.068517327, 0.0027570606], [0.0022820797, -0.0021085747, 0.0020295348, 0.003810849, 0.0027570606, 0.0696835675]]",0.45001220703125,1.2753706759999659,30.151025879000372,34.967177292000088,107,485,131,0.22917372222583848,0.0021157425841268891,0.0021078266126240419,0.0021236585556297363,0.15647253179290871,0.06823899784842069,0.068458412830992729,0.068019582865848666,0.068025844879489497,0.15716525462852821,3.4033075883084942e-05,"[[0.1564725318, 0.0614903577, 0.0609771075, 0.0014691947, -0.003370598, 0.0024971875], [0.0614903577, 0.1563214204, 0.0607635872, 0.0013080732, 0.0016310298, -0.0029768769], [0.0609771075, 0.0607635872, 0.1580090889, -0.0044832826, 0.0027183353, 0.0017613645], [0.0014691947, 0.0013080732, -0.0044832826, 0.0680258449, 0.003943922, 0.0038951076], [-0.003370598, 0.0016310298, 0.0027183353, 0.003943922, 0.0680195829, 0.0035231506], [0.0024971875, -0.0029768769, 0.0017613645, 0.0038951076, 0.0035231506, 0.0684584128]]",0.45001220703125,0.11684217699985311,1.6962183770001502,4.2302177810001922,105,182,123,"{""params"": {""w"": 0.5, ""rho"": 0.45, ""N"": 6.0, ""phase"": 0.6666666666666666, ""gradient"": 0.0, ""a_z"": 1.0, ""wall"": 0.5, ""n"": 32, ""kind"": ""network"", ""k_s"": 130.0, ""k_f"": 0.4, ""E"": 70000000000.0, ""nu"": 0.33, ""tol"": 1e-08, ""preconditioner"": ""two_level""}, ""params_json"": ""{\""E\"": 70000000000.0, \""N\"": 6.0, \""a_z\"": 1.0, \""gradient\"": 0.0, \""k_f\"": 0.4, \""k_s\"": 130.0, \""kind\"": \""network\"", \""n\"": 32, \""nu\"": 0.33, \""phase\"": 0.6666666666666666, \""preconditioner\"": \""two_level\"", \""rho\"": 0.45, \""tol\"": 1e-08, \""w\"": 0.5, \""wall\"": 0.5}"", ""voxlat_version"": ""0.1.0"", ""git_hash"": ""0977f9f913f3+dirty"", ""resolution"": 32, ""wall_time_s"": 66.42462694799997, ""timestamp_utc"": ""2026-10-09T16:42:36+00:00"", ""python"": ""3.13.16"", ""numpy"": ""2.5.3"", ""platform"": ""Linux-6.18.44-fc-v80-x86_64-with-glibc2.39"", ""extra"": {}}",uniform
B0.50-r0.450-N8-p0.0000-g0.000-az1.0000-tw0.500-n32,0.5,0.45000000000000001,8,0,0,1,0.5,32,network,B0.50,95c011af0755,ok,,256,16,8,8.5,0.45001220703125,0.501953125,0.436279296875,-0.0018787993953210957,-0.031088619839422571,-0.041506896712307673,-0.020670342966537691,0.0043980526423443855,0.007036705178594227,0.0050350036923065833,0.0090384066648820927,0.012063179092117737,0.023881251607849485,101.6505215709999,0.22879426003303441,0.0020467558046234824,0.0020247479418814655,0.0020687636673654987,0.15658843698628255,0.068398819393062263,0.068262862066248528,0.068534776719876012,0.068740221925489731,0.15962592164236716,5.5012636753940849e-05,"[[0.156588437, 0.0610224744, 0.060895391, 0.0020797616, -0.0036614574, 0.0023423188], [0.0610224744, 0.1593101269, 0.0614259279, 0.0024113169, 0.0019945525, -0.0028252716], [0.060895391, 0.0614259279, 0.1599417163, -0.0029687512, 0.0018153745, 0.0013135901], [0.0020797616, 0.0024113169, -0.0029687512, 0.0687402219, 0.0032935152, 0.0038460868], [-0.0036614574, 0.0019945525, 0.0018153745, 0.0032935152, 0.0685347767, 0.0044122251], [0.0023423188, -0.0028252716, 0.0013135901, 0.0038460868, 0.0044122251, 0.0682628621]]",0.45001220703125,1.5963816650000808,53.728586192999956,46.284932871000365,102,683,134,0.2292249276885682,0.0021124282844982934,0.0021124282844982934,0.0021124282844982934,0.15590276840375564,0.067920880183738666,0.06792088018373868,0.067920880183738652,0.067920880183739013,0.15590276840375678,3.8731552395599009e-05,"[[0.1559027684, 0.0611946113, 0.0611946113, 0.0018274461, -0.0034533273, 0.0021376564], [0.0611946113, 0.1559027684, 0.0611946113, 0.0021376564, 0.0018274461, -0.0034533273], [0.0611946113, 0.0611946113, 0.1559027684, -0.0034533273, 0.0021376564, 0.0018274461], [0.0018274461, 0.0021376564, -0.0034533273, 0.0679208802, 0.0039258637, 0.0039258637], [-0.0034533273, 0.0018274461, 0.0021376564, 0.0039258637, 0.0679208802, 0.0039258637], [0.0021376564, -0.0034533273, 0.0018274461, 0.0039258637, 0.0039258637, 0.0679208802]]",0.45001220703125,0.11567686999978832,1.8468032779996975,4.3690293469999233,102,181,121,"{""params"": {""w"": 0.5, ""rho"": 0.45, ""N"": 8.0, ""phase"": 0.0, ""gradient"": 0.0, ""a_z"": 1.0, ""wall"": 0.5, ""n"": 32, ""kind"": ""network"", ""k_s"": 130.0, ""k_f"": 0.4, ""E"": 70000000000.0, ""nu"": 0.33, ""tol"": 1e-08, ""preconditioner"": ""two_level""}, ""params_json"": ""{\""E\"": 70000000000.0, \""N\"": 8.0, \""a_z\"": 1.0, \""gradient\"": 0.0, \""k_f\"": 0.4, \""k_s\"": 130.0, \""kind\"": \""network\"", \""n\"": 32, \""nu\"": 0.33, \""phase\"": 0.0, \""preconditioner\"": \""two_level\"", \""rho\"": 0.45, \""tol\"": 1e-08, \""w\"": 0.5, \""wall\"": 0.5}"", ""voxlat_version"": ""0.1.0"", ""git_hash"": ""0977f9f913f3+dirty"", ""resolution"": 32, ""wall_time_s"": 101.6505215709999, ""timestamp_utc"": ""2026-10-09T16:35:29+00:00"", ""python"": ""3.13.16"", ""numpy"": ""2.5.3"", ""platform"": ""Linux-6.18.44-fc-v80-x86_64-with-glibc2.39"", ""extra"": {}}",uniform
B0.50-r0.450-N8-p0.3333-g0.000-az1.0000-tw0.500-n32,0.5,0.45000000000000001,8,0.33333333333333331,0,1,0.5,32,network,B0.50,95c011af0755,ok,,256,16,8,8.5,0.45001220703125,0.508056640625,0.470947265625,0.0064988782026678127,-0.020209789047639815,-0.013747999808545575,-0.026637102859763728,0.016709103649235058,0.0054946249827343419,0.0045769561870030451,0.0064136238965009085,0.015363376320031596,0.021280360196039627,89.937859715999821,0.23028531977283948,0.0020772032283297593,0.002085309847955164,0.0020690966087043546,0.15841116646182454,0.068387349911258111,0.068374416956340264,0.068400282866175971,0.068821982916115285,0.15958389386424876,2.5196926691516523e-05,"[[0.1584111665, 0.0609437143, 0.0610059959, 0.0018600764, -0.0033856559, 0.0028486452], [0.0609437143, 0.1598872095, 0.0609754967, 0.0021364895, 0.0013393244, -0.0031061192], [0.0610059959, 0.0609754967, 0.1592805782, -0.0037035195, 0.0022166418, 0.0017233142], [0.0018600764, 0.0021364895, -0.0037035195, 0.0688219829, 0.0038793106, 0.0035487265], [-0.0033856559, 0.0013393244, 0.0022166418, 0.0038793106, 0.0684002829, 0.0037106464], [0.0028486452, -0.0031061192, 0.0017233142, 0.0035487265, 0.0037106464, 0.068374417]]",0.45001220703125,1.3115498259999185,45.107156163000127,43.48913196400008,101,588,133,0.22879838692325832,0.0021200489708002993,0.0021143783207033871,0.0021257196208972116,0.15580775847609252,0.068013640463202282,0.068062896063098913,0.06796438486330568,0.067780643384584061,0.15625865343539544,4.324854308865352e-05,"[[0.1558077585, 0.061021787, 0.0608993335, 0.0018720215, -0.0033558404, 0.0021740831], [0.061021787, 0.1569014553, 0.0603385696, 0.0023704852, 0.0016114113, -0.0033345307], [0.0608993335, 0.0603385696, 0.1556158515, -0.0032989282, 0.0023583065, 0.0017477094], [0.0018720215, 0.0023704852, -0.0032989282, 0.0677806434, 0.0039410726, 0.003894362], [-0.0033558404, 0.0016114113, 0.0023583065, 0.0039410726, 0.0679643849, 0.0038633509], [0.0021740831, -0.0033345307, 0.0017477094, 0.003894362, 0.0038633509, 0.0680628961]]",0.45001220703125,0.13698645699969347,1.4607399069996063,4.1112313880003057,100,181,122,"{""params"": {""w"": 0.5, ""rho"": 0.45, ""N"": 8.0, ""phase"": 0.3333333333333333, ""gradient"": 0.0, ""a_z"": 1.0, ""wall"": 0.5, ""n"": 32, ""kind"": ""network"", ""k_s"": 130.0, ""k_f"": 0.4, ""E"": 70000000000.0, ""nu"": 0.33, ""tol"": 1e-08, ""preconditioner"": ""two_level""}, ""params_json"": ""{\""E\"": 70000000000.0, \""N\"": 8.0, \""a_z\"": 1.0, \""gradient\"": 0.0, \""k_f\"": 0.4, \""k_s\"": 130.0, \""kind\"": \""network\"", \""n\"": 32, \""nu\"": 0.33, \""phase\"": 0.3333333333333333, \""preconditioner\"": \""two_level\"", \""rho\"": 0.45, \""tol\"": 1e-08, \""w\"": 0.5, \""wall\"": 0.5}"", ""voxlat_version"": ""0.1.0"", ""git_hash"": ""0977f9f913f3+dirty"", ""resolution"": 32, ""wall_time_s"": 89.93785971599982, ""timestamp_utc"": ""2026-10-09T16:36:18+00:00"", ""python"": ""3.13.16"", ""numpy"": ""2.5.3"", ""platform"": ""Linux-6.18.44-fc-v80-x86_64-with-glibc2.39"", ""extra"": {}}",uniform
B0.50-r0.450-N8-p0.6667-g0.000-az1.0000-tw0.500-n32,0.5,0.45000000000000001,8,0.66666666666666663,0,1,0.5,32,network,B0.50,95c011af0755,ok,,256,16,8,8.5,0.45001220703125,0.442138671875,0.350830078125,0.00031081599346993727,-0.037606822649755456,-0.034874957156814657,-0.040318321997362294,0.0098932473459731884,0.0093972486884665862,0.013333461956751558,0.0054356408461697647,0.023701894079049879,0.03134312969530817,87.870265883999764,0.22924495308398929,0.0020361762279930938,0.0020343162498147847,0.0020380362061714033,0.15802055325278658,0.068880256681454033,0.069371200474094369,0.068389312888813697,0.06963818624946104,0.16209130558794629,2.3301554848011445e-05,"[[0.1580205533, 0.0622280436, 0.0608350412, 0.0011082486, -0.0026669303, 0.0023395072], [0.0622280436, 0.1620172318, 0.0623154461, 0.0014512962, 0.0016731482, -0.0023281799], [0.0608350412, 0.0623154461, 0.1621653794, -0.003586883, 0.0030908265, 0.001962635], [0.0011082486, 0.0014512962, -0.003586883, 0.0696381862, 0.0038319695, 0.0038316889], [-0.0026669303, 0.0016731482, 0.0030908265, 0.0038319695, 0.0683893129, 0.0029527155], [0.0023395072, -0.0023281799, 0.001962635, 0.0038316889, 0.0029527155, 0.0693712005]]",0.45001220703125,2.088596268999936,41.196157977999974,44.552099682000062,107,537,131,0.22917372222583848,0.0021157425841268891,0.0021078266126240419,0.0021236585556297363,0.15647253179290871,0.06823899784842069,0.068458412830992729,0.068019582865848666,0.068025844879489497,0.15716525462852821,3.4033075883084942e-05,"[[0.1564725318, 0.0614903577, 0.0609771075, 0.0014691947, -0.003370598, 0.0024971875], [0.0614903577, 0.1563214204, 0.0607635872, 0.0013080732, 0.0016310298, -0.0029768769], [0.0609771075, 0.0607635872, 0.1580090889, -0.0044832826, 0.0027183353, 0.0017613645], [0.0014691947, 0.0013080732, -0.0044832826, 0.0680258449, 0.003943922, 0.0038951076], [-0.003370598, 0.0016310298, 0.0027183353, 0.003943922, 0.0680195829, 0.0035231506], [0.0024971875, -0.0029768769, 0.0017613645, 0.0038951076, 0.0035231506, 0.0684584128]]",0.45001220703125,0.11684217699985311,1.6962183770001502,4.2302177810001922,105,182,123,"{""params"": {""w"": 0.5, ""rho"": 0.45, ""N"": 8.0, ""phase"": 0.6666666666666666, ""gradient"": 0.0, ""a_z"": 1.0, ""wall"": 0.5, ""n"": 32, ""kind"": ""network"", ""k_s"": 130.0, ""k_f"": 0.4, ""E"": 70000000000.0, ""nu"": 0.33, ""tol"": 1e-08, ""preconditioner"": ""two_level""}, ""params_json"": ""{\""E\"": 70000000000.0, \""N\"": 8.0, \""a_z\"": 1.0, \""gradient\"": 0.0, \""k_f\"": 0.4, \""k_s\"": 130.0, \""kind\"": \""network\"", \""n\"": 32, \""nu\"": 0.33, \""phase\"": 0.6666666666666666, \""preconditioner\"": \""two_level\"", \""rho\"": 0.45, \""tol\"": 1e-08, \""w\"": 0.5, \""wall\"": 0.5}"", ""voxlat_version"": ""0.1.0"", ""git_hash"": ""0977f9f913f3+dirty"", ""resolution"": 32, ""wall_time_s"": 87.87026588399976, ""timestamp_utc"": ""2026-10-09T16:36:57+00:00"", ""python"": ""3.13.16"", ""numpy"": ""2.5.3"", ""platform"": ""Linux-6.18.44-fc-v80-x86_64-with-glibc2.39"", ""extra"": {}}",uniform
D-r0.250-N1-p0.0000-g0.000-az1.0000-tw0.500-n32,1,0.25,1,0,0,1,0.5,32,network,D,95c011af0755,ok,,32,16,1,1.5,0.25,0.25,0.25,0.031102367817690491,-0.21200430190801411,-0.21200430276569859,-0.21200430105032964,0.096623063928051867,0.012098904824495049,0.012098904824495937,0.012098904824494161,0.084912395881171499,0.12245480712166645,10.942572697000287,0.11691848417586094,0.0040200174973370351,0.0040200174929595819,0.0040200175017144884,0.079391308942765901,0.037707126711980329,0.037707126711980433,0.037707126711980218,0.040419892747520919,0.081261428195107926,0.00063194516425132117,"[[0.0793913089, 0.0365946457, 0.0365946457, 0.0054270482, 0.0, 0.0], [0.0365946457, 0.0812614282, 0.0387859203, 0.0039732535, 0.0, 0.0], [0.0365946457, 0.0387859203, 0.0812614282, 0.0039732535, 0.0, 0.0], [0.0054270482, 0.0039732535, 0.0039732535, 0.0404198927, 0.0, 0.0], [0.0, 0.0, 0.0, 0.0, 0.0377071267, 0.0040704449], [0.0, 0.0, 0.0, 0.0, 0.0040704449, 0.0377071267]]",0.25,0.21329230399987864,2.5182100339998215,8.1841583060004268,92,138,131,0.11339173279498602,0.0051015728982669682,0.0051015728982645395,0.0051015728982693959,0.072396169252897158,0.037256365491788575,0.037256365491788644,0.037256365491788505,0.037256365491788554,0.072396169252896908,3.5760717599354853e-09,"[[0.0723961693, 0.0382972602, 0.0382972602, -0.0, 0.0, 0.0], [0.0382972602, 0.0723961693, 0.0382972602, 0.0, -0.0, 0.0], [0.0382972602, 0.0382972602, 0.0723961693, 0.0, 0.0, 0.0], [-0.0, 0.0, 0.0, 0.0372563655, 0.0, 0.0], [0.0, -0.0, 0.0, 0.0, 0.0372563655, 0.0], [0.0, 0.0, 0.0, 0.0, 0.0, 0.0372563655]]",0.25,0.094567852000182029,1.3209580319999077,2.1276951189997817,55,101,98,"{""params"": {""w"": 1.0, ""rho"": 0.25, ""N"": 1.0, ""phase"": 0.0, ""gradient"": 0.0, ""a_z"": 1.0, ""wall"": 0.5, ""n"": 32, ""kind"": ""network"", ""k_s"": 130.0, ""k_f"": 0.4, ""E"": 70000000000.0, ""nu"": 0.33, ""tol"": 1e-08, ""preconditioner"": ""two_level""}, ""params_json"": ""{\""E\"": 70000000000.0, \""N\"": 1.0, \""a_z\"": 1.0, \""gradient\"": 0.0, \""k_f\"": 0.4, \""k_s\"": 130.0, \""kind\"": \""network\"", \""n\"": 32, \""nu\"": 0.33, \""phase\"": 0.0, \""preconditioner\"": \""two_level\"", \""rho\"": 0.25, \""tol\"": 1e-08, \""w\"": 1.0, \""wall\"": 0.5}"", ""voxlat_version"": ""0.1.0"", ""git_hash"": ""0977f9f913f3+dirty"", ""resolution"": 32, ""wall_time_s"": 10.942572697000287, ""timestamp_utc"": ""2026-10-09T17:40:41+00:00"", ""python"": ""3.13.16"", ""numpy"": ""2.5.3"", ""platform"": ""Linux-6.18.44-fc-v80-x86_64-with-glibc2.39"", ""extra"": {}}",uniform
D-r0.250-N1-p0.1250-g0.000-az1.0000-tw0.500-n32,1,0.25,1,0.125,0,1,0.5,32,network,D,95c011af0755,ok,,32,16,1,1.5,0.25,0.25,0.25,-0.032729595001466438,-0.23290637136670889,-0.23290637150585825,-0.23290637122755964,-0.00075523860342530114,-0.043980320913954984,-0.043980320913942772,-0.043980320913967086,0.1291924236606059,0.1388711294271181,10.568625373998657,0.10968046730409162,0.003913384066273261,0.0039133840655642994,0.0039133840669822225,0.072341492871138016,0.035617818581371974,0.035617818581372432,0.035617818581371523,0.042069605646457994,0.082449907043243356,1.7399293636996638e-09,"[[0.0723414929, 0.035626014, 0.035626014, -0.0, 0.0, 0.0], [0.035626014, 0.082449907, 0.0413702625, 0.0, 0.0, 0.0], [0.035626014, 0.0413702625, 0.082449907, 0.0, 0.0, 0.0], [-0.0, 0.0, 0.0, 0.0420696056, 0.0, 0.0], [0.0, 0.0, 0.0, 0.0, 0.0356178186, 0.0], [0.0, 0.0, 0.0, 0.0, 0.0, 0.0356178186]]",0.25,0.24542852199920162,2.2470764580011746,8.0486386399988987,86,158,139,0.11339173279498602,0.0051015728982726997,0.0051015728982738975,0.0051015728982715027,0.072396169252897921,0.037256365491788429,0.037256365491788429,0.037256365491788429,0.037256365491788478,0.072396169252896769,3.5760774962729971e-09,"[[0.0723961693, 0.0382972602, 0.0382972602, -0.0, 0.0, 0.0], [0.0382972602, 0.0723961693, 0.0382972602, 0.0, -0.0, 0.0], [0.0382972602, 0.0382972602, 0.0723961693, 0.0, 0.0, -0.0], [-0.0, 0.0, 0.0, 0.0372563655, 0.0, 0.0], [0.0, -0.0, 0.0, 0.0, 0.0372563655, 0.0], [0.0, 0.0, -0.0, 0.0, 0.0, 0.0372563655]]",0.25,0.098239079999984824,1.6312122830004228,2.8995720470002198,49,101,123,"{""params"": {""w"": 1.0, ""rho"": 0.25, ""N"": 1.0, ""phase"": 0.125, ""gradient"": 0.0, ""a_z"": 1.0, ""wall"": 0.5, ""n"": 32, ""kind"": ""network"", ""k_s"": 130.0, ""k_f"": 0.4, ""E"": 70000000000.0, ""nu"": 0.33, ""tol"": 1e-08, ""preconditioner"": ""two_level""}, ""params_json"": ""{\""E\"": 70000000000.0, \""N\"": 1.0, \""a_z\"": 1.0, \""gradient\"": 0.0, \""k_f\"": 0.4, \""k_s\"": 130.0, \""kind\"": \""network\"", \""n\"": 32, \""nu\"": 0.33, \""phase\"": 0.125, \""preconditioner\"": \""two_level\"", \""rho\"": 0.25, \""tol\"": 1e-08, \""w\"": 1.0, \""wall\"": 0.5}"", ""voxlat_version"": ""0.1.0"", ""git_hash"": ""0977f9f913f3+dirty"", ""resolution"": 32, ""wall_time_s"": 10.568625373998657, ""timestamp_utc"": ""2026-10-09T18:01:21+00:00"", ""python"": ""3.13.16"", ""numpy"": ""2.5.3"", ""platform"": ""Linux-6.18.44-fc-v80-x86_64-with-glibc2.39"", ""extra"": {}}",uniform
D-r0.250-N1-p0.3333-g0.000-az1.0000-tw0.500-n32,1,0.25,1,0.33333333333333331,0,1,0.5,32,network,D,95c011af0755,ok,,32,16,1,1.5,0.25,0.23046875,0.26953125,-0.012863609988337132,-0.22608980073841434,-0.22608980072400742,-0.22608980075282115,0.037394620421492331,-0.029403948992904771,-0.029403948992905327,-0.029403948992904327,0.1230488883651788,0.12195906247982635,11.500492954000038,0.11290089380593421,0.0039737623452522613,0.0039737623453264649,0.0039737623451780585,0.076140845631513646,0.037065969613794408,0.037065969613794353,0.037065969613794457,0.040469465057132503,0.081044124469557596,-0.00031998014056692044,"[[0.0761408456, 0.0363296095, 0.0363296095, -0.002875569, 0.0, 0.0], [0.0363296095, 0.0810441245, 0.0389938065, -0.0013590587, 0.0, 0.0], [0.0363296095, 0.0389938065, 0.0810441245, -0.0013590587, 0.0, 0.0], [-0.002875569, -0.0013590587, -0.0013590587, 0.0404694651, 0.0, 0.0], [0.0, 0.0, 0.0, 0.0, 0.0370659696, -0.0018077963], [0.0, 0.0, 0.0, 0.0, -0.0018077963, 0.0370659696]]",0.25,0.19706705299995519,2.4613379829997939,8.8170977910003785,99,175,142,0.11437213230949808,0.0051346556086788427,0.0051346556086791385,0.0051346556086785469,0.073396221777762546,0.038188873296295174,0.038188873296295139,0.038188873296295209,0.036035354717321229,0.072234475552457891,3.9360951526389801e-09,"[[0.0733962218, 0.0388878847, 0.0388878847, -0.0, 0.0, 0.0], [0.0388878847, 0.0722344756, 0.0365892401, 0.0, -0.0, 0.0], [0.0388878847, 0.0365892401, 0.0722344756, 0.0, 0.0, 0.0], [-0.0, 0.0, 0.0, 0.0360353547, 0.0, 0.0], [0.0, -0.0, 0.0, 0.0, 0.0381888733, 0.0], [0.0, 0.0, 0.0, 0.0, 0.0, 0.0381888733]]",0.25,0.089282466999975441,1.2520742520000567,2.5191228820003744,66,105,113,"{""params"": {""w"": 1.0, ""rho"": 0.25, ""N"": 1.0, ""phase"": 0.3333333333333333, ""gradient"": 0.0, ""a_z"": 1.0, ""wall"": 0.5, ""n"": 32, ""kind"": ""network"", ""k_s"": 130.0, ""k_f"": 0.4, ""E"": 70000000000.0, ""nu"": 0.33, ""tol"": 1e-08, ""preconditioner"": ""two_level""}, ""params_json"": ""{\""E\"": 70000000000.0, \""N\"": 1.0, \""a_z\"": 1.0, \""gradient\"": 0.0, \""k_f\"": 0.4, \""k_s\"": 130.0, \""kind\"": \""network\"", \""n\"": 32, \""nu\"": 0.33, \""phase\"": 0.3333333333333333, \""preconditioner\"": \""two_level\"", \""rho\"": 0.25, \""tol\"": 1e-08, \""w\"": 1.0, \""wall\"": 0.5}"", ""voxlat_version"": ""0.1.0"", ""git_hash"": ""0977f9f913f3+dirty"", ""resolution"": 32, ""wall_time_s"": 11.500492954000038, ""timestamp_utc"": ""2026-10-09T17:40:51+00:00"", ""python"": ""3.13.16"", ""numpy"": ""2.5.3"", ""platform"": ""Linux-6.18.44-fc-v80-x86_64-with-glibc2.39"", ""extra"": {}}",uniform
D-r0.250-N1-p0.6667-g0.000-az1.0000-tw0.500-n32,1,0.25,1,0.66666666666666663,0,1,0.5,32,network,D,95c011af0755,ok,,32,16,1,1.5,0.25,0.26953125,0.23046875,-0.012863609988337354,-0.22608980095349951,-0.22608980095349918,-0.22608980095349984,0.037394620421505431,-0.029403948992903883,-0.029403948992903328,-0.029403948992904883,0.12304888836518457,0.12195906247980903,10.634053823000613,0.11290089380593421,0.0039737623449661542,0.0039737623449661551,0.0039737623449661533,0.076140845631514728,0.037065969613794325,0.037065969613794436,0.037065969613794214,0.040469465057132871,0.081044124469556944,-0.0003199805822059566,"[[0.0761408456, 0.0363296095, 0.0363296095, -0.002875569, 0.0, 0.0], [0.0363296095, 0.0810441245, 0.0389938065, -0.0013590587, 0.0, 0.0], [0.0363296095, 0.0389938065, 0.0810441245, -0.0013590587, 0.0, 0.0], [-0.002875569, -0.0013590587, -0.0013590587, 0.0404694651, 0.0, 0.0], [0.0, 0.0, 0.0, 0.0, 0.0370659696, -0.0018077963], [0.0, 0.0, 0.0, 0.0, -0.0018077963, 0.0370659696]]",0.25,0.38348029999997379,2.2385787980001624,7.993337173999862,99,175,134,0.11437213230949811,0.0051346556097361757,0.0051346556097361749,0.0051346556097361766,0.073396221777762657,0.038188873296295056,0.038188873296295146,0.038188873296294973,0.036035354717321368,0.072234475552458433,4.5338146563054463e-09,"[[0.0733962218, 0.0388878847, 0.0388878847, -0.0, 0.0, 0.0], [0.0388878847, 0.0722344756, 0.0365892401, 0.0, -0.0, 0.0], [0.0388878847, 0.0365892401, 0.0722344756, 0.0, 0.0, -0.0], [-0.0, 0.0, 0.0, 0.0360353547, 0.0, 0.0], [0.0, -0.0, 0.0, 0.0, 0.0381888733, 0.0], [0.0, 0.0, -0.0, 0.0, 0.0, 0.0381888733]]",0.25,0.1233410790000562,1.2576870180000697,2.8547491200001787,66,105,121,"{""params"": {""w"": 1.0, ""rho"": 0.25, ""N"": 1.0, ""phase"": 0.6666666666666666, ""gradient"": 0.0, ""a_z"": 1.0, ""wall"": 0.5, ""n"": 32, ""kind"": ""network"", ""k_s"": 130.0, ""k_f"": 0.4, ""E"": 70000000000.0, ""nu"": 0.33, ""tol"": 1e-08, ""preconditioner"": ""two_level""}, ""params_json"": ""{\""E\"": 70000000000.0, \""N\"": 1.0, \""a_z\"": 1.0, \""gradient\"": 0.0, \""k_f\"": 0.4, \""k_s\"": 130.0, \""kind\"": \""network\"", \""n\"": 32, \""nu\"": 0.33, \""phase\"": 0.6666666666666666, \""preconditioner\"": \""two_level\"", \""rho\"": 0.25, \""tol\"": 1e-08, \""w\"": 1.0, \""wall\"": 0.5}"", ""voxlat_version"": ""0.1.0"", ""git_hash"": ""0977f9f913f3+dirty"", ""resolution"": 32, ""wall_time_s"": 10.634053823000613, ""timestamp_utc"": ""2026-10-09T17:40:51+00:00"", ""python"": ""3.13.16"", ""numpy"": ""2.5.3"", ""platform"": ""Linux-6.18.44-fc-v80-x86_64-with-glibc2.39"", ""extra"": {}}",uniform
D-r0.250-N1.5-p0.0000-g0.000-az1.0000-tw0.500-n32,1,0.25,1.5,0,0,1,0.5,32,network,D,95c011af0755,ok,,48,16,1.5,2,0.25,0.25,0.25,0.019720379496022789,-0.14137108847112478,-0.14137108847074253,-0.14137108847150692,0.057855258824188294,0.005996427673246707,0.0059964276732502597,0.0059964276732431543,0.055236118763124287,0.08198354047105072,13.448454516000311,0.11562786079741474,0.004380357984724176,0.0043803579847240407,0.0043803579847243113,0.076584668362903258,0.037479770592828129,0.037479770592828338,0.037479770592827928,0.039314262520775349,0.078331463524790812,0.00042131985734482607,"[[0.0765846684, 0.0371649176, 0.0371649176, 0.0036781898, 0.0, 0.0], [0.0371649176, 0.0783314635, 0.0386382449, 0.0026374027, 0.0, 0.0], [0.0371649176, 0.0386382449, 0.0783314635, 0.0026374027, 0.0, 0.0], [0.0036781898, 0.0026374027, 0.0026374027, 0.0393142625, 0.0, 0.0], [0.0, 0.0, 0.0, 0.0, 0.0374797706, 0.0029190895], [0.0, 0.0, 0.0, 0.0, 0.0029190895, 0.0374797706]]",0.25,0.40193006800018338,2.6715940490003049,10.354889424000248,99,135,138,0.11339173279498602,0.0051015728982669682,0.0051015728982645395,0.0051015728982693959,0.072396169252897158,0.037256365491788575,0.037256365491788644,0.037256365491788505,0.037256365491788554,0.072396169252896908,3.5760717599354853e-09,"[[0.0723961693, 0.0382972602, 0.0382972602, -0.0, 0.0, 0.0], [0.0382972602, 0.0723961693, 0.0382972602, 0.0, -0.0, 0.0], [0.0382972602, 0.0382972602, 0.0723961693, 0.0, 0.0, 0.0], [-0.0, 0.0, 0.0, 0.0372563655, 0.0, 0.0], [0.0, -0.0, 0.0, 0.0, 0.0372563655, 0.0], [0.0, 0.0, 0.0, 0.0, 0.0, 0.0372563655]]",0.25,0.094567852000182029,1.3209580319999077,2.1276951189997817,55,101,98,"{""params"": {""w"": 1.0, ""rho"": 0.25, ""N"": 1.5, ""phase"": 0.0, ""gradient"": 0.0, ""a_z"": 1.0, ""wall"": 0.5, ""n"": 32, ""kind"": ""network"", ""k_s"": 130.0, ""k_f"": 0.4, ""E"": 70000000000.0, ""nu"": 0.33, ""tol"": 1e-08, ""preconditioner"": ""two_level""}, ""params_json"": ""{\""E\"": 70000000000.0, \""N\"": 1.5, \""a_z\"": 1.0, \""gradient\"": 0.0, \""k_f\"": 0.4, \""k_s\"": 130.0, \""kind\"": \""network\"", \""n\"": 32, \""nu\"": 0.33, \""phase\"": 0.0, \""preconditioner\"": \""two_level\"", \""rho\"": 0.25, \""tol\"": 1e-08, \""w\"": 1.0, \""wall\"": 0.5}"", ""voxlat_version"": ""0.1.0"", ""git_hash"": ""0977f9f913f3+dirty"", ""resolution"": 32, ""wall_time_s"": 13.44845451600031, ""timestamp_utc"": ""2026-10-09T17:37:37+00:00"", ""python"": ""3.13.16"", ""numpy"": ""2.5.3"", ""platform"": ""Linux-6.18.44-fc-v80-x86_64-with-glibc2.39"", ""extra"": {}}",uniform
D-r0.250-N1.5-p0.1250-g0.000-az1.0000-tw0.500-n32,1,0.25,1.5,0.125,0,1,0.5,32,network,D,95c011af0755,ok,,48,16,1.5,2,0.25,0.25,0.25,-0.023229336756168117,-0.15530096790895975,-0.15530096790915759,-0.15530096790876213,-0.0066097604230304086,-0.029652481062386715,-0.029652481062381275,-0.029652481062392266,0.084908896795822697,0.092555855659799624,12.748673095999038,0.11075771804852584,0.0043092936893128321,0.0043092936893128347,0.0043092936893128295,0.071917647918591107,0.036151621819589815,0.036151621819590016,0.036151621819589606,0.040419762384318193,0.079096858644590304,1.2165228510605437e-09,"[[0.0719176479, 0.0365258947, 0.0365258947, 0.0, 0.0, 0.0], [0.0365258947, 0.0790968586, 0.0403293126, 0.0, 0.0, 0.0], [0.0365258947, 0.0403293126, 0.0790968586, 0.0, 0.0, 0.0], [0.0, 0.0, 0.0, 0.0404197624, 0.0, 0.0], [0.0, 0.0, 0.0, 0.0, 0.0361516218, 0.0], [0.0, 0.0, 0.0, 0.0, 0.0, 0.0361516218]]",0.25,0.25940200100012589,2.9336076889994729,9.534536699000455,92,149,142,0.11339173279498602,0.0051015728982726997,0.0051015728982738975,0.0051015728982715027,0.072396169252897921,0.037256365491788429,0.037256365491788429,0.037256365491788429,0.037256365491788478,0.072396169252896769,3.5760774962729971e-09,"[[0.0723961693, 0.0382972602, 0.0382972602, -0.0, 0.0, 0.0], [0.0382972602, 0.0723961693, 0.0382972602, 0.0, -0.0, 0.0], [0.0382972602, 0.0382972602, 0.0723961693, 0.0, 0.0, -0.0], [-0.0, 0.0, 0.0, 0.0372563655, 0.0, 0.0], [0.0, -0.0, 0.0, 0.0, 0.0372563655, 0.0], [0.0, 0.0, -0.0, 0.0, 0.0, 0.0372563655]]",0.25,0.098239079999984824,1.6312122830004228,2.8995720470002198,49,101,123,"{""params"": {""w"": 1.0, ""rho"": 0.25, ""N"": 1.5, ""phase"": 0.125, ""gradient"": 0.0, ""a_z"": 1.0, ""wall"": 0.5, ""n"": 32, ""kind"": ""network"", ""k_s"": 130.0, ""k_f"": 0.4, ""E"": 70000000000.0, ""nu"": 0.33, ""tol"": 1e-08, ""preconditioner"": ""two_level""}, ""params_json"": ""{\""E\"": 70000000000.0, \""N\"": 1.5, \""a_z\"": 1.0, \""gradient\"": 0.0, \""k_f\"": 0.4, \""k_s\"": 130.0, \""kind\"": \""network\"", \""n\"": 32, \""nu\"": 0.33, \""phase\"": 0.125, \""preconditioner\"": \""two_level\"", \""rho\"": 0.25, \""tol\"": 1e-08, \""w\"": 1.0, \""wall\"": 0.5}"", ""voxlat_version"": ""0.1.0"", ""git_hash"": ""0977f9f913f3+dirty"", ""resolution"": 32, ""wall_time_s"": 12.748673095999038, ""timestamp_utc"": ""2026-10-09T18:00:45+00:00"", ""python"": ""3.13.16"", ""numpy"": ""2.5.3"", ""platform"": ""Linux-6.18.44-fc-v80-x86_64-with-glibc2.39"", ""extra"": {}}",uniform
D-r0.250-N1.5-p0.3333-g0.000-az1.0000-tw0.500-n32,1,0.25,1.5,0.33333333333333331,0,1,0.5,32,network,D,95c011af0755,ok,,48,16,1.5,2,0.25,0.23046875,0.26953125,-0.0096865714181008089,-0.15075838235061911,-0.15075838232891203,-0.15075838237232631,0.018822644742941375,-0.020336710741349018,-0.020336710741349129,-0.020336710741349018,0.080925093599304443,0.081301945679680632,15.158252531000471,0.11326425848164165,0.0043605632351868869,0.0043605632352985962,0.0043605632350751768,0.074777732785759513,0.037412237226530386,0.037412237226530351,0.03741223722653042,0.038951519170704579,0.078107278960024049,-0.00021333481829527738,"[[0.0747777328, 0.0371825809, 0.0371825809, -0.0019670973, 0.0, 0.0], [0.0371825809, 0.078107279, 0.0381851261, -0.0009212365, 0.0, 0.0], [0.0371825809, 0.0381851261, 0.078107279, -0.0009212365, 0.0, 0.0], [-0.0019670973, -0.0009212365, -0.0009212365, 0.0389515192, 0.0, 0.0], [0.0, 0.0, 0.0, 0.0, 0.0374122372, -0.0013336283], [0.0, 0.0, 0.0, 0.0, -0.0013336283, 0.0374122372]]",0.25,0.37672996800029068,4.1372934779992647,10.627116341000146,104,179,143,0.11437213230949808,0.0051346556086788427,0.0051346556086791385,0.0051346556086785469,0.073396221777762546,0.038188873296295174,0.038188873296295139,0.038188873296295209,0.036035354717321229,0.072234475552457891,3.9360951526389801e-09,"[[0.0733962218, 0.0388878847, 0.0388878847, -0.0, 0.0, 0.0], [0.0388878847, 0.0722344756, 0.0365892401, 0.0, -0.0, 0.0], [0.0388878847, 0.0365892401, 0.0722344756, 0.0, 0.0, 0.0], [-0.0, 0.0, 0.0, 0.0360353547, 0.0, 0.0], [0.0, -0.0, 0.0, 0.0, 0.0381888733, 0.0], [0.0, 0.0, 0.0, 0.0, 0.0, 0.0381888733]]",0.25,0.089282466999975441,1.2520742520000567,2.5191228820003744,66,105,113,"{""params"": {""w"": 1.0, ""rho"": 0.25, ""N"": 1.5, ""phase"": 0.3333333333333333, ""gradient"": 0.0, ""a_z"": 1.0, ""wall"": 0.5, ""n"": 32, ""kind"": ""network"", ""k_s"": 130.0, ""k_f"": 0.4, ""E"": 70000000000.0, ""nu"": 0.33, ""tol"": 1e-08, ""preconditioner"": ""two_level""}, ""params_json"": ""{\""E\"": 70000000000.0, \""N\"": 1.5, \""a_z\"": 1.0, \""gradient\"": 0.0, \""k_f\"": 0.4, \""k_s\"": 130.0, \""kind\"": \""network\"", \""n\"": 32, \""nu\"": 0.33, \""phase\"": 0.3333333333333333, \""preconditioner\"": \""two_level\"", \""rho\"": 0.25, \""tol\"": 1e-08, \""w\"": 1.0, \""wall\"": 0.5}"", ""voxlat_version"": ""0.1.0"", ""git_hash"": ""0977f9f913f3+dirty"", ""resolution"": 32, ""wall_time_s"": 15.158252531000471, ""timestamp_utc"": ""2026-10-09T17:37:52+00:00"", ""python"": ""3.13.16"", ""numpy"": ""2.5.3"", ""platform"": ""Linux-6.18.44-fc-v80-x86_64-with-glibc2.39"", ""extra"": {}}",uniform
D-r0.250-N1.5-p0.6667-g0.000-az1.0000-tw0.500-n32,1,0.25,1.5,0.66666666666666663,0,1,0.5,32,network,D,95c011af0755,ok,,48,16,1.5,2,0.25,0.26953125,0.23046875,-0.009686571418101031,-0.15075838219817317,-0.15075838219817317,-0.15075838219817295,0.018822644742886974,-0.020336710741335917,-0.020336710741324815,-0.020336710741347241,0.080925093599293119,0.081301945679635335,14.330020829000205,0.11326425848164165,0.0043605632368675755,0.0043605632368675746,0.0043605632368675772,0.074777732785755641,0.037412237226530774,0.037412237226531288,0.037412237226530268,0.03895151917070433,0.078107278960021356,-0.00021333249778469456,"[[0.0747777328, 0.0371825809, 0.0371825809, -0.0019670973, 0.0, 0.0], [0.0371825809, 0.078107279, 0.0381851261, -0.0009212365, 0.0, 0.0], [0.0371825809, 0.0381851261, 0.078107279, -0.0009212365, 0.0, 0.0], [-0.0019670973, -0.0009212365, -0.0009212365, 0.0389515192, 0.0, 0.0], [0.0, 0.0, 0.0, 0.0, 0.0374122372, -0.0013336283], [0.0, 0.0, 0.0, 0.0, -0.0013336283, 0.0374122372]]",0.25,0.26579861900063406,3.9555687929996566,10.094676311000512,104,178,136,0.11437213230949811,0.0051346556097361757,0.0051346556097361749,0.0051346556097361766,0.073396221777762657,0.038188873296295056,0.038188873296295146,0.038188873296294973,0.036035354717321368,0.072234475552458433,4.5338146563054463e-09,"[[0.0733962218, 0.0388878847, 0.0388878847, -0.0, 0.0, 0.0], [0.0388878847, 0.0722344756, 0.0365892401, 0.0, -0.0, 0.0], [0.0388878847, 0.0365892401, 0.0722344756, 0.0, 0.0, -0.0], [-0.0, 0.0, 0.0, 0.0360353547, 0.0, 0.0], [0.0, -0.0, 0.0, 0.0, 0.0381888733, 0.0], [0.0, 0.0, -0.0, 0.0, 0.0, 0.0381888733]]",0.25,0.1233410790000562,1.2576870180000697,2.8547491200001787,66,105,121,"{""params"": {""w"": 1.0, ""rho"": 0.25, ""N"": 1.5, ""phase"": 0.6666666666666666, ""gradient"": 0.0, ""a_z"": 1.0, ""wall"": 0.5, ""n"": 32, ""kind"": ""network"", ""k_s"": 130.0, ""k_f"": 0.4, ""E"": 70000000000.0, ""nu"": 0.33, ""tol"": 1e-08, ""preconditioner"": ""two_level""}, ""params_json"": ""{\""E\"": 70000000000.0, \""N\"": 1.5, \""a_z\"": 1.0, \""gradient\"": 0.0, \""k_f\"": 0.4, \""k_s\"": 130.0, \""kind\"": \""network\"", \""n\"": 32, \""nu\"": 0.33, \""phase\"": 0.6666666666666666, \""preconditioner\"": \""two_level\"", \""rho\"": 0.25, \""tol\"": 1e-08, \""w\"": 1.0, \""wall\"": 0.5}"", ""voxlat_version"": ""0.1.0"", ""git_hash"": ""0977f9f913f3+dirty"", ""resolution"": 32, ""wall_time_s"": 14.330020829000205, ""timestamp_utc"": ""2026-10-09T17:37:53+00:00"", ""python"": ""3.13.16"", ""numpy"": ""2.5.3"", ""platform"": ""Linux-6.18.44-fc-v80-x86_64-with-glibc2.39"", ""extra"": {}}",uniform
D-r0.250-N2-p0.0000-g0.000-az1.0000-tw0.500-n32,1,0.25,2,0,0,1,0.5,32,network,D,95c011af0755,ok,,64,16,2,2.5,0.25,0.25,0.25,0.015312765396486183,-0.10602858524395609,-0.10602858524353054,-0.10602858524438152,0.046085167820516304,0.0034136221859504268,0.0034136221859550897,0.0034136221859459859,0.039852086581046331,0.061058937694389748,14.666199851000329,0.11512807379717667,0.0045606603413448129,0.0045606603413448129,0.0045606603413448129,0.075732558862479413,0.037383544647599229,0.037383544647599465,0.037383544647598986,0.038741109395062409,0.076816602440622037,0.0003159847900349287,"[[0.0757325589, 0.0374851861, 0.0374851861, 0.0025884725, 0.0, 0.0], [0.0374851861, 0.0768166024, 0.0385346832, 0.0020170645, 0.0, 0.0], [0.0374851861, 0.0385346832, 0.0768166024, 0.0020170645, 0.0, 0.0], [0.0025884725, 0.0020170645, 0.0020170645, 0.0387411094, 0.0, 0.0], [0.0, 0.0, 0.0, 0.0, 0.0373835446, 0.0020320182], [0.0, 0.0, 0.0, 0.0, 0.0020320182, 0.0373835446]]",0.25,0.38717834299995957,3.6737870110000586,10.584279887000321,99,129,139,0.11339173279498602,0.0051015728982669682,0.0051015728982645395,0.0051015728982693959,0.072396169252897158,0.037256365491788575,0.037256365491788644,0.037256365491788505,0.037256365491788554,0.072396169252896908,3.5760717599354853e-09,"[[0.0723961693, 0.0382972602, 0.0382972602, -0.0, 0.0, 0.0], [0.0382972602, 0.0723961693, 0.0382972602, 0.0, -0.0, 0.0], [0.0382972602, 0.0382972602, 0.0723961693, 0.0, 0.0, 0.0], [-0.0, 0.0, 0.0, 0.0372563655, 0.0, 0.0], [0.0, -0.0, 0.0, 0.0, 0.0372563655, 0.0], [0.0, 0.0, 0.0, 0.0, 0.0, 0.0372563655]]",0.25,0.094567852000182029,1.3209580319999077,2.1276951189997817,55,101,98,"{""params"": {""w"": 1.0, ""rho"": 0.25, ""N"": 2.0, ""phase"": 0.0, ""gradient"": 0.0, ""a_z"": 1.0, ""wall"": 0.5, ""n"": 32, ""kind"": ""network"", ""k_s"": 130.0, ""k_f"": 0.4, ""E"": 70000000000.0, ""nu"": 0.33, ""tol"": 1e-08, ""preconditioner"": ""two_level""}, ""params_json"": ""{\""E\"": 70000000000.0, \""N\"": 2.0, \""a_z\"": 1.0, \""gradient\"": 0.0, \""k_f\"": 0.4, \""k_s\"": 130.0, \""kind\"": \""network\"", \""n\"": 32, \""nu\"": 0.33, \""phase\"": 0.0, \""preconditioner\"": \""two_level\"", \""rho\"": 0.25, \""tol\"": 1e-08, \""w\"": 1.0, \""wall\"": 0.5}"", ""voxlat_version"": ""0.1.0"", ""git_hash"": ""0977f9f913f3+dirty"", ""resolution"": 32, ""wall_time_s"": 14.666199851000329, ""timestamp_utc"": ""2026-10-09T16:19:35+00:00"", ""python"": ""3.13.16"", ""numpy"": ""2.5.3"", ""platform"": ""Linux-6.18.44-fc-v80-x86_64-with-glibc2.39"", ""extra"": {}}",uniform
D-r0.250-N2-p0.0000-g0.000-az1.0000-tw0.500-n48,1,0.25,2,0,0,1,0.5,48,network,D,95c011af0755,ok,,96,24,2,2.5,0.25022605613425924,0.25007233796296297,0.24971064814814817,0.011434886807150768,-0.1068348453443545,-0.1068345530555308,-0.10683513759283758,0.042363534704498162,0.00085076969413311332,0.00086060090292816582,0.00084094076968521669,0.037124757403562469,0.055234858503123485,53.859279983000306,0.11991084060681832,0.0045620478835308488,0.0045617345376618408,0.0045623612293998576,0.075615727977166661,0.037442445102535082,0.037438462344313618,0.037446427860756554,0.038804608655665887,0.076538405245840171,0.00032282803137685342,"[[0.075615728, 0.0372921885, 0.0372951927, 0.0025299944, 7.11875e-05, 6.83312e-05], [0.0372921885, 0.0765445811, 0.038328622, 0.0018842026, 4.2461e-05, 6.04227e-05], [0.0372951927, 0.038328622, 0.0765322294, 0.0018858863, 6.69828e-05, 4.0257e-05], [0.0025299944, 0.0018842026, 0.0018858863, 0.0388046087, 1.83404e-05, 1.73585e-05], [7.11875e-05, 4.2461e-05, 6.69828e-05, 1.83404e-05, 0.0374464279, 0.0020099418], [6.83312e-05, 6.04227e-05, 4.0257e-05, 1.73585e-05, 0.0020099418, 0.0374384623]]",0.25022605613425924,1.6532110339994688,17.840651677999631,34.319060342000739,115,163,121,0.11855517559350472,0.0051077315989669558,0.0051073791012265363,0.0051080840967073753,0.072542568364695456,0.037410617283111805,0.03740627047416837,0.03741496409205524,0.037415564886150304,0.072532104705498229,4.7812892207710733e-06,"[[0.0725425684, 0.0382287078, 0.0382325433, 4.52618e-05, 6.61542e-05, 6.69948e-05], [0.0382287078, 0.0725377524, 0.0382322249, 6.79645e-05, 4.38156e-05, 6.45994e-05], [0.0382325433, 0.0382322249, 0.072526457, 7.02517e-05, 7.08429e-05, 4.03718e-05], [4.52618e-05, 6.79645e-05, 7.02517e-05, 0.0374155649, 1.40358e-05, 1.50725e-05], [6.61542e-05, 4.38156e-05, 7.08429e-05, 1.40358e-05, 0.0374149641, 1.29641e-05], [6.69948e-05, 6.45994e-05, 4.03718e-05, 1.50725e-05, 1.29641e-05, 0.0374062705]]",0.25022605613425924,0.62554945299962128,6.8410551630004193,8.3866068709994579,107,110,111,"{""params"": {""w"": 1.0, ""rho"": 0.25, ""N"": 2.0, ""phase"": 0.0, ""gradient"": 0.0, ""a_z"": 1.0, ""wall"": 0.5, ""n"": 48, ""kind"": ""network"", ""k_s"": 130.0, ""k_f"": 0.4, ""E"": 70000000000.0, ""nu"": 0.33, ""tol"": 1e-08, ""preconditioner"": ""two_level""}, ""params_json"": ""{\""E\"": 70000000000.0, \""N\"": 2.0, \""a_z\"": 1.0, \""gradient\"": 0.0, \""k_f\"": 0.4, \""k_s\"": 130.0, \""kind\"": \""network\"", \""n\"": 48, \""nu\"": 0.33, \""phase\"": 0.0, \""preconditioner\"": \""two_level\"", \""rho\"": 0.25, \""tol\"": 1e-08, \""w\"": 1.0, \""wall\"": 0.5}"", ""voxlat_version"": ""0.1.0"", ""git_hash"": ""0977f9f913f3+dirty"", ""resolution"": 48, ""wall_time_s"": 53.859279983000306, ""timestamp_utc"": ""2026-10-09T18:21:29+00:00"", ""python"": ""3.13.16"", ""numpy"": ""2.5.3"", ""platform"": ""Linux-6.18.44-fc-v80-x86_64-with-glibc2.39"", ""extra"": {}}",
D-r0.250-N2-p0.1250-g0.000-az1.0000-tw0.500-n32,1,0.25,2,0.125,0,1,0.5,32,network,D,95c011af0755,ok,,64,16,2,2.5,0.25,0.25,0.25,-0.016637081586054037,-0.11647594032269604,-0.11647594032290332,-0.11647594032248887,-0.00037772095693933139,-0.022396297059598225,-0.022396297059601111,-0.022396297059595338,0.064596278651255945,0.069065258781596306,15.354667518999122,0.11150522528529179,0.0045073623978216055,0.0045073623978216064,0.0045073623978216047,0.07236882370256896,0.036421960862873373,0.036421960862873262,0.036421960862873477,0.039662988058629084,0.077396229417144344,6.0582521333276459e-10,"[[0.0723688237, 0.0369611321, 0.0369611321, -0.0, 0.0, 0.0], [0.0369611321, 0.0773962294, 0.039811264, 0.0, 0.0, 0.0], [0.0369611321, 0.039811264, 0.0773962294, 0.0, 0.0, 0.0], [-0.0, 0.0, 0.0, 0.0396629881, 0.0, 0.0], [0.0, 0.0, 0.0, 0.0, 0.0364219609, 0.0], [0.0, 0.0, 0.0, 0.0, 0.0, 0.0364219609]]",0.25,0.57360788400001184,3.6174810510001407,11.142967619000046,91,144,143,0.11339173279498602,0.0051015728982726997,0.0051015728982738975,0.0051015728982715027,0.072396169252897921,0.037256365491788429,0.037256365491788429,0.037256365491788429,0.037256365491788478,0.072396169252896769,3.5760774962729971e-09,"[[0.0723961693, 0.0382972602, 0.0382972602, -0.0, 0.0, 0.0], [0.0382972602, 0.0723961693, 0.0382972602, 0.0, -0.0, 0.0], [0.0382972602, 0.0382972602, 0.0723961693, 0.0, 0.0, -0.0], [-0.0, 0.0, 0.0, 0.0372563655, 0.0, 0.0], [0.0, -0.0, 0.0, 0.0, 0.0372563655, 0.0], [0.0, 0.0, -0.0, 0.0, 0.0, 0.0372563655]]",0.25,0.098239079999984824,1.6312122830004228,2.8995720470002198,49,101,123,"{""params"": {""w"": 1.0, ""rho"": 0.25, ""N"": 2.0, ""phase"": 0.125, ""gradient"": 0.0, ""a_z"": 1.0, ""wall"": 0.5, ""n"": 32, ""kind"": ""network"", ""k_s"": 130.0, ""k_f"": 0.4, ""E"": 70000000000.0, ""nu"": 0.33, ""tol"": 1e-08, ""preconditioner"": ""two_level""}, ""params_json"": ""{\""E\"": 70000000000.0, \""N\"": 2.0, \""a_z\"": 1.0, \""gradient\"": 0.0, \""k_f\"": 0.4, \""k_s\"": 130.0, \""kind\"": \""network\"", \""n\"": 32, \""nu\"": 0.33, \""phase\"": 0.125, \""preconditioner\"": \""two_level\"", \""rho\"": 0.25, \""tol\"": 1e-08, \""w\"": 1.0, \""wall\"": 0.5}"", ""voxlat_version"": ""0.1.0"", ""git_hash"": ""0977f9f913f3+dirty"", ""resolution"": 32, ""wall_time_s"": 15.354667518999122, ""timestamp_utc"": ""2026-10-09T18:00:00+00:00"", ""python"": ""3.13.16"", ""numpy"": ""2.5.3"", ""platform"": ""Linux-6.18.44-fc-v80-x86_64-with-glibc2.39"", ""extra"": {}}",uniform
D-r0.250-N2-p0.3333-g0.000-az1.0000-tw0.500-n32,1,0.25,2,0.33333333333333331,0,1,0.5,32,network,D,95c011af0755,ok,,64,16,2,2.5,0.25,0.23046875,0.26953125,-0.0064735147015907435,-0.11306900788181984,-0.11306900788187346,-0.1130690078817661,0.018354203460065222,-0.015449848995951143,-0.015449848995949034,-0.015449848995953142,0.060757258409097181,0.060640070473141572,17.868509330000052,0.11363174262954026,0.0045540851931907041,0.0045540851931906911,0.004554085193190718,0.074743350965471675,0.037598860970541902,0.03759886097054195,0.03759886097054186,0.038224764075744988,0.076614779240549366,-0.00015999847046368194,"[[0.074743351, 0.037632225, 0.037632225, -0.0014113969, 0.0, 0.0], [0.037632225, 0.0766147792, 0.0377722718, -0.0007041276, 0.0, 0.0], [0.037632225, 0.0377722718, 0.0766147792, -0.0007041276, 0.0, 0.0], [-0.0014113969, -0.0007041276, -0.0007041276, 0.0382247641, 0.0, 0.0], [0.0, 0.0, 0.0, 0.0, 0.037598861, -0.0009337016], [0.0, 0.0, 0.0, 0.0, -0.0009337016, 0.037598861]]",0.25,0.43224125800043112,5.0499819189999471,12.365726848000122,103,175,142,0.11437213230949808,0.0051346556086788427,0.0051346556086791385,0.0051346556086785469,0.073396221777762546,0.038188873296295174,0.038188873296295139,0.038188873296295209,0.036035354717321229,0.072234475552457891,3.9360951526389801e-09,"[[0.0733962218, 0.0388878847, 0.0388878847, -0.0, 0.0, 0.0], [0.0388878847, 0.0722344756, 0.0365892401, 0.0, -0.0, 0.0], [0.0388878847, 0.0365892401, 0.0722344756, 0.0, 0.0, 0.0], [-0.0, 0.0, 0.0, 0.0360353547, 0.0, 0.0], [0.0, -0.0, 0.0, 0.0, 0.0381888733, 0.0], [0.0, 0.0, 0.0, 0.0, 0.0, 0.0381888733]]",0.25,0.089282466999975441,1.2520742520000567,2.5191228820003744,66,105,113,"{""params"": {""w"": 1.0, ""rho"": 0.25, ""N"": 2.0, ""phase"": 0.3333333333333333, ""gradient"": 0.0, ""a_z"": 1.0, ""wall"": 0.5, ""n"": 32, ""kind"": ""network"", ""k_s"": 130.0, ""k_f"": 0.4, ""E"": 70000000000.0, ""nu"": 0.33, ""tol"": 1e-08, ""preconditioner"": ""two_level""}, ""params_json"": ""{\""E\"": 70000000000.0, \""N\"": 2.0, \""a_z\"": 1.0, \""gradient\"": 0.0, \""k_f\"": 0.4, \""k_s\"": 130.0, \""kind\"": \""network\"", \""n\"": 32, \""nu\"": 0.33, \""phase\"": 0.3333333333333333, \""preconditioner\"": \""two_level\"", \""rho\"": 0.25, \""tol\"": 1e-08, \""w\"": 1.0, \""wall\"": 0.5}"", ""voxlat_version"": ""0.1.0"", ""git_hash"": ""0977f9f913f3+dirty"", ""resolution"": 32, ""wall_time_s"": 17.86850933000005, ""timestamp_utc"": ""2026-10-09T17:31:12+00:00"", ""python"": ""3.13.16"", ""numpy"": ""2.5.3"", ""platform"": ""Linux-6.18.44-fc-v80-x86_64-with-glibc2.39"", ""extra"": {}}",uniform
D-r0.250-N2-p0.6667-g0.000-az1.0000-tw0.500-n32,1,0.25,2,0.66666666666666663,0,1,0.5,32,network,D,95c011af0755,ok,,64,16,2,2.5,0.25,0.26953125,0.23046875,-0.0064735147015910766,-0.11306900869361247,-0.11306900869361214,-0.11306900869361258,0.018354203460022811,-0.015449848995965687,-0.015449848995979898,-0.015449848995951587,0.06075725840910251,0.060640070473122254,17.085443007999856,0.11363174262954026,0.0045540851899602101,0.004554085189960211,0.0045540851899602101,0.074743350965468677,0.037598860970541229,0.037598860970540778,0.037598860970541687,0.038224764075745328,0.076614779240548547,-0.00015999826193487316,"[[0.074743351, 0.037632225, 0.037632225, -0.0014113969, 0.0, 0.0], [0.037632225, 0.0766147792, 0.0377722718, -0.0007041276, 0.0, 0.0], [0.037632225, 0.0377722718, 0.0766147792, -0.0007041276, 0.0, 0.0], [-0.0014113969, -0.0007041276, -0.0007041276, 0.0382247641, 0.0, 0.0], [0.0, 0.0, 0.0, 0.0, 0.037598861, -0.0009337016], [0.0, 0.0, 0.0, 0.0, -0.0009337016, 0.037598861]]",0.25,0.36417913600052998,5.0668273800001771,11.626954282999577,103,175,136,0.11437213230949811,0.0051346556097361757,0.0051346556097361749,0.0051346556097361766,0.073396221777762657,0.038188873296295056,0.038188873296295146,0.038188873296294973,0.036035354717321368,0.072234475552458433,4.5338146563054463e-09,"[[0.0733962218, 0.0388878847, 0.0388878847, -0.0, 0.0, 0.0], [0.0388878847, 0.0722344756, 0.0365892401, 0.0, -0.0, 0.0], [0.0388878847, 0.0365892401, 0.0722344756, 0.0, 0.0, -0.0], [-0.0, 0.0, 0.0, 0.0360353547, 0.0, 0.0], [0.0, -0.0, 0.0, 0.0, 0.0381888733, 0.0], [0.0, 0.0, -0.0, 0.0, 0.0, 0.0381888733]]",0.25,0.1233410790000562,1.2576870180000697,2.8547491200001787,66,105,121,"{""params"": {""w"": 1.0, ""rho"": 0.25, ""N"": 2.0, ""phase"": 0.6666666666666666, ""gradient"": 0.0, ""a_z"": 1.0, ""wall"": 0.5, ""n"": 32, ""kind"": ""network"", ""k_s"": 130.0, ""k_f"": 0.4, ""E"": 70000000000.0, ""nu"": 0.33, ""tol"": 1e-08, ""preconditioner"": ""two_level""}, ""params_json"": ""{\""E\"": 70000000000.0, \""N\"": 2.0, \""a_z\"": 1.0, \""gradient\"": 0.0, \""k_f\"": 0.4, \""k_s\"": 130.0, \""kind\"": \""network\"", \""n\"": 32, \""nu\"": 0.33, \""phase\"": 0.6666666666666666, \""preconditioner\"": \""two_level\"", \""rho\"": 0.25, \""tol\"": 1e-08, \""w\"": 1.0, \""wall\"": 0.5}"", ""voxlat_version"": ""0.1.0"", ""git_hash"": ""0977f9f913f3+dirty"", ""resolution"": 32, ""wall_time_s"": 17.085443007999856, ""timestamp_utc"": ""2026-10-09T17:31:20+00:00"", ""python"": ""3.13.16"", ""numpy"": ""2.5.3"", ""platform"": ""Linux-6.18.44-fc-v80-x86_64-with-glibc2.39"", ""extra"": {}}",uniform
D-r0.250-N3-p0.0000-g0.000-az1.0000-tw0.500-n32,1,0.25,3,0,0,1,0.5,32,network,D,95c011af0755,ok,,96,16,3,3.5,0.25,0.25,0.25,0.010156668031760407,-0.070685727362140294,-0.070685727361697426,-0.070685727362583051,0.030258620676347769,0.0016166741671594931,0.0016166741671648222,0.0016166741671543861,0.026024384770870324,0.0406783481986146,20.127476868000485,0.11454341498253076,0.0047409645072619853,0.0047409645072619879,0.0047409645072619827,0.074586777476741251,0.037316596895441402,0.037316596895441666,0.037316596895441138,0.038225939482511032,0.07534112583401209,0.00021064910964423708,"[[0.0745867775, 0.0377640682, 0.0377640682, 0.0016995404, 0.0, 0.0], [0.0377640682, 0.0753411258, 0.0384535539, 0.0013510643, 0.0, 0.0], [0.0377640682, 0.0384535539, 0.0753411258, 0.0013510643, 0.0, 0.0], [0.0016995404, 0.0013510643, 0.0013510643, 0.0382259395, 0.0, 0.0], [0.0, 0.0, 0.0, 0.0, 0.0373165969, 0.0013521619], [0.0, 0.0, 0.0, 0.0, 0.0013521619, 0.0373165969]]",0.25,0.51372523199916031,5.3791635020006652,14.212359642000592,100,126,139,0.11339173279498602,0.0051015728982669682,0.0051015728982645395,0.0051015728982693959,0.072396169252897158,0.037256365491788575,0.037256365491788644,0.037256365491788505,0.037256365491788554,0.072396169252896908,3.5760717599354853e-09,"[[0.0723961693, 0.0382972602, 0.0382972602, -0.0, 0.0, 0.0], [0.0382972602, 0.0723961693, 0.0382972602, 0.0, -0.0, 0.0], [0.0382972602, 0.0382972602, 0.0723961693, 0.0, 0.0, 0.0], [-0.0, 0.0, 0.0, 0.0372563655, 0.0, 0.0], [0.0, -0.0, 0.0, 0.0, 0.0372563655, 0.0], [0.0, 0.0, 0.0, 0.0, 0.0, 0.0372563655]]",0.25,0.094567852000182029,1.3209580319999077,2.1276951189997817,55,101,98,"{""params"": {""w"": 1.0, ""rho"": 0.25, ""N"": 3.0, ""phase"": 0.0, ""gradient"": 0.0, ""a_z"": 1.0, ""wall"": 0.5, ""n"": 32, ""kind"": ""network"", ""k_s"": 130.0, ""k_f"": 0.4, ""E"": 70000000000.0, ""nu"": 0.33, ""tol"": 1e-08, ""preconditioner"": ""two_level""}, ""params_json"": ""{\""E\"": 70000000000.0, \""N\"": 3.0, \""a_z\"": 1.0, \""gradient\"": 0.0, \""k_f\"": 0.4, \""k_s\"": 130.0, \""kind\"": \""network\"", \""n\"": 32, \""nu\"": 0.33, \""phase\"": 0.0, \""preconditioner\"": \""two_level\"", \""rho\"": 0.25, \""tol\"": 1e-08, \""w\"": 1.0, \""wall\"": 0.5}"", ""voxlat_version"": ""0.1.0"", ""git_hash"": ""0977f9f913f3+dirty"", ""resolution"": 32, ""wall_time_s"": 20.127476868000485, ""timestamp_utc"": ""2026-10-09T17:25:06+00:00"", ""python"": ""3.13.16"", ""numpy"": ""2.5.3"", ""platform"": ""Linux-6.18.44-fc-v80-x86_64-with-glibc2.39"", ""extra"": {}}",uniform
D-r0.250-N3-p0.1250-g0.000-az1.0000-tw0.500-n32,1,0.25,3,0.125,0,1,0.5,32,network,D,95c011af0755,ok,,96,16,3,3.5,0.25,0.25,0.25,-0.011153240180309054,-0.07765062938846945,-0.077650629388685943,-0.077650629388253178,-0.00025184568040981237,-0.015042468682938348,-0.015042468682938903,-0.015042468682938015,0.043064185767544227,0.045967744812016376,23.159842069000661,0.1121270475646621,0.0047054325518506666,0.0047054325518506666,0.0047054325518506657,0.072377936590393349,0.036695937780638094,0.036695937780638073,0.036695937780638108,0.038860780536350378,0.075724057886481469,1.1173911678155381e-09,"[[0.0723779366, 0.037406396, 0.037406396, -0.0, 0.0, 0.0], [0.037406396, 0.0757240579, 0.0393011198, 0.0, 0.0, 0.0], [0.037406396, 0.0393011198, 0.0757240579, 0.0, 0.0, 0.0], [-0.0, 0.0, 0.0, 0.0388607805, 0.0, 0.0], [0.0, 0.0, 0.0, 0.0, 0.0366959378, 0.0], [0.0, 0.0, 0.0, 0.0, 0.0, 0.0366959378]]",0.25,0.59682747199985897,6.7792386299988721,15.748225565001121,92,138,143,0.11339173279498602,0.0051015728982726997,0.0051015728982738975,0.0051015728982715027,0.072396169252897921,0.037256365491788429,0.037256365491788429,0.037256365491788429,0.037256365491788478,0.072396169252896769,3.5760774962729971e-09,"[[0.0723961693, 0.0382972602, 0.0382972602, -0.0, 0.0, 0.0], [0.0382972602, 0.0723961693, 0.0382972602, 0.0, -0.0, 0.0], [0.0382972602, 0.0382972602, 0.0723961693, 0.0, 0.0, -0.0], [-0.0, 0.0, 0.0, 0.0372563655, 0.0, 0.0], [0.0, -0.0, 0.0, 0.0, 0.0372563655, 0.0], [0.0, 0.0, -0.0, 0.0, 0.0, 0.0372563655]]",0.25,0.098239079999984824,1.6312122830004228,2.8995720470002198,49,101,123,"{""params"": {""w"": 1.0, ""rho"": 0.25, ""N"": 3.0, ""phase"": 0.125, ""gradient"": 0.0, ""a_z"": 1.0, ""wall"": 0.5, ""n"": 32, ""kind"": ""network"", ""k_s"": 130.0, ""k_f"": 0.4, ""E"": 70000000000.0, ""nu"": 0.33, ""tol"": 1e-08, ""preconditioner"": ""two_level""}, ""params_json"": ""{\""E\"": 70000000000.0, \""N\"": 3.0, \""a_z\"": 1.0, \""gradient\"": 0.0, \""k_f\"": 0.4, \""k_s\"": 130.0, \""kind\"": \""network\"", \""n\"": 32, \""nu\"": 0.33, \""phase\"": 0.125, \""preconditioner\"": \""two_level\"", \""rho\"": 0.25, \""tol\"": 1e-08, \""w\"": 1.0, \""wall\"": 0.5}"", ""voxlat_version"": ""0.1.0"", ""git_hash"": ""0977f9f913f3+dirty"", ""resolution"": 32, ""wall_time_s"": 23.15984206900066, ""timestamp_utc"": ""2026-10-09T17:59:02+00:00"", ""python"": ""3.13.16"", ""numpy"": ""2.5.3"", ""platform"": ""Linux-6.18.44-fc-v80-x86_64-with-glibc2.39"", ""extra"": {}}",uniform
D-r0.250-N3-p0.3333-g0.000-az1.0000-tw0.500-n32,1,0.25,3,0.33333333333333331,0,1,0.5,32,network,D,95c011af0755,ok,,96,16,3,3.5,0.25,0.23046875,0.26953125,-0.0043250091399811286,-0.075379342472293831,-0.075379342472347344,-0.075379342472240318,0.012161729355044448,-0.010487673537259656,-0.010487673537238229,-0.010487673537280862,0.040338484512473682,0.040360943963667628,21.546058622000601,0.11387747179190037,0.0047476086450749556,0.0047476086450749548,0.0047476086450749574,0.074288846762706515,0.037788360860407856,0.03778836086040864,0.037788360860407079,0.037488966315487385,0.075149927172475553,-0.0001066596777100444,"[[0.0742888468, 0.0380558686, 0.0380558686, -0.0009352096, 0.0, 0.0], [0.0380558686, 0.0751499272, 0.0373731893, -0.0004747515, 0.0, 0.0], [0.0380558686, 0.0373731893, 0.0751499272, -0.0004747515, 0.0, 0.0], [-0.0009352096, -0.0004747515, -0.0004747515, 0.0374889663, 0.0, 0.0], [0.0, 0.0, 0.0, 0.0, 0.0377883609, -0.0006289878], [0.0, 0.0, 0.0, 0.0, -0.0006289878, 0.0377883609]]",0.25,0.57404869000038161,6.0921619990003819,14.857427628000551,103,145,139,0.11437213230949808,0.0051346556086788427,0.0051346556086791385,0.0051346556086785469,0.073396221777762546,0.038188873296295174,0.038188873296295139,0.038188873296295209,0.036035354717321229,0.072234475552457891,3.9360951526389801e-09,"[[0.0733962218, 0.0388878847, 0.0388878847, -0.0, 0.0, 0.0], [0.0388878847, 0.0722344756, 0.0365892401, 0.0, -0.0, 0.0], [0.0388878847, 0.0365892401, 0.0722344756, 0.0, 0.0, 0.0], [-0.0, 0.0, 0.0, 0.0360353547, 0.0, 0.0], [0.0, -0.0, 0.0, 0.0, 0.0381888733, 0.0], [0.0, 0.0, 0.0, 0.0, 0.0, 0.0381888733]]",0.25,0.089282466999975441,1.2520742520000567,2.5191228820003744,66,105,113,"{""params"": {""w"": 1.0, ""rho"": 0.25, ""N"": 3.0, ""phase"": 0.3333333333333333, ""gradient"": 0.0, ""a_z"": 1.0, ""wall"": 0.5, ""n"": 32, ""kind"": ""network"", ""k_s"": 130.0, ""k_f"": 0.4, ""E"": 70000000000.0, ""nu"": 0.33, ""tol"": 1e-08, ""preconditioner"": ""two_level""}, ""params_json"": ""{\""E\"": 70000000000.0, \""N\"": 3.0, \""a_z\"": 1.0, \""gradient\"": 0.0, \""k_f\"": 0.4, \""k_s\"": 130.0, \""kind\"": \""network\"", \""n\"": 32, \""nu\"": 0.33, \""phase\"": 0.3333333333333333, \""preconditioner\"": \""two_level\"", \""rho\"": 0.25, \""tol\"": 1e-08, \""w\"": 1.0, \""wall\"": 0.5}"", ""voxlat_version"": ""0.1.0"", ""git_hash"": ""0977f9f913f3+dirty"", ""resolution"": 32, ""wall_time_s"": 21.5460586220006, ""timestamp_utc"": ""2026-10-09T17:25:27+00:00"", ""python"": ""3.13.16"", ""numpy"": ""2.5.3"", ""platform"": ""Linux-6.18.44-fc-v80-x86_64-with-glibc2.39"", ""extra"": {}}",uniform
D-r0.250-N3-p0.6667-g0.000-az1.0000-tw0.500-n32,1,0.25,3,0.66666666666666663,0,1,0.5,32,network,D,95c011af0755,ok,,96,16,3,3.5,0.25,0.26953125,0.23046875,-0.0043250091399813506,-0.075379342551605055,-0.075379342551604944,-0.075379342551605277,0.012161729355007589,-0.010487673537246667,-0.010487673537248998,-0.010487673537244668,0.04033848451246036,0.040360943963694274,21.483287527000357,0.11387747179190037,0.0047476086456453518,0.0047476086456453518,0.0047476086456453518,0.07428884676270392,0.037788360860408238,0.037788360860408238,0.037788360860408231,0.037488966315487052,0.075149927172478051,-0.0001066585059859969,"[[0.0742888468, 0.0380558686, 0.0380558686, -0.0009352096, 0.0, 0.0], [0.0380558686, 0.0751499272, 0.0373731893, -0.0004747515, 0.0, 0.0], [0.0380558686, 0.0373731893, 0.0751499272, -0.0004747515, 0.0, 0.0], [-0.0009352096, -0.0004747515, -0.0004747515, 0.0374889663, 0.0, 0.0], [0.0, 0.0, 0.0, 0.0, 0.0377883609, -0.0006289878], [0.0, 0.0, 0.0, 0.0, -0.0006289878, 0.0377883609]]",0.25,0.54991481599972758,6.1137419119995684,14.780525846000273,103,144,136,0.11437213230949811,0.0051346556097361757,0.0051346556097361749,0.0051346556097361766,0.073396221777762657,0.038188873296295056,0.038188873296295146,0.038188873296294973,0.036035354717321368,0.072234475552458433,4.5338146563054463e-09,"[[0.0733962218, 0.0388878847, 0.0388878847, -0.0, 0.0, 0.0], [0.0388878847, 0.0722344756, 0.0365892401, 0.0, -0.0, 0.0], [0.0388878847, 0.0365892401, 0.0722344756, 0.0, 0.0, -0.0], [-0.0, 0.0, 0.0, 0.0360353547, 0.0, 0.0], [0.0, -0.0, 0.0, 0.0, 0.0381888733, 0.0], [0.0, 0.0, -0.0, 0.0, 0.0, 0.0381888733]]",0.25,0.1233410790000562,1.2576870180000697,2.8547491200001787,66,105,121,"{""params"": {""w"": 1.0, ""rho"": 0.25, ""N"": 3.0, ""phase"": 0.6666666666666666, ""gradient"": 0.0, ""a_z"": 1.0, ""wall"": 0.5, ""n"": 32, ""kind"": ""network"", ""k_s"": 130.0, ""k_f"": 0.4, ""E"": 70000000000.0, ""nu"": 0.33, ""tol"": 1e-08, ""preconditioner"": ""two_level""}, ""params_json"": ""{\""E\"": 70000000000.0, \""N\"": 3.0, \""a_z\"": 1.0, \""gradient\"": 0.0, \""k_f\"": 0.4, \""k_s\"": 130.0, \""kind\"": \""network\"", \""n\"": 32, \""nu\"": 0.33, \""phase\"": 0.6666666666666666, \""preconditioner\"": \""two_level\"", \""rho\"": 0.25, \""tol\"": 1e-08, \""w\"": 1.0, \""wall\"": 0.5}"", ""voxlat_version"": ""0.1.0"", ""git_hash"": ""0977f9f913f3+dirty"", ""resolution"": 32, ""wall_time_s"": 21.483287527000357, ""timestamp_utc"": ""2026-10-09T17:25:30+00:00"", ""python"": ""3.13.16"", ""numpy"": ""2.5.3"", ""platform"": ""Linux-6.18.44-fc-v80-x86_64-with-glibc2.39"", ""extra"": {}}",uniform
D-r0.250-N4-p0.0000-g0.000-az1.0000-tw0.500-n32,1,0.25,4,0,0,1,0.5,32,network,D,95c011af0755,ok,,128,16,4,4.5,0.25,0.25,0.25,0.00759820790498833,-0.05301430159189735,-0.053014301591446045,-0.053014301592348323,0.022523582373446649,0.00096533837505785591,0.00096533837506340703,0.0009653383750523048,0.019319003270401147,0.030498666959164922,26.560900666000634,0.11425330675546919,0.0048311165740451932,0.0048311165740451958,0.0048311165740451915,0.07402679033458677,0.037292330491112982,0.037292330491113253,0.037292330491112705,0.037976121338567675,0.074604155908060341,0.00015797324062956719,"[[0.0740267903, 0.0379003686, 0.0379003686, 0.0012650854, 0.0, 0.0], [0.0379003686, 0.0746041559, 0.0384137497, 0.0010156275, 0.0, 0.0], [0.0379003686, 0.0384137497, 0.0746041559, 0.0010156275, 0.0, 0.0], [0.0012650854, 0.0010156275, 0.0010156275, 0.0379761213, 0.0, 0.0], [0.0, 0.0, 0.0, 0.0, 0.0372923305, 0.0010133865], [0.0, 0.0, 0.0, 0.0, 0.0010133865, 0.0372923305]]",0.25,0.76370865599983517,7.192867959999603,18.578767214000436,99,122,139,0.11339173279498602,0.0051015728982669682,0.0051015728982645395,0.0051015728982693959,0.072396169252897158,0.037256365491788575,0.037256365491788644,0.037256365491788505,0.037256365491788554,0.072396169252896908,3.5760717599354853e-09,"[[0.0723961693, 0.0382972602, 0.0382972602, -0.0, 0.0, 0.0], [0.0382972602, 0.0723961693, 0.0382972602, 0.0, -0.0, 0.0], [0.0382972602, 0.0382972602, 0.0723961693, 0.0, 0.0, 0.0], [-0.0, 0.0, 0.0, 0.0372563655, 0.0, 0.0], [0.0, -0.0, 0.0, 0.0, 0.0372563655, 0.0], [0.0, 0.0, 0.0, 0.0, 0.0, 0.0372563655]]",0.25,0.094567852000182029,1.3209580319999077,2.1276951189997817,55,101,98,"{""params"": {""w"": 1.0, ""rho"": 0.25, ""N"": 4.0, ""phase"": 0.0, ""gradient"": 0.0, ""a_z"": 1.0, ""wall"": 0.5, ""n"": 32, ""kind"": ""network"", ""k_s"": 130.0, ""k_f"": 0.4, ""E"": 70000000000.0, ""nu"": 0.33, ""tol"": 1e-08, ""preconditioner"": ""two_level""}, ""params_json"": ""{\""E\"": 70000000000.0, \""N\"": 4.0, \""a_z\"": 1.0, \""gradient\"": 0.0, \""k_f\"": 0.4, \""k_s\"": 130.0, \""kind\"": \""network\"", \""n\"": 32, \""nu\"": 0.33, \""phase\"": 0.0, \""preconditioner\"": \""two_level\"", \""rho\"": 0.25, \""tol\"": 1e-08, \""w\"": 1.0, \""wall\"": 0.5}"", ""voxlat_version"": ""0.1.0"", ""git_hash"": ""0977f9f913f3+dirty"", ""resolution"": 32, ""wall_time_s"": 26.560900666000634, ""timestamp_utc"": ""2026-10-09T17:12:39+00:00"", ""python"": ""3.13.16"", ""numpy"": ""2.5.3"", ""platform"": ""Linux-6.18.44-fc-v80-x86_64-with-glibc2.39"", ""extra"": {}}",uniform
D-r0.250-N4-p0.1250-g0.000-az1.0000-tw0.500-n32,1,0.25,4,0.125,0,1,0.5,32,network,D,95c011af0755,ok,,128,16,4,4.5,0.25,0.25,0.25,-0.0083883193703935266,-0.058237975480769366,-0.058237975480990301,-0.058237975480548543,-0.0001888961534738387,-0.011324432321120126,-0.011324432321130229,-0.011324432321110134,0.032298139325649622,0.034447414873716165,25.740006718999211,0.11244056672633934,0.0048044676209097366,0.0048044676209097375,0.0048044676209097357,0.072382493894999803,0.03683445830224575,0.036834458302245375,0.036834458302246124,0.038459676775209582,0.074890030130419075,2.3392076515144377e-09,"[[0.0723824939, 0.03762907, 0.03762907, -0.0, 0.0, 0.0], [0.03762907, 0.0748900301, 0.0390480993, 0.0, 0.0, 0.0], [0.03762907, 0.0390480993, 0.0748900301, 0.0, 0.0, 0.0], [-0.0, 0.0, 0.0, 0.0384596768, 0.0, 0.0], [0.0, 0.0, 0.0, 0.0, 0.0368344583, 0.0], [0.0, 0.0, 0.0, 0.0, 0.0, 0.0368344583]]",0.25,0.59004708899919933,7.6461303440009942,17.481309994000185,91,133,143,0.11339173279498602,0.0051015728982726997,0.0051015728982738975,0.0051015728982715027,0.072396169252897921,0.037256365491788429,0.037256365491788429,0.037256365491788429,0.037256365491788478,0.072396169252896769,3.5760774962729971e-09,"[[0.0723961693, 0.0382972602, 0.0382972602, -0.0, 0.0, 0.0], [0.0382972602, 0.0723961693, 0.0382972602, 0.0, -0.0, 0.0], [0.0382972602, 0.0382972602, 0.0723961693, 0.0, 0.0, -0.0], [-0.0, 0.0, 0.0, 0.0372563655, 0.0, 0.0], [0.0, -0.0, 0.0, 0.0, 0.0372563655, 0.0], [0.0, 0.0, -0.0, 0.0, 0.0, 0.0372563655]]",0.25,0.098239079999984824,1.6312122830004228,2.8995720470002198,49,101,123,"{""params"": {""w"": 1.0, ""rho"": 0.25, ""N"": 4.0, ""phase"": 0.125, ""gradient"": 0.0, ""a_z"": 1.0, ""wall"": 0.5, ""n"": 32, ""kind"": ""network"", ""k_s"": 130.0, ""k_f"": 0.4, ""E"": 70000000000.0, ""nu"": 0.33, ""tol"": 1e-08, ""preconditioner"": ""two_level""}, ""params_json"": ""{\""E\"": 70000000000.0, \""N\"": 4.0, \""a_z\"": 1.0, \""gradient\"": 0.0, \""k_f\"": 0.4, \""k_s\"": 130.0, \""kind\"": \""network\"", \""n\"": 32, \""nu\"": 0.33, \""phase\"": 0.125, \""preconditioner\"": \""two_level\"", \""rho\"": 0.25, \""tol\"": 1e-08, \""w\"": 1.0, \""wall\"": 0.5}"", ""voxlat_version"": ""0.1.0"", ""git_hash"": ""0977f9f913f3+dirty"", ""resolution"": 32, ""wall_time_s"": 25.74000671899921, ""timestamp_utc"": ""2026-10-09T17:57:44+00:00"", ""python"": ""3.13.16"", ""numpy"": ""2.5.3"", ""platform"": ""Linux-6.18.44-fc-v80-x86_64-with-glibc2.39"", ""extra"": {}}",uniform
D-r0.250-N4-p0.3333-g0.000-az1.0000-tw0.500-n32,1,0.25,4,0.33333333333333331,0,1,0.5,32,network,D,95c011af0755,ok,,128,16,4,4.5,0.25,0.23046875,0.26953125,-0.003247267970899248,-0.056534508266583794,-0.056534508266638084,-0.056534508266529393,0.0090936483936514545,-0.0079376958574829404,-0.0079376958574848278,-0.007937695857481164,0.030192047762494401,0.03024629998120143,28.586327373000131,0.11400073534748599,0.0048443703787239278,0.0048443703787239278,0.0048443703787239278,0.074063661212031978,0.037885741634929228,0.037885741634929124,0.037885741634929332,0.037123335868085014,0.074419301169002292,-7.9988931590729899e-05,"[[0.0740636612, 0.0382657641, 0.0382657641, -0.0006992811, 0.0, 0.0], [0.0382657641, 0.0744193012, 0.0371754389, -0.0003580454, 0.0, 0.0], [0.0382657641, 0.0371754389, 0.0744193012, -0.0003580454, 0.0, 0.0], [-0.0006992811, -0.0003580454, -0.0003580454, 0.0371233359, 0.0, 0.0], [0.0, 0.0, 0.0, 0.0, 0.0378857416, -0.0004742326], [0.0, 0.0, 0.0, 0.0, -0.0004742326, 0.0378857416]]",0.25,0.71588918900033605,8.5357519299996056,19.304077698000583,102,141,140,0.11437213230949808,0.0051346556086788427,0.0051346556086791385,0.0051346556086785469,0.073396221777762546,0.038188873296295174,0.038188873296295139,0.038188873296295209,0.036035354717321229,0.072234475552457891,3.9360951526389801e-09,"[[0.0733962218, 0.0388878847, 0.0388878847, -0.0, 0.0, 0.0], [0.0388878847, 0.0722344756, 0.0365892401, 0.0, -0.0, 0.0], [0.0388878847, 0.0365892401, 0.0722344756, 0.0, 0.0, 0.0], [-0.0, 0.0, 0.0, 0.0360353547, 0.0, 0.0], [0.0, -0.0, 0.0, 0.0, 0.0381888733, 0.0], [0.0, 0.0, 0.0, 0.0, 0.0, 0.0381888733]]",0.25,0.089282466999975441,1.2520742520000567,2.5191228820003744,66,105,113,"{""params"": {""w"": 1.0, ""rho"": 0.25, ""N"": 4.0, ""phase"": 0.3333333333333333, ""gradient"": 0.0, ""a_z"": 1.0, ""wall"": 0.5, ""n"": 32, ""kind"": ""network"", ""k_s"": 130.0, ""k_f"": 0.4, ""E"": 70000000000.0, ""nu"": 0.33, ""tol"": 1e-08, ""preconditioner"": ""two_level""}, ""params_json"": ""{\""E\"": 70000000000.0, \""N\"": 4.0, \""a_z\"": 1.0, \""gradient\"": 0.0, \""k_f\"": 0.4, \""k_s\"": 130.0, \""kind\"": \""network\"", \""n\"": 32, \""nu\"": 0.33, \""phase\"": 0.3333333333333333, \""preconditioner\"": \""two_level\"", \""rho\"": 0.25, \""tol\"": 1e-08, \""w\"": 1.0, \""wall\"": 0.5}"", ""voxlat_version"": ""0.1.0"", ""git_hash"": ""0977f9f913f3+dirty"", ""resolution"": 32, ""wall_time_s"": 28.58632737300013, ""timestamp_utc"": ""2026-10-09T17:13:02+00:00"", ""python"": ""3.13.16"", ""numpy"": ""2.5.3"", ""platform"": ""Linux-6.18.44-fc-v80-x86_64-with-glibc2.39"", ""extra"": {}}",uniform
D-r0.250-N4-p0.6667-g0.000-az1.0000-tw0.500-n32,1,0.25,4,0.66666666666666663,0,1,0.5,32,network,D,95c011af0755,ok,,128,16,4,4.5,0.25,0.26953125,0.23046875,-0.0032472679708995811,-0.056534508788218196,-0.056534508788217863,-0.056534508788218529,0.009093648393579068,-0.0079376958574840506,-0.007937695857491045,-0.0079376958574772782,0.030192047762470864,0.030246299981214975,26.956009344999984,0.11400073534748599,0.0048443703770430719,0.0048443703770430727,0.004844370377043071,0.074063661212026788,0.037885741634929068,0.037885741634928895,0.037885741634929249,0.037123335868084313,0.074419301169003846,-7.9986687098592394e-05,"[[0.0740636612, 0.0382657641, 0.0382657641, -0.0006992811, 0.0, 0.0], [0.0382657641, 0.0744193012, 0.0371754389, -0.0003580454, 0.0, 0.0], [0.0382657641, 0.0371754389, 0.0744193012, -0.0003580454, 0.0, 0.0], [-0.0006992811, -0.0003580454, -0.0003580454, 0.0371233359, 0.0, 0.0], [0.0, 0.0, 0.0, 0.0, 0.0378857416, -0.0004742326], [0.0, 0.0, 0.0, 0.0, -0.0004742326, 0.0378857416]]",0.25,0.64325080900016474,8.7692152429999624,17.515530345000116,102,140,136,0.11437213230949811,0.0051346556097361757,0.0051346556097361749,0.0051346556097361766,0.073396221777762657,0.038188873296295056,0.038188873296295146,0.038188873296294973,0.036035354717321368,0.072234475552458433,4.5338146563054463e-09,"[[0.0733962218, 0.0388878847, 0.0388878847, -0.0, 0.0, 0.0], [0.0388878847, 0.0722344756, 0.0365892401, 0.0, -0.0, 0.0], [0.0388878847, 0.0365892401, 0.0722344756, 0.0, 0.0, -0.0], [-0.0, 0.0, 0.0, 0.0360353547, 0.0, 0.0], [0.0, -0.0, 0.0, 0.0, 0.0381888733, 0.0], [0.0, 0.0, -0.0, 0.0, 0.0, 0.0381888733]]",0.25,0.1233410790000562,1.2576870180000697,2.8547491200001787,66,105,121,"{""params"": {""w"": 1.0, ""rho"": 0.25, ""N"": 4.0, ""phase"": 0.6666666666666666, ""gradient"": 0.0, ""a_z"": 1.0, ""wall"": 0.5, ""n"": 32, ""kind"": ""network"", ""k_s"": 130.0, ""k_f"": 0.4, ""E"": 70000000000.0, ""nu"": 0.33, ""tol"": 1e-08, ""preconditioner"": ""two_level""}, ""params_json"": ""{\""E\"": 70000000000.0, \""N\"": 4.0, \""a_z\"": 1.0, \""gradient\"": 0.0, \""k_f\"": 0.4, \""k_s\"": 130.0, \""kind\"": \""network\"", \""n\"": 32, \""nu\"": 0.33, \""phase\"": 0.6666666666666666, \""preconditioner\"": \""two_level\"", \""rho\"": 0.25, \""tol\"": 1e-08, \""w\"": 1.0, \""wall\"": 0.5}"", ""voxlat_version"": ""0.1.0"", ""git_hash"": ""0977f9f913f3+dirty"", ""resolution"": 32, ""wall_time_s"": 26.956009344999984, ""timestamp_utc"": ""2026-10-09T17:13:06+00:00"", ""python"": ""3.13.16"", ""numpy"": ""2.5.3"", ""platform"": ""Linux-6.18.44-fc-v80-x86_64-with-glibc2.39"", ""extra"": {}}",uniform
D-r0.250-N6-p0.0000-g0.000-az1.0000-tw0.500-n32,1,0.25,6,0,0,1,0.5,32,network,D,95c011af0755,ok,,192,16,6,6.5,0.25,0.25,0.25,0.0050526748453418868,-0.035342873836400668,-0.035342873835941258,-0.035342873836860078,0.014903825733482368,0.00047908394377293995,0.00047908394377649266,0.00047908394376938723,0.012748458717423361,0.020325815580647388,36.264708364999933,0.11396466435094896,0.0049212686509563178,0.0049212686509563187,0.0049212686509563161,0.073475149143214027,0.037274214418299027,0.037274214418299235,0.037274214418298826,0.037731326729221852,0.073867680437876615,0.00010530903396010342,"[[0.0734751491, 0.0380346375, 0.0380346375, 0.0008371054, 0.0, 0.0], [0.0380346375, 0.0738676804, 0.03837444, 0.0006786148, 0.0, 0.0], [0.0380346375, 0.03837444, 0.0738676804, 0.0006786148, 0.0, 0.0], [0.0008371054, 0.0006786148, 0.0006786148, 0.0377313267, 0.0, 0.0], [0.0, 0.0, 0.0, 0.0, 0.0372742144, 0.0006752119], [0.0, 0.0, 0.0, 0.0, 0.0006752119, 0.0372742144]]",0.25,1.1428021470001113,11.253104854000412,23.834766439000305,99,119,139,0.11339173279498602,0.0051015728982669682,0.0051015728982645395,0.0051015728982693959,0.072396169252897158,0.037256365491788575,0.037256365491788644,0.037256365491788505,0.037256365491788554,0.072396169252896908,3.5760717599354853e-09,"[[0.0723961693, 0.0382972602, 0.0382972602, -0.0, 0.0, 0.0], [0.0382972602, 0.0723961693, 0.0382972602, 0.0, -0.0, 0.0], [0.0382972602, 0.0382972602, 0.0723961693, 0.0, 0.0, 0.0], [-0.0, 0.0, 0.0, 0.0372563655, 0.0, 0.0], [0.0, -0.0, 0.0, 0.0, 0.0372563655, 0.0], [0.0, 0.0, 0.0, 0.0, 0.0, 0.0372563655]]",0.25,0.094567852000182029,1.3209580319999077,2.1276951189997817,55,101,98,"{""params"": {""w"": 1.0, ""rho"": 0.25, ""N"": 6.0, ""phase"": 0.0, ""gradient"": 0.0, ""a_z"": 1.0, ""wall"": 0.5, ""n"": 32, ""kind"": ""network"", ""k_s"": 130.0, ""k_f"": 0.4, ""E"": 70000000000.0, ""nu"": 0.33, ""tol"": 1e-08, ""preconditioner"": ""two_level""}, ""params_json"": ""{\""E\"": 70000000000.0, \""N\"": 6.0, \""a_z\"": 1.0, \""gradient\"": 0.0, \""k_f\"": 0.4, \""k_s\"": 130.0, \""kind\"": \""network\"", \""n\"": 32, \""nu\"": 0.33, \""phase\"": 0.0, \""preconditioner\"": \""two_level\"", \""rho\"": 0.25, \""tol\"": 1e-08, \""w\"": 1.0, \""wall\"": 0.5}"", ""voxlat_version"": ""0.1.0"", ""git_hash"": ""0977f9f913f3+dirty"", ""resolution"": 32, ""wall_time_s"": 36.26470836499993, ""timestamp_utc"": ""2026-10-09T17:04:30+00:00"", ""python"": ""3.13.16"", ""numpy"": ""2.5.3"", ""platform"": ""Linux-6.18.44-fc-v80-x86_64-with-glibc2.39"", ""extra"": {}}",uniform
D-r0.250-N6-p0.1250-g0.000-az1.0000-tw0.500-n32,1,0.25,6,0.125,0,1,0.5,32,network,D,95c011af0755,ok,,192,16,6,6.5,0.25,0.25,0.25,-0.0056078931799252718,-0.038825322902555692,-0.038825322902780957,-0.038825322902330539,-0.0001259386987907396,-0.0075782278765303968,-0.0075782278765290645,-0.007578227876531618,0.021532092883780329,0.022946011796214583,37.308429147000425,0.1127558440699851,0.0049035026831863353,0.0049035026831863371,0.0049035026831863336,0.072387051773544778,0.036974028264240351,0.036974028264240399,0.036974028264240302,0.038058573014069737,0.074057372606574495,1.5527053453223208e-09,"[[0.0723870518, 0.037851772, 0.037851772, -0.0, 0.0, 0.0], [0.037851772, 0.0740573726, 0.0387964491, 0.0, 0.0, 0.0], [0.037851772, 0.0387964491, 0.0740573726, 0.0, 0.0, 0.0], [-0.0, 0.0, 0.0, 0.038058573, 0.0, 0.0], [0.0, 0.0, 0.0, 0.0, 0.0369740283, 0.0], [0.0, 0.0, 0.0, 0.0, 0.0, 0.0369740283]]",0.25,1.022218860999601,12.361162836999938,23.892511139999442,91,128,143,0.11339173279498602,0.0051015728982726997,0.0051015728982738975,0.0051015728982715027,0.072396169252897921,0.037256365491788429,0.037256365491788429,0.037256365491788429,0.037256365491788478,0.072396169252896769,3.5760774962729971e-09,"[[0.0723961693, 0.0382972602, 0.0382972602, -0.0, 0.0, 0.0], [0.0382972602, 0.0723961693, 0.0382972602, 0.0, -0.0, 0.0], [0.0382972602, 0.0382972602, 0.0723961693, 0.0, 0.0, -0.0], [-0.0, 0.0, 0.0, 0.0372563655, 0.0, 0.0], [0.0, -0.0, 0.0, 0.0, 0.0372563655, 0.0], [0.0, 0.0, -0.0, 0.0, 0.0, 0.0372563655]]",0.25,0.098239079999984824,1.6312122830004228,2.8995720470002198,49,101,123,"{""params"": {""w"": 1.0, ""rho"": 0.25, ""N"": 6.0, ""phase"": 0.125, ""gradient"": 0.0, ""a_z"": 1.0, ""wall"": 0.5, ""n"": 32, ""kind"": ""network"", ""k_s"": 130.0, ""k_f"": 0.4, ""E"": 70000000000.0, ""nu"": 0.33, ""tol"": 1e-08, ""preconditioner"": ""two_level""}, ""params_json"": ""{\""E\"": 70000000000.0, \""N\"": 6.0, \""a_z\"": 1.0, \""gradient\"": 0.0, \""k_f\"": 0.4, \""k_s\"": 130.0, \""kind\"": \""network\"", \""n\"": 32, \""nu\"": 0.33, \""phase\"": 0.125, \""preconditioner\"": \""two_level\"", \""rho\"": 0.25, \""tol\"": 1e-08, \""w\"": 1.0, \""wall\"": 0.5}"", ""voxlat_version"": ""0.1.0"", ""git_hash"": ""0977f9f913f3+dirty"", ""resolution"": 32, ""wall_time_s"": 37.308429147000425, ""timestamp_utc"": ""2026-10-09T17:56:05+00:00"", ""python"": ""3.13.16"", ""numpy"": ""2.5.3"", ""platform"": ""Linux-6.18.44-fc-v80-x86_64-with-glibc2.39"", ""extra"": {}}",uniform
D-r0.250-N6-p0.3333-g0.000-az1.0000-tw0.500-n32,1,0.25,6,0.33333333333333331,0,1,0.5,32,network,D,95c011af0755,ok,,192,16,6,6.5,0.25,0.23046875,0.26953125,-0.0021671911307147296,-0.037689678553530004,-0.037689678553585404,-0.037689678553474493,0.006044111254901896,-0.0053403785799370773,-0.0053403785799318593,-0.0053403785799424064,0.020087070507431859,0.020148026490450999,37.186855656999796,0.114124266038756,0.0049411320893046574,0.0049411320893046574,0.0049411320893046574,0.073839836707876805,0.037984930255351705,0.037984930255351872,0.037984930255351539,0.036759199428288376,0.073689857679412649,-5.3312344339364653e-05,"[[0.0738398367, 0.038474391, 0.038474391, -0.0004647785, 0.0, 0.0], [0.038474391, 0.0736898577, 0.036978871, -0.0002400101, 0.0, 0.0], [0.038474391, 0.036978871, 0.0736898577, -0.0002400101, 0.0, 0.0], [-0.0004647785, -0.0002400101, -0.0002400101, 0.0367591994, 0.0, 0.0], [0.0, 0.0, 0.0, 0.0, 0.0379849303, -0.0003178402], [0.0, 0.0, 0.0, 0.0, -0.0003178402, 0.0379849303]]",0.25,1.2683132490001299,12.100911722999626,23.782197057999838,101,134,139,0.11437213230949808,0.0051346556086788427,0.0051346556086791385,0.0051346556086785469,0.073396221777762546,0.038188873296295174,0.038188873296295139,0.038188873296295209,0.036035354717321229,0.072234475552457891,3.9360951526389801e-09,"[[0.0733962218, 0.0388878847, 0.0388878847, -0.0, 0.0, 0.0], [0.0388878847, 0.0722344756, 0.0365892401, 0.0, -0.0, 0.0], [0.0388878847, 0.0365892401, 0.0722344756, 0.0, 0.0, 0.0], [-0.0, 0.0, 0.0, 0.0360353547, 0.0, 0.0], [0.0, -0.0, 0.0, 0.0, 0.0381888733, 0.0], [0.0, 0.0, 0.0, 0.0, 0.0, 0.0381888733]]",0.25,0.089282466999975441,1.2520742520000567,2.5191228820003744,66,105,113,"{""params"": {""w"": 1.0, ""rho"": 0.25, ""N"": 6.0, ""phase"": 0.3333333333333333, ""gradient"": 0.0, ""a_z"": 1.0, ""wall"": 0.5, ""n"": 32, ""kind"": ""network"", ""k_s"": 130.0, ""k_f"": 0.4, ""E"": 70000000000.0, ""nu"": 0.33, ""tol"": 1e-08, ""preconditioner"": ""two_level""}, ""params_json"": ""{\""E\"": 70000000000.0, \""N\"": 6.0, \""a_z\"": 1.0, \""gradient\"": 0.0, \""k_f\"": 0.4, \""k_s\"": 130.0, \""kind\"": \""network\"", \""n\"": 32, \""nu\"": 0.33, \""phase\"": 0.3333333333333333, \""preconditioner\"": \""two_level\"", \""rho\"": 0.25, \""tol\"": 1e-08, \""w\"": 1.0, \""wall\"": 0.5}"", ""voxlat_version"": ""0.1.0"", ""git_hash"": ""0977f9f913f3+dirty"", ""resolution"": 32, ""wall_time_s"": 37.186855656999796, ""timestamp_utc"": ""2026-10-09T17:04:45+00:00"", ""python"": ""3.13.16"", ""numpy"": ""2.5.3"", ""platform"": ""Linux-6.18.44-fc-v80-x86_64-with-glibc2.39"", ""extra"": {}}",uniform
D-r0.250-N6-p0.6667-g0.000-az1.0000-tw0.500-n32,1,0.25,6,0.66666666666666663,0,1,0.5,32,network,D,95c011af0755,ok,,192,16,6,6.5,0.25,0.26953125,0.23046875,-0.0021671911307150626,-0.037689676390038618,-0.037689676390038285,-0.037689676390038951,0.0060441112548792475,-0.0053403785799226444,-0.0053403785799197578,-0.005340378579925642,0.020087070507432303,0.020148026490443671,36.097729331000664,0.114124266038756,0.0049411321014309227,0.0049411321014309235,0.0049411321014309218,0.07383983670787525,0.037984930255352142,0.037984930255352344,0.037984930255351948,0.036759199428288536,0.073689857679412676,-5.3313748221142002e-05,"[[0.0738398367, 0.038474391, 0.038474391, -0.0004647785, 0.0, 0.0], [0.038474391, 0.0736898577, 0.036978871, -0.0002400101, 0.0, 0.0], [0.038474391, 0.036978871, 0.0736898577, -0.0002400101, 0.0, 0.0], [-0.0004647785, -0.0002400101, -0.0002400101, 0.0367591994, 0.0, 0.0], [0.0, 0.0, 0.0, 0.0, 0.0379849303, -0.0003178402], [0.0, 0.0, 0.0, 0.0, -0.0003178402, 0.0379849303]]",0.25,0.98592232000009972,11.436811014000341,23.645416499000021,101,134,136,0.11437213230949811,0.0051346556097361757,0.0051346556097361749,0.0051346556097361766,0.073396221777762657,0.038188873296295056,0.038188873296295146,0.038188873296294973,0.036035354717321368,0.072234475552458433,4.5338146563054463e-09,"[[0.0733962218, 0.0388878847, 0.0388878847, -0.0, 0.0, 0.0], [0.0388878847, 0.0722344756, 0.0365892401, 0.0, -0.0, 0.0], [0.0388878847, 0.0365892401, 0.0722344756, 0.0, 0.0, -0.0], [-0.0, 0.0, 0.0, 0.0360353547, 0.0, 0.0], [0.0, -0.0, 0.0, 0.0, 0.0381888733, 0.0], [0.0, 0.0, -0.0, 0.0, 0.0, 0.0381888733]]",0.25,0.1233410790000562,1.2576870180000697,2.8547491200001787,66,105,121,"{""params"": {""w"": 1.0, ""rho"": 0.25, ""N"": 6.0, ""phase"": 0.6666666666666666, ""gradient"": 0.0, ""a_z"": 1.0, ""wall"": 0.5, ""n"": 32, ""kind"": ""network"", ""k_s"": 130.0, ""k_f"": 0.4, ""E"": 70000000000.0, ""nu"": 0.33, ""tol"": 1e-08, ""preconditioner"": ""two_level""}, ""params_json"": ""{\""E\"": 70000000000.0, \""N\"": 6.0, \""a_z\"": 1.0, \""gradient\"": 0.0, \""k_f\"": 0.4, \""k_s\"": 130.0, \""kind\"": \""network\"", \""n\"": 32, \""nu\"": 0.33, \""phase\"": 0.6666666666666666, \""preconditioner\"": \""two_level\"", \""rho\"": 0.25, \""tol\"": 1e-08, \""w\"": 1.0, \""wall\"": 0.5}"", ""voxlat_version"": ""0.1.0"", ""git_hash"": ""0977f9f913f3+dirty"", ""resolution"": 32, ""wall_time_s"": 36.097729331000664, ""timestamp_utc"": ""2026-10-09T17:05:06+00:00"", ""python"": ""3.13.16"", ""numpy"": ""2.5.3"", ""platform"": ""Linux-6.18.44-fc-v80-x86_64-with-glibc2.39"", ""extra"": {}}",uniform
D-r0.250-N8-p0.0000-g0.000-az1.0000-tw0.500-n32,1,0.25,8,0,0,1,0.5,32,network,D,95c011af0755,ok,,256,16,8,8.5,0.25,0.25,0.25,0.0037847253873162234,-0.026507163893978558,-0.026507163893515151,-0.026507163894441854,0.011136375649620112,0.00029770499812364903,0.00029770499812653561,0.00029770499812076245,0.0095128117994540684,0.015241903472469343,45.849996478999856,0.11382088936480696,0.0049663446693355264,0.0049663446693355264,0.0049663446693355264,0.073202400189290889,0.037267456898007409,0.037267456898007582,0.037267456898007222,0.037610778285043611,0.073499624676426109,7.8978338789246957e-05,"[[0.0732024002, 0.0381010244, 0.0381010244, 0.0006254985, 0.0, 0.0], [0.0381010244, 0.0734996247, 0.0383549671, 0.0005095283, 0.0, 0.0], [0.0381010244, 0.0383549671, 0.0734996247, 0.0005095283, 0.0, 0.0], [0.0006254985, 0.0005095283, 0.0005095283, 0.0376107783, 0.0, 0.0], [0.0, 0.0, 0.0, 0.0, 0.0372674569, 0.0005062981], [0.0, 0.0, 0.0, 0.0, 0.0005062981, 0.0372674569]]",0.25,1.3800289269997847,14.713346215000001,29.717033333000018,98,116,138,0.11339173279498602,0.0051015728982669682,0.0051015728982645395,0.0051015728982693959,0.072396169252897158,0.037256365491788575,0.037256365491788644,0.037256365491788505,0.037256365491788554,0.072396169252896908,3.5760717599354853e-09,"[[0.0723961693, 0.0382972602, 0.0382972602, -0.0, 0.0, 0.0], [0.0382972602, 0.0723961693, 0.0382972602, 0.0, -0.0, 0.0], [0.0382972602, 0.0382972602, 0.0723961693, 0.0, 0.0, 0.0], [-0.0, 0.0, 0.0, 0.0372563655, 0.0, 0.0], [0.0, -0.0, 0.0, 0.0, 0.0372563655, 0.0], [0.0, 0.0, 0.0, 0.0, 0.0, 0.0372563655]]",0.25,0.094567852000182029,1.3209580319999077,2.1276951189997817,55,101,98,"{""params"": {""w"": 1.0, ""rho"": 0.25, ""N"": 8.0, ""phase"": 0.0, ""gradient"": 0.0, ""a_z"": 1.0, ""wall"": 0.5, ""n"": 32, ""kind"": ""network"", ""k_s"": 130.0, ""k_f"": 0.4, ""E"": 70000000000.0, ""nu"": 0.33, ""tol"": 1e-08, ""preconditioner"": ""two_level""}, ""params_json"": ""{\""E\"": 70000000000.0, \""N\"": 8.0, \""a_z\"": 1.0, \""gradient\"": 0.0, \""k_f\"": 0.4, \""k_s\"": 130.0, \""kind\"": \""network\"", \""n\"": 32, \""nu\"": 0.33, \""phase\"": 0.0, \""preconditioner\"": \""two_level\"", \""rho\"": 0.25, \""tol\"": 1e-08, \""w\"": 1.0, \""wall\"": 0.5}"", ""voxlat_version"": ""0.1.0"", ""git_hash"": ""0977f9f913f3+dirty"", ""resolution"": 32, ""wall_time_s"": 45.849996478999856, ""timestamp_utc"": ""2026-10-09T16:46:55+00:00"", ""python"": ""3.13.16"", ""numpy"": ""2.5.3"", ""platform"": ""Linux-6.18.44-fc-v80-x86_64-with-glibc2.39"", ""extra"": {}}",uniform
D-r0.250-N8-p0.1250-g0.000-az1.0000-tw0.500-n32,1,0.25,8,0.125,0,1,0.5,32,network,D,95c011af0755,ok,,256,16,8,8.5,0.25,0.25,0.25,-0.0042118247507676454,-0.029119002308283126,-0.029119002308511277,-0.029119002308055308,-9.445699804799812e-05,-0.005694459385090167,-0.0056944593850888348,-0.0056944593850913883,0.016149069662820148,0.017202408881890063,50.694108904999666,0.11291414668826766,0.0049530201852720224,0.0049530201852720215,0.0049530201852720224,0.072389330928080114,0.037044210631659365,0.037044210631659413,0.037044210631659316,0.03785802113349885,0.073641557757867626,5.5081127851038089e-10,"[[0.0723893309, 0.0379631336, 0.0379631336, -0.0, 0.0, 0.0], [0.0379631336, 0.0736415578, 0.0386711379, 0.0, 0.0, 0.0], [0.0379631336, 0.0386711379, 0.0736415578, 0.0, 0.0, 0.0], [-0.0, 0.0, 0.0, 0.0378580211, 0.0, 0.0], [0.0, 0.0, 0.0, 0.0, 0.0370442106, 0.0], [0.0, 0.0, 0.0, 0.0, 0.0, 0.0370442106]]",0.25,1.5514183709992722,15.989320552000208,33.120209446999979,90,122,143,0.11339173279498602,0.0051015728982726997,0.0051015728982738975,0.0051015728982715027,0.072396169252897921,0.037256365491788429,0.037256365491788429,0.037256365491788429,0.037256365491788478,0.072396169252896769,3.5760774962729971e-09,"[[0.0723961693, 0.0382972602, 0.0382972602, -0.0, 0.0, 0.0], [0.0382972602, 0.0723961693, 0.0382972602, 0.0, -0.0, 0.0], [0.0382972602, 0.0382972602, 0.0723961693, 0.0, 0.0, -0.0], [-0.0, 0.0, 0.0, 0.0372563655, 0.0, 0.0], [0.0, -0.0, 0.0, 0.0, 0.0372563655, 0.0], [0.0, 0.0, -0.0, 0.0, 0.0, 0.0372563655]]",0.25,0.098239079999984824,1.6312122830004228,2.8995720470002198,49,101,123,"{""params"": {""w"": 1.0, ""rho"": 0.25, ""N"": 8.0, ""phase"": 0.125, ""gradient"": 0.0, ""a_z"": 1.0, ""wall"": 0.5, ""n"": 32, ""kind"": ""network"", ""k_s"": 130.0, ""k_f"": 0.4, ""E"": 70000000000.0, ""nu"": 0.33, ""tol"": 1e-08, ""preconditioner"": ""two_level""}, ""params_json"": ""{\""E\"": 70000000000.0, \""N\"": 8.0, \""a_z\"": 1.0, \""gradient\"": 0.0, \""k_f\"": 0.4, \""k_s\"": 130.0, \""kind\"": \""network\"", \""n\"": 32, \""nu\"": 0.33, \""phase\"": 0.125, \""preconditioner\"": \""two_level\"", \""rho\"": 0.25, \""tol\"": 1e-08, \""w\"": 1.0, \""wall\"": 0.5}"", ""voxlat_version"": ""0.1.0"", ""git_hash"": ""0977f9f913f3+dirty"", ""resolution"": 32, ""wall_time_s"": 50.694108904999666, ""timestamp_utc"": ""2026-10-09T17:53:44+00:00"", ""python"": ""3.13.16"", ""numpy"": ""2.5.3"", ""platform"": ""Linux-6.18.44-fc-v80-x86_64-with-glibc2.39"", ""extra"": {}}",uniform
D-r0.250-N8-p0.3333-g0.000-az1.0000-tw0.500-n32,1,0.25,8,0.33333333333333331,0,1,0.5,32,network,D,95c011af0755,ok,,256,16,8,8.5,0.25,0.23046875,0.26953125,-0.0016262744599323531,-0.028267262473797961,-0.028267262473854138,-0.028267262473741783,0.0045262441603020065,-0.0040236788235102905,-0.00402367882350807,-0.004023678823512844,0.015050011905591854,0.015104982258604016,48.742710067000189,0.11418613183179513,0.004989512950875759,0.0049895129508757581,0.0049895129508757598,0.073728430997972383,0.038035213535519148,0.038035213535519204,0.038035213535519086,0.036577687234839132,0.073325576024137334,-3.9978405211679717e-05,"[[0.073728431, 0.0385782323, 0.0385782323, -0.000348058, 0.0, 0.0], [0.0385782323, 0.073325576, 0.0368810272, -0.0001804978, 0.0, 0.0], [0.0385782323, 0.0368810272, 0.073325576, -0.0001804978, 0.0, 0.0], [-0.000348058, -0.0001804978, -0.0001804978, 0.0365776872, 0.0, 0.0], [0.0, 0.0, 0.0, 0.0, 0.0380352135, -0.000239019], [0.0, 0.0, 0.0, 0.0, -0.000239019, 0.0380352135]]",0.25,1.3681078740000885,17.444365205999929,29.879295924999951,100,131,139,0.11437213230949808,0.0051346556086788427,0.0051346556086791385,0.0051346556086785469,0.073396221777762546,0.038188873296295174,0.038188873296295139,0.038188873296295209,0.036035354717321229,0.072234475552457891,3.9360951526389801e-09,"[[0.0733962218, 0.0388878847, 0.0388878847, -0.0, 0.0, 0.0], [0.0388878847, 0.0722344756, 0.0365892401, 0.0, -0.0, 0.0], [0.0388878847, 0.0365892401, 0.0722344756, 0.0, 0.0, 0.0], [-0.0, 0.0, 0.0, 0.0360353547, 0.0, 0.0], [0.0, -0.0, 0.0, 0.0, 0.0381888733, 0.0], [0.0, 0.0, 0.0, 0.0, 0.0, 0.0381888733]]",0.25,0.089282466999975441,1.2520742520000567,2.5191228820003744,66,105,113,"{""params"": {""w"": 1.0, ""rho"": 0.25, ""N"": 8.0, ""phase"": 0.3333333333333333, ""gradient"": 0.0, ""a_z"": 1.0, ""wall"": 0.5, ""n"": 32, ""kind"": ""network"", ""k_s"": 130.0, ""k_f"": 0.4, ""E"": 70000000000.0, ""nu"": 0.33, ""tol"": 1e-08, ""preconditioner"": ""two_level""}, ""params_json"": ""{\""E\"": 70000000000.0, \""N\"": 8.0, \""a_z\"": 1.0, \""gradient\"": 0.0, \""k_f\"": 0.4, \""k_s\"": 130.0, \""kind\"": \""network\"", \""n\"": 32, \""nu\"": 0.33, \""phase\"": 0.3333333333333333, \""preconditioner\"": \""two_level\"", \""rho\"": 0.25, \""tol\"": 1e-08, \""w\"": 1.0, \""wall\"": 0.5}"", ""voxlat_version"": ""0.1.0"", ""git_hash"": ""0977f9f913f3+dirty"", ""resolution"": 32, ""wall_time_s"": 48.74271006700019, ""timestamp_utc"": ""2026-10-09T16:47:28+00:00"", ""python"": ""3.13.16"", ""numpy"": ""2.5.3"", ""platform"": ""Linux-6.18.44-fc-v80-x86_64-with-glibc2.39"", ""extra"": {}}",uniform
D-r0.250-N8-p0.6667-g0.000-az1.0000-tw0.500-n32,1,0.25,8,0.66666666666666663,0,1,0.5,32,network,D,95c011af0755,ok,,256,16,8,8.5,0.25,0.26953125,0.23046875,-0.0016262744599326862,-0.028267263419515021,-0.028267263419514688,-0.028267263419515354,0.0045262441603584058,-0.0040236788235316068,-0.0040236788235465948,-0.0040236788235166188,0.015050011905615168,0.015104982258585808,47.686365855000076,0.11418613183179513,0.0049895129470472728,0.0049895129470472737,0.004989512947047272,0.073728430997976629,0.038035213535518225,0.03803521353551774,0.038035213535518711,0.036577687234840117,0.073325576024136571,-3.9976878032481708e-05,"[[0.073728431, 0.0385782323, 0.0385782323, -0.000348058, 0.0, 0.0], [0.0385782323, 0.073325576, 0.0368810272, -0.0001804978, 0.0, 0.0], [0.0385782323, 0.0368810272, 0.073325576, -0.0001804978, 0.0, 0.0], [-0.000348058, -0.0001804978, -0.0001804978, 0.0365776872, 0.0, 0.0], [0.0, 0.0, 0.0, 0.0, 0.0380352135, -0.000239019], [0.0, 0.0, 0.0, 0.0, -0.000239019, 0.0380352135]]",0.25,1.5059556690002864,16.485364157000276,29.656130809000388,100,130,136,0.11437213230949811,0.0051346556097361757,0.0051346556097361749,0.0051346556097361766,0.073396221777762657,0.038188873296295056,0.038188873296295146,0.038188873296294973,0.036035354717321368,0.072234475552458433,4.5338146563054463e-09,"[[0.0733962218, 0.0388878847, 0.0388878847, -0.0, 0.0, 0.0], [0.0388878847, 0.0722344756, 0.0365892401, 0.0, -0.0, 0.0], [0.0388878847, 0.0365892401, 0.0722344756, 0.0, 0.0, -0.0], [-0.0, 0.0, 0.0, 0.0360353547, 0.0, 0.0], [0.0, -0.0, 0.0, 0.0, 0.0381888733, 0.0], [0.0, 0.0, -0.0, 0.0, 0.0, 0.0381888733]]",0.25,0.1233410790000562,1.2576870180000697,2.8547491200001787,66,105,121,"{""params"": {""w"": 1.0, ""rho"": 0.25, ""N"": 8.0, ""phase"": 0.6666666666666666, ""gradient"": 0.0, ""a_z"": 1.0, ""wall"": 0.5, ""n"": 32, ""kind"": ""network"", ""k_s"": 130.0, ""k_f"": 0.4, ""E"": 70000000000.0, ""nu"": 0.33, ""tol"": 1e-08, ""preconditioner"": ""two_level""}, ""params_json"": ""{\""E\"": 70000000000.0, \""N\"": 8.0, \""a_z\"": 1.0, \""gradient\"": 0.0, \""k_f\"": 0.4, \""k_s\"": 130.0, \""kind\"": \""network\"", \""n\"": 32, \""nu\"": 0.33, \""phase\"": 0.6666666666666666, \""preconditioner\"": \""two_level\"", \""rho\"": 0.25, \""tol\"": 1e-08, \""w\"": 1.0, \""wall\"": 0.5}"", ""voxlat_version"": ""0.1.0"", ""git_hash"": ""0977f9f913f3+dirty"", ""resolution"": 32, ""wall_time_s"": 47.686365855000076, ""timestamp_utc"": ""2026-10-09T16:47:43+00:00"", ""python"": ""3.13.16"", ""numpy"": ""2.5.3"", ""platform"": ""Linux-6.18.44-fc-v80-x86_64-with-glibc2.39"", ""extra"": {}}",uniform
D-r0.350-N1-p0.0000-g0.000-az0.7500-tw0.500-n32,1,0.34999999999999998,1,0,0,0.75,0.5,32,network,D,95c011af0755,ok,,32,16,1,1.5,0.34993489583333331,0.35026041666666669,0.34993489583333331,-0.0088916045168822011,-0.17454676128818292,-0.17085922544548227,-0.18011548352030149,0.024857495288495679,-0.012568552532828958,-0.0086664167274979054,-0.016989033013859345,0.072464141614558608,0.1200962889429007,7.9346610680004233,0.20086674399479948,0.001947704525440486,0.002354013597625691,0.0015413954532552811,0.1632122100763278,0.0631489834453247,0.067347089108770963,0.058950877781878408,0.064315358282934054,0.13411706438006374,0.00032086367499713925,"[[0.1632122101, 0.06298106, 0.0563914147, 0.0060095837, 1.57766e-05, 3.55158e-05], [0.06298106, 0.1713639421, 0.0616525604, 0.0068118132, 9.2528e-06, 3.37676e-05], [0.0563914147, 0.0616525604, 0.0968701866, 0.0026161683, 2.22831e-05, 1.46993e-05], [0.0060095837, 0.0068118132, 0.0026161683, 0.0643153583, 4.8491e-06, 1.00149e-05], [1.57766e-05, 9.2528e-06, 2.22831e-05, 4.8491e-06, 0.0589508778, 0.005465526], [3.55158e-05, 3.37676e-05, 1.46993e-05, 1.00149e-05, 0.005465526, 0.0673470891]]",0.34993489583333331,0.16133109100064758,1.5195864849993086,6.2461821159995452,99,178,136,0.20266879476576985,0.0023595576758291335,0.0028391000296547468,0.0018800153220035205,0.15925356532654703,0.063952777286267457,0.067935849491198269,0.059969705081336651,0.059969705081336755,0.11973708484173065,1.855867965635099e-10,"[[0.1592535653, 0.0650298918, 0.0593996593, 1.2789e-06, 1.765e-07, 1.317e-07], [0.0650298918, 0.1592535653, 0.0593996593, 1.765e-07, 1.2789e-06, 1.317e-07], [0.0593996593, 0.0593996593, 0.0802206044, 1.6074e-06, 1.6074e-06, 7.801e-07], [1.2789e-06, 1.765e-07, 1.6074e-06, 0.0599697051, -8.787e-07, -5.7e-09], [1.765e-07, 1.2789e-06, 1.6074e-06, -8.787e-07, 0.0599697051, -5.7e-09], [1.317e-07, 1.317e-07, 7.801e-07, -5.7e-09, -5.7e-09, 0.0679358495]]",0.34993489583333331,0.10002341299968975,0.91309354499981055,2.6357994959998905,86,126,126,"{""params"": {""w"": 1.0, ""rho"": 0.35, ""N"": 1.0, ""phase"": 0.0, ""gradient"": 0.0, ""a_z"": 0.75, ""wall"": 0.5, ""n"": 32, ""kind"": ""network"", ""k_s"": 130.0, ""k_f"": 0.4, ""E"": 70000000000.0, ""nu"": 0.33, ""tol"": 1e-08, ""preconditioner"": ""two_level""}, ""params_json"": ""{\""E\"": 70000000000.0, \""N\"": 1.0, \""a_z\"": 0.75, \""gradient\"": 0.0, \""k_f\"": 0.4, \""k_s\"": 130.0, \""kind\"": \""network\"", \""n\"": 32, \""nu\"": 0.33, \""phase\"": 0.0, \""preconditioner\"": \""two_level\"", \""rho\"": 0.35, \""tol\"": 1e-08, \""w\"": 1.0, \""wall\"": 0.5}"", ""voxlat_version"": ""0.1.0"", ""git_hash"": ""0977f9f913f3+dirty"", ""resolution"": 32, ""wall_time_s"": 7.934661068000423, ""timestamp_utc"": ""2026-10-09T17:41:56+00:00"", ""python"": ""3.13.16"", ""numpy"": ""2.5.3"", ""platform"": ""Linux-6.18.44-fc-v80-x86_64-with-glibc2.39"", ""extra"": {}}",stretch
D-r0.350-N1-p0.0000-g0.000-az1.0000-tw0.125-n32,1,0.34999999999999998,1,0,0,1,0.125,32,network,D,95c011af0755,ok,,32,4,1,1.125,0.349761962890625,0.349609375,0.349853515625,0.014467567131544179,-0.19923780088983822,-0.19918840356181788,-0.19928718826390301,0.055233139375969742,-0.040314161288939943,-0.040376939340989848,-0.040251392985321655,0.049030537900956128,0.092828766935223461,8.0567363240006671,0.18479796204250429,0.0024541387833414896,0.002454042869541569,0.0024542346971414106,0.13619364723455654,0.063105457315020305,0.06309642956215851,0.063114485067882087,0.068986382797804988,0.14106177628720309,0.0004444869614160407,"[[0.1361936472, 0.0608235536, 0.0608537781, 0.003099154, -1.3942e-05, -5.04995e-05], [0.0608235536, 0.1410398065, 0.0658624732, 0.0057041612, -6.0885e-06, -5.10258e-05], [0.0608537781, 0.0658624732, 0.1410837461, 0.0056995113, 1.91163e-05, -2.73088e-05], [0.003099154, 0.0057041612, 0.0056995113, 0.0689863828, -8.8366e-06, -7.7505e-06], [-1.3942e-05, -6.0885e-06, 1.91163e-05, -8.8366e-06, 0.0631144851, 0.000964801], [-5.04995e-05, -5.10258e-05, -2.73088e-05, -7.7505e-06, 0.000964801, 0.0630964296]]",0.349761962890625,0.13820493499952136,1.8450482750004085,6.0548117719999937,82,172,137,0.18216251364745883,0.0030647535386518301,0.0030644447214008426,0.0030650623559028175,0.12906498303786879,0.065756370230258182,0.065751264375439003,0.065761476085077361,0.06576203485538408,0.12907948670019265,9.2415616724809881e-07,"[[0.129064983, 0.062853644, 0.0628596215, 4.3316e-06, -6.5604e-06, -5.83926e-05], [0.062853644, 0.129084885, 0.0628624158, 2.96644e-05, -6.0798e-06, -6.59027e-05], [0.0628596215, 0.0628624158, 0.1290740884, 1.35833e-05, -6.5519e-06, -3.2321e-05], [4.3316e-06, 2.96644e-05, 1.35833e-05, 0.0657620349, -1.70627e-05, -9.3108e-06], [-6.5604e-06, -6.0798e-06, -6.5519e-06, -1.70627e-05, 0.0657614761, 1.2948e-06], [-5.83926e-05, -6.59027e-05, -3.2321e-05, -9.3108e-06, 1.2948e-06, 0.0657512644]]",0.349761962890625,0.19544657599999482,1.4943661810002595,3.3558204400001159,74,117,100,"{""params"": {""w"": 1.0, ""rho"": 0.35, ""N"": 1.0, ""phase"": 0.0, ""gradient"": 0.0, ""a_z"": 1.0, ""wall"": 0.125, ""n"": 32, ""kind"": ""network"", ""k_s"": 130.0, ""k_f"": 0.4, ""E"": 70000000000.0, ""nu"": 0.33, ""tol"": 1e-08, ""preconditioner"": ""two_level""}, ""params_json"": ""{\""E\"": 70000000000.0, \""N\"": 1.0, \""a_z\"": 1.0, \""gradient\"": 0.0, \""k_f\"": 0.4, \""k_s\"": 130.0, \""kind\"": \""network\"", \""n\"": 32, \""nu\"": 0.33, \""phase\"": 0.0, \""preconditioner\"": \""two_level\"", \""rho\"": 0.35, \""tol\"": 1e-08, \""w\"": 1.0, \""wall\"": 0.125}"", ""voxlat_version"": ""0.1.0"", ""git_hash"": ""0977f9f913f3+dirty"", ""resolution"": 32, ""wall_time_s"": 8.056736324000667, ""timestamp_utc"": ""2026-10-09T17:41:40+00:00"", ""python"": ""3.13.16"", ""numpy"": ""2.5.3"", ""platform"": ""Linux-6.18.44-fc-v80-x86_64-with-glibc2.39"", ""extra"": {}}",wall
D-r0.350-N1-p0.0000-g0.000-az1.0000-tw0.250-n32,1,0.34999999999999998,1,0,0,1,0.25,32,network,D,95c011af0755,ok,,32,8,1,1.25,0.349761962890625,0.349609375,0.349853515625,0.0072803852893319476,-0.19923780088983811,-0.19918840356181788,-0.1992871882639029,0.063034572898496455,-0.031690938929771262,-0.031787984406702385,-0.031593908522457137,0.05876226692820441,0.10146934562769117,7.713193401999888,0.18348872693208554,0.00245413878334149,0.002454042869541569,0.002454234697141411,0.13720053911981253,0.063672489117047634,0.063661164208751578,0.063683814025343677,0.069626361101298037,0.14217709774961945,0.00044448696141604065,"[[0.1372005391, 0.0597739176, 0.0598022385, 0.0049930875, -1.69192e-05, -4.98025e-05], [0.0597739176, 0.1421519802, 0.0654195719, 0.0057781482, -9.8308e-06, -5.31473e-05], [0.0598022385, 0.0654195719, 0.1422022153, 0.005772626, 2.17309e-05, -3.10246e-05], [0.0049930875, 0.0057781482, 0.005772626, 0.0696263611, -1.29246e-05, -1.02988e-05], [-1.69192e-05, -9.8308e-06, 2.17309e-05, -1.29246e-05, 0.063683814, 0.0036978841], [-4.98025e-05, -5.31473e-05, -3.10246e-05, -1.02988e-05, 0.0036978841, 0.0636611642]]",0.349761962890625,0.13708602799943037,1.9388003439999011,5.6256548239998665,88,172,124,0.18216251364745883,0.0030647535386518301,0.0030644447214008426,0.0030650623559028175,0.12906498303786879,0.065756370230258182,0.065751264375439003,0.065761476085077361,0.06576203485538408,0.12907948670019265,9.2415616724809881e-07,"[[0.129064983, 0.062853644, 0.0628596215, 4.3316e-06, -6.5604e-06, -5.83926e-05], [0.062853644, 0.129084885, 0.0628624158, 2.96644e-05, -6.0798e-06, -6.59027e-05], [0.0628596215, 0.0628624158, 0.1290740884, 1.35833e-05, -6.5519e-06, -3.2321e-05], [4.3316e-06, 2.96644e-05, 1.35833e-05, 0.0657620349, -1.70627e-05, -9.3108e-06], [-6.5604e-06, -6.0798e-06, -6.5519e-06, -1.70627e-05, 0.0657614761, 1.2948e-06], [-5.83926e-05, -6.59027e-05, -3.2321e-05, -9.3108e-06, 1.2948e-06, 0.0657512644]]",0.349761962890625,0.19544657599999482,1.4943661810002595,3.3558204400001159,74,117,100,"{""params"": {""w"": 1.0, ""rho"": 0.35, ""N"": 1.0, ""phase"": 0.0, ""gradient"": 0.0, ""a_z"": 1.0, ""wall"": 0.25, ""n"": 32, ""kind"": ""network"", ""k_s"": 130.0, ""k_f"": 0.4, ""E"": 70000000000.0, ""nu"": 0.33, ""tol"": 1e-08, ""preconditioner"": ""two_level""}, ""params_json"": ""{\""E\"": 70000000000.0, \""N\"": 1.0, \""a_z\"": 1.0, \""gradient\"": 0.0, \""k_f\"": 0.4, \""k_s\"": 130.0, \""kind\"": \""network\"", \""n\"": 32, \""nu\"": 0.33, \""phase\"": 0.0, \""preconditioner\"": \""two_level\"", \""rho\"": 0.35, \""tol\"": 1e-08, \""w\"": 1.0, \""wall\"": 0.25}"", ""voxlat_version"": ""0.1.0"", ""git_hash"": ""0977f9f913f3+dirty"", ""resolution"": 32, ""wall_time_s"": 7.713193401999888, ""timestamp_utc"": ""2026-10-09T17:41:32+00:00"", ""python"": ""3.13.16"", ""numpy"": ""2.5.3"", ""platform"": ""Linux-6.18.44-fc-v80-x86_64-with-glibc2.39"", ""extra"": {}}",wall
D-r0.350-N1-p0.0000-g0.000-az1.0000-tw0.500-n24,1,0.34999999999999998,1,0,0,1,0.5,24,network,D,95c011af0755,ok,,24,12,1,1.5,0.35011574074074076,0.35127314814814814,0.3512731481481482,0.011014804347360352,-0.19465184113758416,-0.19461561464171218,-0.1946880583480981,0.070522727361558069,-0.02176229653336692,-0.021770160097587365,-0.021754432648673938,0.068143362954816267,0.12380377159350187,3.9869448380004542,0.17611380156895473,0.0024895553173115486,0.0024893481943035469,0.0024897624403195503,0.13573153160635831,0.063591124982668681,0.063591909568593771,0.063590340396743605,0.069491961718380957,0.14255744143358345,0.00044406505055995509,"[[0.1357315316, 0.0585147584, 0.0585094287, 0.0061479869, 1.47842e-05, -3.31933e-05], [0.0585147584, 0.1425532628, 0.0647124646, 0.0061486996, -0.0001082262, -4.2593e-05], [0.0585094287, 0.0647124646, 0.1425616201, 0.006172948, 1.60691e-05, -9.86554e-05], [0.0061479869, 0.0061486996, 0.006172948, 0.0694919617, 0.0001069785, 0.0001006074], [1.47842e-05, -0.0001082262, 1.60691e-05, 0.0001069785, 0.0635903404, 0.0056142278], [-3.31933e-05, -4.2593e-05, -9.86554e-05, 0.0001006074, 0.0056142278, 0.0635919096]]",0.35011574074074076,0.079764416000216443,0.54210017100012919,3.3592327520000254,99,186,130,0.17419507687886071,0.003091278337096018,0.0030908821173583115,0.0030916745568337249,0.12678995796837145,0.065005800489305848,0.065007125089271089,0.065004475889340621,0.065058646740213416,0.12685260989242239,8.7809849476109818e-06,"[[0.126789958, 0.0614037305, 0.0613995133, -0.0001132892, 5.7219e-05, -6.8317e-06], [0.0614037305, 0.1268450217, 0.0614640517, -4.83366e-05, -0.0001331484, 7.319e-07], [0.0613995133, 0.0614640517, 0.1268601981, -2.2646e-05, 6.35776e-05, -0.0001242906], [-0.0001132892, -4.83366e-05, -2.2646e-05, 0.0650586467, 0.0001293245, 0.0001196193], [5.7219e-05, -0.0001331484, 6.35776e-05, 0.0001293245, 0.0650044759, 0.0001273277], [-6.8317e-06, 7.319e-07, -0.0001242906, 0.0001196193, 0.0001273277, 0.0650071251]]",0.35011574074074076,0.055452971000249818,0.43305529700000989,1.5521882129996811,91,128,124,"{""params"": {""w"": 1.0, ""rho"": 0.35, ""N"": 1.0, ""phase"": 0.0, ""gradient"": 0.0, ""a_z"": 1.0, ""wall"": 0.5, ""n"": 24, ""kind"": ""network"", ""k_s"": 130.0, ""k_f"": 0.4, ""E"": 70000000000.0, ""nu"": 0.33, ""tol"": 1e-08, ""preconditioner"": ""two_level""}, ""params_json"": ""{\""E\"": 70000000000.0, \""N\"": 1.0, \""a_z\"": 1.0, \""gradient\"": 0.0, \""k_f\"": 0.4, \""k_s\"": 130.0, \""kind\"": \""network\"", \""n\"": 24, \""nu\"": 0.33, \""phase\"": 0.0, \""preconditioner\"": \""two_level\"", \""rho\"": 0.35, \""tol\"": 1e-08, \""w\"": 1.0, \""wall\"": 0.5}"", ""voxlat_version"": ""0.1.0"", ""git_hash"": ""0977f9f913f3+dirty"", ""resolution"": 24, ""wall_time_s"": 3.986944838000454, ""timestamp_utc"": ""2026-10-09T17:42:16+00:00"", ""python"": ""3.13.16"", ""numpy"": ""2.5.3"", ""platform"": ""Linux-6.18.44-fc-v80-x86_64-with-glibc2.39"", ""extra"": {}}",convergence
D-r0.350-N1-p0.0000-g0.000-az1.0000-tw0.500-n32,1,0.34999999999999998,1,0,0,1,0.5,32,network,D,95c011af0755,ok,,32,16,1,1.5,0.349761962890625,0.349609375,0.349853515625,0.0019618164987547093,-0.19923780088983822,-0.19918840356181788,-0.19928718826390301,0.054104290032497282,-0.02687051825460085,-0.026980268970205001,-0.026760784581534747,0.062426132920423649,0.10435863489745456,11.124709615000029,0.18251988307218703,0.0024541387833414896,0.002454042869541569,0.0024542346971414106,0.13604795231318897,0.06398946248362973,0.063977277577458594,0.064001647389800867,0.069867304384383822,0.14255004572548888,0.00044448696141604076,"[[0.1360479523, 0.0593141331, 0.0593422021, 0.0061104904, -1.71095e-05, -4.92604e-05], [0.0593141331, 0.1425239264, 0.065321389, 0.005621906, -1.20397e-05, -5.55333e-05], [0.0593422021, 0.065321389, 0.142576165, 0.0056147792, 2.18705e-05, -3.42572e-05], [0.0061104904, 0.005621906, 0.0056147792, 0.0698673044, -1.62345e-05, -1.19832e-05], [-1.71095e-05, -1.20397e-05, 2.18705e-05, -1.62345e-05, 0.0640016474, 0.0054232927], [-4.92604e-05, -5.55333e-05, -3.42572e-05, -1.19832e-05, 0.0054232927, 0.0639772776]]",0.349761962890625,0.225457398000799,2.0603911400003199,8.8202929879998919,91,172,125,0.18216251364745883,0.0030647535386518301,0.0030644447214008426,0.0030650623559028175,0.12906498303786879,0.065756370230258182,0.065751264375439003,0.065761476085077361,0.06576203485538408,0.12907948670019265,9.2415616724809881e-07,"[[0.129064983, 0.062853644, 0.0628596215, 4.3316e-06, -6.5604e-06, -5.83926e-05], [0.062853644, 0.129084885, 0.0628624158, 2.96644e-05, -6.0798e-06, -6.59027e-05], [0.0628596215, 0.0628624158, 0.1290740884, 1.35833e-05, -6.5519e-06, -3.2321e-05], [4.3316e-06, 2.96644e-05, 1.35833e-05, 0.0657620349, -1.70627e-05, -9.3108e-06], [-6.5604e-06, -6.0798e-06, -6.5519e-06, -1.70627e-05, 0.0657614761, 1.2948e-06], [-5.83926e-05, -6.59027e-05, -3.2321e-05, -9.3108e-06, 1.2948e-06, 0.0657512644]]",0.349761962890625,0.19544657599999482,1.4943661810002595,3.3558204400001159,74,117,100,"{""params"": {""w"": 1.0, ""rho"": 0.35, ""N"": 1.0, ""phase"": 0.0, ""gradient"": 0.0, ""a_z"": 1.0, ""wall"": 0.5, ""n"": 32, ""kind"": ""network"", ""k_s"": 130.0, ""k_f"": 0.4, ""E"": 70000000000.0, ""nu"": 0.33, ""tol"": 1e-08, ""preconditioner"": ""two_level""}, ""params_json"": ""{\""E\"": 70000000000.0, \""N\"": 1.0, \""a_z\"": 1.0, \""gradient\"": 0.0, \""k_f\"": 0.4, \""k_s\"": 130.0, \""kind\"": \""network\"", \""n\"": 32, \""nu\"": 0.33, \""phase\"": 0.0, \""preconditioner\"": \""two_level\"", \""rho\"": 0.35, \""tol\"": 1e-08, \""w\"": 1.0, \""wall\"": 0.5}"", ""voxlat_version"": ""0.1.0"", ""git_hash"": ""0977f9f913f3+dirty"", ""resolution"": 32, ""wall_time_s"": 11.124709615000029, ""timestamp_utc"": ""2026-10-09T17:41:02+00:00"", ""python"": ""3.13.16"", ""numpy"": ""2.5.3"", ""platform"": ""Linux-6.18.44-fc-v80-x86_64-with-glibc2.39"", ""extra"": {}}",convergence;uniform;wall
D-r0.350-N1-p0.0000-g0.000-az1.0000-tw0.500-n48,1,0.34999999999999998,1,0,0,1,0.5,48,network,D,95c011af0755,ok,,48,24,1,1.5,0.35000723379629628,0.3498987268518518,0.34997106481481483,-0.0049686037231995162,-0.20098280231965004,-0.20097716301781754,-0.20098844046230802,0.046781058138361864,-0.028179676116445895,-0.028189492469443911,-0.028169863067155188,0.061195000076899264,0.098735503322206375,35.103239385000052,0.18904644857272737,0.0024552131224776326,0.0024549780851886734,0.0024554481597665921,0.13597071502722644,0.063912591812008077,0.063901189594286062,0.063923994029730105,0.069802139562567256,0.14271535844094702,0.00044785063493221831,"[[0.135970715, 0.0602736142, 0.0602967124, 0.0061292966, 2.54654e-05, 3.36081e-05], [0.0602736142, 0.1427098234, 0.0662116594, 0.0053486282, 1.5583e-06, 6.13294e-05], [0.0602967124, 0.0662116594, 0.1427208934, 0.00534474, 3.42042e-05, 7.8036e-06], [0.0061292966, 0.0053486282, 0.00534474, 0.0698021396, 1.27125e-05, 1.00373e-05], [2.54654e-05, 1.5583e-06, 3.42042e-05, 1.27125e-05, 0.063923994, 0.0053793363], [3.36081e-05, 6.13294e-05, 7.8036e-06, 1.00373e-05, 0.0053793363, 0.0639011896]]",0.35000723379629628,0.84552105100010522,6.4477806989998498,27.771294952000062,105,162,119,0.18999043575921287,0.0030727913361632679,0.0030724754932673062,0.0030731071790592295,0.1298941301718263,0.065765852227295307,0.065754783570578804,0.065776920884011811,0.06577692088401195,0.12989054964495442,-8.0180811329783467e-07,"[[0.1298941302, 0.0643440184, 0.0643629504, -2.8181e-06, 2.13684e-05, 3.44748e-05], [0.0643440184, 0.1298941302, 0.0643629504, 2.13684e-05, -2.8181e-06, 3.44748e-05], [0.0643629504, 0.0643629504, 0.1298869691, 1.65102e-05, 1.65102e-05, 3.5868e-06], [-2.8181e-06, 2.13684e-05, 1.65102e-05, 0.0657769209, 8.0235e-06, 3.5204e-06], [2.13684e-05, -2.8181e-06, 1.65102e-05, 8.0235e-06, 0.0657769209, 3.5204e-06], [3.44748e-05, 3.44748e-05, 3.5868e-06, 3.5204e-06, 3.5204e-06, 0.0657547836]]",0.35000723379629628,0.56554504699988684,5.9653777220000848,11.676668532999884,102,119,104,"{""params"": {""w"": 1.0, ""rho"": 0.35, ""N"": 1.0, ""phase"": 0.0, ""gradient"": 0.0, ""a_z"": 1.0, ""wall"": 0.5, ""n"": 48, ""kind"": ""network"", ""k_s"": 130.0, ""k_f"": 0.4, ""E"": 70000000000.0, ""nu"": 0.33, ""tol"": 1e-08, ""preconditioner"": ""two_level""}, ""params_json"": ""{\""E\"": 70000000000.0, \""N\"": 1.0, \""a_z\"": 1.0, \""gradient\"": 0.0, \""k_f\"": 0.4, \""k_s\"": 130.0, \""kind\"": \""network\"", \""n\"": 48, \""nu\"": 0.33, \""phase\"": 0.0, \""preconditioner\"": \""two_level\"", \""rho\"": 0.35, \""tol\"": 1e-08, \""w\"": 1.0, \""wall\"": 0.5}"", ""voxlat_version"": ""0.1.0"", ""git_hash"": ""0977f9f913f3+dirty"", ""resolution"": 48, ""wall_time_s"": 35.10323938500005, ""timestamp_utc"": ""2026-10-09T17:10:16+00:00"", ""python"": ""3.13.16"", ""numpy"": ""2.5.3"", ""platform"": ""Linux-6.18.44-fc-v80-x86_64-with-glibc2.39"", ""extra"": {}}",convergence
D-r0.350-N1-p0.0000-g0.000-az1.0000-tw1.000-n32,1,0.34999999999999998,1,0,0,1,1,32,network,D,95c011af0755,ok,,32,32,1,2,0.349761962890625,0.349609375,0.349853515625,0.0011876863111306424,-0.19923780088983822,-0.19918840356181788,-0.19928718826390301,0.050104878721207058,-0.026011227845021856,-0.026121862355542813,-0.025900610514278388,0.062721393233031275,0.10475687552204804,16.347956603999592,0.18237886557131908,0.0024541387833414896,0.002454042869541569,0.0024542346971414106,0.13553176836013583,0.064045966301937318,0.064033718897720887,0.064058213706153749,0.069886721303352925,0.14260145042089456,0.00044448696141604065,"[[0.1355317684, 0.0592928236, 0.0593211105, 0.006351714, -1.68132e-05, -4.90513e-05], [0.0592928236, 0.1425751557, 0.0653287036, 0.0055782958, -1.24253e-05, -5.60429e-05], [0.0593211105, 0.0653287036, 0.1426277452, 0.0055707372, 2.17441e-05, -3.48092e-05], [0.006351714, 0.0055782958, 0.0055707372, 0.0698867213, -1.69739e-05, -1.22483e-05], [-1.68132e-05, -1.24253e-05, 2.17441e-05, -1.69739e-05, 0.0640582137, 0.005732863], [-4.90513e-05, -5.60429e-05, -3.48092e-05, -1.22483e-05, 0.005732863, 0.0640337189]]",0.349761962890625,0.28816387099959684,1.9647057470001528,14.08264015199984,91,172,127,0.18216251364745883,0.0030647535386518301,0.0030644447214008426,0.0030650623559028175,0.12906498303786879,0.065756370230258182,0.065751264375439003,0.065761476085077361,0.06576203485538408,0.12907948670019265,9.2415616724809881e-07,"[[0.129064983, 0.062853644, 0.0628596215, 4.3316e-06, -6.5604e-06, -5.83926e-05], [0.062853644, 0.129084885, 0.0628624158, 2.96644e-05, -6.0798e-06, -6.59027e-05], [0.0628596215, 0.0628624158, 0.1290740884, 1.35833e-05, -6.5519e-06, -3.2321e-05], [4.3316e-06, 2.96644e-05, 1.35833e-05, 0.0657620349, -1.70627e-05, -9.3108e-06], [-6.5604e-06, -6.0798e-06, -6.5519e-06, -1.70627e-05, 0.0657614761, 1.2948e-06], [-5.83926e-05, -6.59027e-05, -3.2321e-05, -9.3108e-06, 1.2948e-06, 0.0657512644]]",0.349761962890625,0.19544657599999482,1.4943661810002595,3.3558204400001159,74,117,100,"{""params"": {""w"": 1.0, ""rho"": 0.35, ""N"": 1.0, ""phase"": 0.0, ""gradient"": 0.0, ""a_z"": 1.0, ""wall"": 1.0, ""n"": 32, ""kind"": ""network"", ""k_s"": 130.0, ""k_f"": 0.4, ""E"": 70000000000.0, ""nu"": 0.33, ""tol"": 1e-08, ""preconditioner"": ""two_level""}, ""params_json"": ""{\""E\"": 70000000000.0, \""N\"": 1.0, \""a_z\"": 1.0, \""gradient\"": 0.0, \""k_f\"": 0.4, \""k_s\"": 130.0, \""kind\"": \""network\"", \""n\"": 32, \""nu\"": 0.33, \""phase\"": 0.0, \""preconditioner\"": \""two_level\"", \""rho\"": 0.35, \""tol\"": 1e-08, \""w\"": 1.0, \""wall\"": 1.0}"", ""voxlat_version"": ""0.1.0"", ""git_hash"": ""0977f9f913f3+dirty"", ""resolution"": 32, ""wall_time_s"": 16.34795660399959, ""timestamp_utc"": ""2026-10-09T17:38:52+00:00"", ""python"": ""3.13.16"", ""numpy"": ""2.5.3"", ""platform"": ""Linux-6.18.44-fc-v80-x86_64-with-glibc2.39"", ""extra"": {}}",wall
D-r0.350-N1-p0.0000-g0.000-az1.5000-tw0.500-n32,1,0.34999999999999998,1,0,0,1.5,0.5,32,network,D,95c011af0755,ok,,32,16,1,1.5,0.3499755859375,0.35009765625,0.34944661458333331,0.015854752285023643,-0.24094719070099324,-0.2737314974239865,-0.21942574900489398,0.079582029689313716,-0.01020879918633999,-0.042168371943055338,0.023774351095118051,0.12147739919581446,0.079752843387786321,16.907574184999248,0.16040942685100548,0.0032202438357939642,0.0024421342164555803,0.0039983534551323481,0.10580596201571656,0.05957527706338786,0.059420788497458382,0.059729765629317338,0.0654300258068478,0.16607353002906855,0.00053528748284336757,"[[0.105805962, 0.0557008782, 0.0589011621, 0.0058504936, 6.0605e-06, 1.50656e-05], [0.0557008782, 0.1140790874, 0.0643861594, 0.0035541586, 4.8946e-06, 1.29276e-05], [0.0589011621, 0.0643861594, 0.2180679727, 0.0093571355, 2.48161e-05, 6.3447e-06], [0.0058504936, 0.0035541586, 0.0093571355, 0.0654300258, 9.7845e-06, -4.728e-07], [6.0605e-06, 4.8946e-06, 2.48161e-05, 9.7845e-06, 0.0597297656, 0.0049816371], [1.50656e-05, 1.29276e-05, 6.3447e-06, -4.728e-07, 0.0049816371, 0.0594207885]]",0.3499755859375,0.24961729799997556,2.95569684199927,13.682006650000403,93,172,135,0.15790586842281029,0.004242450322748813,0.003362577624932838,0.0051223230205647875,0.098006412765286405,0.060189742053085409,0.062036778445079412,0.058342705661091419,0.058342705661091482,0.15380698559496575,6.3997579660821655e-07,"[[0.0980064128, 0.0612204862, 0.0612512306, 2.252e-06, 3.356e-06, 1.42983e-05], [0.0612204862, 0.0980064128, 0.0612512306, 3.356e-06, 2.252e-06, 1.42983e-05], [0.0612512306, 0.0612512306, 0.2096075584, 2.37344e-05, 2.37344e-05, 2.5371e-06], [2.252e-06, 3.356e-06, 2.37344e-05, 0.0583427057, 8.8157e-06, -2.8908e-06], [3.356e-06, 2.252e-06, 2.37344e-05, 8.8157e-06, 0.0583427057, -2.8908e-06], [1.42983e-05, 1.42983e-05, 2.5371e-06, -2.8908e-06, -2.8908e-06, 0.0620367784]]",0.3499755859375,0.27526880300001721,3.3951618640003289,5.4319643349999751,84,135,107,"{""params"": {""w"": 1.0, ""rho"": 0.35, ""N"": 1.0, ""phase"": 0.0, ""gradient"": 0.0, ""a_z"": 1.5, ""wall"": 0.5, ""n"": 32, ""kind"": ""network"", ""k_s"": 130.0, ""k_f"": 0.4, ""E"": 70000000000.0, ""nu"": 0.33, ""tol"": 1e-08, ""preconditioner"": ""two_level""}, ""params_json"": ""{\""E\"": 70000000000.0, \""N\"": 1.0, \""a_z\"": 1.5, \""gradient\"": 0.0, \""k_f\"": 0.4, \""k_s\"": 130.0, \""kind\"": \""network\"", \""n\"": 32, \""nu\"": 0.33, \""phase\"": 0.0, \""preconditioner\"": \""two_level\"", \""rho\"": 0.35, \""tol\"": 1e-08, \""w\"": 1.0, \""wall\"": 0.5}"", ""voxlat_version"": ""0.1.0"", ""git_hash"": ""0977f9f913f3+dirty"", ""resolution"": 32, ""wall_time_s"": 16.90757418499925, ""timestamp_utc"": ""2026-10-09T17:35:51+00:00"", ""python"": ""3.13.16"", ""numpy"": ""2.5.3"", ""platform"": ""Linux-6.18.44-fc-v80-x86_64-with-glibc2.39"", ""extra"": {}}",stretch
D-r0.350-N1-p0.1250-g0.000-az1.0000-tw0.500-n32,1,0.34999999999999998,1,0.125,0,1,0.5,32,network,D,95c011af0755,ok,,32,16,1,1.5,0.349853515625,0.349609375,0.350341796875,-0.022610982543326275,-0.20826947203989321,-0.20822290766887952,-0.20831602251610815,0.021454887444975812,-0.049790877853893578,-0.049781266303204008,-0.049800487163572993,0.085236770029463838,0.092553636797419792,10.949349968999741,0.17813882061144493,0.0024254205238106088,0.0024252012232784154,0.0024256398243428022,0.13191904575602176,0.062509549900631192,0.062502893973720677,0.062516205827541735,0.071406685675956982,0.1411089608039732,8.2098240840416091e-07,"[[0.1319190458, 0.0582625423, 0.0582680604, 4.0317e-06, -2.89399e-05, -4.39784e-05], [0.0582625423, 0.1411158377, 0.0672713266, 1.2738e-06, -1.31244e-05, -5.47942e-05], [0.0582680604, 0.0672713266, 0.1411020839, -1.03653e-05, -9.61e-06, -3.19912e-05], [4.0317e-06, 1.2738e-06, -1.03653e-05, 0.0714066857, -3.2275e-05, -2.45257e-05], [-2.89399e-05, -1.31244e-05, -9.61e-06, -3.2275e-05, 0.0625162058, 6.1253e-06], [-4.39784e-05, -5.47942e-05, -3.19912e-05, -2.45257e-05, 6.1253e-06, 0.062502894]]",0.349853515625,0.24500068599991209,2.2018765400007396,8.4838009819995932,95,197,126,0.18225989593682085,0.0030634419643508042,0.0030629848309177885,0.0030638990977838198,0.12914818596247407,0.065785045042979051,0.065777374995076271,0.065792715090881818,0.065798254950408946,0.1291551792528951,5.4149045521811228e-07,"[[0.129148186, 0.0629017978, 0.0629106516, -1.18172e-05, -3.40586e-05, -4.85778e-05], [0.0629017978, 0.12916307, 0.062916357, -1.54792e-05, -9.1973e-06, -5.2532e-05], [0.0629106516, 0.062916357, 0.1291472886, -2.80264e-05, -1.07549e-05, -2.22906e-05], [-1.18172e-05, -1.54792e-05, -2.80264e-05, 0.065798255, -2.27887e-05, -1.90016e-05], [-3.40586e-05, -9.1973e-06, -1.07549e-05, -2.27887e-05, 0.0657927151, -1.23293e-05], [-4.85778e-05, -5.2532e-05, -2.22906e-05, -1.90016e-05, -1.23293e-05, 0.065777375]]",0.349853515625,0.14511473499987915,1.3722698819992729,3.7568569510003726,84,117,121,"{""params"": {""w"": 1.0, ""rho"": 0.35, ""N"": 1.0, ""phase"": 0.125, ""gradient"": 0.0, ""a_z"": 1.0, ""wall"": 0.5, ""n"": 32, ""kind"": ""network"", ""k_s"": 130.0, ""k_f"": 0.4, ""E"": 70000000000.0, ""nu"": 0.33, ""tol"": 1e-08, ""preconditioner"": ""two_level""}, ""params_json"": ""{\""E\"": 70000000000.0, \""N\"": 1.0, \""a_z\"": 1.0, \""gradient\"": 0.0, \""k_f\"": 0.4, \""k_s\"": 130.0, \""kind\"": \""network\"", \""n\"": 32, \""nu\"": 0.33, \""phase\"": 0.125, \""preconditioner\"": \""two_level\"", \""rho\"": 0.35, \""tol\"": 1e-08, \""w\"": 1.0, \""wall\"": 0.5}"", ""voxlat_version"": ""0.1.0"", ""git_hash"": ""0977f9f913f3+dirty"", ""resolution"": 32, ""wall_time_s"": 10.94934996899974, ""timestamp_utc"": ""2026-10-09T18:01:32+00:00"", ""python"": ""3.13.16"", ""numpy"": ""2.5.3"", ""platform"": ""Linux-6.18.44-fc-v80-x86_64-with-glibc2.39"", ""extra"": {}}",uniform
D-r0.350-N1-p0.3333-g0.000-az0.7500-tw0.500-n32,1,0.34999999999999998,1,0.33333333333333331,0,0.75,0.5,32,network,D,95c011af0755,ok,,32,16,1,1.5,0.35001627604166669,0.32552083333333331,0.375,-0.009005230825261723,-0.17471646156064713,-0.1668676545096055,-0.18664068413949075,0.027050789937245634,-0.022732005432314684,-0.0172145591289522,-0.028968842041494525,0.091763103408574853,0.10885488814656252,8.2004535559999567,0.20167341181871318,0.0019509163952996606,0.0023753976602210779,0.0015264351303782432,0.16445577841528658,0.062562598579192219,0.066766412337064124,0.058358784821320286,0.063569739170698261,0.13042642312163621,-0.00016874747685658595,"[[0.1644557784, 0.0633946884, 0.0566720956, -0.0038739369, 6.77561e-05, 6.6419e-06], [0.0633946884, 0.1682441429, 0.0615684023, -0.003862394, 6.1872e-05, 3.2604e-05], [0.0566720956, 0.0615684023, 0.0926087033, -0.0019362867, 0.0001025704, 9.286e-06], [-0.0038739369, -0.003862394, -0.0019362867, 0.0635697392, 1.95281e-05, 3.11108e-05], [6.77561e-05, 6.1872e-05, 0.0001025704, 1.95281e-05, 0.0583587848, -0.0032037314], [6.6419e-06, 3.2604e-05, 9.286e-06, 3.11108e-05, -0.0032037314, 0.0667664123]]",0.35001627604166669,0.1639143749998766,1.3410378319995289,6.6785981559996799,98,190,129,0.20350603059858624,0.0023639347017498113,0.0028511648516333647,0.0018767045518662581,0.16012428988573688,0.06401785275580224,0.067935898885405452,0.060099806626199015,0.058226678454536773,0.11762262539117486,8.0935169408561834e-07,"[[0.1601242899, 0.0658036326, 0.0602294393, 9.9415e-06, 1.74586e-05, -1.31598e-05], [0.0658036326, 0.1559258978, 0.0580488783, 2.68654e-05, 1.31885e-05, -4.43016e-05], [0.0602294393, 0.0580488783, 0.079319353, 1.82748e-05, 2.39747e-05, -1.1206e-05], [9.9415e-06, 2.68654e-05, 1.82748e-05, 0.0582266785, -2.28083e-05, 6.3834e-06], [1.74586e-05, 1.31885e-05, 2.39747e-05, -2.28083e-05, 0.0600998066, 4.293e-07], [-1.31598e-05, -4.43016e-05, -1.1206e-05, 6.3834e-06, 4.293e-07, 0.0679358989]]",0.3499755859375,0.087091489000158617,1.1075189600001067,2.6071584509995773,91,139,123,"{""params"": {""w"": 1.0, ""rho"": 0.35, ""N"": 1.0, ""phase"": 0.3333333333333333, ""gradient"": 0.0, ""a_z"": 0.75, ""wall"": 0.5, ""n"": 32, ""kind"": ""network"", ""k_s"": 130.0, ""k_f"": 0.4, ""E"": 70000000000.0, ""nu"": 0.33, ""tol"": 1e-08, ""preconditioner"": ""two_level""}, ""params_json"": ""{\""E\"": 70000000000.0, \""N\"": 1.0, \""a_z\"": 0.75, \""gradient\"": 0.0, \""k_f\"": 0.4, \""k_s\"": 130.0, \""kind\"": \""network\"", \""n\"": 32, \""nu\"": 0.33, \""phase\"": 0.3333333333333333, \""preconditioner\"": \""two_level\"", \""rho\"": 0.35, \""tol\"": 1e-08, \""w\"": 1.0, \""wall\"": 0.5}"", ""voxlat_version"": ""0.1.0"", ""git_hash"": ""0977f9f913f3+dirty"", ""resolution"": 32, ""wall_time_s"": 8.200453555999957, ""timestamp_utc"": ""2026-10-09T17:42:04+00:00"", ""python"": ""3.13.16"", ""numpy"": ""2.5.3"", ""platform"": ""Linux-6.18.44-fc-v80-x86_64-with-glibc2.39"", ""extra"": {}}",stretch
D-r0.350-N1-p0.3333-g0.000-az1.0000-tw0.500-n32,1,0.34999999999999998,1,0.33333333333333331,0,1,0.5,32,network,D,95c011af0755,ok,,32,16,1,1.5,0.35003662109375,0.328125,0.3720703125,-0.00038482588886534774,-0.20270917923519483,-0.20273907044434059,-0.20267928578457961,0.056505121173595185,-0.033677825106130266,-0.0337186344666357,-0.033637012298442182,0.081871508484420596,0.096067622678892128,11.008407817999796,0.18398642750517183,0.0024560054544684479,0.0024560054544765157,0.0024560054544603806,0.13771882914727254,0.063812225659616334,0.063812225659616431,0.063812225659616223,0.070116910741739702,0.14127895404533369,-0.00022951048393457833,"[[0.1377188291, 0.0603586665, 0.0603586665, -0.0039188061, -3.6069e-06, -3.6069e-06], [0.0603586665, 0.141278954, 0.0664157757, -0.0033134388, -7.2425e-06, -1.54695e-05], [0.0603586665, 0.0664157757, 0.141278954, -0.0033134388, -1.54695e-05, -7.2425e-06], [-0.0039188061, -0.0033134388, -0.0033134388, 0.0701169107, -9.2763e-06, -9.2763e-06], [-3.6069e-06, -7.2425e-06, -1.54695e-05, -9.2763e-06, 0.0638122257, -0.0032490914], [-3.6069e-06, -1.54695e-05, -7.2425e-06, -9.2763e-06, -0.0032490914, 0.0638122257]]",0.35003662109375,0.22653738099961629,2.3129960380001648,8.4474921069995617,94,191,124,0.18405725750289248,0.0030804386435962132,0.0030805541365802672,0.0030803231506121589,0.13035320547645868,0.066036180600558783,0.066038969533882719,0.066033391667234861,0.064810756353095522,0.12889620231645443,4.4830753281695419e-07,"[[0.1303532055, 0.0642933834, 0.0642874276, 4.343e-07, 1.3861e-06, 7.5808e-06], [0.0642933834, 0.1288947475, 0.0626879317, 1.62926e-05, 1.3184e-06, 6.6106e-06], [0.0642874276, 0.0626879317, 0.1288976571, 1.93289e-05, -1.0036e-06, 5.0035e-06], [4.343e-07, 1.62926e-05, 1.93289e-05, 0.0648107564, -7.5402e-06, -3.8424e-06], [1.3861e-06, 1.3184e-06, -1.0036e-06, -7.5402e-06, 0.0660333917, -1.6628e-06], [7.5808e-06, 6.6106e-06, 5.0035e-06, -3.8424e-06, -1.6628e-06, 0.0660389695]]",0.350006103515625,0.14265000599971245,1.2520230680001987,3.4754501750003328,82,122,113,"{""params"": {""w"": 1.0, ""rho"": 0.35, ""N"": 1.0, ""phase"": 0.3333333333333333, ""gradient"": 0.0, ""a_z"": 1.0, ""wall"": 0.5, ""n"": 32, ""kind"": ""network"", ""k_s"": 130.0, ""k_f"": 0.4, ""E"": 70000000000.0, ""nu"": 0.33, ""tol"": 1e-08, ""preconditioner"": ""two_level""}, ""params_json"": ""{\""E\"": 70000000000.0, \""N\"": 1.0, \""a_z\"": 1.0, \""gradient\"": 0.0, \""k_f\"": 0.4, \""k_s\"": 130.0, \""kind\"": \""network\"", \""n\"": 32, \""nu\"": 0.33, \""phase\"": 0.3333333333333333, \""preconditioner\"": \""two_level\"", \""rho\"": 0.35, \""tol\"": 1e-08, \""w\"": 1.0, \""wall\"": 0.5}"", ""voxlat_version"": ""0.1.0"", ""git_hash"": ""0977f9f913f3+dirty"", ""resolution"": 32, ""wall_time_s"": 11.008407817999796, ""timestamp_utc"": ""2026-10-09T17:41:02+00:00"", ""python"": ""3.13.16"", ""numpy"": ""2.5.3"", ""platform"": ""Linux-6.18.44-fc-v80-x86_64-with-glibc2.39"", ""extra"": {}}",uniform
D-r0.350-N1-p0.3333-g0.000-az1.5000-tw0.500-n32,1,0.34999999999999998,1,0.33333333333333331,0,1.5,0.5,32,network,D,95c011af0755,ok,,32,16,1,1.5,0.34999593098958331,0.326171875,0.37369791666666663,0.013840468889209534,-0.24676268524621692,-0.28496654783184128,-0.2215987538688472,0.079411913120505551,-0.018740452917689332,-0.051591759299095985,0.015903824456811488,0.12521274212122524,0.063969260583381038,17.228042583999922,0.15990491201740237,0.0032139911068373977,0.0024231433335632742,0.0040048388801115211,0.10586230908164765,0.059301059886880787,0.058838287521035412,0.059763832252726162,0.064810334431322947,0.1624613779251218,-0.00027498642189603852,"[[0.1058623091, 0.0547630039, 0.058373837, -0.0040300747, -8.8181e-06, 4.56869e-05], [0.0547630039, 0.1092725839, 0.0630936284, -0.0024441685, -1.07938e-05, 2.68149e-05], [0.058373837, 0.0630936284, 0.215650172, -0.0052360842, -1.2832e-05, 1.52061e-05], [-0.0040300747, -0.0024441685, -0.0052360842, 0.0648103344, 7.2618e-06, -8.2331e-06], [-8.8181e-06, -1.07938e-05, -1.2832e-05, 7.2618e-06, 0.0597638323, -0.0034478932], [4.56869e-05, 2.68149e-05, 1.52061e-05, -8.2331e-06, -0.0034478932, 0.0588382875]]",0.34999593098958331,0.28146259000004648,2.8958443230003468,14.018697204999626,102,191,132,0.15772196605309949,0.0042669037285918074,0.0033888531036075347,0.0051449543535760809,0.098074060323835976,0.060433613169122581,0.062038988060196566,0.058828238278048596,0.05759829408716434,0.15269367635305856,1.3681981743244621e-07,"[[0.0980740603, 0.0609191327, 0.0613102856, -2.9441e-06, -2.6447e-06, 4.81259e-05], [0.0609191327, 0.0971915735, 0.0597551962, -6.2559e-06, -3.1909e-06, 3.48335e-05], [0.0613102856, 0.0597551962, 0.2081957793, -9.4529e-06, -4.1024e-06, 1.55418e-05], [-2.9441e-06, -6.2559e-06, -9.4529e-06, 0.0575982941, 6.4229e-06, -1.8688e-06], [-2.6447e-06, -3.1909e-06, -4.1024e-06, 6.4229e-06, 0.0588282383, -1.7124e-06], [4.81259e-05, 3.48335e-05, 1.55418e-05, -1.8688e-06, -1.7124e-06, 0.0620389881]]",0.34999593098958331,0.29854573100010384,3.1680489209998086,5.9318865300001562,93,129,114,"{""params"": {""w"": 1.0, ""rho"": 0.35, ""N"": 1.0, ""phase"": 0.3333333333333333, ""gradient"": 0.0, ""a_z"": 1.5, ""wall"": 0.5, ""n"": 32, ""kind"": ""network"", ""k_s"": 130.0, ""k_f"": 0.4, ""E"": 70000000000.0, ""nu"": 0.33, ""tol"": 1e-08, ""preconditioner"": ""two_level""}, ""params_json"": ""{\""E\"": 70000000000.0, \""N\"": 1.0, \""a_z\"": 1.5, \""gradient\"": 0.0, \""k_f\"": 0.4, \""k_s\"": 130.0, \""kind\"": \""network\"", \""n\"": 32, \""nu\"": 0.33, \""phase\"": 0.3333333333333333, \""preconditioner\"": \""two_level\"", \""rho\"": 0.35, \""tol\"": 1e-08, \""w\"": 1.0, \""wall\"": 0.5}"", ""voxlat_version"": ""0.1.0"", ""git_hash"": ""0977f9f913f3+dirty"", ""resolution"": 32, ""wall_time_s"": 17.228042583999922, ""timestamp_utc"": ""2026-10-09T17:36:08+00:00"", ""python"": ""3.13.16"", ""numpy"": ""2.5.3"", ""platform"": ""Linux-6.18.44-fc-v80-x86_64-with-glibc2.39"", ""extra"": {}}",stretch
D-r0.350-N1-p0.6667-g0.000-az0.7500-tw0.500-n32,1,0.34999999999999998,1,0.66666666666666663,0,0.75,0.5,32,network,D,95c011af0755,ok,,32,16,1,1.5,0.35001627604166669,0.37500000000000006,0.32552083333333331,-0.0089578443462273727,-0.17472961598942471,-0.16685650094890558,-0.18669074412775843,0.027119669469787944,-0.022894590394727632,-0.017273653351977392,-0.029248391271236795,0.091695702605967933,0.10881077293801056,7.8521174370007429,0.20168312786575873,0.0019508761984404414,0.002375416478876697,0.0015263359180041861,0.16446678015220606,0.062552324094764536,0.06676244156475275,0.058342206624776301,0.06356556555894334,0.13042095648374927,-0.00016707719144637206,"[[0.1644667802, 0.0633996373, 0.0566768482, -0.0038541805, -3.73488e-05, 1.41507e-05], [0.0633996373, 0.1682382838, 0.0615675948, -0.0038125195, -3.19529e-05, 3.38105e-05], [0.0566768482, 0.0615675948, 0.0926036291, -0.0019049355, -4.98211e-05, 1.46716e-05], [-0.0038541805, -0.0038125195, -0.0019049355, 0.0635655656, 1.88701e-05, -1.55894e-05], [-3.73488e-05, -3.19529e-05, -4.98211e-05, 1.88701e-05, 0.0583422066, -0.003212785], [1.41507e-05, 3.38105e-05, 1.46716e-05, -1.55894e-05, -0.003212785, 0.0667624416]]",0.35001627604166669,0.12585831399974268,1.3945587899997918,6.309498652000002,98,187,128,0.20350610386771287,0.0023639236742747844,0.0028511492697022404,0.0018766980788473286,0.16012426306382185,0.064017989747937432,0.067935943502962448,0.060100035992912422,0.058226450289404895,0.11762237495057294,-2.441134768301787e-06,"[[0.1601242631, 0.0658035432, 0.0602293831, -2.96272e-05, -5.2298e-05, 4.4221e-06], [0.0658035432, 0.1559255025, 0.058048735, -8.02825e-05, -3.95387e-05, 1.48088e-05], [0.0602293831, 0.058048735, 0.0793192474, -5.44963e-05, -7.18309e-05, 3.7912e-06], [-2.96272e-05, -8.02825e-05, -5.44963e-05, 0.0582264503, 7.6173e-06, -1.91675e-05], [-5.2298e-05, -3.95387e-05, -7.18309e-05, 7.6173e-06, 0.060100036, -1.4974e-06], [4.4221e-06, 1.48088e-05, 3.7912e-06, -1.91675e-05, -1.4974e-06, 0.0679359435]]",0.3499755859375,0.079092365999713365,1.175333258000137,2.5152232750001531,90,138,121,"{""params"": {""w"": 1.0, ""rho"": 0.35, ""N"": 1.0, ""phase"": 0.6666666666666666, ""gradient"": 0.0, ""a_z"": 0.75, ""wall"": 0.5, ""n"": 32, ""kind"": ""network"", ""k_s"": 130.0, ""k_f"": 0.4, ""E"": 70000000000.0, ""nu"": 0.33, ""tol"": 1e-08, ""preconditioner"": ""two_level""}, ""params_json"": ""{\""E\"": 70000000000.0, \""N\"": 1.0, \""a_z\"": 0.75, \""gradient\"": 0.0, \""k_f\"": 0.4, \""k_s\"": 130.0, \""kind\"": \""network\"", \""n\"": 32, \""nu\"": 0.33, \""phase\"": 0.6666666666666666, \""preconditioner\"": \""two_level\"", \""rho\"": 0.35, \""tol\"": 1e-08, \""w\"": 1.0, \""wall\"": 0.5}"", ""voxlat_version"": ""0.1.0"", ""git_hash"": ""0977f9f913f3+dirty"", ""resolution"": 32, ""wall_time_s"": 7.852117437000743, ""timestamp_utc"": ""2026-10-09T17:42:04+00:00"", ""python"": ""3.13.16"", ""numpy"": ""2.5.3"", ""platform"": ""Linux-6.18.44-fc-v80-x86_64-with-glibc2.39"", ""extra"": {}}",stretch
D-r0.350-N1-p0.6667-g0.000-az1.0000-tw0.500-n32,1,0.34999999999999998,1,0.66666666666666663,0,1,0.5,32,network,D,95c011af0755,ok,,32,16,1,1.5,0.35003662109375,0.3720703125,0.328125,-0.00030920342306484105,-0.20283946009620835,-0.20283946009620812,-0.20283946009620879,0.056539877259650373,-0.033627737099223953,-0.033627737099220067,-0.033627737099227728,0.082155399964795484,0.096255514042616452,11.404408617999252,0.18398639598643332,0.0024560052816940863,0.0024560052816940863,0.0024560052816940858,0.1377188319073247,0.063812218731564563,0.063812218731564785,0.063812218731564341,0.070116946809207159,0.14127894185777387,-0.00022951024740034927,"[[0.1377188319, 0.060358664, 0.060358664, -0.0039188113, -3.6033e-06, -3.6033e-06], [0.060358664, 0.1412789419, 0.0664158691, -0.0033134024, -7.2218e-06, -1.54979e-05], [0.060358664, 0.0664158691, 0.1412789419, -0.0033134024, -1.54979e-05, -7.2218e-06], [-0.0039188113, -0.0033134024, -0.0033134024, 0.0701169468, -9.284e-06, -9.284e-06], [-3.6033e-06, -7.2218e-06, -1.54979e-05, -9.284e-06, 0.0638122187, -0.0032490748], [-3.6033e-06, -1.54979e-05, -7.2218e-06, -9.284e-06, -0.0032490748, 0.0638122187]]",0.35003662109375,0.17041885599974194,2.0578558500001236,9.1520430359996681,94,188,124,0.18404330280565298,0.0030809418664783615,0.0030809418664783607,0.0030809418664783628,0.13034891997122372,0.066032750712461827,0.066032750712461785,0.066032750712461855,0.064793787298467659,0.12887409919315737,-2.3691537056821921e-10,"[[0.13034892, 0.0642886739, 0.0642886739, -2.95e-08, -9.5682e-06, -9.5682e-06], [0.0642886739, 0.1288740992, 0.062670736, -2.161e-07, -4.6288e-06, -1.71851e-05], [0.0642886739, 0.062670736, 0.1288740992, -2.161e-07, -1.71851e-05, -4.6288e-06], [-2.95e-08, -2.161e-07, -2.161e-07, 0.0647937873, -3.94e-07, -3.94e-07], [-9.5682e-06, -4.6288e-06, -1.71851e-05, -3.94e-07, 0.0660327507, 3.5e-08], [-9.5682e-06, -1.71851e-05, -4.6288e-06, -3.94e-07, 3.5e-08, 0.0660327507]]",0.3499755859375,0.12641142200027389,1.4995393180001884,3.4263576270000158,82,120,114,"{""params"": {""w"": 1.0, ""rho"": 0.35, ""N"": 1.0, ""phase"": 0.6666666666666666, ""gradient"": 0.0, ""a_z"": 1.0, ""wall"": 0.5, ""n"": 32, ""kind"": ""network"", ""k_s"": 130.0, ""k_f"": 0.4, ""E"": 70000000000.0, ""nu"": 0.33, ""tol"": 1e-08, ""preconditioner"": ""two_level""}, ""params_json"": ""{\""E\"": 70000000000.0, \""N\"": 1.0, \""a_z\"": 1.0, \""gradient\"": 0.0, \""k_f\"": 0.4, \""k_s\"": 130.0, \""kind\"": \""network\"", \""n\"": 32, \""nu\"": 0.33, \""phase\"": 0.6666666666666666, \""preconditioner\"": \""two_level\"", \""rho\"": 0.35, \""tol\"": 1e-08, \""w\"": 1.0, \""wall\"": 0.5}"", ""voxlat_version"": ""0.1.0"", ""git_hash"": ""0977f9f913f3+dirty"", ""resolution"": 32, ""wall_time_s"": 11.404408617999252, ""timestamp_utc"": ""2026-10-09T17:41:13+00:00"", ""python"": ""3.13.16"", ""numpy"": ""2.5.3"", ""platform"": ""Linux-6.18.44-fc-v80-x86_64-with-glibc2.39"", ""extra"": {}}",uniform
D-r0.350-N1-p0.6667-g0.000-az1.5000-tw0.500-n32,1,0.34999999999999998,1,0.66666666666666663,0,1.5,0.5,32,network,D,95c011af0755,ok,,32,16,1,1.5,0.34999593098958331,0.37369791666666663,0.32617187500000006,0.013702999221305134,-0.24669642711209439,-0.28492437793245584,-0.2215140702898909,0.079205646112118444,-0.018817709879928257,-0.051702937012557348,0.015868384711026806,0.12510594928469665,0.063859647144844933,17.458930210999824,0.15990594495283517,0.0032140102961044307,0.0024232360307212294,0.0040047845614876324,0.1058654057472377,0.059302865058063967,0.058842804866517821,0.059762925249610105,0.064810506868150555,0.16246155503523663,-0.00027576205590081439,"[[0.1058654057, 0.054766602, 0.0583720129, -0.0040166964, 2.6649e-06, -1.61551e-05], [0.054766602, 0.1092739524, 0.0630921059, -0.0024182158, 3.6629e-06, -8.5548e-06], [0.0583720129, 0.0630921059, 0.2156491577, -0.0051985865, 4.1948e-06, -4.7518e-06], [-0.0040166964, -0.0024182158, -0.0051985865, 0.0648105069, -2.6075e-06, 3.4575e-06], [2.6649e-06, 3.6629e-06, 4.1948e-06, -2.6075e-06, 0.0597629252, -0.0034427507], [-1.61551e-05, -8.5548e-06, -4.7518e-06, 3.4575e-06, -0.0034427507, 0.0588428049]]",0.34999593098958331,0.36936763099947711,3.2694602730007318,13.802313467000204,102,178,126,0.15774437391984625,0.0042665538990914725,0.0033887828866473887,0.0051443249115355567,0.098095674470034575,0.060440211421678637,0.062051025109309044,0.058829397734048224,0.057603914466326338,0.15270957543247943,1.3667251642128623e-09,"[[0.0980956745, 0.0609349249, 0.0613181972, 1.54e-08, 5.2902e-06, -3.20896e-05], [0.0609349249, 0.0972065868, 0.0597674687, 1.07e-08, 6.3863e-06, -2.32252e-05], [0.0613181972, 0.0597674687, 0.2082125641, 3.3e-09, 8.2139e-06, -1.03603e-05], [1.54e-08, 1.07e-08, 3.3e-09, 0.0576039145, -4.2827e-06, 3.703e-06], [5.2902e-06, 6.3863e-06, 8.2139e-06, -4.2827e-06, 0.0588293977, 5.1e-09], [-3.20896e-05, -2.32252e-05, -1.03603e-05, 3.703e-06, 5.1e-09, 0.0620510251]]",0.35001627604166669,0.26514595600019675,2.745591461999993,6.0946486110001388,93,131,114,"{""params"": {""w"": 1.0, ""rho"": 0.35, ""N"": 1.0, ""phase"": 0.6666666666666666, ""gradient"": 0.0, ""a_z"": 1.5, ""wall"": 0.5, ""n"": 32, ""kind"": ""network"", ""k_s"": 130.0, ""k_f"": 0.4, ""E"": 70000000000.0, ""nu"": 0.33, ""tol"": 1e-08, ""preconditioner"": ""two_level""}, ""params_json"": ""{\""E\"": 70000000000.0, \""N\"": 1.0, \""a_z\"": 1.5, \""gradient\"": 0.0, \""k_f\"": 0.4, \""k_s\"": 130.0, \""kind\"": \""network\"", \""n\"": 32, \""nu\"": 0.33, \""phase\"": 0.6666666666666666, \""preconditioner\"": \""two_level\"", \""rho\"": 0.35, \""tol\"": 1e-08, \""w\"": 1.0, \""wall\"": 0.5}"", ""voxlat_version"": ""0.1.0"", ""git_hash"": ""0977f9f913f3+dirty"", ""resolution"": 32, ""wall_time_s"": 17.458930210999824, ""timestamp_utc"": ""2026-10-09T17:36:09+00:00"", ""python"": ""3.13.16"", ""numpy"": ""2.5.3"", ""platform"": ""Linux-6.18.44-fc-v80-x86_64-with-glibc2.39"", ""extra"": {}}",stretch
D-r0.350-N1.5-p0.0000-g0.000-az1.0000-tw0.500-n32,1,0.34999999999999998,1.5,0,0,1,0.5,32,network,D,95c011af0755,ok,,48,16,1.5,2,0.34975179036458331,0.349609375,0.349609375,0.00023534272221525931,-0.1328036141251705,-0.13278360398153455,-0.1328236202366031,0.029451747685054208,-0.018838863082125679,-0.018804125118252468,-0.018873595651746622,0.040646247345955011,0.069543997137752056,14.499176051000177,0.18220538426930619,0.0026577431923159615,0.0026575367070910492,0.0026579496775408738,0.13286617235327586,0.06451759497471278,0.064514869373439948,0.064520320575985612,0.06843501479008933,0.13805619015381335,0.00029691719442084482,"[[0.1328661724, 0.0605200511, 0.0605235581, 0.0043399563, -2.24332e-05, -5.46195e-05], [0.0605200511, 0.1380601445, 0.0644912929, 0.0037502692, -1.69363e-05, -5.89473e-05], [0.0605235581, 0.0644912929, 0.1380522358, 0.0037399595, -2.32284e-05, -3.07373e-05], [0.0043399563, 0.0037502692, 0.0037399595, 0.0684350148, -1.82095e-05, -1.5076e-05], [-2.24332e-05, -1.69363e-05, -2.32284e-05, -1.82095e-05, 0.0645203206, 0.0041163623], [-5.46195e-05, -5.89473e-05, -3.07373e-05, -1.5076e-05, 0.0041163623, 0.0645148694]]",0.34975179036458331,0.23833109899987903,3.5522837419994175,10.690072557999883,91,194,125,0.18216251364745883,0.0030647535386518301,0.0030644447214008426,0.0030650623559028175,0.12906498303786879,0.065756370230258182,0.065751264375439003,0.065761476085077361,0.06576203485538408,0.12907948670019265,9.2415616724809881e-07,"[[0.129064983, 0.062853644, 0.0628596215, 4.3316e-06, -6.5604e-06, -5.83926e-05], [0.062853644, 0.129084885, 0.0628624158, 2.96644e-05, -6.0798e-06, -6.59027e-05], [0.0628596215, 0.0628624158, 0.1290740884, 1.35833e-05, -6.5519e-06, -3.2321e-05], [4.3316e-06, 2.96644e-05, 1.35833e-05, 0.0657620349, -1.70627e-05, -9.3108e-06], [-6.5604e-06, -6.0798e-06, -6.5519e-06, -1.70627e-05, 0.0657614761, 1.2948e-06], [-5.83926e-05, -6.59027e-05, -3.2321e-05, -9.3108e-06, 1.2948e-06, 0.0657512644]]",0.349761962890625,0.19544657599999482,1.4943661810002595,3.3558204400001159,74,117,100,"{""params"": {""w"": 1.0, ""rho"": 0.35, ""N"": 1.5, ""phase"": 0.0, ""gradient"": 0.0, ""a_z"": 1.0, ""wall"": 0.5, ""n"": 32, ""kind"": ""network"", ""k_s"": 130.0, ""k_f"": 0.4, ""E"": 70000000000.0, ""nu"": 0.33, ""tol"": 1e-08, ""preconditioner"": ""two_level""}, ""params_json"": ""{\""E\"": 70000000000.0, \""N\"": 1.5, \""a_z\"": 1.0, \""gradient\"": 0.0, \""k_f\"": 0.4, \""k_s\"": 130.0, \""kind\"": \""network\"", \""n\"": 32, \""nu\"": 0.33, \""phase\"": 0.0, \""preconditioner\"": \""two_level\"", \""rho\"": 0.35, \""tol\"": 1e-08, \""w\"": 1.0, \""wall\"": 0.5}"", ""voxlat_version"": ""0.1.0"", ""git_hash"": ""0977f9f913f3+dirty"", ""resolution"": 32, ""wall_time_s"": 14.499176051000177, ""timestamp_utc"": ""2026-10-09T17:38:07+00:00"", ""python"": ""3.13.16"", ""numpy"": ""2.5.3"", ""platform"": ""Linux-6.18.44-fc-v80-x86_64-with-glibc2.39"", ""extra"": {}}",uniform
D-r0.350-N1.5-p0.1250-g0.000-az1.0000-tw0.500-n32,1,0.34999999999999998,1.5,0.125,0,1,0.5,32,network,D,95c011af0755,ok,,48,16,1.5,2,0.34983317057291669,0.349609375,0.349853515625,-0.016147293005895569,-0.13890977627090029,-0.13887705538046058,-0.13894248739743287,0.0085667938734272919,-0.033442475362352009,-0.033452657307893929,-0.033432295790811417,0.055916457394573182,0.061755515734463584,14.283548921001056,0.17931689199390496,0.0026378999264639468,0.0026376065169249081,0.0026381933360029855,0.13025457185074163,0.063585030294918007,0.063576947010753157,0.063593113579082872,0.069477460269980751,0.13713122395743474,6.8834692045285006e-07,"[[0.1302545719, 0.0598532954, 0.0598655205, 1.76022e-05, -1.15603e-05, -4.85029e-05], [0.0598532954, 0.1371359442, 0.0658133896, 1.29275e-05, -1.48792e-05, -4.9962e-05], [0.0598655205, 0.0658133896, 0.1371265037, 5.8426e-06, -1.84044e-05, -2.29365e-05], [1.76022e-05, 1.29275e-05, 5.8426e-06, 0.0694774603, -1.86107e-05, -2.25051e-05], [-1.15603e-05, -1.48792e-05, -1.84044e-05, -1.86107e-05, 0.0635931136, 1.47126e-05], [-4.85029e-05, -4.9962e-05, -2.29365e-05, -2.25051e-05, 1.47126e-05, 0.063576947]]",0.34983317057291669,0.26836262100005115,3.2103434820000984,10.75972281400027,101,212,127,0.18225989593682085,0.0030634419643508042,0.0030629848309177885,0.0030638990977838198,0.12914818596247407,0.065785045042979051,0.065777374995076271,0.065792715090881818,0.065798254950408946,0.1291551792528951,5.4149045521811228e-07,"[[0.129148186, 0.0629017978, 0.0629106516, -1.18172e-05, -3.40586e-05, -4.85778e-05], [0.0629017978, 0.12916307, 0.062916357, -1.54792e-05, -9.1973e-06, -5.2532e-05], [0.0629106516, 0.062916357, 0.1291472886, -2.80264e-05, -1.07549e-05, -2.22906e-05], [-1.18172e-05, -1.54792e-05, -2.80264e-05, 0.065798255, -2.27887e-05, -1.90016e-05], [-3.40586e-05, -9.1973e-06, -1.07549e-05, -2.27887e-05, 0.0657927151, -1.23293e-05], [-4.85778e-05, -5.2532e-05, -2.22906e-05, -1.90016e-05, -1.23293e-05, 0.065777375]]",0.349853515625,0.14511473499987915,1.3722698819992729,3.7568569510003726,84,117,121,"{""params"": {""w"": 1.0, ""rho"": 0.35, ""N"": 1.5, ""phase"": 0.125, ""gradient"": 0.0, ""a_z"": 1.0, ""wall"": 0.5, ""n"": 32, ""kind"": ""network"", ""k_s"": 130.0, ""k_f"": 0.4, ""E"": 70000000000.0, ""nu"": 0.33, ""tol"": 1e-08, ""preconditioner"": ""two_level""}, ""params_json"": ""{\""E\"": 70000000000.0, \""N\"": 1.5, \""a_z\"": 1.0, \""gradient\"": 0.0, \""k_f\"": 0.4, \""k_s\"": 130.0, \""kind\"": \""network\"", \""n\"": 32, \""nu\"": 0.33, \""phase\"": 0.125, \""preconditioner\"": \""two_level\"", \""rho\"": 0.35, \""tol\"": 1e-08, \""w\"": 1.0, \""wall\"": 0.5}"", ""voxlat_version"": ""0.1.0"", ""git_hash"": ""0977f9f913f3+dirty"", ""resolution"": 32, ""wall_time_s"": 14.283548921001056, ""timestamp_utc"": ""2026-10-09T18:00:59+00:00"", ""python"": ""3.13.16"", ""numpy"": ""2.5.3"", ""platform"": ""Linux-6.18.44-fc-v80-x86_64-with-glibc2.39"", ""extra"": {}}",uniform
D-r0.350-N1.5-p0.3333-g0.000-az1.0000-tw0.500-n32,1,0.34999999999999998,1.5,0.33333333333333331,0,1,0.5,32,network,D,95c011af0755,ok,,48,16,1.5,2,0.35005696614583331,0.328125,0.3720703125,-0.0012896496112376754,-0.13529218304192103,-0.13532460178273409,-0.13525976187010491,0.031299897268938004,-0.022998915783311924,-0.023040176131566059,-0.022957651949779834,0.054056364096214171,0.064377739586046312,14.186765938999997,0.1838198881323084,0.0026636793747773875,0.0026636793747773883,0.002663679374777387,0.13443324741654861,0.064517420044274951,0.064517420044274923,0.064517420044274978,0.06831419019586947,0.13719424846281347,-0.00015302680415872692,"[[0.1344332474, 0.0616928236, 0.0616928236, -0.0027753981, -2.0392e-06, -2.0392e-06], [0.0616928236, 0.1371942485, 0.0651904535, -0.0022127707, 8.9e-08, -5.5851e-06], [0.0616928236, 0.0651904535, 0.1371942485, -0.0022127707, -5.5851e-06, 8.9e-08], [-0.0027753981, -0.0022127707, -0.0022127707, 0.0683141902, -2.0485e-06, -2.0485e-06], [-2.0392e-06, 8.9e-08, -5.5851e-06, -2.0485e-06, 0.06451742, -0.0024476016], [-2.0392e-06, -5.5851e-06, 8.9e-08, -2.0485e-06, -0.0024476016, 0.06451742]]",0.35005696614583331,0.33215753900003619,3.4903631540000788,10.349388964000354,98,198,124,0.18405725750289248,0.0030804386435962132,0.0030805541365802672,0.0030803231506121589,0.13035320547645868,0.066036180600558783,0.066038969533882719,0.066033391667234861,0.064810756353095522,0.12889620231645443,4.4830753281695419e-07,"[[0.1303532055, 0.0642933834, 0.0642874276, 4.343e-07, 1.3861e-06, 7.5808e-06], [0.0642933834, 0.1288947475, 0.0626879317, 1.62926e-05, 1.3184e-06, 6.6106e-06], [0.0642874276, 0.0626879317, 0.1288976571, 1.93289e-05, -1.0036e-06, 5.0035e-06], [4.343e-07, 1.62926e-05, 1.93289e-05, 0.0648107564, -7.5402e-06, -3.8424e-06], [1.3861e-06, 1.3184e-06, -1.0036e-06, -7.5402e-06, 0.0660333917, -1.6628e-06], [7.5808e-06, 6.6106e-06, 5.0035e-06, -3.8424e-06, -1.6628e-06, 0.0660389695]]",0.350006103515625,0.14265000599971245,1.2520230680001987,3.4754501750003328,82,122,113,"{""params"": {""w"": 1.0, ""rho"": 0.35, ""N"": 1.5, ""phase"": 0.3333333333333333, ""gradient"": 0.0, ""a_z"": 1.0, ""wall"": 0.5, ""n"": 32, ""kind"": ""network"", ""k_s"": 130.0, ""k_f"": 0.4, ""E"": 70000000000.0, ""nu"": 0.33, ""tol"": 1e-08, ""preconditioner"": ""two_level""}, ""params_json"": ""{\""E\"": 70000000000.0, \""N\"": 1.5, \""a_z\"": 1.0, \""gradient\"": 0.0, \""k_f\"": 0.4, \""k_s\"": 130.0, \""kind\"": \""network\"", \""n\"": 32, \""nu\"": 0.33, \""phase\"": 0.3333333333333333, \""preconditioner\"": \""two_level\"", \""rho\"": 0.35, \""tol\"": 1e-08, \""w\"": 1.0, \""wall\"": 0.5}"", ""voxlat_version"": ""0.1.0"", ""git_hash"": ""0977f9f913f3+dirty"", ""resolution"": 32, ""wall_time_s"": 14.186765938999997, ""timestamp_utc"": ""2026-10-09T17:38:07+00:00"", ""python"": ""3.13.16"", ""numpy"": ""2.5.3"", ""platform"": ""Linux-6.18.44-fc-v80-x86_64-with-glibc2.39"", ""extra"": {}}",uniform
D-r0.350-N1.5-p0.6667-g0.000-az1.0000-tw0.500-n32,1,0.34999999999999998,1.5,0.66666666666666663,0,1,0.5,32,network,D,95c011af0755,ok,,48,16,1.5,2,0.35001627604166669,0.3720703125,0.328125,-0.0012627488665740705,-0.13526402862914844,-0.13526402862914799,-0.13526402862914899,0.03132106542339641,-0.023049879287536434,-0.023049879287533548,-0.023049879287539099,0.053994716973874146,0.064303842099416642,14.760967903000164,0.18381090233363459,0.0026642012576462903,0.0026642012576462912,0.0026642012576462899,0.13443158702151148,0.064510703779515594,0.064510703779515746,0.064510703779515441,0.068292309505313828,0.13716119891837872,-0.00015352544295978388,"[[0.134431587, 0.0616874305, 0.0616874305, -0.0027798736, -4.7818e-06, -4.7818e-06], [0.0616874305, 0.1371611989, 0.0651679262, -0.0022371932, -5.885e-06, -1.74834e-05], [0.0616874305, 0.0651679262, 0.1371611989, -0.0022371932, -1.74834e-05, -5.885e-06], [-0.0027798736, -0.0022371932, -0.0022371932, 0.0682923095, -9.3937e-06, -9.3937e-06], [-4.7818e-06, -5.885e-06, -1.74834e-05, -9.3937e-06, 0.0645107038, -0.0024492047], [-4.7818e-06, -1.74834e-05, -5.885e-06, -9.3937e-06, -0.0024492047, 0.0645107038]]",0.35001627604166669,0.31995434999953432,3.6004843900000196,10.823647874000017,98,188,125,0.18404330280565298,0.0030809418664783615,0.0030809418664783607,0.0030809418664783628,0.13034891997122372,0.066032750712461827,0.066032750712461785,0.066032750712461855,0.064793787298467659,0.12887409919315737,-2.3691537056821921e-10,"[[0.13034892, 0.0642886739, 0.0642886739, -2.95e-08, -9.5682e-06, -9.5682e-06], [0.0642886739, 0.1288740992, 0.062670736, -2.161e-07, -4.6288e-06, -1.71851e-05], [0.0642886739, 0.062670736, 0.1288740992, -2.161e-07, -1.71851e-05, -4.6288e-06], [-2.95e-08, -2.161e-07, -2.161e-07, 0.0647937873, -3.94e-07, -3.94e-07], [-9.5682e-06, -4.6288e-06, -1.71851e-05, -3.94e-07, 0.0660327507, 3.5e-08], [-9.5682e-06, -1.71851e-05, -4.6288e-06, -3.94e-07, 3.5e-08, 0.0660327507]]",0.3499755859375,0.12641142200027389,1.4995393180001884,3.4263576270000158,82,120,114,"{""params"": {""w"": 1.0, ""rho"": 0.35, ""N"": 1.5, ""phase"": 0.6666666666666666, ""gradient"": 0.0, ""a_z"": 1.0, ""wall"": 0.5, ""n"": 32, ""kind"": ""network"", ""k_s"": 130.0, ""k_f"": 0.4, ""E"": 70000000000.0, ""nu"": 0.33, ""tol"": 1e-08, ""preconditioner"": ""two_level""}, ""params_json"": ""{\""E\"": 70000000000.0, \""N\"": 1.5, \""a_z\"": 1.0, \""gradient\"": 0.0, \""k_f\"": 0.4, \""k_s\"": 130.0, \""kind\"": \""network\"", \""n\"": 32, \""nu\"": 0.33, \""phase\"": 0.6666666666666666, \""preconditioner\"": \""two_level\"", \""rho\"": 0.35, \""tol\"": 1e-08, \""w\"": 1.0, \""wall\"": 0.5}"", ""voxlat_version"": ""0.1.0"", ""git_hash"": ""0977f9f913f3+dirty"", ""resolution"": 32, ""wall_time_s"": 14.760967903000164, ""timestamp_utc"": ""2026-10-09T17:38:22+00:00"", ""python"": ""3.13.16"", ""numpy"": ""2.5.3"", ""platform"": ""Linux-6.18.44-fc-v80-x86_64-with-glibc2.39"", ""extra"": {}}",uniform
D-r0.350-N2-p0.0000-g0.000-az0.7500-tw0.500-n32,1,0.34999999999999998,2,0,0,0.75,0.5,32,network,D,95c011af0755,ok,,64,16,2,2.5,0.34993489583333331,0.35026041666666669,0.34993489583333331,-0.0044656661855178026,-0.087277407878857072,-0.085430401385175658,-0.0900666597161216,0.012271339056755259,-0.0080156405739483239,-0.0061793552611983937,-0.010095850947847596,0.035298905517965773,0.059957287326500408,12.969795818999955,0.2017637435821247,0.0021536215981421063,0.0025965545745486778,0.0017106886217355347,0.16120781982266619,0.063440154809834975,0.067516049742220849,0.059364259877449095,0.062086570034943132,0.12691619564122386,0.00016043513253178953,"[[0.1612078198, 0.0640189171, 0.0579135052, 0.0029685343, 7.4991e-06, 1.75143e-05], [0.0640189171, 0.1653013183, 0.0605170957, 0.0034251239, 4.7477e-06, 1.70175e-05], [0.0579135052, 0.0605170957, 0.088531073, 0.0013368901, 1.18863e-05, 7.5185e-06], [0.0029685343, 0.0034251239, 0.0013368901, 0.06208657, 1.7027e-06, 4.5879e-06], [7.4991e-06, 4.7477e-06, 1.18863e-05, 1.7027e-06, 0.0593642599, 0.0027881212], [1.75143e-05, 1.70175e-05, 7.5185e-06, 4.5879e-06, 0.0027881212, 0.0675160497]]",0.34993489583333331,0.25777314700007992,2.6229966660002901,10.069043848999172,100,198,138,0.20266879476576985,0.0023595576758291335,0.0028391000296547468,0.0018800153220035205,0.15925356532654703,0.063952777286267457,0.067935849491198269,0.059969705081336651,0.059969705081336755,0.11973708484173065,1.855867965635099e-10,"[[0.1592535653, 0.0650298918, 0.0593996593, 1.2789e-06, 1.765e-07, 1.317e-07], [0.0650298918, 0.1592535653, 0.0593996593, 1.765e-07, 1.2789e-06, 1.317e-07], [0.0593996593, 0.0593996593, 0.0802206044, 1.6074e-06, 1.6074e-06, 7.801e-07], [1.2789e-06, 1.765e-07, 1.6074e-06, 0.0599697051, -8.787e-07, -5.7e-09], [1.765e-07, 1.2789e-06, 1.6074e-06, -8.787e-07, 0.0599697051, -5.7e-09], [1.317e-07, 1.317e-07, 7.801e-07, -5.7e-09, -5.7e-09, 0.0679358495]]",0.34993489583333331,0.10002341299968975,0.91309354499981055,2.6357994959998905,86,126,126,"{""params"": {""w"": 1.0, ""rho"": 0.35, ""N"": 2.0, ""phase"": 0.0, ""gradient"": 0.0, ""a_z"": 0.75, ""wall"": 0.5, ""n"": 32, ""kind"": ""network"", ""k_s"": 130.0, ""k_f"": 0.4, ""E"": 70000000000.0, ""nu"": 0.33, ""tol"": 1e-08, ""preconditioner"": ""two_level""}, ""params_json"": ""{\""E\"": 70000000000.0, \""N\"": 2.0, \""a_z\"": 0.75, \""gradient\"": 0.0, \""k_f\"": 0.4, \""k_s\"": 130.0, \""kind\"": \""network\"", \""n\"": 32, \""nu\"": 0.33, \""phase\"": 0.0, \""preconditioner\"": \""two_level\"", \""rho\"": 0.35, \""tol\"": 1e-08, \""w\"": 1.0, \""wall\"": 0.5}"", ""voxlat_version"": ""0.1.0"", ""git_hash"": ""0977f9f913f3+dirty"", ""resolution"": 32, ""wall_time_s"": 12.969795818999955, ""timestamp_utc"": ""2026-10-09T17:39:32+00:00"", ""python"": ""3.13.16"", ""numpy"": ""2.5.3"", ""platform"": ""Linux-6.18.44-fc-v80-x86_64-with-glibc2.39"", ""extra"": {}}",stretch
D-r0.350-N2-p0.0000-g0.000-az1.0000-tw0.125-n32,1,0.34999999999999998,2,0,0,1,0.125,32,network,D,95c011af0755,ok,,64,4,2,2.125,0.349761962890625,0.349609375,0.349853515625,0.0071817789311967584,-0.099628057390721669,-0.099603350552671222,-0.099652759250147271,0.02687431765585524,-0.020644199079946524,-0.020676955149636744,-0.020611448096752305,0.02424078450619227,0.046344710711010206,14.716443279000487,0.18347076455002598,0.0027594180972146084,0.0027592157595658718,0.0027596204348633449,0.13253351639027602,0.064398882632450069,0.064391728430916145,0.064406036833983979,0.067356158171002142,0.13506163817003877,0.00022270087053039169,"[[0.1325335164, 0.0618658954, 0.0618836697, 0.0015101586, -1.02663e-05, -5.44087e-05], [0.0618658954, 0.1350532599, 0.0643560917, 0.0028787537, -6.162e-06, -5.82924e-05], [0.0618836697, 0.0643560917, 0.1350700165, 0.0028682488, 6.5085e-06, -2.98438e-05], [0.0015101586, 0.0028787537, 0.0028682488, 0.0673561582, -1.28352e-05, -8.578e-06], [-1.02663e-05, -6.162e-06, 6.5085e-06, -1.28352e-05, 0.0644060368, 0.0005041186], [-5.44087e-05, -5.82924e-05, -2.98438e-05, -8.578e-06, 0.0005041186, 0.0643917284]]",0.349761962890625,0.29868140500002482,4.6049200500001461,9.7943208369997592,88,191,138,0.18216251364745883,0.0030647535386518301,0.0030644447214008426,0.0030650623559028175,0.12906498303786879,0.065756370230258182,0.065751264375439003,0.065761476085077361,0.06576203485538408,0.12907948670019265,9.2415616724809881e-07,"[[0.129064983, 0.062853644, 0.0628596215, 4.3316e-06, -6.5604e-06, -5.83926e-05], [0.062853644, 0.129084885, 0.0628624158, 2.96644e-05, -6.0798e-06, -6.59027e-05], [0.0628596215, 0.0628624158, 0.1290740884, 1.35833e-05, -6.5519e-06, -3.2321e-05], [4.3316e-06, 2.96644e-05, 1.35833e-05, 0.0657620349, -1.70627e-05, -9.3108e-06], [-6.5604e-06, -6.0798e-06, -6.5519e-06, -1.70627e-05, 0.0657614761, 1.2948e-06], [-5.83926e-05, -6.59027e-05, -3.2321e-05, -9.3108e-06, 1.2948e-06, 0.0657512644]]",0.349761962890625,0.19544657599999482,1.4943661810002595,3.3558204400001159,74,117,100,"{""params"": {""w"": 1.0, ""rho"": 0.35, ""N"": 2.0, ""phase"": 0.0, ""gradient"": 0.0, ""a_z"": 1.0, ""wall"": 0.125, ""n"": 32, ""kind"": ""network"", ""k_s"": 130.0, ""k_f"": 0.4, ""E"": 70000000000.0, ""nu"": 0.33, ""tol"": 1e-08, ""preconditioner"": ""two_level""}, ""params_json"": ""{\""E\"": 70000000000.0, \""N\"": 2.0, \""a_z\"": 1.0, \""gradient\"": 0.0, \""k_f\"": 0.4, \""k_s\"": 130.0, \""kind\"": \""network\"", \""n\"": 32, \""nu\"": 0.33, \""phase\"": 0.0, \""preconditioner\"": \""two_level\"", \""rho\"": 0.35, \""tol\"": 1e-08, \""w\"": 1.0, \""wall\"": 0.125}"", ""voxlat_version"": ""0.1.0"", ""git_hash"": ""0977f9f913f3+dirty"", ""resolution"": 32, ""wall_time_s"": 14.716443279000487, ""timestamp_utc"": ""2026-10-09T17:36:23+00:00"", ""python"": ""3.13.16"", ""numpy"": ""2.5.3"", ""platform"": ""Linux-6.18.44-fc-v80-x86_64-with-glibc2.39"", ""extra"": {}}",wall
D-r0.350-N2-p0.0000-g0.000-az1.0000-tw0.250-n32,1,0.34999999999999998,2,0,0,1,0.25,32,network,D,95c011af0755,ok,,64,8,2,2.25,0.349761962890625,0.349609375,0.349853515625,0.0036269236183470444,-0.099628057390721669,-0.099603350552671222,-0.099652759250147271,0.030554193889363646,-0.016863921235558132,-0.016914652119491169,-0.016813198229323589,0.028670541782269465,0.050582858762690419,15.18805448799958,0.18282320317058429,0.0027594180972146084,0.0027592157595658718,0.0027596204348633449,0.13300845955393525,0.064647459981958907,0.064639104612111753,0.064655815351806048,0.067647468023392429,0.13560869614510906,0.00022270087053039172,"[[0.1330084596, 0.0613608576, 0.061377666, 0.0024224967, -1.184e-05, -5.39745e-05], [0.0613608576, 0.1355987074, 0.0641252317, 0.0029327565, -8.1985e-06, -5.9318e-05], [0.061377666, 0.0641252317, 0.1356186849, 0.0029217491, 7.8108e-06, -3.2009e-05], [0.0024224967, 0.0029327565, 0.0029217491, 0.067647468, -1.48888e-05, -9.9478e-06], [-1.184e-05, -8.1985e-06, 7.8108e-06, -1.48888e-05, 0.0646558154, 0.001920791], [-5.39745e-05, -5.9318e-05, -3.2009e-05, -9.9478e-06, 0.001920791, 0.0646391046]]",0.349761962890625,0.43187681899962627,4.8154396689997156,9.9235721790000753,94,191,126,0.18216251364745883,0.0030647535386518301,0.0030644447214008426,0.0030650623559028175,0.12906498303786879,0.065756370230258182,0.065751264375439003,0.065761476085077361,0.06576203485538408,0.12907948670019265,9.2415616724809881e-07,"[[0.129064983, 0.062853644, 0.0628596215, 4.3316e-06, -6.5604e-06, -5.83926e-05], [0.062853644, 0.129084885, 0.0628624158, 2.96644e-05, -6.0798e-06, -6.59027e-05], [0.0628596215, 0.0628624158, 0.1290740884, 1.35833e-05, -6.5519e-06, -3.2321e-05], [4.3316e-06, 2.96644e-05, 1.35833e-05, 0.0657620349, -1.70627e-05, -9.3108e-06], [-6.5604e-06, -6.0798e-06, -6.5519e-06, -1.70627e-05, 0.0657614761, 1.2948e-06], [-5.83926e-05, -6.59027e-05, -3.2321e-05, -9.3108e-06, 1.2948e-06, 0.0657512644]]",0.349761962890625,0.19544657599999482,1.4943661810002595,3.3558204400001159,74,117,100,"{""params"": {""w"": 1.0, ""rho"": 0.35, ""N"": 2.0, ""phase"": 0.0, ""gradient"": 0.0, ""a_z"": 1.0, ""wall"": 0.25, ""n"": 32, ""kind"": ""network"", ""k_s"": 130.0, ""k_f"": 0.4, ""E"": 70000000000.0, ""nu"": 0.33, ""tol"": 1e-08, ""preconditioner"": ""two_level""}, ""params_json"": ""{\""E\"": 70000000000.0, \""N\"": 2.0, \""a_z\"": 1.0, \""gradient\"": 0.0, \""k_f\"": 0.4, \""k_s\"": 130.0, \""kind\"": \""network\"", \""n\"": 32, \""nu\"": 0.33, \""phase\"": 0.0, \""preconditioner\"": \""two_level\"", \""rho\"": 0.35, \""tol\"": 1e-08, \""w\"": 1.0, \""wall\"": 0.25}"", ""voxlat_version"": ""0.1.0"", ""git_hash"": ""0977f9f913f3+dirty"", ""resolution"": 32, ""wall_time_s"": 15.18805448799958, ""timestamp_utc"": ""2026-10-09T17:35:17+00:00"", ""python"": ""3.13.16"", ""numpy"": ""2.5.3"", ""platform"": ""Linux-6.18.44-fc-v80-x86_64-with-glibc2.39"", ""extra"": {}}",wall
D-r0.350-N2-p0.0000-g0.000-az1.0000-tw0.500-n24,1,0.34999999999999998,2,0,0,1,0.5,24,network,D,95c011af0755,ok,,48,12,2,2.5,0.35011574074074076,0.35127314814814814,0.3512731481481482,0.0054771425131185936,-0.097340448466310958,-0.097322176699119467,-0.097358715550192931,0.034059409465535095,-0.012677088037505446,-0.012681050360285218,-0.012673125553244735,0.03292437808926052,0.061755921523127366,8.5121420460000081,0.17514916814000986,0.0027903719174288996,0.0027900707417766175,0.0027906730930811817,0.1311083490629342,0.064181716233554398,0.064182766462236696,0.064180666004872128,0.067200662223463853,0.13468650971394272,0.00022641049750579597,"[[0.1311083491, 0.0600084449, 0.060003702, 0.002910687, 3.70324e-05, -1.86588e-05], [0.0600084449, 0.1346806398, 0.0630749692, 0.0030846156, -0.0001197953, -2.19503e-05], [0.060003702, 0.0630749692, 0.1346923796, 0.0031096039, 3.8678e-05, -0.0001104594], [0.002910687, 0.0030846156, 0.0031096039, 0.0672006622, 0.0001189622, 0.0001109191], [3.70324e-05, -0.0001197953, 3.8678e-05, 0.0001189622, 0.064180666, 0.0029561255], [-1.86588e-05, -2.19503e-05, -0.0001104594, 0.0001109191, 0.0029561255, 0.0641827665]]",0.35011574074074076,0.18453549799960456,2.2432166799999322,6.0595809559999907,100,226,134,0.17419507687886071,0.003091278337096018,0.0030908821173583115,0.0030916745568337249,0.12678995796837145,0.065005800489305848,0.065007125089271089,0.065004475889340621,0.065058646740213416,0.12685260989242239,8.7809849476109818e-06,"[[0.126789958, 0.0614037305, 0.0613995133, -0.0001132892, 5.7219e-05, -6.8317e-06], [0.0614037305, 0.1268450217, 0.0614640517, -4.83366e-05, -0.0001331484, 7.319e-07], [0.0613995133, 0.0614640517, 0.1268601981, -2.2646e-05, 6.35776e-05, -0.0001242906], [-0.0001132892, -4.83366e-05, -2.2646e-05, 0.0650586467, 0.0001293245, 0.0001196193], [5.7219e-05, -0.0001331484, 6.35776e-05, 0.0001293245, 0.0650044759, 0.0001273277], [-6.8317e-06, 7.319e-07, -0.0001242906, 0.0001196193, 0.0001273277, 0.0650071251]]",0.35011574074074076,0.055452971000249818,0.43305529700000989,1.5521882129996811,91,128,124,"{""params"": {""w"": 1.0, ""rho"": 0.35, ""N"": 2.0, ""phase"": 0.0, ""gradient"": 0.0, ""a_z"": 1.0, ""wall"": 0.5, ""n"": 24, ""kind"": ""network"", ""k_s"": 130.0, ""k_f"": 0.4, ""E"": 70000000000.0, ""nu"": 0.33, ""tol"": 1e-08, ""preconditioner"": ""two_level""}, ""params_json"": ""{\""E\"": 70000000000.0, \""N\"": 2.0, \""a_z\"": 1.0, \""gradient\"": 0.0, \""k_f\"": 0.4, \""k_s\"": 130.0, \""kind\"": \""network\"", \""n\"": 24, \""nu\"": 0.33, \""phase\"": 0.0, \""preconditioner\"": \""two_level\"", \""rho\"": 0.35, \""tol\"": 1e-08, \""w\"": 1.0, \""wall\"": 0.5}"", ""voxlat_version"": ""0.1.0"", ""git_hash"": ""0977f9f913f3+dirty"", ""resolution"": 24, ""wall_time_s"": 8.512142046000008, ""timestamp_utc"": ""2026-10-09T17:42:12+00:00"", ""python"": ""3.13.16"", ""numpy"": ""2.5.3"", ""platform"": ""Linux-6.18.44-fc-v80-x86_64-with-glibc2.39"", ""extra"": {}}",convergence
D-r0.350-N2-p0.0000-g0.000-az1.0000-tw0.500-n32,1,0.34999999999999998,2,0,0,1,0.5,32,network,D,95c011af0755,ok,,64,16,2,2.5,0.349761962890625,0.349609375,0.349853515625,0.00097987762871531991,-0.099628057390721669,-0.099603350552671222,-0.099652759250147271,0.026339508349457974,-0.015241725029318531,-0.015299113941911857,-0.015184345028309232,0.030143845310672601,0.051980680007536639,17.592447988000458,0.18234101061937252,0.0027594180972146084,0.0027592157595658718,0.0027596204348633449,0.13246449123621737,0.064754129716282513,0.064745328289934387,0.064762931142630639,0.067744355461379843,0.13578912619389244,0.00022270087053039169,"[[0.1324644912, 0.0611305345, 0.0611472682, 0.0029769943, -1.20334e-05, -5.36286e-05], [0.0611305345, 0.1357786191, 0.0640705842, 0.0028665468, -9.3545e-06, -6.04634e-05], [0.0611472682, 0.0640705842, 0.1357996333, 0.0028546927, 7.9325e-06, -3.3828e-05], [0.0029769943, 0.0028665468, 0.0028546927, 0.0677443555, -1.65447e-05, -1.08e-05], [-1.20334e-05, -9.3545e-06, 7.9325e-06, -1.65447e-05, 0.0647629311, 0.0028097286], [-5.36286e-05, -6.04634e-05, -3.3828e-05, -1.08e-05, 0.0028097286, 0.0647453283]]",0.349761962890625,0.42324943999938114,4.4618149130001257,12.687095864000185,94,191,124,0.18216251364745883,0.0030647535386518301,0.0030644447214008426,0.0030650623559028175,0.12906498303786879,0.065756370230258182,0.065751264375439003,0.065761476085077361,0.06576203485538408,0.12907948670019265,9.2415616724809881e-07,"[[0.129064983, 0.062853644, 0.0628596215, 4.3316e-06, -6.5604e-06, -5.83926e-05], [0.062853644, 0.129084885, 0.0628624158, 2.96644e-05, -6.0798e-06, -6.59027e-05], [0.0628596215, 0.0628624158, 0.1290740884, 1.35833e-05, -6.5519e-06, -3.2321e-05], [4.3316e-06, 2.96644e-05, 1.35833e-05, 0.0657620349, -1.70627e-05, -9.3108e-06], [-6.5604e-06, -6.0798e-06, -6.5519e-06, -1.70627e-05, 0.0657614761, 1.2948e-06], [-5.83926e-05, -6.59027e-05, -3.2321e-05, -9.3108e-06, 1.2948e-06, 0.0657512644]]",0.349761962890625,0.19544657599999482,1.4943661810002595,3.3558204400001159,74,117,100,"{""params"": {""w"": 1.0, ""rho"": 0.35, ""N"": 2.0, ""phase"": 0.0, ""gradient"": 0.0, ""a_z"": 1.0, ""wall"": 0.5, ""n"": 32, ""kind"": ""network"", ""k_s"": 130.0, ""k_f"": 0.4, ""E"": 70000000000.0, ""nu"": 0.33, ""tol"": 1e-08, ""preconditioner"": ""two_level""}, ""params_json"": ""{\""E\"": 70000000000.0, \""N\"": 2.0, \""a_z\"": 1.0, \""gradient\"": 0.0, \""k_f\"": 0.4, \""k_s\"": 130.0, \""kind\"": \""network\"", \""n\"": 32, \""nu\"": 0.33, \""phase\"": 0.0, \""preconditioner\"": \""two_level\"", \""rho\"": 0.35, \""tol\"": 1e-08, \""w\"": 1.0, \""wall\"": 0.5}"", ""voxlat_version"": ""0.1.0"", ""git_hash"": ""0977f9f913f3+dirty"", ""resolution"": 32, ""wall_time_s"": 17.59244798800046, ""timestamp_utc"": ""2026-10-09T17:31:30+00:00"", ""python"": ""3.13.16"", ""numpy"": ""2.5.3"", ""platform"": ""Linux-6.18.44-fc-v80-x86_64-with-glibc2.39"", ""extra"": {}}",convergence;uniform;wall
D-r0.350-N2-p0.0000-g0.000-az1.0000-tw0.500-n48,1,0.34999999999999998,2,0,0,1,0.5,48,network,D,95c011af0755,ok,,96,24,2,2.5,0.35000723379629628,0.3498987268518518,0.34997106481481483,-0.0024905450594506773,-0.10050070264527367,-0.10049786510937508,-0.10050353959790881,0.022855773541669011,-0.015906919052150581,-0.015912406340039875,-0.015901433611015592,0.029522398812694473,0.049114029572151718,54.38669010600006,0.18951725601808989,0.0027639736477965502,0.0027636982655930677,0.0027642490300000323,0.13286296099542563,0.064719720139520015,0.064708466735602377,0.064730973543437667,0.067718813375020809,0.13626999794135974,0.00022352255724285289,"[[0.132862961, 0.0623553603, 0.0623763274, 0.0029931635, 2.34876e-05, 3.4003e-05], [0.0623553603, 0.1362689907, 0.0652579911, 0.0027319415, -1.1132e-06, 4.80813e-05], [0.0623763274, 0.0652579911, 0.1362710052, 0.0027275215, 2.54706e-05, 5.3733e-06], [0.0029931635, 0.0027319415, 0.0027275215, 0.0677188134, 1.0247e-05, 6.7527e-06], [2.34876e-05, -1.1132e-06, 2.54706e-05, 1.0247e-05, 0.0647309735, 0.0027904312], [3.4003e-05, 4.80813e-05, 5.3733e-06, 6.7527e-06, 0.0027904312, 0.0647084667]]",0.35000723379629628,1.5715710909998961,13.557842729000185,39.225075279000521,115,140,119,0.18999043575921287,0.0030727913361632679,0.0030724754932673062,0.0030731071790592295,0.1298941301718263,0.065765852227295307,0.065754783570578804,0.065776920884011811,0.06577692088401195,0.12989054964495442,-8.0180811329783467e-07,"[[0.1298941302, 0.0643440184, 0.0643629504, -2.8181e-06, 2.13684e-05, 3.44748e-05], [0.0643440184, 0.1298941302, 0.0643629504, 2.13684e-05, -2.8181e-06, 3.44748e-05], [0.0643629504, 0.0643629504, 0.1298869691, 1.65102e-05, 1.65102e-05, 3.5868e-06], [-2.8181e-06, 2.13684e-05, 1.65102e-05, 0.0657769209, 8.0235e-06, 3.5204e-06], [2.13684e-05, -2.8181e-06, 1.65102e-05, 8.0235e-06, 0.0657769209, 3.5204e-06], [3.44748e-05, 3.44748e-05, 3.5868e-06, 3.5204e-06, 3.5204e-06, 0.0657547836]]",0.35000723379629628,0.56554504699988684,5.9653777220000848,11.676668532999884,102,119,104,"{""params"": {""w"": 1.0, ""rho"": 0.35, ""N"": 2.0, ""phase"": 0.0, ""gradient"": 0.0, ""a_z"": 1.0, ""wall"": 0.5, ""n"": 48, ""kind"": ""network"", ""k_s"": 130.0, ""k_f"": 0.4, ""E"": 70000000000.0, ""nu"": 0.33, ""tol"": 1e-08, ""preconditioner"": ""two_level""}, ""params_json"": ""{\""E\"": 70000000000.0, \""N\"": 2.0, \""a_z\"": 1.0, \""gradient\"": 0.0, \""k_f\"": 0.4, \""k_s\"": 130.0, \""kind\"": \""network\"", \""n\"": 48, \""nu\"": 0.33, \""phase\"": 0.0, \""preconditioner\"": \""two_level\"", \""rho\"": 0.35, \""tol\"": 1e-08, \""w\"": 1.0, \""wall\"": 0.5}"", ""voxlat_version"": ""0.1.0"", ""git_hash"": ""0977f9f913f3+dirty"", ""resolution"": 48, ""wall_time_s"": 54.38669010600006, ""timestamp_utc"": ""2026-10-09T16:51:22+00:00"", ""python"": ""3.13.16"", ""numpy"": ""2.5.3"", ""platform"": ""Linux-6.18.44-fc-v80-x86_64-with-glibc2.39"", ""extra"": {}}",convergence
D-r0.350-N2-p0.0000-g0.000-az1.0000-tw1.000-n32,1,0.34999999999999998,2,0,0,1,1,32,network,D,95c011af0755,ok,,64,32,2,3,0.349761962890625,0.349609375,0.349853515625,0.00059342110732463205,-0.099628057390721669,-0.099603350552670999,-0.099652759250147271,0.024440068772392243,-0.01499246420159539,-0.015050317297336524,-0.014934620089518624,0.030203068127994337,0.052177042980788402,24.476233617000617,0.18227061272802056,0.0027594180972146084,0.0027592157595658722,0.0027596204348633449,0.13221934009942193,0.064770520203554185,0.064761686983887595,0.064779353423220776,0.067748250074356794,0.13581447262568669,0.00022270087053039169,"[[0.1322193401, 0.0611167791, 0.0611336401, 0.0031004573, -1.19099e-05, -5.35123e-05], [0.0611167791, 0.1358038754, 0.0640739382, 0.0028466904, -9.5482e-06, -6.07073e-05], [0.0611336401, 0.0640739382, 0.1358250698, 0.0028346073, 7.8843e-06, -3.4137e-05], [0.0031004573, 0.0028466904, 0.0028346073, 0.0677482501, -1.6918e-05, -1.09284e-05], [-1.19099e-05, -9.5482e-06, 7.8843e-06, -1.6918e-05, 0.0647793534, 0.00296865], [-5.35123e-05, -6.07073e-05, -3.4137e-05, -1.09284e-05, 0.00296865, 0.064761687]]",0.349761962890625,0.58883013699960429,4.5667443669999557,19.282153573000869,95,191,127,0.18216251364745883,0.0030647535386518301,0.0030644447214008426,0.0030650623559028175,0.12906498303786879,0.065756370230258182,0.065751264375439003,0.065761476085077361,0.06576203485538408,0.12907948670019265,9.2415616724809881e-07,"[[0.129064983, 0.062853644, 0.0628596215, 4.3316e-06, -6.5604e-06, -5.83926e-05], [0.062853644, 0.129084885, 0.0628624158, 2.96644e-05, -6.0798e-06, -6.59027e-05], [0.0628596215, 0.0628624158, 0.1290740884, 1.35833e-05, -6.5519e-06, -3.2321e-05], [4.3316e-06, 2.96644e-05, 1.35833e-05, 0.0657620349, -1.70627e-05, -9.3108e-06], [-6.5604e-06, -6.0798e-06, -6.5519e-06, -1.70627e-05, 0.0657614761, 1.2948e-06], [-5.83926e-05, -6.59027e-05, -3.2321e-05, -9.3108e-06, 1.2948e-06, 0.0657512644]]",0.349761962890625,0.19544657599999482,1.4943661810002595,3.3558204400001159,74,117,100,"{""params"": {""w"": 1.0, ""rho"": 0.35, ""N"": 2.0, ""phase"": 0.0, ""gradient"": 0.0, ""a_z"": 1.0, ""wall"": 1.0, ""n"": 32, ""kind"": ""network"", ""k_s"": 130.0, ""k_f"": 0.4, ""E"": 70000000000.0, ""nu"": 0.33, ""tol"": 1e-08, ""preconditioner"": ""two_level""}, ""params_json"": ""{\""E\"": 70000000000.0, \""N\"": 2.0, \""a_z\"": 1.0, \""gradient\"": 0.0, \""k_f\"": 0.4, \""k_s\"": 130.0, \""kind\"": \""network\"", \""n\"": 32, \""nu\"": 0.33, \""phase\"": 0.0, \""preconditioner\"": \""two_level\"", \""rho\"": 0.35, \""tol\"": 1e-08, \""w\"": 1.0, \""wall\"": 1.0}"", ""voxlat_version"": ""0.1.0"", ""git_hash"": ""0977f9f913f3+dirty"", ""resolution"": 32, ""wall_time_s"": 24.476233617000617, ""timestamp_utc"": ""2026-10-09T17:29:49+00:00"", ""python"": ""3.13.16"", ""numpy"": ""2.5.3"", ""platform"": ""Linux-6.18.44-fc-v80-x86_64-with-glibc2.39"", ""extra"": {}}",wall
D-r0.350-N2-p0.0000-g0.000-az1.5000-tw0.500-n32,1,0.34999999999999998,2,0,0,1.5,0.5,32,network,D,95c011af0755,ok,,64,16,2,2.5,0.3499755859375,0.35009765625,0.34944661458333331,0.0078647834260590077,-0.12054701791726996,-0.13703886868526083,-0.10972085014855626,0.038212909995328781,-0.0069826954646520223,-0.022921608290892515,0.0099654181418844523,0.059316065869942092,0.03958201051716248,24.087983286000053,0.15914776387965948,0.0037310355876792843,0.0029017737913456707,0.0045602973840128984,0.10175152299525132,0.059769455414232751,0.060614795709932418,0.058924115118533085,0.061803365433115424,0.15989497531639874,0.00026793896347715554,"[[0.101751523, 0.0585642448, 0.0601258063, 0.0028155933, 4.665e-06, 1.46284e-05], [0.0585642448, 0.1059686443, 0.0627882472, 0.0018581034, 3.604e-06, 1.35623e-05], [0.0601258063, 0.0627882472, 0.2138213063, 0.0047242603, 2.41921e-05, 4.4682e-06], [0.0028155933, 0.0018581034, 0.0047242603, 0.0618033654, 9.2263e-06, -1.6885e-06], [4.665e-06, 3.604e-06, 2.41921e-05, 9.2263e-06, 0.0589241151, 0.0025272319], [1.46284e-05, 1.35623e-05, 4.4682e-06, -1.6885e-06, 0.0025272319, 0.0606147957]]",0.3499755859375,0.50279580399910628,4.9549932859999899,18.60710047000066,99,164,136,0.15790586842281029,0.004242450322748813,0.003362577624932838,0.0051223230205647875,0.098006412765286405,0.060189742053085409,0.062036778445079412,0.058342705661091419,0.058342705661091482,0.15380698559496575,6.3997579660821655e-07,"[[0.0980064128, 0.0612204862, 0.0612512306, 2.252e-06, 3.356e-06, 1.42983e-05], [0.0612204862, 0.0980064128, 0.0612512306, 3.356e-06, 2.252e-06, 1.42983e-05], [0.0612512306, 0.0612512306, 0.2096075584, 2.37344e-05, 2.37344e-05, 2.5371e-06], [2.252e-06, 3.356e-06, 2.37344e-05, 0.0583427057, 8.8157e-06, -2.8908e-06], [3.356e-06, 2.252e-06, 2.37344e-05, 8.8157e-06, 0.0583427057, -2.8908e-06], [1.42983e-05, 1.42983e-05, 2.5371e-06, -2.8908e-06, -2.8908e-06, 0.0620367784]]",0.3499755859375,0.27526880300001721,3.3951618640003289,5.4319643349999751,84,135,107,"{""params"": {""w"": 1.0, ""rho"": 0.35, ""N"": 2.0, ""phase"": 0.0, ""gradient"": 0.0, ""a_z"": 1.5, ""wall"": 0.5, ""n"": 32, ""kind"": ""network"", ""k_s"": 130.0, ""k_f"": 0.4, ""E"": 70000000000.0, ""nu"": 0.33, ""tol"": 1e-08, ""preconditioner"": ""two_level""}, ""params_json"": ""{\""E\"": 70000000000.0, \""N\"": 2.0, \""a_z\"": 1.5, \""gradient\"": 0.0, \""k_f\"": 0.4, \""k_s\"": 130.0, \""kind\"": \""network\"", \""n\"": 32, \""nu\"": 0.33, \""phase\"": 0.0, \""preconditioner\"": \""two_level\"", \""rho\"": 0.35, \""tol\"": 1e-08, \""w\"": 1.0, \""wall\"": 0.5}"", ""voxlat_version"": ""0.1.0"", ""git_hash"": ""0977f9f913f3+dirty"", ""resolution"": 32, ""wall_time_s"": 24.087983286000053, ""timestamp_utc"": ""2026-10-09T17:22:51+00:00"", ""python"": ""3.13.16"", ""numpy"": ""2.5.3"", ""platform"": ""Linux-6.18.44-fc-v80-x86_64-with-glibc2.39"", ""extra"": {}}",stretch
D-r0.350-N2-p0.0000-g0.075-az1.0000-tw0.500-n32,1,0.34999999999999998,2,0,0.074999999999999997,1,0.5,32,network,D,95c011af0755,ok,,64,16,2,2.5,0.3507080078125,0.28125,0.419921875,0.0065094295287304593,-0.10634863921704185,-0.10649077166589516,-0.10620646154236157,0.037105718530192622,-0.0055202691288637196,-0.0052608342362734373,-0.0057795687318897837,0.033204276524583021,0.05647924816716654,18.051480990000528,0.17930598737058295,0.002806971144143822,0.0028069711441428063,0.0028069711441448377,0.12884199462156318,0.062647306935102329,0.062647306935101843,0.062647306935102828,0.067894701828306647,0.13654179316533158,0.00022809442012833783,"[[0.1288419946, 0.0604071574, 0.0604071574, 0.0030101799, 0.0, 0.0], [0.0604071574, 0.1365417932, 0.0645889687, 0.0026901389, 0.0, 0.0], [0.0604071574, 0.0645889687, 0.1365417932, 0.0026901389, 0.0, 0.0], [0.0030101799, 0.0026901389, 0.0026901389, 0.0678947018, 0.0, 0.0], [0.0, 0.0, 0.0, 0.0, 0.0626473069, 0.0031460134], [0.0, 0.0, 0.0, 0.0, 0.0031460134, 0.0626473069]]",0.3507080078125,0.29558665400054451,3.3558781550000276,14.353370064999581,99,140,134,0.1781463562189754,0.0031410136741520092,0.003141513322001428,0.0031405140263025908,0.12423226708667723,0.06299505660132966,0.062978627052452871,0.063011486150206464,0.065712757264890426,0.12924228601954194,1.3666036224302601e-06,"[[0.1242322671, 0.0616979128, 0.0617410571, -2.542e-07, -2.25855e-05, -1.74956e-05], [0.0616979128, 0.129211749, 0.0632476606, 9.7216e-06, -5.358e-06, -1.74679e-05], [0.0617410571, 0.0632476606, 0.1292728231, 7.2826e-06, -1.99622e-05, -8.6382e-06], [-2.542e-07, 9.7216e-06, 7.2826e-06, 0.0657127573, -6.2901e-06, -4.5883e-06], [-2.25855e-05, -5.358e-06, -1.99622e-05, -6.2901e-06, 0.0630114862, -7.2168e-06], [-1.74956e-05, -1.74679e-05, -8.6382e-06, -4.5883e-06, -7.2168e-06, 0.0629786271]]",0.34999999999999998,,,,,,,"{""params"": {""w"": 1.0, ""rho"": 0.35, ""N"": 2.0, ""phase"": 0.0, ""gradient"": 0.075, ""a_z"": 1.0, ""wall"": 0.5, ""n"": 32, ""kind"": ""network"", ""k_s"": 130.0, ""k_f"": 0.4, ""E"": 70000000000.0, ""nu"": 0.33, ""tol"": 1e-08, ""preconditioner"": ""two_level""}, ""params_json"": ""{\""E\"": 70000000000.0, \""N\"": 2.0, \""a_z\"": 1.0, \""gradient\"": 0.075, \""k_f\"": 0.4, \""k_s\"": 130.0, \""kind\"": \""network\"", \""n\"": 32, \""nu\"": 0.33, \""phase\"": 0.0, \""preconditioner\"": \""two_level\"", \""rho\"": 0.35, \""tol\"": 1e-08, \""w\"": 1.0, \""wall\"": 0.5}"", ""voxlat_version"": ""0.1.0"", ""git_hash"": ""0977f9f913f3+dirty"", ""resolution"": 32, ""wall_time_s"": 18.051480990000528, ""timestamp_utc"": ""2026-10-09T17:33:17+00:00"", ""python"": ""3.13.16"", ""numpy"": ""2.5.3"", ""platform"": ""Linux-6.18.44-fc-v80-x86_64-with-glibc2.39"", ""extra"": {}}",graded
D-r0.350-N2-p0.0000-g0.150-az1.0000-tw0.500-n32,1,0.34999999999999998,2,0,0.14999999999999999,1,0.5,32,network,D,95c011af0755,ok,,64,16,2,2.5,0.35107421875,0.2109375,0.4921875,0.021818644140025434,-0.12539468848640611,-0.12549727498304919,-0.12529207791849595,0.059711562508665716,0.0066522020835031448,0.0067387623024570686,0.0065656567483056705,0.032208409212967526,0.056750213149977968,18.448051632999523,0.1662505512575109,0.0029425417937617264,0.0029425417927862441,0.0029425417947372091,0.11719445275496612,0.056249171577630992,0.056249171577630548,0.056249171577631429,0.069275277169833491,0.13853975753752804,0.00024595956568176675,"[[0.1171944528, 0.0549087314, 0.0549087314, 0.0029336562, 0.0, 0.0], [0.0549087314, 0.1385397575, 0.0639747222, 0.0029865334, 0.0, 0.0], [0.0549087314, 0.0639747222, 0.1385397575, 0.0029865334, 0.0, 0.0], [0.0029336562, 0.0029865334, 0.0029865334, 0.0692752772, 0.0, 0.0], [0.0, 0.0, 0.0, 0.0, 0.0562491716, 0.003791334], [0.0, 0.0, 0.0, 0.0, 0.003791334, 0.0562491716]]",0.35107421875,0.34721285999967222,3.8042314719996284,14.263848329000211,104,145,139,0.16270064380889165,0.0033644225058150597,0.0033648171796482485,0.0033640278319818705,0.11059089746792093,0.055877463399186054,0.055872659009360233,0.055882267789011883,0.067113653164920559,0.13109981508739563,6.6433189087192385e-07,"[[0.1105908975, 0.0552127722, 0.0552371293, 9.821e-07, -9.6191e-06, -9.2651e-06], [0.0552127722, 0.1310698683, 0.0615057533, 5.877e-06, 3.48e-08, -9.1188e-06], [0.0552371293, 0.0615057533, 0.1311297619, 1.62598e-05, -4.282e-07, 7.798e-07], [9.821e-07, 5.877e-06, 1.62598e-05, 0.0671136532, -1.5064e-06, -3.5164e-06], [-9.6191e-06, 3.48e-08, -4.282e-07, -1.5064e-06, 0.0558822678, -8.7347e-06], [-9.2651e-06, -9.1188e-06, 7.798e-07, -3.5164e-06, -8.7347e-06, 0.055872659]]",0.34999999999999998,,,,,,,"{""params"": {""w"": 1.0, ""rho"": 0.35, ""N"": 2.0, ""phase"": 0.0, ""gradient"": 0.15, ""a_z"": 1.0, ""wall"": 0.5, ""n"": 32, ""kind"": ""network"", ""k_s"": 130.0, ""k_f"": 0.4, ""E"": 70000000000.0, ""nu"": 0.33, ""tol"": 1e-08, ""preconditioner"": ""two_level""}, ""params_json"": ""{\""E\"": 70000000000.0, \""N\"": 2.0, \""a_z\"": 1.0, \""gradient\"": 0.15, \""k_f\"": 0.4, \""k_s\"": 130.0, \""kind\"": \""network\"", \""n\"": 32, \""nu\"": 0.33, \""phase\"": 0.0, \""preconditioner\"": \""two_level\"", \""rho\"": 0.35, \""tol\"": 1e-08, \""w\"": 1.0, \""wall\"": 0.5}"", ""voxlat_version"": ""0.1.0"", ""git_hash"": ""0977f9f913f3+dirty"", ""resolution"": 32, ""wall_time_s"": 18.448051632999523, ""timestamp_utc"": ""2026-10-09T17:33:50+00:00"", ""python"": ""3.13.16"", ""numpy"": ""2.5.3"", ""platform"": ""Linux-6.18.44-fc-v80-x86_64-with-glibc2.39"", ""extra"": {}}",graded
D-r0.350-N2-p0.1250-g0.000-az1.0000-tw0.500-n32,1,0.34999999999999998,2,0.125,0,1,0.5,32,network,D,95c011af0755,ok,,64,16,2,2.5,0.349853515625,0.349609375,0.350341796875,-0.011434818148805426,-0.10414190321936467,-0.10411853819927464,-0.10416526126733783,0.010613595158515343,-0.025525909820266923,-0.025520932215884473,-0.025530886264080843,0.042618615292955742,0.045941723372342036,17.248281352000049,0.18017578717096308,0.0027444092877812422,0.0027440713277960761,0.0027447472477664077,0.1305189125237364,0.064105821915689767,0.064098675066488114,0.064112968764891434,0.06860248546508825,0.13508879077023686,6.7931368445305133e-07,"[[0.1305189125, 0.0606068341, 0.0606140398, -3.9873e-06, -3.13636e-05, -4.61856e-05], [0.0606068341, 0.1350962062, 0.0650546576, -6.9752e-06, -1.12029e-05, -5.37336e-05], [0.0606140398, 0.0650546576, 0.1350813753, -1.90688e-05, -1.0211e-05, -2.7338e-05], [-3.9873e-06, -6.9752e-06, -1.90688e-05, 0.0686024855, -2.76813e-05, -2.18401e-05], [-3.13636e-05, -1.12029e-05, -1.0211e-05, -2.76813e-05, 0.0641129688, -2.5351e-06], [-4.61856e-05, -5.37336e-05, -2.7338e-05, -2.18401e-05, -2.5351e-06, 0.0640986751]]",0.349853515625,0.38790764000077615,4.1727842239997699,12.662798412000484,100,210,127,0.18225989593682085,0.0030634419643508042,0.0030629848309177885,0.0030638990977838198,0.12914818596247407,0.065785045042979051,0.065777374995076271,0.065792715090881818,0.065798254950408946,0.1291551792528951,5.4149045521811228e-07,"[[0.129148186, 0.0629017978, 0.0629106516, -1.18172e-05, -3.40586e-05, -4.85778e-05], [0.0629017978, 0.12916307, 0.062916357, -1.54792e-05, -9.1973e-06, -5.2532e-05], [0.0629106516, 0.062916357, 0.1291472886, -2.80264e-05, -1.07549e-05, -2.22906e-05], [-1.18172e-05, -1.54792e-05, -2.80264e-05, 0.065798255, -2.27887e-05, -1.90016e-05], [-3.40586e-05, -9.1973e-06, -1.07549e-05, -2.27887e-05, 0.0657927151, -1.23293e-05], [-4.85778e-05, -5.2532e-05, -2.22906e-05, -1.90016e-05, -1.23293e-05, 0.065777375]]",0.349853515625,0.14511473499987915,1.3722698819992729,3.7568569510003726,84,117,121,"{""params"": {""w"": 1.0, ""rho"": 0.35, ""N"": 2.0, ""phase"": 0.125, ""gradient"": 0.0, ""a_z"": 1.0, ""wall"": 0.5, ""n"": 32, ""kind"": ""network"", ""k_s"": 130.0, ""k_f"": 0.4, ""E"": 70000000000.0, ""nu"": 0.33, ""tol"": 1e-08, ""preconditioner"": ""two_level""}, ""params_json"": ""{\""E\"": 70000000000.0, \""N\"": 2.0, \""a_z\"": 1.0, \""gradient\"": 0.0, \""k_f\"": 0.4, \""k_s\"": 130.0, \""kind\"": \""network\"", \""n\"": 32, \""nu\"": 0.33, \""phase\"": 0.125, \""preconditioner\"": \""two_level\"", \""rho\"": 0.35, \""tol\"": 1e-08, \""w\"": 1.0, \""wall\"": 0.5}"", ""voxlat_version"": ""0.1.0"", ""git_hash"": ""0977f9f913f3+dirty"", ""resolution"": 32, ""wall_time_s"": 17.24828135200005, ""timestamp_utc"": ""2026-10-09T18:00:17+00:00"", ""python"": ""3.13.16"", ""numpy"": ""2.5.3"", ""platform"": ""Linux-6.18.44-fc-v80-x86_64-with-glibc2.39"", ""extra"": {}}",uniform
D-r0.350-N2-p0.3333-g0.000-az0.7500-tw0.500-n32,1,0.34999999999999998,2,0.33333333333333331,0,0.75,0.5,32,network,D,95c011af0755,ok,,64,16,2,2.5,0.35001627604166669,0.32552083333333331,0.375,-0.0044535321171230713,-0.087541685829088944,-0.083616460691440686,-0.09350504534461912,0.013404427190735424,-0.011985834186355016,-0.0093311033873832994,-0.014986701131712077,0.045623609915793173,0.05449027970697129,13.73390303799988,0.2025997099552872,0.0021569918727687484,0.0026127605378919463,0.0017012232076455505,0.16227066427097847,0.063250545387704693,0.06730198198919092,0.059199108786218479,0.060883189719038881,0.12403191514860828,-8.6001701907888507e-05,"[[0.1622706643, 0.0646264752, 0.0584866124, -0.0019313774, 6.88096e-05, 7.6315e-06], [0.0646264752, 0.1621003265, 0.0598112874, -0.0019992147, 5.75222e-05, 3.12155e-05], [0.0584866124, 0.0598112874, 0.0859635038, -0.0010256575, 9.94092e-05, 8.4619e-06], [-0.0019313774, -0.0019992147, -0.0010256575, 0.0608831897, 1.74489e-05, 2.84342e-05], [6.88096e-05, 5.75222e-05, 9.94092e-05, 1.74489e-05, 0.0591991088, -0.0016470719], [7.6315e-06, 3.12155e-05, 8.4619e-06, 2.84342e-05, -0.0016470719, 0.067301982]]",0.35001627604166669,0.2553794610003024,3.391360622999855,10.068790143000115,99,211,132,0.20350603059858624,0.0023639347017498113,0.0028511648516333647,0.0018767045518662581,0.16012428988573688,0.06401785275580224,0.067935898885405452,0.060099806626199015,0.058226678454536773,0.11762262539117486,8.0935169408561834e-07,"[[0.1601242899, 0.0658036326, 0.0602294393, 9.9415e-06, 1.74586e-05, -1.31598e-05], [0.0658036326, 0.1559258978, 0.0580488783, 2.68654e-05, 1.31885e-05, -4.43016e-05], [0.0602294393, 0.0580488783, 0.079319353, 1.82748e-05, 2.39747e-05, -1.1206e-05], [9.9415e-06, 2.68654e-05, 1.82748e-05, 0.0582266785, -2.28083e-05, 6.3834e-06], [1.74586e-05, 1.31885e-05, 2.39747e-05, -2.28083e-05, 0.0600998066, 4.293e-07], [-1.31598e-05, -4.43016e-05, -1.1206e-05, 6.3834e-06, 4.293e-07, 0.0679358989]]",0.3499755859375,0.087091489000158617,1.1075189600001067,2.6071584509995773,91,139,123,"{""params"": {""w"": 1.0, ""rho"": 0.35, ""N"": 2.0, ""phase"": 0.3333333333333333, ""gradient"": 0.0, ""a_z"": 0.75, ""wall"": 0.5, ""n"": 32, ""kind"": ""network"", ""k_s"": 130.0, ""k_f"": 0.4, ""E"": 70000000000.0, ""nu"": 0.33, ""tol"": 1e-08, ""preconditioner"": ""two_level""}, ""params_json"": ""{\""E\"": 70000000000.0, \""N\"": 2.0, \""a_z\"": 0.75, \""gradient\"": 0.0, \""k_f\"": 0.4, \""k_s\"": 130.0, \""kind\"": \""network\"", \""n\"": 32, \""nu\"": 0.33, \""phase\"": 0.3333333333333333, \""preconditioner\"": \""two_level\"", \""rho\"": 0.35, \""tol\"": 1e-08, \""w\"": 1.0, \""wall\"": 0.5}"", ""voxlat_version"": ""0.1.0"", ""git_hash"": ""0977f9f913f3+dirty"", ""resolution"": 32, ""wall_time_s"": 13.73390303799988, ""timestamp_utc"": ""2026-10-09T17:39:42+00:00"", ""python"": ""3.13.16"", ""numpy"": ""2.5.3"", ""platform"": ""Linux-6.18.44-fc-v80-x86_64-with-glibc2.39"", ""extra"": {}}",stretch
D-r0.350-N2-p0.3333-g0.000-az1.0000-tw0.500-n32,1,0.34999999999999998,2,0.33333333333333331,0,1,0.5,32,network,D,95c011af0755,ok,,64,16,2,2.5,0.35003662109375,0.328125,0.3720703125,-0.00015455881218584544,-0.1014432014997968,-0.10147688927199627,-0.10140951120143282,0.02749349040300908,-0.017725857772754372,-0.017767340810844412,-0.017684371230575535,0.040623761181094453,0.047880291948213971,18.267748367999957,0.18402880983179865,0.0027679490855661219,0.0027679490855661215,0.0027679490855661223,0.13393707008022718,0.064865632655377356,0.064865632655377245,0.064865632655377481,0.067443613041149764,0.1350677901143823,-0.00011520422322186443,"[[0.1339370701, 0.0623794243, 0.0623794243, -0.0019060497, -3.5105e-06, -3.5105e-06], [0.0623794243, 0.1350677901, 0.064533319, -0.0017035242, -4.284e-06, -1.26953e-05], [0.0623794243, 0.064533319, 0.1350677901, -0.0017035242, -1.26953e-05, -4.284e-06], [-0.0019060497, -0.0017035242, -0.0017035242, 0.067443613, -6.8079e-06, -6.8079e-06], [-3.5105e-06, -4.284e-06, -1.26953e-05, -6.8079e-06, 0.0648656327, -0.0016861643], [-3.5105e-06, -1.26953e-05, -4.284e-06, -6.8079e-06, -0.0016861643, 0.0648656327]]",0.35003662109375,0.37400929999967047,4.355926823000118,13.512974698999642,98,183,126,0.18405725750289248,0.0030804386435962132,0.0030805541365802672,0.0030803231506121589,0.13035320547645868,0.066036180600558783,0.066038969533882719,0.066033391667234861,0.064810756353095522,0.12889620231645443,4.4830753281695419e-07,"[[0.1303532055, 0.0642933834, 0.0642874276, 4.343e-07, 1.3861e-06, 7.5808e-06], [0.0642933834, 0.1288947475, 0.0626879317, 1.62926e-05, 1.3184e-06, 6.6106e-06], [0.0642874276, 0.0626879317, 0.1288976571, 1.93289e-05, -1.0036e-06, 5.0035e-06], [4.343e-07, 1.62926e-05, 1.93289e-05, 0.0648107564, -7.5402e-06, -3.8424e-06], [1.3861e-06, 1.3184e-06, -1.0036e-06, -7.5402e-06, 0.0660333917, -1.6628e-06], [7.5808e-06, 6.6106e-06, 5.0035e-06, -3.8424e-06, -1.6628e-06, 0.0660389695]]",0.350006103515625,0.14265000599971245,1.2520230680001987,3.4754501750003328,82,122,113,"{""params"": {""w"": 1.0, ""rho"": 0.35, ""N"": 2.0, ""phase"": 0.3333333333333333, ""gradient"": 0.0, ""a_z"": 1.0, ""wall"": 0.5, ""n"": 32, ""kind"": ""network"", ""k_s"": 130.0, ""k_f"": 0.4, ""E"": 70000000000.0, ""nu"": 0.33, ""tol"": 1e-08, ""preconditioner"": ""two_level""}, ""params_json"": ""{\""E\"": 70000000000.0, \""N\"": 2.0, \""a_z\"": 1.0, \""gradient\"": 0.0, \""k_f\"": 0.4, \""k_s\"": 130.0, \""kind\"": \""network\"", \""n\"": 32, \""nu\"": 0.33, \""phase\"": 0.3333333333333333, \""preconditioner\"": \""two_level\"", \""rho\"": 0.35, \""tol\"": 1e-08, \""w\"": 1.0, \""wall\"": 0.5}"", ""voxlat_version"": ""0.1.0"", ""git_hash"": ""0977f9f913f3+dirty"", ""resolution"": 32, ""wall_time_s"": 18.267748367999957, ""timestamp_utc"": ""2026-10-09T17:31:38+00:00"", ""python"": ""3.13.16"", ""numpy"": ""2.5.3"", ""platform"": ""Linux-6.18.44-fc-v80-x86_64-with-glibc2.39"", ""extra"": {}}",uniform
D-r0.350-N2-p0.3333-g0.000-az1.5000-tw0.500-n32,1,0.34999999999999998,2,0.33333333333333331,0,1.5,0.5,32,network,D,95c011af0755,ok,,64,16,2,2.5,0.34999593098958331,0.326171875,0.37369791666666663,0.0068723512318868973,-0.1234419876108005,-0.14264847700409422,-0.11079115210929069,0.038116837600472353,-0.010547016063263137,-0.027104098606026139,0.006913725176806329,0.061948101529567312,0.031602293383808266,25.670543323999482,0.1588058868008001,0.003740188651390499,0.0029054383695873219,0.0045749389331936757,0.10181233335401857,0.059796218880266816,0.060357477210394923,0.059234960550138702,0.061166399057205875,0.15751914671102016,-0.00013726964446809424,"[[0.1018123334, 0.0579560976, 0.0599035606, -0.0019437287, -8.47e-06, 4.67949e-05], [0.0579560976, 0.1031396282, 0.0613815442, -0.0012922396, -1.02488e-05, 3.06657e-05], [0.0599035606, 0.0613815442, 0.2118986652, -0.0026617416, -1.25493e-05, 1.53362e-05], [-0.0019437287, -0.0012922396, -0.0026617416, 0.0611663991, 6.8348e-06, -6.9473e-06], [-8.47e-06, -1.02488e-05, -1.25493e-05, 6.8348e-06, 0.0592349606, -0.0017606519], [4.67949e-05, 3.06657e-05, 1.53362e-05, -6.9473e-06, -0.0017606519, 0.0603574772]]",0.34999593098958331,0.53877566299979662,6.24784672900023,18.861460355999952,107,197,136,0.15772196605309949,0.0042669037285918074,0.0033888531036075347,0.0051449543535760809,0.098074060323835976,0.060433613169122581,0.062038988060196566,0.058828238278048596,0.05759829408716434,0.15269367635305856,1.3681981743244621e-07,"[[0.0980740603, 0.0609191327, 0.0613102856, -2.9441e-06, -2.6447e-06, 4.81259e-05], [0.0609191327, 0.0971915735, 0.0597551962, -6.2559e-06, -3.1909e-06, 3.48335e-05], [0.0613102856, 0.0597551962, 0.2081957793, -9.4529e-06, -4.1024e-06, 1.55418e-05], [-2.9441e-06, -6.2559e-06, -9.4529e-06, 0.0575982941, 6.4229e-06, -1.8688e-06], [-2.6447e-06, -3.1909e-06, -4.1024e-06, 6.4229e-06, 0.0588282383, -1.7124e-06], [4.81259e-05, 3.48335e-05, 1.55418e-05, -1.8688e-06, -1.7124e-06, 0.0620389881]]",0.34999593098958331,0.29854573100010384,3.1680489209998086,5.9318865300001562,93,129,114,"{""params"": {""w"": 1.0, ""rho"": 0.35, ""N"": 2.0, ""phase"": 0.3333333333333333, ""gradient"": 0.0, ""a_z"": 1.5, ""wall"": 0.5, ""n"": 32, ""kind"": ""network"", ""k_s"": 130.0, ""k_f"": 0.4, ""E"": 70000000000.0, ""nu"": 0.33, ""tol"": 1e-08, ""preconditioner"": ""two_level""}, ""params_json"": ""{\""E\"": 70000000000.0, \""N\"": 2.0, \""a_z\"": 1.5, \""gradient\"": 0.0, \""k_f\"": 0.4, \""k_s\"": 130.0, \""kind\"": \""network\"", \""n\"": 32, \""nu\"": 0.33, \""phase\"": 0.3333333333333333, \""preconditioner\"": \""two_level\"", \""rho\"": 0.35, \""tol\"": 1e-08, \""w\"": 1.0, \""wall\"": 0.5}"", ""voxlat_version"": ""0.1.0"", ""git_hash"": ""0977f9f913f3+dirty"", ""resolution"": 32, ""wall_time_s"": 25.670543323999482, ""timestamp_utc"": ""2026-10-09T17:23:15+00:00"", ""python"": ""3.13.16"", ""numpy"": ""2.5.3"", ""platform"": ""Linux-6.18.44-fc-v80-x86_64-with-glibc2.39"", ""extra"": {}}",stretch
D-r0.350-N2-p0.3333-g0.075-az1.0000-tw0.500-n32,1,0.34999999999999998,2,0.33333333333333331,0.074999999999999997,1,0.5,32,network,D,95c011af0755,ok,,64,16,2,2.5,0.34979248046875,0.2529296875,0.435546875,-0.003667188095598739,-0.10825894363909438,-0.10826268351185864,-0.10825520373495978,0.022952792836386404,-0.015692720905195023,-0.015682145290189964,-0.015703296292951419,0.032630568767890944,0.047396068360084032,18.068075872999543,0.177119573873846,0.0027992102376791796,0.0027992102379847785,0.0027992102373735808,0.12657536545532799,0.061825917969702174,0.061825917969702132,0.061825917969702215,0.068393071196992297,0.13573371359602732,-0.00010294441986843735,"[[0.1265753655, 0.0594522628, 0.0594522628, -0.0022915953, 0.0, 0.0], [0.0594522628, 0.1357337136, 0.0649028143, -0.0003810835, 0.0, 0.0], [0.0594522628, 0.0649028143, 0.1357337136, -0.0003810835, 0.0, 0.0], [-0.0022915953, -0.0003810835, -0.0003810835, 0.0683930712, 0.0, 0.0], [0.0, 0.0, 0.0, 0.0, 0.061825918, -0.0022868549], [0.0, 0.0, 0.0, 0.0, -0.0022868549, 0.061825918]]",0.34979248046875,0.44723556299959455,4.7046589560004577,12.861564808000367,103,167,136,0.17777149538546033,0.0031390393183223391,0.0031390524835370657,0.0031390261531076126,0.12373529486572579,0.062811602923996374,0.0628109280694997,0.062812277778493061,0.066231887051917529,0.12959158211138469,1.2314560925971709e-06,"[[0.1237352949, 0.0613073789, 0.0613082224, -2.9952e-06, -1.2428e-06, -3.5254e-06], [0.0613073789, 0.1295905923, 0.0636372874, 3.9556e-06, 7.284e-07, -7.808e-06], [0.0613082224, 0.0636372874, 0.1295925719, 4.0915e-06, -4.5009e-06, 5.851e-07], [-2.9952e-06, 3.9556e-06, 4.0915e-06, 0.0662318871, 3.3634e-06, 2.8009e-06], [-1.2428e-06, 7.284e-07, -4.5009e-06, 3.3634e-06, 0.0628122778, 1.50707e-05], [-3.5254e-06, -7.808e-06, 5.851e-07, 2.8009e-06, 1.50707e-05, 0.0628109281]]",0.34999999999999998,,,,,,,"{""params"": {""w"": 1.0, ""rho"": 0.35, ""N"": 2.0, ""phase"": 0.3333333333333333, ""gradient"": 0.075, ""a_z"": 1.0, ""wall"": 0.5, ""n"": 32, ""kind"": ""network"", ""k_s"": 130.0, ""k_f"": 0.4, ""E"": 70000000000.0, ""nu"": 0.33, ""tol"": 1e-08, ""preconditioner"": ""two_level""}, ""params_json"": ""{\""E\"": 70000000000.0, \""N\"": 2.0, \""a_z\"": 1.0, \""gradient\"": 0.075, \""k_f\"": 0.4, \""k_s\"": 130.0, \""kind\"": \""network\"", \""n\"": 32, \""nu\"": 0.33, \""phase\"": 0.3333333333333333, \""preconditioner\"": \""two_level\"", \""rho\"": 0.35, \""tol\"": 1e-08, \""w\"": 1.0, \""wall\"": 0.5}"", ""voxlat_version"": ""0.1.0"", ""git_hash"": ""0977f9f913f3+dirty"", ""resolution"": 32, ""wall_time_s"": 18.068075872999543, ""timestamp_utc"": ""2026-10-09T17:33:31+00:00"", ""python"": ""3.13.16"", ""numpy"": ""2.5.3"", ""platform"": ""Linux-6.18.44-fc-v80-x86_64-with-glibc2.39"", ""extra"": {}}",graded
D-r0.350-N2-p0.3333-g0.150-az1.0000-tw0.500-n32,1,0.34999999999999998,2,0.33333333333333331,0.14999999999999999,1,0.5,32,network,D,95c011af0755,ok,,64,16,2,2.5,0.34930419921875,0.1845703125,0.4892578125,-0.0066765551716845284,-0.12839585814547183,-0.12839581378825604,-0.12839590250268318,0.022047165820109127,-0.012006958552084002,-0.012010722541959895,-0.01200319453352805,0.028133207644045699,0.040090456004744812,20.113955847999932,0.16160068023568377,0.0029361049937316071,0.002936104993691218,0.0029361049937719963,0.11232158460708584,0.054873859431948536,0.054873859431948571,0.054873859431948509,0.069041041584737547,0.13612756713397833,-0.00010990140788960258,"[[0.1123215846, 0.0531413213, 0.0531413213, -0.001997458, 0.0, 0.0], [0.0531413213, 0.1361275671, 0.0630863413, 0.0013173033, 0.0, 0.0], [0.0531413213, 0.0630863413, 0.1361275671, 0.0013173033, 0.0, 0.0], [-0.001997458, 0.0013173033, 0.0013173033, 0.0690410416, 0.0, 0.0], [0.0, 0.0, 0.0, 0.0, 0.0548738594, -0.0033579661], [0.0, 0.0, 0.0, 0.0, -0.0033579661, 0.0548738594]]",0.34930419921875,0.46610988100019313,3.7691866730001493,15.80814723200001,105,155,152,0.16268686808616967,0.0033686221218320539,0.003368621950351593,0.0033686222933125148,0.10989863126028727,0.055540734731825865,0.055540946328012215,0.055540523135639508,0.067151844791536519,0.13088050789051497,2.3049657885801053e-07,"[[0.1098986313, 0.0547757031, 0.0547744745, -2.5872e-06, 1.43727e-05, 1.24185e-05], [0.0547757031, 0.1308810179, 0.0612762486, 1.5011e-06, 6.7539e-06, 1.12469e-05], [0.0547744745, 0.0612762486, 0.1308799978, 7.623e-07, 1.4027e-05, 6.7242e-06], [-2.5872e-06, 1.5011e-06, 7.623e-07, 0.0671518448, 6.6665e-06, 5.7878e-06], [1.43727e-05, 6.7539e-06, 1.4027e-05, 6.6665e-06, 0.0555405231, 8.8881e-06], [1.24185e-05, 1.12469e-05, 6.7242e-06, 5.7878e-06, 8.8881e-06, 0.0555409463]]",0.34999999999999998,,,,,,,"{""params"": {""w"": 1.0, ""rho"": 0.35, ""N"": 2.0, ""phase"": 0.3333333333333333, ""gradient"": 0.15, ""a_z"": 1.0, ""wall"": 0.5, ""n"": 32, ""kind"": ""network"", ""k_s"": 130.0, ""k_f"": 0.4, ""E"": 70000000000.0, ""nu"": 0.33, ""tol"": 1e-08, ""preconditioner"": ""two_level""}, ""params_json"": ""{\""E\"": 70000000000.0, \""N\"": 2.0, \""a_z\"": 1.0, \""gradient\"": 0.15, \""k_f\"": 0.4, \""k_s\"": 130.0, \""kind\"": \""network\"", \""n\"": 32, \""nu\"": 0.33, \""phase\"": 0.3333333333333333, \""preconditioner\"": \""two_level\"", \""rho\"": 0.35, \""tol\"": 1e-08, \""w\"": 1.0, \""wall\"": 0.5}"", ""voxlat_version"": ""0.1.0"", ""git_hash"": ""0977f9f913f3+dirty"", ""resolution"": 32, ""wall_time_s"": 20.113955847999932, ""timestamp_utc"": ""2026-10-09T17:33:55+00:00"", ""python"": ""3.13.16"", ""numpy"": ""2.5.3"", ""platform"": ""Linux-6.18.44-fc-v80-x86_64-with-glibc2.39"", ""extra"": {}}",graded
D-r0.350-N2-p0.6667-g0.000-az0.7500-tw0.500-n32,1,0.34999999999999998,2,0.66666666666666663,0,0.75,0.5,32,network,D,95c011af0755,ok,,64,16,2,2.5,0.35001627604166669,0.37500000000000006,0.32552083333333331,-0.0044299966753629239,-0.087543143884207031,-0.083605242027787519,-0.093525750318688039,0.013438158739678574,-0.01207652715917451,-0.009365522645413904,-0.015140995365231058,0.045593556235096644,0.054470796319640025,13.323413629999777,0.20260457250416286,0.0021569783639264636,0.0026127782449514351,0.0017011784829014918,0.16227603832894752,0.063244874756070713,0.067299687885647899,0.059190061626493512,0.060881201225044937,0.12402935937913794,-8.4362196966333071e-05,"[[0.1622760383, 0.0646290039, 0.0584890523, -0.0019113902, -3.61141e-05, 1.14739e-05], [0.0646290039, 0.1620976316, 0.0598110183, -0.0019471971, -2.92596e-05, 3.16539e-05], [0.0584890523, 0.0598110183, 0.0859610872, -0.000991543, -4.88831e-05, 1.11464e-05], [-0.0019113902, -0.0019471971, -0.000991543, 0.0608812012, 1.70512e-05, -1.41446e-05], [-3.61141e-05, -2.92596e-05, -4.88831e-05, 1.70512e-05, 0.0591900616, -0.001651582], [1.14739e-05, 3.16539e-05, 1.11464e-05, -1.41446e-05, -0.001651582, 0.0672996879]]",0.35001627604166669,0.22294752099969628,3.3980656839994481,9.6825293960000636,99,215,130,0.20350610386771287,0.0023639236742747844,0.0028511492697022404,0.0018766980788473286,0.16012426306382185,0.064017989747937432,0.067935943502962448,0.060100035992912422,0.058226450289404895,0.11762237495057294,-2.441134768301787e-06,"[[0.1601242631, 0.0658035432, 0.0602293831, -2.96272e-05, -5.2298e-05, 4.4221e-06], [0.0658035432, 0.1559255025, 0.058048735, -8.02825e-05, -3.95387e-05, 1.48088e-05], [0.0602293831, 0.058048735, 0.0793192474, -5.44963e-05, -7.18309e-05, 3.7912e-06], [-2.96272e-05, -8.02825e-05, -5.44963e-05, 0.0582264503, 7.6173e-06, -1.91675e-05], [-5.2298e-05, -3.95387e-05, -7.18309e-05, 7.6173e-06, 0.060100036, -1.4974e-06], [4.4221e-06, 1.48088e-05, 3.7912e-06, -1.91675e-05, -1.4974e-06, 0.0679359435]]",0.3499755859375,0.079092365999713365,1.175333258000137,2.5152232750001531,90,138,121,"{""params"": {""w"": 1.0, ""rho"": 0.35, ""N"": 2.0, ""phase"": 0.6666666666666666, ""gradient"": 0.0, ""a_z"": 0.75, ""wall"": 0.5, ""n"": 32, ""kind"": ""network"", ""k_s"": 130.0, ""k_f"": 0.4, ""E"": 70000000000.0, ""nu"": 0.33, ""tol"": 1e-08, ""preconditioner"": ""two_level""}, ""params_json"": ""{\""E\"": 70000000000.0, \""N\"": 2.0, \""a_z\"": 0.75, \""gradient\"": 0.0, \""k_f\"": 0.4, \""k_s\"": 130.0, \""kind\"": \""network\"", \""n\"": 32, \""nu\"": 0.33, \""phase\"": 0.6666666666666666, \""preconditioner\"": \""two_level\"", \""rho\"": 0.35, \""tol\"": 1e-08, \""w\"": 1.0, \""wall\"": 0.5}"", ""voxlat_version"": ""0.1.0"", ""git_hash"": ""0977f9f913f3+dirty"", ""resolution"": 32, ""wall_time_s"": 13.323413629999777, ""timestamp_utc"": ""2026-10-09T17:39:46+00:00"", ""python"": ""3.13.16"", ""numpy"": ""2.5.3"", ""platform"": ""Linux-6.18.44-fc-v80-x86_64-with-glibc2.39"", ""extra"": {}}",stretch
D-r0.350-N2-p0.6667-g0.000-az1.0000-tw0.500-n32,1,0.34999999999999998,2,0.66666666666666663,0,1,0.5,32,network,D,95c011af0755,ok,,64,16,2,2.5,0.35003662109375,0.3720703125,0.328125,-7.903077901749711e-05,-0.10158998911816952,-0.1015899891181693,-0.10158998911816997,0.027527447598242105,-0.017675008396070169,-0.017675008396071279,-0.017675008396068725,0.0408967833985181,0.048059925548937121,16.657801963000566,0.1840287577200593,0.0027679490157891118,0.0027679490157891118,0.0027679490157891118,0.13393709303521903,0.064865621289203451,0.06486562128920334,0.064865621289203576,0.067443644783182738,0.13506777880556683,-0.00011520192320896103,"[[0.133937093, 0.0623794104, 0.0623794104, -0.0019060705, -3.5028e-06, -3.5028e-06], [0.0623794104, 0.1350677788, 0.0645333905, -0.0017034953, -4.265e-06, -1.27248e-05], [0.0623794104, 0.0645333905, 0.1350677788, -0.0017034953, -1.27248e-05, -4.265e-06], [-0.0019060705, -0.0017034953, -0.0017034953, 0.0674436448, -6.8169e-06, -6.8169e-06], [-3.5028e-06, -4.265e-06, -1.27248e-05, -6.8169e-06, 0.0648656213, -0.0016861444], [-3.5028e-06, -1.27248e-05, -4.265e-06, -6.8169e-06, -0.0016861444, 0.0648656213]]",0.35003662109375,0.32924908499990124,3.9192720410001129,12.38242159299989,98,159,126,0.18404330280565298,0.0030809418664783615,0.0030809418664783607,0.0030809418664783628,0.13034891997122372,0.066032750712461827,0.066032750712461785,0.066032750712461855,0.064793787298467659,0.12887409919315737,-2.3691537056821921e-10,"[[0.13034892, 0.0642886739, 0.0642886739, -2.95e-08, -9.5682e-06, -9.5682e-06], [0.0642886739, 0.1288740992, 0.062670736, -2.161e-07, -4.6288e-06, -1.71851e-05], [0.0642886739, 0.062670736, 0.1288740992, -2.161e-07, -1.71851e-05, -4.6288e-06], [-2.95e-08, -2.161e-07, -2.161e-07, 0.0647937873, -3.94e-07, -3.94e-07], [-9.5682e-06, -4.6288e-06, -1.71851e-05, -3.94e-07, 0.0660327507, 3.5e-08], [-9.5682e-06, -1.71851e-05, -4.6288e-06, -3.94e-07, 3.5e-08, 0.0660327507]]",0.3499755859375,0.12641142200027389,1.4995393180001884,3.4263576270000158,82,120,114,"{""params"": {""w"": 1.0, ""rho"": 0.35, ""N"": 2.0, ""phase"": 0.6666666666666666, ""gradient"": 0.0, ""a_z"": 1.0, ""wall"": 0.5, ""n"": 32, ""kind"": ""network"", ""k_s"": 130.0, ""k_f"": 0.4, ""E"": 70000000000.0, ""nu"": 0.33, ""tol"": 1e-08, ""preconditioner"": ""two_level""}, ""params_json"": ""{\""E\"": 70000000000.0, \""N\"": 2.0, \""a_z\"": 1.0, \""gradient\"": 0.0, \""k_f\"": 0.4, \""k_s\"": 130.0, \""kind\"": \""network\"", \""n\"": 32, \""nu\"": 0.33, \""phase\"": 0.6666666666666666, \""preconditioner\"": \""two_level\"", \""rho\"": 0.35, \""tol\"": 1e-08, \""w\"": 1.0, \""wall\"": 0.5}"", ""voxlat_version"": ""0.1.0"", ""git_hash"": ""0977f9f913f3+dirty"", ""resolution"": 32, ""wall_time_s"": 16.657801963000566, ""timestamp_utc"": ""2026-10-09T17:31:46+00:00"", ""python"": ""3.13.16"", ""numpy"": ""2.5.3"", ""platform"": ""Linux-6.18.44-fc-v80-x86_64-with-glibc2.39"", ""extra"": {}}",uniform
D-r0.350-N2-p0.6667-g0.000-az1.5000-tw0.500-n32,1,0.34999999999999998,2,0.66666666666666663,0,1.5,0.5,32,network,D,95c011af0755,ok,,64,16,2,2.5,0.34999593098958331,0.37369791666666663,0.32617187500000006,0.0067324366486165577,-0.12336787851334585,-0.14261720901477926,-0.1106875360185704,0.037902839518016762,-0.010639392166875705,-0.027254543793704178,0.0068856417532765501,0.061846346073640701,0.031495763945258881,23.757003900999734,0.15880637792393729,0.0037401981959977134,0.0029054841293966911,0.0045749122625987357,0.1018137790768839,0.059797164309714525,0.060359852728023147,0.059234475891405902,0.061166506095607157,0.15751928017248149,-0.00013793173980795669,"[[0.1018137791, 0.0579578841, 0.0599026845, -0.0019311615, 2.6758e-06, -1.60242e-05], [0.0579578841, 0.1031404242, 0.0613807704, -0.0012667009, 3.4489e-06, -1.00228e-05], [0.0599026845, 0.0613807704, 0.2118981361, -0.0026240769, 4.1508e-06, -4.9482e-06], [-0.0019311615, -0.0012667009, -0.0026240769, 0.0611665061, -2.361e-06, 2.6549e-06], [2.6758e-06, 3.4489e-06, 4.1508e-06, -2.361e-06, 0.0592344759, -0.0017545916], [-1.60242e-05, -1.00228e-05, -4.9482e-06, 2.6549e-06, -0.0017545916, 0.0603598527]]",0.34999593098958331,0.61507627900027728,5.3130451869992612,17.797455898999942,107,170,127,0.15774437391984625,0.0042665538990914725,0.0033887828866473887,0.0051443249115355567,0.098095674470034575,0.060440211421678637,0.062051025109309044,0.058829397734048224,0.057603914466326338,0.15270957543247943,1.3667251642128623e-09,"[[0.0980956745, 0.0609349249, 0.0613181972, 1.54e-08, 5.2902e-06, -3.20896e-05], [0.0609349249, 0.0972065868, 0.0597674687, 1.07e-08, 6.3863e-06, -2.32252e-05], [0.0613181972, 0.0597674687, 0.2082125641, 3.3e-09, 8.2139e-06, -1.03603e-05], [1.54e-08, 1.07e-08, 3.3e-09, 0.0576039145, -4.2827e-06, 3.703e-06], [5.2902e-06, 6.3863e-06, 8.2139e-06, -4.2827e-06, 0.0588293977, 5.1e-09], [-3.20896e-05, -2.32252e-05, -1.03603e-05, 3.703e-06, 5.1e-09, 0.0620510251]]",0.35001627604166669,0.26514595600019675,2.745591461999993,6.0946486110001388,93,131,114,"{""params"": {""w"": 1.0, ""rho"": 0.35, ""N"": 2.0, ""phase"": 0.6666666666666666, ""gradient"": 0.0, ""a_z"": 1.5, ""wall"": 0.5, ""n"": 32, ""kind"": ""network"", ""k_s"": 130.0, ""k_f"": 0.4, ""E"": 70000000000.0, ""nu"": 0.33, ""tol"": 1e-08, ""preconditioner"": ""two_level""}, ""params_json"": ""{\""E\"": 70000000000.0, \""N\"": 2.0, \""a_z\"": 1.5, \""gradient\"": 0.0, \""k_f\"": 0.4, \""k_s\"": 130.0, \""kind\"": \""network\"", \""n\"": 32, \""nu\"": 0.33, \""phase\"": 0.6666666666666666, \""preconditioner\"": \""two_level\"", \""rho\"": 0.35, \""tol\"": 1e-08, \""w\"": 1.0, \""wall\"": 0.5}"", ""voxlat_version"": ""0.1.0"", ""git_hash"": ""0977f9f913f3+dirty"", ""resolution"": 32, ""wall_time_s"": 23.757003900999734, ""timestamp_utc"": ""2026-10-09T17:23:15+00:00"", ""python"": ""3.13.16"", ""numpy"": ""2.5.3"", ""platform"": ""Linux-6.18.44-fc-v80-x86_64-with-glibc2.39"", ""extra"": {}}",stretch
D-r0.350-N2-p0.6667-g0.075-az1.0000-tw0.500-n32,1,0.34999999999999998,2,0.66666666666666663,0.074999999999999997,1,0.5,32,network,D,95c011af0755,ok,,64,16,2,2.5,0.3505859375,0.306640625,0.400390625,-0.0027077620551437809,-0.11175056332701716,-0.11176144199288318,-0.11173968439467574,0.030470663007099663,-0.014371184130513082,-0.01431954526568624,-0.014422817585001302,0.034578878268545443,0.048512603015719691,17.406799782000235,0.17728258899102095,0.0027882635049344211,0.0027882635049284047,0.0027882635049404376,0.12749232347849557,0.061907280523355812,0.061907280523355743,0.061907280523355868,0.06851593331626292,0.13586917870197507,-0.00010868657730648415,"[[0.1274923235, 0.0596892387, 0.0596892387, -0.0014508181, 0.0, 0.0], [0.0596892387, 0.1358691787, 0.0651477163, -0.0029954356, 0.0, 0.0], [0.0596892387, 0.0651477163, 0.1358691787, -0.0029954356, 0.0, 0.0], [-0.0014508181, -0.0029954356, -0.0029954356, 0.0685159333, 0.0, 0.0], [0.0, 0.0, 0.0, 0.0, 0.0619072805, -0.0011950826], [0.0, 0.0, 0.0, 0.0, -0.0011950826, 0.0619072805]]",0.3505859375,0.57904571000017313,3.969358433000707,12.816659282999353,102,162,132,0.17776393141929131,0.0031390546279186056,0.0031390930733566111,0.0031390161824805998,0.12372241933258918,0.062809933644993321,0.062806643092098852,0.06281322419788779,0.066225915447771455,0.12958278070400842,-7.330486088420606e-07,"[[0.1237224193, 0.0612974819, 0.0613035787, 3.5702e-06, 2.78267e-05, 3.62296e-05], [0.0612974819, 0.1295786292, 0.0636269765, 3.508e-07, 7.0591e-06, 2.91213e-05], [0.0613035787, 0.0636269765, 0.1295869322, 1.0009e-06, 2.16755e-05, 7.5578e-06], [3.5702e-06, 3.508e-07, 1.0009e-06, 0.0662259154, -5.2024e-06, -5.1484e-06], [2.78267e-05, 7.0591e-06, 2.16755e-05, -5.2024e-06, 0.0628132242, -5.5817e-06], [3.62296e-05, 2.91213e-05, 7.5578e-06, -5.1484e-06, -5.5817e-06, 0.0628066431]]",0.34999999999999998,,,,,,,"{""params"": {""w"": 1.0, ""rho"": 0.35, ""N"": 2.0, ""phase"": 0.6666666666666666, ""gradient"": 0.075, ""a_z"": 1.0, ""wall"": 0.5, ""n"": 32, ""kind"": ""network"", ""k_s"": 130.0, ""k_f"": 0.4, ""E"": 70000000000.0, ""nu"": 0.33, ""tol"": 1e-08, ""preconditioner"": ""two_level""}, ""params_json"": ""{\""E\"": 70000000000.0, \""N\"": 2.0, \""a_z\"": 1.0, \""gradient\"": 0.075, \""k_f\"": 0.4, \""k_s\"": 130.0, \""kind\"": \""network\"", \""n\"": 32, \""nu\"": 0.33, \""phase\"": 0.6666666666666666, \""preconditioner\"": \""two_level\"", \""rho\"": 0.35, \""tol\"": 1e-08, \""w\"": 1.0, \""wall\"": 0.5}"", ""voxlat_version"": ""0.1.0"", ""git_hash"": ""0977f9f913f3+dirty"", ""resolution"": 32, ""wall_time_s"": 17.406799782000235, ""timestamp_utc"": ""2026-10-09T17:33:35+00:00"", ""python"": ""3.13.16"", ""numpy"": ""2.5.3"", ""platform"": ""Linux-6.18.44-fc-v80-x86_64-with-glibc2.39"", ""extra"": {}}",graded
D-r0.350-N2-p0.6667-g0.150-az1.0000-tw0.500-n32,1,0.34999999999999998,2,0.66666666666666663,0.14999999999999999,1,0.5,32,network,D,95c011af0755,ok,,64,16,2,2.5,0.3505859375,0.234375,0.4921875,-0.0093135400161350468,-0.12500954997236868,-0.12501644079121166,-0.12500265904499097,0.031806755183465985,-0.0086294930374127832,-0.0086049139168403732,-0.0086540709392617376,0.034669067923385199,0.051891798938682454,18.582738160999725,0.16114462899993193,0.0029478795946764782,0.0029478795943443641,0.0029478795950085923,0.11336619863622326,0.05505143381163094,0.055051433811630218,0.055051433811631661,0.069471944088268303,0.13765241351269319,-0.00013391457683644952,"[[0.1133661986, 0.0535810051, 0.0535810051, -0.0002764296, 0.0, 0.0], [0.0535810051, 0.1376524135, 0.0636240654, -0.0034642953, 0.0, 0.0], [0.0535810051, 0.0636240654, 0.1376524135, -0.0034642953, 0.0, 0.0], [-0.0002764296, -0.0034642953, -0.0034642953, 0.0694719441, -0.0, 0.0], [0.0, 0.0, 0.0, -0.0, 0.0550514338, -7.60465e-05], [0.0, 0.0, 0.0, 0.0, -7.60465e-05, 0.0550514338]]",0.3505859375,0.424496733999149,4.4479056780000974,13.671408120000706,106,163,147,0.16265956537102205,0.0033690420216396502,0.0033690685537108955,0.0033690154895684049,0.10987154141675064,0.05553063504007235,0.055529258299160486,0.055532011780984221,0.067144120030282514,0.13086176130622854,-3.6120352902519147e-07,"[[0.1098715414, 0.0547575121, 0.0547604587, 1.5696e-06, 1.51132e-05, 1.92659e-05], [0.0547575121, 0.1308595521, 0.0612618345, -5.564e-07, 4.37e-06, 1.41089e-05], [0.0547604587, 0.0612618345, 0.1308639705, 6.45e-08, 1.04446e-05, 3.3997e-06], [1.5696e-06, -5.564e-07, 6.45e-08, 0.06714412, -1.8563e-06, -1.6654e-06], [1.51132e-05, 4.37e-06, 1.04446e-05, -1.8563e-06, 0.0555320118, -1.857e-06], [1.92659e-05, 1.41089e-05, 3.3997e-06, -1.6654e-06, -1.857e-06, 0.0555292583]]",0.34999999999999998,,,,,,,"{""params"": {""w"": 1.0, ""rho"": 0.35, ""N"": 2.0, ""phase"": 0.6666666666666666, ""gradient"": 0.15, ""a_z"": 1.0, ""wall"": 0.5, ""n"": 32, ""kind"": ""network"", ""k_s"": 130.0, ""k_f"": 0.4, ""E"": 70000000000.0, ""nu"": 0.33, ""tol"": 1e-08, ""preconditioner"": ""two_level""}, ""params_json"": ""{\""E\"": 70000000000.0, \""N\"": 2.0, \""a_z\"": 1.0, \""gradient\"": 0.15, \""k_f\"": 0.4, \""k_s\"": 130.0, \""kind\"": \""network\"", \""n\"": 32, \""nu\"": 0.33, \""phase\"": 0.6666666666666666, \""preconditioner\"": \""two_level\"", \""rho\"": 0.35, \""tol\"": 1e-08, \""w\"": 1.0, \""wall\"": 0.5}"", ""voxlat_version"": ""0.1.0"", ""git_hash"": ""0977f9f913f3+dirty"", ""resolution"": 32, ""wall_time_s"": 18.582738160999725, ""timestamp_utc"": ""2026-10-09T17:34:09+00:00"", ""python"": ""3.13.16"", ""numpy"": ""2.5.3"", ""platform"": ""Linux-6.18.44-fc-v80-x86_64-with-glibc2.39"", ""extra"": {}}",graded
D-r0.350-N3-p0.0000-g0.000-az1.0000-tw0.500-n32,1,0.34999999999999998,3,0,0,1,0.5,32,network,D,95c011af0755,ok,,96,16,3,3.5,0.349761962890625,0.349609375,0.349853515625,0.0006530384531062694,-0.066418694501109043,-0.066402226240433682,-0.066435159443298364,0.017406843653056114,-0.010623740346410337,-0.010662408456586614,-0.010585078240775814,0.019866549783078113,0.034614765443460982,24.794841558000371,0.18228147277358511,0.0028611966096469214,0.002860958769709081,0.0028614344495847622,0.1313115970186933,0.065057791626809483,0.065050197538131058,0.065065385715487922,0.067068499594675077,0.13354754285588216,0.00014877543721394999,"[[0.131311597, 0.0617149024, 0.0617279889, 0.0019688584, -1.02556e-05, -5.51717e-05], [0.0617149024, 0.1335423062, 0.0636628264, 0.001929662, -8.3357e-06, -6.22135e-05], [0.0617279889, 0.0636628264, 0.1335527795, 0.0019163442, 3.1612e-06, -3.34575e-05], [0.0019688584, 0.001929662, 0.0019163442, 0.0670684996, -1.66856e-05, -1.03353e-05], [-1.02556e-05, -8.3357e-06, 3.1612e-06, -1.66856e-05, 0.0650653857, 0.001893266], [-5.51717e-05, -6.22135e-05, -3.34575e-05, -1.03353e-05, 0.001893266, 0.0650501975]]",0.349761962890625,0.55543221199968684,7.6250740940004107,16.588278520999665,95,189,120,0.18216251364745883,0.0030647535386518301,0.0030644447214008426,0.0030650623559028175,0.12906498303786879,0.065756370230258182,0.065751264375439003,0.065761476085077361,0.06576203485538408,0.12907948670019265,9.2415616724809881e-07,"[[0.129064983, 0.062853644, 0.0628596215, 4.3316e-06, -6.5604e-06, -5.83926e-05], [0.062853644, 0.129084885, 0.0628624158, 2.96644e-05, -6.0798e-06, -6.59027e-05], [0.0628596215, 0.0628624158, 0.1290740884, 1.35833e-05, -6.5519e-06, -3.2321e-05], [4.3316e-06, 2.96644e-05, 1.35833e-05, 0.0657620349, -1.70627e-05, -9.3108e-06], [-6.5604e-06, -6.0798e-06, -6.5519e-06, -1.70627e-05, 0.0657614761, 1.2948e-06], [-5.83926e-05, -6.59027e-05, -3.2321e-05, -9.3108e-06, 1.2948e-06, 0.0657512644]]",0.349761962890625,0.19544657599999482,1.4943661810002595,3.3558204400001159,74,117,100,"{""params"": {""w"": 1.0, ""rho"": 0.35, ""N"": 3.0, ""phase"": 0.0, ""gradient"": 0.0, ""a_z"": 1.0, ""wall"": 0.5, ""n"": 32, ""kind"": ""network"", ""k_s"": 130.0, ""k_f"": 0.4, ""E"": 70000000000.0, ""nu"": 0.33, ""tol"": 1e-08, ""preconditioner"": ""two_level""}, ""params_json"": ""{\""E\"": 70000000000.0, \""N\"": 3.0, \""a_z\"": 1.0, \""gradient\"": 0.0, \""k_f\"": 0.4, \""k_s\"": 130.0, \""kind\"": \""network\"", \""n\"": 32, \""nu\"": 0.33, \""phase\"": 0.0, \""preconditioner\"": \""two_level\"", \""rho\"": 0.35, \""tol\"": 1e-08, \""w\"": 1.0, \""wall\"": 0.5}"", ""voxlat_version"": ""0.1.0"", ""git_hash"": ""0977f9f913f3+dirty"", ""resolution"": 32, ""wall_time_s"": 24.79484155800037, ""timestamp_utc"": ""2026-10-09T17:25:52+00:00"", ""python"": ""3.13.16"", ""numpy"": ""2.5.3"", ""platform"": ""Linux-6.18.44-fc-v80-x86_64-with-glibc2.39"", ""extra"": {}}",uniform
D-r0.350-N3-p0.1250-g0.000-az1.0000-tw0.500-n32,1,0.34999999999999998,3,0.125,0,1,0.5,32,network,D,95c011af0755,ok,,96,16,3,3.5,0.349853515625,0.349609375,0.350341796875,-0.0076523799570450413,-0.06942795162867188,-0.069412355456014874,-0.069443543147434172,0.0070507931259922163,-0.017163265469261835,-0.017159891947078676,-0.017166638204881179,0.028412417349591435,0.030557846848908721,23.976947393000955,0.1808651739621808,0.0028507534638326131,0.0028503758390777414,0.0028511310885874844,0.13005878310429261,0.064655958850999062,0.06464864234759829,0.064663275354399821,0.067667742430934777,0.13310188344024843,6.3095830163198072e-07,"[[0.1300587831, 0.0613772167, 0.0613849757, -6.616e-06, -3.22503e-05, -4.69718e-05], [0.0613772167, 0.1331094638, 0.064332855, -9.7796e-06, -1.05386e-05, -5.33357e-05], [0.0613849757, 0.064332855, 0.133094303, -2.20245e-05, -1.03822e-05, -2.56805e-05], [-6.616e-06, -9.7796e-06, -2.20245e-05, 0.0676677424, -2.60787e-05, -2.09102e-05], [-3.22503e-05, -1.05386e-05, -1.03822e-05, -2.60787e-05, 0.0646632754, -5.6886e-06], [-4.69718e-05, -5.33357e-05, -2.56805e-05, -2.09102e-05, -5.6886e-06, 0.0646486423]]",0.349853515625,0.50305171600120957,6.8174593280000408,16.632662111998798,100,223,127,0.18225989593682085,0.0030634419643508042,0.0030629848309177885,0.0030638990977838198,0.12914818596247407,0.065785045042979051,0.065777374995076271,0.065792715090881818,0.065798254950408946,0.1291551792528951,5.4149045521811228e-07,"[[0.129148186, 0.0629017978, 0.0629106516, -1.18172e-05, -3.40586e-05, -4.85778e-05], [0.0629017978, 0.12916307, 0.062916357, -1.54792e-05, -9.1973e-06, -5.2532e-05], [0.0629106516, 0.062916357, 0.1291472886, -2.80264e-05, -1.07549e-05, -2.22906e-05], [-1.18172e-05, -1.54792e-05, -2.80264e-05, 0.065798255, -2.27887e-05, -1.90016e-05], [-3.40586e-05, -9.1973e-06, -1.07549e-05, -2.27887e-05, 0.0657927151, -1.23293e-05], [-4.85778e-05, -5.2532e-05, -2.22906e-05, -1.90016e-05, -1.23293e-05, 0.065777375]]",0.349853515625,0.14511473499987915,1.3722698819992729,3.7568569510003726,84,117,121,"{""params"": {""w"": 1.0, ""rho"": 0.35, ""N"": 3.0, ""phase"": 0.125, ""gradient"": 0.0, ""a_z"": 1.0, ""wall"": 0.5, ""n"": 32, ""kind"": ""network"", ""k_s"": 130.0, ""k_f"": 0.4, ""E"": 70000000000.0, ""nu"": 0.33, ""tol"": 1e-08, ""preconditioner"": ""two_level""}, ""params_json"": ""{\""E\"": 70000000000.0, \""N\"": 3.0, \""a_z\"": 1.0, \""gradient\"": 0.0, \""k_f\"": 0.4, \""k_s\"": 130.0, \""kind\"": \""network\"", \""n\"": 32, \""nu\"": 0.33, \""phase\"": 0.125, \""preconditioner\"": \""two_level\"", \""rho\"": 0.35, \""tol\"": 1e-08, \""w\"": 1.0, \""wall\"": 0.5}"", ""voxlat_version"": ""0.1.0"", ""git_hash"": ""0977f9f913f3+dirty"", ""resolution"": 32, ""wall_time_s"": 23.976947393000955, ""timestamp_utc"": ""2026-10-09T17:59:26+00:00"", ""python"": ""3.13.16"", ""numpy"": ""2.5.3"", ""platform"": ""Linux-6.18.44-fc-v80-x86_64-with-glibc2.39"", ""extra"": {}}",uniform
D-r0.350-N3-p0.3333-g0.000-az1.0000-tw0.500-n32,1,0.34999999999999998,3,0.33333333333333331,0,1,0.5,32,network,D,95c011af0755,ok,,96,16,3,3.5,0.35003662109375,0.328125,0.3720703125,-7.7726565104851986e-05,-0.067683126683104611,-0.06771808015348979,-0.067648170591643297,0.01817401231981286,-0.012018562278913847,-0.012060286345392468,-0.011976834687987048,0.027074378191431991,0.031928717073546053,22.970987071000309,0.18404295136448418,0.0028719449246421597,0.0028719449246421601,0.0028719449246421593,0.13272224623871495,0.065242520651349362,0.065242520651349431,0.065242520651349292,0.066565467281471974,0.13301169269207105,-7.7098426757429836e-05,"[[0.1327222462, 0.0630285522, 0.0630285522, -0.0012594726, -3.4745e-06, -3.4745e-06], [0.0630285522, 0.1330116927, 0.0639176625, -0.0011538789, -3.2203e-06, -1.16909e-05], [0.0630285522, 0.0639176625, 0.1330116927, -0.0011538789, -1.16909e-05, -3.2203e-06], [-0.0012594726, -0.0011538789, -0.0011538789, 0.0665654673, -5.9172e-06, -5.9172e-06], [-3.4745e-06, -3.2203e-06, -1.16909e-05, -5.9172e-06, 0.0652425207, -0.0011365853], [-3.4745e-06, -1.16909e-05, -3.2203e-06, -5.9172e-06, -0.0011365853, 0.0652425207]]",0.35003662109375,0.63324392199956492,6.2221479110003202,16.090496269000141,97,154,126,0.18405725750289248,0.0030804386435962132,0.0030805541365802672,0.0030803231506121589,0.13035320547645868,0.066036180600558783,0.066038969533882719,0.066033391667234861,0.064810756353095522,0.12889620231645443,4.4830753281695419e-07,"[[0.1303532055, 0.0642933834, 0.0642874276, 4.343e-07, 1.3861e-06, 7.5808e-06], [0.0642933834, 0.1288947475, 0.0626879317, 1.62926e-05, 1.3184e-06, 6.6106e-06], [0.0642874276, 0.0626879317, 0.1288976571, 1.93289e-05, -1.0036e-06, 5.0035e-06], [4.343e-07, 1.62926e-05, 1.93289e-05, 0.0648107564, -7.5402e-06, -3.8424e-06], [1.3861e-06, 1.3184e-06, -1.0036e-06, -7.5402e-06, 0.0660333917, -1.6628e-06], [7.5808e-06, 6.6106e-06, 5.0035e-06, -3.8424e-06, -1.6628e-06, 0.0660389695]]",0.350006103515625,0.14265000599971245,1.2520230680001987,3.4754501750003328,82,122,113,"{""params"": {""w"": 1.0, ""rho"": 0.35, ""N"": 3.0, ""phase"": 0.3333333333333333, ""gradient"": 0.0, ""a_z"": 1.0, ""wall"": 0.5, ""n"": 32, ""kind"": ""network"", ""k_s"": 130.0, ""k_f"": 0.4, ""E"": 70000000000.0, ""nu"": 0.33, ""tol"": 1e-08, ""preconditioner"": ""two_level""}, ""params_json"": ""{\""E\"": 70000000000.0, \""N\"": 3.0, \""a_z\"": 1.0, \""gradient\"": 0.0, \""k_f\"": 0.4, \""k_s\"": 130.0, \""kind\"": \""network\"", \""n\"": 32, \""nu\"": 0.33, \""phase\"": 0.3333333333333333, \""preconditioner\"": \""two_level\"", \""rho\"": 0.35, \""tol\"": 1e-08, \""w\"": 1.0, \""wall\"": 0.5}"", ""voxlat_version"": ""0.1.0"", ""git_hash"": ""0977f9f913f3+dirty"", ""resolution"": 32, ""wall_time_s"": 22.97098707100031, ""timestamp_utc"": ""2026-10-09T17:25:53+00:00"", ""python"": ""3.13.16"", ""numpy"": ""2.5.3"", ""platform"": ""Linux-6.18.44-fc-v80-x86_64-with-glibc2.39"", ""extra"": {}}",uniform
D-r0.350-N3-p0.6667-g0.000-az1.0000-tw0.500-n32,1,0.34999999999999998,3,0.66666666666666663,0,1,0.5,32,network,D,95c011af0755,ok,,96,16,3,3.5,0.35003662109375,0.3720703125,0.328125,-2.2300284876486387e-06,-0.067835414213088252,-0.067835414213088252,-0.067835414213088363,0.018207709856262966,-0.011967440317671829,-0.011967440317672939,-0.01196744031767083,0.027343836590375536,0.032105622078413054,22.105689519999942,0.18404289238384478,0.0028719448987993565,0.0028719448987993557,0.0028719448987993574,0.132722275286137,0.065242507709298736,0.065242507709298625,0.065242507709298833,0.066565498030428522,0.13301168231754879,-7.7097751223797548e-05,"[[0.1327222753, 0.0630285348, 0.0630285348, -0.0012594982, -3.4654e-06, -3.4654e-06], [0.0630285348, 0.1330116823, 0.0639177275, -0.0011538519, -3.2016e-06, -1.17206e-05], [0.0630285348, 0.0639177275, 0.1330116823, -0.0011538519, -1.17206e-05, -3.2016e-06], [-0.0012594982, -0.0011538519, -0.0011538519, 0.066565498, -5.9265e-06, -5.9265e-06], [-3.4654e-06, -3.2016e-06, -1.17206e-05, -5.9265e-06, 0.0652425077, -0.0011365642], [-3.4654e-06, -1.17206e-05, -3.2016e-06, -5.9265e-06, -0.0011365642, 0.0652425077]]",0.35003662109375,0.47928198400040856,5.7920140410005843,15.811244010999872,97,149,125,0.18404330280565298,0.0030809418664783615,0.0030809418664783607,0.0030809418664783628,0.13034891997122372,0.066032750712461827,0.066032750712461785,0.066032750712461855,0.064793787298467659,0.12887409919315737,-2.3691537056821921e-10,"[[0.13034892, 0.0642886739, 0.0642886739, -2.95e-08, -9.5682e-06, -9.5682e-06], [0.0642886739, 0.1288740992, 0.062670736, -2.161e-07, -4.6288e-06, -1.71851e-05], [0.0642886739, 0.062670736, 0.1288740992, -2.161e-07, -1.71851e-05, -4.6288e-06], [-2.95e-08, -2.161e-07, -2.161e-07, 0.0647937873, -3.94e-07, -3.94e-07], [-9.5682e-06, -4.6288e-06, -1.71851e-05, -3.94e-07, 0.0660327507, 3.5e-08], [-9.5682e-06, -1.71851e-05, -4.6288e-06, -3.94e-07, 3.5e-08, 0.0660327507]]",0.3499755859375,0.12641142200027389,1.4995393180001884,3.4263576270000158,82,120,114,"{""params"": {""w"": 1.0, ""rho"": 0.35, ""N"": 3.0, ""phase"": 0.6666666666666666, ""gradient"": 0.0, ""a_z"": 1.0, ""wall"": 0.5, ""n"": 32, ""kind"": ""network"", ""k_s"": 130.0, ""k_f"": 0.4, ""E"": 70000000000.0, ""nu"": 0.33, ""tol"": 1e-08, ""preconditioner"": ""two_level""}, ""params_json"": ""{\""E\"": 70000000000.0, \""N\"": 3.0, \""a_z\"": 1.0, \""gradient\"": 0.0, \""k_f\"": 0.4, \""k_s\"": 130.0, \""kind\"": \""network\"", \""n\"": 32, \""nu\"": 0.33, \""phase\"": 0.6666666666666666, \""preconditioner\"": \""two_level\"", \""rho\"": 0.35, \""tol\"": 1e-08, \""w\"": 1.0, \""wall\"": 0.5}"", ""voxlat_version"": ""0.1.0"", ""git_hash"": ""0977f9f913f3+dirty"", ""resolution"": 32, ""wall_time_s"": 22.10568951999994, ""timestamp_utc"": ""2026-10-09T17:26:14+00:00"", ""python"": ""3.13.16"", ""numpy"": ""2.5.3"", ""platform"": ""Linux-6.18.44-fc-v80-x86_64-with-glibc2.39"", ""extra"": {}}",uniform
D-r0.350-N4-p0.0000-g0.000-az0.7500-tw0.500-n32,1,0.34999999999999998,4,0,0,0.75,0.5,32,network,D,95c011af0755,ok,,128,16,4,4.5,0.34993489583333331,0.35026041666666669,0.34993489583333331,-0.0022378297931215929,-0.04363868383341829,-0.042715167305408475,-0.045033329808571998,0.0060982451544193683,-0.0045075663155688117,-0.0035821445557228104,-0.0055559175340300637,0.017420379304659006,0.029957587547445153,24.488266317000125,0.20221525649870697,0.0022565896844269108,0.0027178273968912542,0.0017953519719625672,0.16022473260962364,0.063664505901584803,0.067692493457804967,0.059636518345364639,0.061014400090642178,0.12332411904355267,8.021589920029455e-05,"[[0.1602247326, 0.064527486, 0.058661113, 0.0014758587, 3.6577e-06, 8.7158e-06], [0.064527486, 0.1622758461, 0.0599560328, 0.0017173304, 2.8595e-06, 8.5914e-06], [0.058661113, 0.0599560328, 0.084372392, 0.0006761289, 6.7221e-06, 4.081e-06], [0.0014758587, 0.0017173304, 0.0006761289, 0.0610144001, 3.393e-07, 2.1891e-06], [3.6577e-06, 2.8595e-06, 6.7221e-06, 3.393e-07, 0.0596365183, 0.0014061762], [8.7158e-06, 8.5914e-06, 4.081e-06, 2.1891e-06, 0.0014061762, 0.0676924935]]",0.34993489583333331,0.51397593199999392,6.1151113649993931,17.822859642999902,99,184,138,0.20266879476576985,0.0023595576758291335,0.0028391000296547468,0.0018800153220035205,0.15925356532654703,0.063952777286267457,0.067935849491198269,0.059969705081336651,0.059969705081336755,0.11973708484173065,1.855867965635099e-10,"[[0.1592535653, 0.0650298918, 0.0593996593, 1.2789e-06, 1.765e-07, 1.317e-07], [0.0650298918, 0.1592535653, 0.0593996593, 1.765e-07, 1.2789e-06, 1.317e-07], [0.0593996593, 0.0593996593, 0.0802206044, 1.6074e-06, 1.6074e-06, 7.801e-07], [1.2789e-06, 1.765e-07, 1.6074e-06, 0.0599697051, -8.787e-07, -5.7e-09], [1.765e-07, 1.2789e-06, 1.6074e-06, -8.787e-07, 0.0599697051, -5.7e-09], [1.317e-07, 1.317e-07, 7.801e-07, -5.7e-09, -5.7e-09, 0.0679358495]]",0.34993489583333331,0.10002341299968975,0.91309354499981055,2.6357994959998905,86,126,126,"{""params"": {""w"": 1.0, ""rho"": 0.35, ""N"": 4.0, ""phase"": 0.0, ""gradient"": 0.0, ""a_z"": 0.75, ""wall"": 0.5, ""n"": 32, ""kind"": ""network"", ""k_s"": 130.0, ""k_f"": 0.4, ""E"": 70000000000.0, ""nu"": 0.33, ""tol"": 1e-08, ""preconditioner"": ""two_level""}, ""params_json"": ""{\""E\"": 70000000000.0, \""N\"": 4.0, \""a_z\"": 0.75, \""gradient\"": 0.0, \""k_f\"": 0.4, \""k_s\"": 130.0, \""kind\"": \""network\"", \""n\"": 32, \""nu\"": 0.33, \""phase\"": 0.0, \""preconditioner\"": \""two_level\"", \""rho\"": 0.35, \""tol\"": 1e-08, \""w\"": 1.0, \""wall\"": 0.5}"", ""voxlat_version"": ""0.1.0"", ""git_hash"": ""0977f9f913f3+dirty"", ""resolution"": 32, ""wall_time_s"": 24.488266317000125, ""timestamp_utc"": ""2026-10-09T17:27:32+00:00"", ""python"": ""3.13.16"", ""numpy"": ""2.5.3"", ""platform"": ""Linux-6.18.44-fc-v80-x86_64-with-glibc2.39"", ""extra"": {}}",stretch
D-r0.350-N4-p0.0000-g0.000-az1.0000-tw0.500-n24,1,0.34999999999999998,4,0,0,1,0.5,24,network,D,95c011af0755,ok,,96,12,4,4.5,0.35011574074074076,0.35127314814814814,0.3512731481481482,0.002731091966579946,-0.048675786667539689,-0.048666511404662938,-0.048685059553036703,0.01674453370268858,-0.0068615015075995656,-0.0068635032799543305,-0.0068594996536648356,0.016189688615238174,0.030848165810092754,14.470524338000359,0.17467081965394232,0.0029408079322295454,0.0029404596675434245,0.0029411561969156668,0.12891299669273532,0.064559763091245767,0.064560948473000479,0.064558577709491027,0.066111925972666255,0.13076578023582688,0.00011757588514117047,"[[0.1289129967, 0.0607177693, 0.0607132923, 0.0013733795, 4.73456e-05, -1.24451e-05], [0.0607177693, 0.130759053, 0.0622657382, 0.001526319, -0.0001262262, -1.08725e-05], [0.0607132923, 0.0622657382, 0.1307725075, 0.0015516612, 5.0838e-05, -0.0001170907], [0.0013733795, 0.001526319, 0.0015516612, 0.066111926, 0.0001243146, 0.0001154361], [4.73456e-05, -0.0001262262, 5.0838e-05, 0.0001243146, 0.0645585777, 0.0015606797], [-1.24451e-05, -1.08725e-05, -0.0001170907, 0.0001154361, 0.0015606797, 0.0645609485]]",0.35011574074074076,0.2482638550000047,4.9892007250000461,9.2145928319996528,100,283,134,0.17419507687886071,0.003091278337096018,0.0030908821173583115,0.0030916745568337249,0.12678995796837145,0.065005800489305848,0.065007125089271089,0.065004475889340621,0.065058646740213416,0.12685260989242239,8.7809849476109818e-06,"[[0.126789958, 0.0614037305, 0.0613995133, -0.0001132892, 5.7219e-05, -6.8317e-06], [0.0614037305, 0.1268450217, 0.0614640517, -4.83366e-05, -0.0001331484, 7.319e-07], [0.0613995133, 0.0614640517, 0.1268601981, -2.2646e-05, 6.35776e-05, -0.0001242906], [-0.0001132892, -4.83366e-05, -2.2646e-05, 0.0650586467, 0.0001293245, 0.0001196193], [5.7219e-05, -0.0001331484, 6.35776e-05, 0.0001293245, 0.0650044759, 0.0001273277], [-6.8317e-06, 7.319e-07, -0.0001242906, 0.0001196193, 0.0001273277, 0.0650071251]]",0.35011574074074076,0.055452971000249818,0.43305529700000989,1.5521882129996811,91,128,124,"{""params"": {""w"": 1.0, ""rho"": 0.35, ""N"": 4.0, ""phase"": 0.0, ""gradient"": 0.0, ""a_z"": 1.0, ""wall"": 0.5, ""n"": 24, ""kind"": ""network"", ""k_s"": 130.0, ""k_f"": 0.4, ""E"": 70000000000.0, ""nu"": 0.33, ""tol"": 1e-08, ""preconditioner"": ""two_level""}, ""params_json"": ""{\""E\"": 70000000000.0, \""N\"": 4.0, \""a_z\"": 1.0, \""gradient\"": 0.0, \""k_f\"": 0.4, \""k_s\"": 130.0, \""kind\"": \""network\"", \""n\"": 24, \""nu\"": 0.33, \""phase\"": 0.0, \""preconditioner\"": \""two_level\"", \""rho\"": 0.35, \""tol\"": 1e-08, \""w\"": 1.0, \""wall\"": 0.5}"", ""voxlat_version"": ""0.1.0"", ""git_hash"": ""0977f9f913f3+dirty"", ""resolution"": 24, ""wall_time_s"": 14.47052433800036, ""timestamp_utc"": ""2026-10-09T17:39:06+00:00"", ""python"": ""3.13.16"", ""numpy"": ""2.5.3"", ""platform"": ""Linux-6.18.44-fc-v80-x86_64-with-glibc2.39"", ""extra"": {}}",convergence
D-r0.350-N4-p0.0000-g0.000-az1.0000-tw0.500-n32,1,0.34999999999999998,4,0,0,1,0.5,32,network,D,95c011af0755,ok,,128,16,4,4.5,0.349761962890625,0.349609375,0.349853515625,0.00048969889177796766,-0.049814008710796109,-0.049801653747674646,-0.049826361184294066,0.012998566165648651,-0.008145492902676077,-0.0081746503572684981,-0.0081163399757718802,0.014815024183405301,0.025946632217900722,29.654912836000221,0.18225171842851548,0.0029120858791809845,0.0029118303064567487,0.0029123414519052204,0.13074264275955483,0.065220752183241873,0.065213770778621463,0.065227733587862283,0.066736300992116526,0.13242866466847797,0.00011181020974537439,"[[0.1307426428, 0.0620032882, 0.0620145745, 0.0014713427, -9.3499e-06, -5.59594e-05], [0.0620032882, 0.1324260752, 0.0634608599, 0.0014578984, -7.7998e-06, -6.31114e-05], [0.0620145745, 0.0634608599, 0.1324312541, 0.0014438696, 7.554e-07, -3.32238e-05], [0.0014713427, 0.0014578984, 0.0014438696, 0.066736301, -1.67676e-05, -1.00913e-05], [-9.3499e-06, -7.7998e-06, 7.554e-07, -1.67676e-05, 0.0652277336, 0.0014279161], [-5.59594e-05, -6.31114e-05, -3.32238e-05, -1.00913e-05, 0.0014279161, 0.0652137708]]",0.349761962890625,0.69937911099987105,7.7513281559995448,21.178475175999665,94,150,120,0.18216251364745883,0.0030647535386518301,0.0030644447214008426,0.0030650623559028175,0.12906498303786879,0.065756370230258182,0.065751264375439003,0.065761476085077361,0.06576203485538408,0.12907948670019265,9.2415616724809881e-07,"[[0.129064983, 0.062853644, 0.0628596215, 4.3316e-06, -6.5604e-06, -5.83926e-05], [0.062853644, 0.129084885, 0.0628624158, 2.96644e-05, -6.0798e-06, -6.59027e-05], [0.0628596215, 0.0628624158, 0.1290740884, 1.35833e-05, -6.5519e-06, -3.2321e-05], [4.3316e-06, 2.96644e-05, 1.35833e-05, 0.0657620349, -1.70627e-05, -9.3108e-06], [-6.5604e-06, -6.0798e-06, -6.5519e-06, -1.70627e-05, 0.0657614761, 1.2948e-06], [-5.83926e-05, -6.59027e-05, -3.2321e-05, -9.3108e-06, 1.2948e-06, 0.0657512644]]",0.349761962890625,0.19544657599999482,1.4943661810002595,3.3558204400001159,74,117,100,"{""params"": {""w"": 1.0, ""rho"": 0.35, ""N"": 4.0, ""phase"": 0.0, ""gradient"": 0.0, ""a_z"": 1.0, ""wall"": 0.5, ""n"": 32, ""kind"": ""network"", ""k_s"": 130.0, ""k_f"": 0.4, ""E"": 70000000000.0, ""nu"": 0.33, ""tol"": 1e-08, ""preconditioner"": ""two_level""}, ""params_json"": ""{\""E\"": 70000000000.0, \""N\"": 4.0, \""a_z\"": 1.0, \""gradient\"": 0.0, \""k_f\"": 0.4, \""k_s\"": 130.0, \""kind\"": \""network\"", \""n\"": 32, \""nu\"": 0.33, \""phase\"": 0.0, \""preconditioner\"": \""two_level\"", \""rho\"": 0.35, \""tol\"": 1e-08, \""w\"": 1.0, \""wall\"": 0.5}"", ""voxlat_version"": ""0.1.0"", ""git_hash"": ""0977f9f913f3+dirty"", ""resolution"": 32, ""wall_time_s"": 29.65491283600022, ""timestamp_utc"": ""2026-10-09T17:13:31+00:00"", ""python"": ""3.13.16"", ""numpy"": ""2.5.3"", ""platform"": ""Linux-6.18.44-fc-v80-x86_64-with-glibc2.39"", ""extra"": {}}",convergence;uniform
D-r0.350-N4-p0.0000-g0.000-az1.0000-tw0.500-n48,1,0.34999999999999998,4,0,0,1,0.5,48,network,D,95c011af0755,ok,,192,24,4,4.5,0.35000723379629628,0.3498987268518518,0.34997106481481483,-0.0012468251669526254,-0.050250381472000227,-0.050248962709968925,-0.050251799942400921,0.011298765534052846,-0.0084766582487291187,-0.0084794509816460417,-0.0084738664557104659,0.0145015300777942,0.024499130519247014,105.63925834700012,0.18975355090242801,0.0029183823993372063,0.0029180867867788238,0.0029186780118955892,0.13136177349288752,0.065208377573528098,0.065197219106483337,0.065219536040572859,0.066730786880636134,0.13307275517392289,0.00011136033650410739,"[[0.1313617735, 0.0633609241, 0.063380862, 0.0014782473, 2.24365e-05, 3.42191e-05], [0.0633609241, 0.1330740339, 0.064802953, 0.0013879922, -2.101e-06, 4.13145e-05], [0.063380862, 0.064802953, 0.1330714764, 0.0013833416, 2.10133e-05, 4.3881e-06], [0.0014782473, 0.0013879922, 0.0013833416, 0.0667307869, 9.104e-06, 5.1312e-06], [2.24365e-05, -2.101e-06, 2.10133e-05, 9.104e-06, 0.065219536, 0.0014201403], [3.42191e-05, 4.13145e-05, 4.3881e-06, 5.1312e-06, 0.0014201403, 0.0651972191]]",0.35000723379629628,2.9661536170001455,26.567376187000264,76.035607071999948,113,128,119,0.18999043575921287,0.0030727913361632679,0.0030724754932673062,0.0030731071790592295,0.1298941301718263,0.065765852227295307,0.065754783570578804,0.065776920884011811,0.06577692088401195,0.12989054964495442,-8.0180811329783467e-07,"[[0.1298941302, 0.0643440184, 0.0643629504, -2.8181e-06, 2.13684e-05, 3.44748e-05], [0.0643440184, 0.1298941302, 0.0643629504, 2.13684e-05, -2.8181e-06, 3.44748e-05], [0.0643629504, 0.0643629504, 0.1298869691, 1.65102e-05, 1.65102e-05, 3.5868e-06], [-2.8181e-06, 2.13684e-05, 1.65102e-05, 0.0657769209, 8.0235e-06, 3.5204e-06], [2.13684e-05, -2.8181e-06, 1.65102e-05, 8.0235e-06, 0.0657769209, 3.5204e-06], [3.44748e-05, 3.44748e-05, 3.5868e-06, 3.5204e-06, 3.5204e-06, 0.0657547836]]",0.35000723379629628,0.56554504699988684,5.9653777220000848,11.676668532999884,102,119,104,"{""params"": {""w"": 1.0, ""rho"": 0.35, ""N"": 4.0, ""phase"": 0.0, ""gradient"": 0.0, ""a_z"": 1.0, ""wall"": 0.5, ""n"": 48, ""kind"": ""network"", ""k_s"": 130.0, ""k_f"": 0.4, ""E"": 70000000000.0, ""nu"": 0.33, ""tol"": 1e-08, ""preconditioner"": ""two_level""}, ""params_json"": ""{\""E\"": 70000000000.0, \""N\"": 4.0, \""a_z\"": 1.0, \""gradient\"": 0.0, \""k_f\"": 0.4, \""k_s\"": 130.0, \""kind\"": \""network\"", \""n\"": 48, \""nu\"": 0.33, \""phase\"": 0.0, \""preconditioner\"": \""two_level\"", \""rho\"": 0.35, \""tol\"": 1e-08, \""w\"": 1.0, \""wall\"": 0.5}"", ""voxlat_version"": ""0.1.0"", ""git_hash"": ""0977f9f913f3+dirty"", ""resolution"": 48, ""wall_time_s"": 105.63925834700012, ""timestamp_utc"": ""2026-10-09T16:28:48+00:00"", ""python"": ""3.13.16"", ""numpy"": ""2.5.3"", ""platform"": ""Linux-6.18.44-fc-v80-x86_64-with-glibc2.39"", ""extra"": {}}",convergence
D-r0.350-N4-p0.0000-g0.000-az1.5000-tw0.500-n32,1,0.34999999999999998,4,0,0,1.5,0.5,32,network,D,95c011af0755,ok,,128,16,4,4.5,0.3499755859375,0.35009765625,0.34944661458333331,0.0039169885798961968,-0.06027352290597876,-0.068519466702091525,-0.054860426934884687,0.018748252122089637,-0.004017156572492242,-0.012040150358067714,0.0045138274177463078,0.029318468249873719,0.019723290531705517,43.080077548999725,0.15852438390612103,0.0039867428960431352,0.0031321755993280543,0.0048413101927582153,0.099843861701391576,0.059947950435200244,0.06128984630487052,0.058606054565529961,0.060053224424627918,0.15684056545766112,0.00013428063654917944,"[[0.0998438617, 0.0599172661, 0.0606990676, 0.00138255, 3.9979e-06, 1.44465e-05], [0.0599172661, 0.1019698683, 0.0620122558, 0.0009494345, 2.9369e-06, 1.39144e-05], [0.0606990676, 0.0620122558, 0.2117112626, 0.0023819226, 2.39443e-05, 3.5106e-06], [0.00138255, 0.0009494345, 0.0023819226, 0.0600532244, 9.003e-06, -2.2904e-06], [3.9979e-06, 2.9369e-06, 2.39443e-05, 9.003e-06, 0.0586060546, 0.0012710592], [1.44465e-05, 1.39144e-05, 3.5106e-06, -2.2904e-06, 0.0012710592, 0.0612898463]]",0.3499755859375,1.005635216999508,10.044013724000251,32.000534753000466,99,138,135,0.15790586842281029,0.004242450322748813,0.003362577624932838,0.0051223230205647875,0.098006412765286405,0.060189742053085409,0.062036778445079412,0.058342705661091419,0.058342705661091482,0.15380698559496575,6.3997579660821655e-07,"[[0.0980064128, 0.0612204862, 0.0612512306, 2.252e-06, 3.356e-06, 1.42983e-05], [0.0612204862, 0.0980064128, 0.0612512306, 3.356e-06, 2.252e-06, 1.42983e-05], [0.0612512306, 0.0612512306, 0.2096075584, 2.37344e-05, 2.37344e-05, 2.5371e-06], [2.252e-06, 3.356e-06, 2.37344e-05, 0.0583427057, 8.8157e-06, -2.8908e-06], [3.356e-06, 2.252e-06, 2.37344e-05, 8.8157e-06, 0.0583427057, -2.8908e-06], [1.42983e-05, 1.42983e-05, 2.5371e-06, -2.8908e-06, -2.8908e-06, 0.0620367784]]",0.3499755859375,0.27526880300001721,3.3951618640003289,5.4319643349999751,84,135,107,"{""params"": {""w"": 1.0, ""rho"": 0.35, ""N"": 4.0, ""phase"": 0.0, ""gradient"": 0.0, ""a_z"": 1.5, ""wall"": 0.5, ""n"": 32, ""kind"": ""network"", ""k_s"": 130.0, ""k_f"": 0.4, ""E"": 70000000000.0, ""nu"": 0.33, ""tol"": 1e-08, ""preconditioner"": ""two_level""}, ""params_json"": ""{\""E\"": 70000000000.0, \""N\"": 4.0, \""a_z\"": 1.5, \""gradient\"": 0.0, \""k_f\"": 0.4, \""k_s\"": 130.0, \""kind\"": \""network\"", \""n\"": 32, \""nu\"": 0.33, \""phase\"": 0.0, \""preconditioner\"": \""two_level\"", \""rho\"": 0.35, \""tol\"": 1e-08, \""w\"": 1.0, \""wall\"": 0.5}"", ""voxlat_version"": ""0.1.0"", ""git_hash"": ""0977f9f913f3+dirty"", ""resolution"": 32, ""wall_time_s"": 43.080077548999725, ""timestamp_utc"": ""2026-10-09T17:00:27+00:00"", ""python"": ""3.13.16"", ""numpy"": ""2.5.3"", ""platform"": ""Linux-6.18.44-fc-v80-x86_64-with-glibc2.39"", ""extra"": {}}",stretch
D-r0.350-N4-p0.0000-g0.025-az1.0000-tw0.500-n32,1,0.34999999999999998,4,0,0.025000000000000001,1,0.5,32,network,D,95c011af0755,ok,,128,16,4,4.5,0.35015869140625,0.302734375,0.3974609375,0.0003493717861122736,-0.050412783307744569,-0.050529543456497739,-0.050295994438541713,0.015019825623613148,-0.0067793445143646824,-0.0064992253457094584,-0.0070593057674287474,0.016890651845031579,0.028603937796686019,28.49806308100051,0.18052675719289471,0.0029437786311041544,0.0029437786311041539,0.0029437786311041552,0.12824294734185579,0.063712569945127293,0.06371256994512714,0.063712569945127431,0.066601376128728879,0.13256894909356301,0.00011039282414295498,"[[0.1282429473, 0.0617813194, 0.0617813194, 0.0015735077, 0.0, 0.0], [0.0617813194, 0.1325689491, 0.0640905876, 0.0017490874, 0.0, 0.0], [0.0617813194, 0.0640905876, 0.1325689491, 0.0017490874, 0.0, 0.0], [0.0015735077, 0.0017490874, 0.0017490874, 0.0666013761, 0.0, 0.0], [0.0, 0.0, 0.0, 0.0, 0.0637125699, 0.001498062], [0.0, 0.0, 0.0, 0.0, 0.001498062, 0.0637125699]]",0.35015869140625,1.1905500130005748,7.2744959659994493,19.885021427000538,99,132,129,0.18046370826480981,0.0031000613522982811,0.0031004425791412477,0.0030996801254553142,0.12634526351548378,0.064147447592071097,0.064129361114285272,0.064165534069856922,0.065495120844987917,0.12888240480347704,1.0446902357170174e-06,"[[0.1263452635, 0.0625338936, 0.0625772914, -4.893e-07, -8.4374e-06, -1.43787e-05], [0.0625338936, 0.1288550959, 0.0633290071, 9.9684e-06, -3.3571e-06, -1.55996e-05], [0.0625772914, 0.0633290071, 0.1289097137, 4.0061e-06, -9.6779e-06, -1.25863e-05], [-4.893e-07, 9.9684e-06, 4.0061e-06, 0.0654951208, -4.1341e-06, -1.4987e-06], [-8.4374e-06, -3.3571e-06, -9.6779e-06, -4.1341e-06, 0.0641655341, 3.333e-07], [-1.43787e-05, -1.55996e-05, -1.25863e-05, -1.4987e-06, 3.333e-07, 0.0641293611]]",0.34999999999999998,,,,,,,"{""params"": {""w"": 1.0, ""rho"": 0.35, ""N"": 4.0, ""phase"": 0.0, ""gradient"": 0.025, ""a_z"": 1.0, ""wall"": 0.5, ""n"": 32, ""kind"": ""network"", ""k_s"": 130.0, ""k_f"": 0.4, ""E"": 70000000000.0, ""nu"": 0.33, ""tol"": 1e-08, ""preconditioner"": ""two_level""}, ""params_json"": ""{\""E\"": 70000000000.0, \""N\"": 4.0, \""a_z\"": 1.0, \""gradient\"": 0.025, \""k_f\"": 0.4, \""k_s\"": 130.0, \""kind\"": \""network\"", \""n\"": 32, \""nu\"": 0.33, \""phase\"": 0.0, \""preconditioner\"": \""two_level\"", \""rho\"": 0.35, \""tol\"": 1e-08, \""w\"": 1.0, \""wall\"": 0.5}"", ""voxlat_version"": ""0.1.0"", ""git_hash"": ""0977f9f913f3+dirty"", ""resolution"": 32, ""wall_time_s"": 28.49806308100051, ""timestamp_utc"": ""2026-10-09T17:17:12+00:00"", ""python"": ""3.13.16"", ""numpy"": ""2.5.3"", ""platform"": ""Linux-6.18.44-fc-v80-x86_64-with-glibc2.39"", ""extra"": {}}",graded
D-r0.350-N4-p0.0000-g0.050-az1.0000-tw0.500-n32,1,0.34999999999999998,4,0,0.050000000000000003,1,0.5,32,network,D,95c011af0755,ok,,128,16,4,4.5,0.350189208984375,0.25,0.4443359375,0.0020664168207611411,-0.055881744761892338,-0.056025571390156514,-0.055737874299281343,0.015365570756049163,-0.0048348184960003149,-0.0045946887430624583,-0.0050748324199577644,0.014007533934931482,0.026147216000706797,30.582740497000486,0.17468065750108713,0.0030177616829985686,0.0030177616829988119,0.0030177616829983253,0.12270972439589391,0.060937342579973644,0.060937342579973623,0.060937342579973658,0.066971656441160959,0.13309004407315239,0.0001111239075272348,"[[0.1227097244, 0.0593438161, 0.0593438161, 0.0014210871, 0.0, 0.0], [0.0593438161, 0.1330900441, 0.0633467158, 0.0013833767, 0.0, 0.0], [0.0593438161, 0.0633467158, 0.1330900441, 0.0013833767, 0.0, 0.0], [0.0014210871, 0.0013833767, 0.0013833767, 0.0669716564, 0.0, 0.0], [0.0, 0.0, 0.0, 0.0, 0.0609373426, 0.0015313468], [0.0, 0.0, 0.0, 0.0, 0.0015313468, 0.0609373426]]",0.350189208984375,0.76350933999947301,6.8558722289999423,22.84536347699941,100,142,137,0.17432043881411918,0.0031963810319899869,0.003196868041693628,0.0031958940222863463,0.12085275287059741,0.061233394930355824,0.061218623098389581,0.061248166762322073,0.066046507742671776,0.12969878200503807,1.4328977721558526e-06,"[[0.1208527529, 0.0601627056, 0.0602013346, -1.1189e-06, -2.69504e-05, -2.01173e-05], [0.0601627056, 0.1296723139, 0.0629052816, 9.3818e-06, -7.3381e-06, -1.91178e-05], [0.0602013346, 0.0629052816, 0.1297252501, 8.6077e-06, -2.29083e-05, -7.3263e-06], [-1.1189e-06, 9.3818e-06, 8.6077e-06, 0.0660465077, -8.8697e-06, -8.4888e-06], [-2.69504e-05, -7.3381e-06, -2.29083e-05, -8.8697e-06, 0.0612481668, -1.25516e-05], [-2.01173e-05, -1.91178e-05, -7.3263e-06, -8.4888e-06, -1.25516e-05, 0.0612186231]]",0.34999999999999998,,,,,,,"{""params"": {""w"": 1.0, ""rho"": 0.35, ""N"": 4.0, ""phase"": 0.0, ""gradient"": 0.05, ""a_z"": 1.0, ""wall"": 0.5, ""n"": 32, ""kind"": ""network"", ""k_s"": 130.0, ""k_f"": 0.4, ""E"": 70000000000.0, ""nu"": 0.33, ""tol"": 1e-08, ""preconditioner"": ""two_level""}, ""params_json"": ""{\""E\"": 70000000000.0, \""N\"": 4.0, \""a_z\"": 1.0, \""gradient\"": 0.05, \""k_f\"": 0.4, \""k_s\"": 130.0, \""kind\"": \""network\"", \""n\"": 32, \""nu\"": 0.33, \""phase\"": 0.0, \""preconditioner\"": \""two_level\"", \""rho\"": 0.35, \""tol\"": 1e-08, \""w\"": 1.0, \""wall\"": 0.5}"", ""voxlat_version"": ""0.1.0"", ""git_hash"": ""0977f9f913f3+dirty"", ""resolution"": 32, ""wall_time_s"": 30.582740497000486, ""timestamp_utc"": ""2026-10-09T17:18:05+00:00"", ""python"": ""3.13.16"", ""numpy"": ""2.5.3"", ""platform"": ""Linux-6.18.44-fc-v80-x86_64-with-glibc2.39"", ""extra"": {}}",graded
D-r0.350-N4-p0.0000-g0.075-az1.0000-tw0.500-n32,1,0.34999999999999998,4,0,0.074999999999999997,1,0.5,32,network,D,95c011af0755,ok,,128,16,4,4.5,0.35028076171875,0.20703125,0.4970703125,0.012805127852794529,-0.060969607746807375,-0.061079733581009155,-0.060859456076286067,0.033492737799103667,0.0043248987078665646,0.0044112347364493321,0.0042385775203541698,0.014631504982015153,0.029388763810301644,30.357037622000462,0.16477884961006026,0.0031593584032120117,0.0031593584032122359,0.0031593584032117879,0.11428968857924328,0.056116407714426615,0.056116407714427281,0.056116407714425935,0.068095902186325302,0.13495262689657697,0.00012176164492038842,"[[0.1142896886, 0.0552211853, 0.0552211853, 0.0015802847, 0.0, 0.0], [0.0552211853, 0.1349526269, 0.0625595366, 0.0013352278, 0.0, 0.0], [0.0552211853, 0.0625595366, 0.1349526269, 0.0013352278, 0.0, 0.0], [0.0015802847, 0.0013352278, 0.0013352278, 0.0680959022, 0.0, 0.0], [0.0, 0.0, 0.0, 0.0, 0.0561164077, 0.0020142126], [0.0, 0.0, 0.0, 0.0, 0.0020142126, 0.0561164077]]",0.35028076171875,0.80878398700042453,7.9642245189997993,21.518482922000658,107,139,137,0.16269551276799019,0.0033644900412979897,0.0033648846618913857,0.0033640954207045941,0.110585865192078,0.055874755058471871,0.055869952240380744,0.055879557876563006,0.06711392446613644,0.13109976681409199,6.6423569784724167e-07,"[[0.1105858652, 0.0552103891, 0.0552347386, 9.818e-07, -9.6113e-06, -9.2543e-06], [0.0552103891, 0.1310698371, 0.0615049508, 5.8737e-06, 3.77e-08, -9.109e-06], [0.0552347386, 0.0615049508, 0.1311296965, 1.62495e-05, -4.287e-07, 7.83e-07], [9.818e-07, 5.8737e-06, 1.62495e-05, 0.0671139245, -1.5003e-06, -3.5111e-06], [-9.6113e-06, 3.77e-08, -4.287e-07, -1.5003e-06, 0.0558795579, -8.7291e-06], [-9.2543e-06, -9.109e-06, 7.83e-07, -3.5111e-06, -8.7291e-06, 0.0558699522]]",0.34999999999999998,,,,,,,"{""params"": {""w"": 1.0, ""rho"": 0.35, ""N"": 4.0, ""phase"": 0.0, ""gradient"": 0.075, ""a_z"": 1.0, ""wall"": 0.5, ""n"": 32, ""kind"": ""network"", ""k_s"": 130.0, ""k_f"": 0.4, ""E"": 70000000000.0, ""nu"": 0.33, ""tol"": 1e-08, ""preconditioner"": ""two_level""}, ""params_json"": ""{\""E\"": 70000000000.0, \""N\"": 4.0, \""a_z\"": 1.0, \""gradient\"": 0.075, \""k_f\"": 0.4, \""k_s\"": 130.0, \""kind\"": \""network\"", \""n\"": 32, \""nu\"": 0.33, \""phase\"": 0.0, \""preconditioner\"": \""two_level\"", \""rho\"": 0.35, \""tol\"": 1e-08, \""w\"": 1.0, \""wall\"": 0.5}"", ""voxlat_version"": ""0.1.0"", ""git_hash"": ""0977f9f913f3+dirty"", ""resolution"": 32, ""wall_time_s"": 30.357037622000462, ""timestamp_utc"": ""2026-10-09T17:18:44+00:00"", ""python"": ""3.13.16"", ""numpy"": ""2.5.3"", ""platform"": ""Linux-6.18.44-fc-v80-x86_64-with-glibc2.39"", ""extra"": {}}",graded
D-r0.350-N4-p0.1250-g0.000-az1.0000-tw0.500-n32,1,0.34999999999999998,4,0.125,0,1,0.5,32,network,D,95c011af0755,ok,,128,16,4,4.5,0.349853515625,0.349609375,0.350341796875,-0.0057502858107550958,-0.052070941998731413,-0.052059265529367571,-0.052082614983839259,0.0052787901295752171,-0.012927921730202629,-0.012925369773831186,-0.01293047309156492,0.021309312264515601,0.02289228469077198,30.23672574900047,0.18121184944334565,0.0029039256555086134,0.0029035280902926144,0.0029043232207246125,0.12982993213178531,0.064934581129645563,0.064927178100512947,0.064941984158778165,0.067200370511607432,0.13211183638564006,6.0860192631330222e-07,"[[0.1298299321, 0.061760374, 0.0617684082, -7.9232e-06, -3.26982e-05, -4.73691e-05], [0.061760374, 0.1321194968, 0.0639753595, -1.11931e-05, -1.02049e-05, -5.31356e-05], [0.0617684082, 0.0639753595, 0.132104176, -2.35135e-05, -1.04714e-05, -2.48422e-05], [-7.9232e-06, -1.11931e-05, -2.35135e-05, 0.0672003705, -2.52668e-05, -2.04392e-05], [-3.26982e-05, -1.02049e-05, -1.04714e-05, -2.52668e-05, 0.0649419842, -7.3065e-06], [-4.73691e-05, -5.31356e-05, -2.48422e-05, -2.04392e-05, -7.3065e-06, 0.0649271781]]",0.349853515625,0.72244233600031293,9.6291147629999614,19.855672863001018,100,217,127,0.18225989593682085,0.0030634419643508042,0.0030629848309177885,0.0030638990977838198,0.12914818596247407,0.065785045042979051,0.065777374995076271,0.065792715090881818,0.065798254950408946,0.1291551792528951,5.4149045521811228e-07,"[[0.129148186, 0.0629017978, 0.0629106516, -1.18172e-05, -3.40586e-05, -4.85778e-05], [0.0629017978, 0.12916307, 0.062916357, -1.54792e-05, -9.1973e-06, -5.2532e-05], [0.0629106516, 0.062916357, 0.1291472886, -2.80264e-05, -1.07549e-05, -2.22906e-05], [-1.18172e-05, -1.54792e-05, -2.80264e-05, 0.065798255, -2.27887e-05, -1.90016e-05], [-3.40586e-05, -9.1973e-06, -1.07549e-05, -2.27887e-05, 0.0657927151, -1.23293e-05], [-4.85778e-05, -5.2532e-05, -2.22906e-05, -1.90016e-05, -1.23293e-05, 0.065777375]]",0.349853515625,0.14511473499987915,1.3722698819992729,3.7568569510003726,84,117,121,"{""params"": {""w"": 1.0, ""rho"": 0.35, ""N"": 4.0, ""phase"": 0.125, ""gradient"": 0.0, ""a_z"": 1.0, ""wall"": 0.5, ""n"": 32, ""kind"": ""network"", ""k_s"": 130.0, ""k_f"": 0.4, ""E"": 70000000000.0, ""nu"": 0.33, ""tol"": 1e-08, ""preconditioner"": ""two_level""}, ""params_json"": ""{\""E\"": 70000000000.0, \""N\"": 4.0, \""a_z\"": 1.0, \""gradient\"": 0.0, \""k_f\"": 0.4, \""k_s\"": 130.0, \""kind\"": \""network\"", \""n\"": 32, \""nu\"": 0.33, \""phase\"": 0.125, \""preconditioner\"": \""two_level\"", \""rho\"": 0.35, \""tol\"": 1e-08, \""w\"": 1.0, \""wall\"": 0.5}"", ""voxlat_version"": ""0.1.0"", ""git_hash"": ""0977f9f913f3+dirty"", ""resolution"": 32, ""wall_time_s"": 30.23672574900047, ""timestamp_utc"": ""2026-10-09T17:58:15+00:00"", ""python"": ""3.13.16"", ""numpy"": ""2.5.3"", ""platform"": ""Linux-6.18.44-fc-v80-x86_64-with-glibc2.39"", ""extra"": {}}",uniform
D-r0.350-N4-p0.3333-g0.000-az0.7500-tw0.500-n32,1,0.34999999999999998,4,0.33333333333333331,0,0.75,0.5,32,network,D,95c011af0755,ok,,128,16,4,4.5,0.35001627604166669,0.32552083333333331,0.375,-0.002161952988619209,-0.043950920998226284,-0.041991484824365988,-0.046927775049320553,0.0067223696157356905,-0.006106944089524835,-0.0048080209357191928,-0.0075752268842713688,0.022844559042669577,0.027405869325275667,27.39423326799988,0.20306606012753159,0.0022600375944282396,0.0027314402060342365,0.0017886349828222423,0.16120070454680602,0.063626899308291116,0.067609261661277523,0.059644536955304715,0.059556841248349979,0.12084617569234124,-4.4625739998783815e-05,"[[0.1612007045, 0.0652291035, 0.0593763988, -0.0009792567, 6.9325e-05, 8.1841e-06], [0.0652291035, 0.1590363533, 0.0589423852, -0.0010567147, 5.52029e-05, 3.04113e-05], [0.0593763988, 0.0589423852, 0.0826559981, -0.0005544198, 9.77049e-05, 7.9862e-06], [-0.0009792567, -0.0010567147, -0.0005544198, 0.0595568412, 1.63287e-05, 2.70173e-05], [6.9325e-05, 5.52029e-05, 9.77049e-05, 1.63287e-05, 0.059644537, -0.0008349133], [8.1841e-06, 3.04113e-05, 7.9862e-06, 2.70173e-05, -0.0008349133, 0.0676092617]]",0.35001627604166669,0.51759714499985421,10.169173842999953,16.681649843999367,98,264,132,0.20350603059858624,0.0023639347017498113,0.0028511648516333647,0.0018767045518662581,0.16012428988573688,0.06401785275580224,0.067935898885405452,0.060099806626199015,0.058226678454536773,0.11762262539117486,8.0935169408561834e-07,"[[0.1601242899, 0.0658036326, 0.0602294393, 9.9415e-06, 1.74586e-05, -1.31598e-05], [0.0658036326, 0.1559258978, 0.0580488783, 2.68654e-05, 1.31885e-05, -4.43016e-05], [0.0602294393, 0.0580488783, 0.079319353, 1.82748e-05, 2.39747e-05, -1.1206e-05], [9.9415e-06, 2.68654e-05, 1.82748e-05, 0.0582266785, -2.28083e-05, 6.3834e-06], [1.74586e-05, 1.31885e-05, 2.39747e-05, -2.28083e-05, 0.0600998066, 4.293e-07], [-1.31598e-05, -4.43016e-05, -1.1206e-05, 6.3834e-06, 4.293e-07, 0.0679358989]]",0.3499755859375,0.087091489000158617,1.1075189600001067,2.6071584509995773,91,139,123,"{""params"": {""w"": 1.0, ""rho"": 0.35, ""N"": 4.0, ""phase"": 0.3333333333333333, ""gradient"": 0.0, ""a_z"": 0.75, ""wall"": 0.5, ""n"": 32, ""kind"": ""network"", ""k_s"": 130.0, ""k_f"": 0.4, ""E"": 70000000000.0, ""nu"": 0.33, ""tol"": 1e-08, ""preconditioner"": ""two_level""}, ""params_json"": ""{\""E\"": 70000000000.0, \""N\"": 4.0, \""a_z\"": 0.75, \""gradient\"": 0.0, \""k_f\"": 0.4, \""k_s\"": 130.0, \""kind\"": \""network\"", \""n\"": 32, \""nu\"": 0.33, \""phase\"": 0.3333333333333333, \""preconditioner\"": \""two_level\"", \""rho\"": 0.35, \""tol\"": 1e-08, \""w\"": 1.0, \""wall\"": 0.5}"", ""voxlat_version"": ""0.1.0"", ""git_hash"": ""0977f9f913f3+dirty"", ""resolution"": 32, ""wall_time_s"": 27.39423326799988, ""timestamp_utc"": ""2026-10-09T17:27:55+00:00"", ""python"": ""3.13.16"", ""numpy"": ""2.5.3"", ""platform"": ""Linux-6.18.44-fc-v80-x86_64-with-glibc2.39"", ""extra"": {}}",stretch
D-r0.350-N4-p0.3333-g0.000-az1.0000-tw0.500-n32,1,0.34999999999999998,4,0.33333333333333331,0,1,0.5,32,network,D,95c011af0755,ok,,128,16,4,4.5,0.35003662109375,0.328125,0.3720703125,-3.9306013198570078e-05,-0.050803089792632705,-0.050838676112091252,-0.050767500804642096,0.013577383626461659,-0.0090847293462561485,-0.0091265773132873651,-0.0090428778443109037,0.020335643859701991,0.023971154258623617,30.045244980999996,0.18405002294589978,0.0029239428425848991,0.0029239428425849,0.0029239428425848982,0.13212306095415155,0.065436259772742214,0.065436259772741909,0.065436259772742519,0.066128724812569983,0.13198599306553291,-5.8046018434379517e-05,"[[0.132123061, 0.0633487203, 0.0633487203, -0.0009405626, -3.4567e-06, -3.4567e-06], [0.0633487203, 0.1319859931, 0.0636121828, -0.0008767166, -2.6766e-06, -1.11767e-05], [0.0633487203, 0.0636121828, 0.1319859931, -0.0008767166, -1.11767e-05, -2.6766e-06], [-0.0009405626, -0.0008767166, -0.0008767166, 0.0661287248, -5.4616e-06, -5.4616e-06], [-3.4567e-06, -2.6766e-06, -1.11767e-05, -5.4616e-06, 0.0654362598, -0.0008568], [-3.4567e-06, -1.11767e-05, -2.6766e-06, -5.4616e-06, -0.0008568, 0.0654362598]]",0.35003662109375,0.66763232500034064,7.7601500420005323,21.592434958999547,97,147,127,0.18405725750289248,0.0030804386435962132,0.0030805541365802672,0.0030803231506121589,0.13035320547645868,0.066036180600558783,0.066038969533882719,0.066033391667234861,0.064810756353095522,0.12889620231645443,4.4830753281695419e-07,"[[0.1303532055, 0.0642933834, 0.0642874276, 4.343e-07, 1.3861e-06, 7.5808e-06], [0.0642933834, 0.1288947475, 0.0626879317, 1.62926e-05, 1.3184e-06, 6.6106e-06], [0.0642874276, 0.0626879317, 0.1288976571, 1.93289e-05, -1.0036e-06, 5.0035e-06], [4.343e-07, 1.62926e-05, 1.93289e-05, 0.0648107564, -7.5402e-06, -3.8424e-06], [1.3861e-06, 1.3184e-06, -1.0036e-06, -7.5402e-06, 0.0660333917, -1.6628e-06], [7.5808e-06, 6.6106e-06, 5.0035e-06, -3.8424e-06, -1.6628e-06, 0.0660389695]]",0.350006103515625,0.14265000599971245,1.2520230680001987,3.4754501750003328,82,122,113,"{""params"": {""w"": 1.0, ""rho"": 0.35, ""N"": 4.0, ""phase"": 0.3333333333333333, ""gradient"": 0.0, ""a_z"": 1.0, ""wall"": 0.5, ""n"": 32, ""kind"": ""network"", ""k_s"": 130.0, ""k_f"": 0.4, ""E"": 70000000000.0, ""nu"": 0.33, ""tol"": 1e-08, ""preconditioner"": ""two_level""}, ""params_json"": ""{\""E\"": 70000000000.0, \""N\"": 4.0, \""a_z\"": 1.0, \""gradient\"": 0.0, \""k_f\"": 0.4, \""k_s\"": 130.0, \""kind\"": \""network\"", \""n\"": 32, \""nu\"": 0.33, \""phase\"": 0.3333333333333333, \""preconditioner\"": \""two_level\"", \""rho\"": 0.35, \""tol\"": 1e-08, \""w\"": 1.0, \""wall\"": 0.5}"", ""voxlat_version"": ""0.1.0"", ""git_hash"": ""0977f9f913f3+dirty"", ""resolution"": 32, ""wall_time_s"": 30.045244980999996, ""timestamp_utc"": ""2026-10-09T17:13:36+00:00"", ""python"": ""3.13.16"", ""numpy"": ""2.5.3"", ""platform"": ""Linux-6.18.44-fc-v80-x86_64-with-glibc2.39"", ""extra"": {}}",uniform
D-r0.350-N4-p0.3333-g0.000-az1.5000-tw0.500-n32,1,0.34999999999999998,4,0.33333333333333331,0,1.5,0.5,32,network,D,95c011af0755,ok,,128,16,4,4.5,0.34999593098958331,0.326171875,0.37369791666666663,0.003424404473833409,-0.061721003191867241,-0.071324262544385841,-0.055395575787655194,0.018702130708606157,-0.0055880044859442091,-0.013950850346764687,0.0032312719312166394,0.030811445395108938,0.015713174950694908,45.368635816999813,0.15826206985927352,0.0040035461499400024,0.0031471456551214741,0.0048599466447585308,0.099908254219136086,0.060095909867631706,0.061173491422104036,0.059018328313159382,0.059372980780282428,0.15509297880345896,-6.8432198143808867e-05,"[[0.0999082542, 0.0594653389, 0.0606200949, -0.0009581865, -8.2222e-06, 4.74576e-05], [0.0594653389, 0.1001436587, 0.0605579657, -0.0006698479, -9.9378e-06, 3.27238e-05], [0.0606200949, 0.0605579657, 0.2100422989, -0.0013518672, -1.24332e-05, 1.54469e-05], [-0.0009581865, -0.0006698479, -0.0013518672, 0.0593729808, 6.6234e-06, -6.2834e-06], [-8.2222e-06, -9.9378e-06, -1.24332e-05, 6.6234e-06, 0.0590183283, -0.0008920631], [4.74576e-05, 3.27238e-05, 1.54469e-05, -6.2834e-06, -0.0008920631, 0.0611734914]]",0.34999593098958331,1.2800839869996707,11.630211507999775,32.406610163000551,107,161,136,0.15772196605309949,0.0042669037285918074,0.0033888531036075347,0.0051449543535760809,0.098074060323835976,0.060433613169122581,0.062038988060196566,0.058828238278048596,0.05759829408716434,0.15269367635305856,1.3681981743244621e-07,"[[0.0980740603, 0.0609191327, 0.0613102856, -2.9441e-06, -2.6447e-06, 4.81259e-05], [0.0609191327, 0.0971915735, 0.0597551962, -6.2559e-06, -3.1909e-06, 3.48335e-05], [0.0613102856, 0.0597551962, 0.2081957793, -9.4529e-06, -4.1024e-06, 1.55418e-05], [-2.9441e-06, -6.2559e-06, -9.4529e-06, 0.0575982941, 6.4229e-06, -1.8688e-06], [-2.6447e-06, -3.1909e-06, -4.1024e-06, 6.4229e-06, 0.0588282383, -1.7124e-06], [4.81259e-05, 3.48335e-05, 1.55418e-05, -1.8688e-06, -1.7124e-06, 0.0620389881]]",0.34999593098958331,0.29854573100010384,3.1680489209998086,5.9318865300001562,93,129,114,"{""params"": {""w"": 1.0, ""rho"": 0.35, ""N"": 4.0, ""phase"": 0.3333333333333333, ""gradient"": 0.0, ""a_z"": 1.5, ""wall"": 0.5, ""n"": 32, ""kind"": ""network"", ""k_s"": 130.0, ""k_f"": 0.4, ""E"": 70000000000.0, ""nu"": 0.33, ""tol"": 1e-08, ""preconditioner"": ""two_level""}, ""params_json"": ""{\""E\"": 70000000000.0, \""N\"": 4.0, \""a_z\"": 1.5, \""gradient\"": 0.0, \""k_f\"": 0.4, \""k_s\"": 130.0, \""kind\"": \""network\"", \""n\"": 32, \""nu\"": 0.33, \""phase\"": 0.3333333333333333, \""preconditioner\"": \""two_level\"", \""rho\"": 0.35, \""tol\"": 1e-08, \""w\"": 1.0, \""wall\"": 0.5}"", ""voxlat_version"": ""0.1.0"", ""git_hash"": ""0977f9f913f3+dirty"", ""resolution"": 32, ""wall_time_s"": 45.36863581699981, ""timestamp_utc"": ""2026-10-09T17:00:32+00:00"", ""python"": ""3.13.16"", ""numpy"": ""2.5.3"", ""platform"": ""Linux-6.18.44-fc-v80-x86_64-with-glibc2.39"", ""extra"": {}}",stretch
D-r0.350-N4-p0.3333-g0.025-az1.0000-tw0.500-n32,1,0.34999999999999998,4,0.33333333333333331,0.025000000000000001,1,0.5,32,network,D,95c011af0755,ok,,128,16,4,4.5,0.350006103515625,0.2744140625,0.412109375,-7.3110515211194382e-05,-0.053117732034523413,-0.053129425521619145,-0.05310603825860416,0.014688404658851573,-0.0071465790898370685,-0.0071396119395015223,-0.0071535461423927194,0.011671098930538637,0.019750954532363973,28.681908757000201,0.18051895583582592,0.0029354494826287388,0.0029354494826287388,0.0029354494826287392,0.12826505894206824,0.063714007629424835,0.063714007629424696,0.063714007629424987,0.066645252063981475,0.13180714948446803,-6.5216943683132472e-05,"[[0.1282650589, 0.0616672978, 0.0616672978, -0.0010406394, 0.0, 0.0], [0.0616672978, 0.1318071495, 0.0638324297, -0.0004292261, 0.0, 0.0], [0.0616672978, 0.0638324297, 0.1318071495, -0.0004292261, 0.0, 0.0], [-0.0010406394, -0.0004292261, -0.0004292261, 0.0666452521, 0.0, 0.0], [0.0, 0.0, 0.0, 0.0, 0.0637140076, -0.001131537], [0.0, 0.0, 0.0, 0.0, -0.001131537, 0.0637140076]]",0.350006103515625,0.66631066099944292,7.0769349339998371,20.830922410999847,101,147,135,0.18053215463466343,0.0031001208724037123,0.0031001591577030905,0.0031000825871043344,0.12640832235112831,0.064172622350454608,0.06417217203507003,0.064173072665839187,0.065876402058370309,0.12925425457916043,1.4740889847113424e-06,"[[0.1264083224, 0.0624834844, 0.0624838371, -6.5011e-06, 1.465e-07, -1.015e-07], [0.0624834844, 0.1292526172, 0.0636576713, 9.791e-07, 5.082e-07, -6.203e-07], [0.0624838371, 0.0636576713, 0.1292558919, 1.8923e-06, -2.106e-07, 1.4497e-06], [-6.5011e-06, 9.791e-07, 1.8923e-06, 0.0658764021, -2.2936e-06, -1.5631e-06], [1.465e-07, 5.082e-07, -2.106e-07, -2.2936e-06, 0.0641730727, 1.21039e-05], [-1.015e-07, -6.203e-07, 1.4497e-06, -1.5631e-06, 1.21039e-05, 0.064172172]]",0.34999999999999998,,,,,,,"{""params"": {""w"": 1.0, ""rho"": 0.35, ""N"": 4.0, ""phase"": 0.3333333333333333, ""gradient"": 0.025, ""a_z"": 1.0, ""wall"": 0.5, ""n"": 32, ""kind"": ""network"", ""k_s"": 130.0, ""k_f"": 0.4, ""E"": 70000000000.0, ""nu"": 0.33, ""tol"": 1e-08, ""preconditioner"": ""two_level""}, ""params_json"": ""{\""E\"": 70000000000.0, \""N\"": 4.0, \""a_z\"": 1.0, \""gradient\"": 0.025, \""k_f\"": 0.4, \""k_s\"": 130.0, \""kind\"": \""network\"", \""n\"": 32, \""nu\"": 0.33, \""phase\"": 0.3333333333333333, \""preconditioner\"": \""two_level\"", \""rho\"": 0.35, \""tol\"": 1e-08, \""w\"": 1.0, \""wall\"": 0.5}"", ""voxlat_version"": ""0.1.0"", ""git_hash"": ""0977f9f913f3+dirty"", ""resolution"": 32, ""wall_time_s"": 28.6819087570002, ""timestamp_utc"": ""2026-10-09T17:17:34+00:00"", ""python"": ""3.13.16"", ""numpy"": ""2.5.3"", ""platform"": ""Linux-6.18.44-fc-v80-x86_64-with-glibc2.39"", ""extra"": {}}",graded
D-r0.350-N4-p0.3333-g0.050-az1.0000-tw0.500-n32,1,0.34999999999999998,4,0.33333333333333331,0.050000000000000003,1,0.5,32,network,D,95c011af0755,ok,,128,16,4,4.5,0.349761962890625,0.236328125,0.4541015625,-0.0048627477612750436,-0.057140640633907114,-0.057139889982498415,-0.057141391284120768,0.0032984228466659271,-0.012906382904283809,-0.012909760053966601,-0.01290300573149239,0.016837068498092078,0.02049937987515138,33.151974661999702,0.17344863099618887,0.0030153872434463924,0.0030153872437012038,0.003015387243191581,0.12111617998231963,0.060480756695286061,0.060480756695285624,0.060480756695286499,0.067473337012438267,0.13259982861266295,-5.117376546459053e-05,"[[0.12111618, 0.0586399937, 0.0586399937, -0.0010544105, 0.0, 0.0], [0.0586399937, 0.1325998286, 0.0637935573, 0.0002928802, 0.0, 0.0], [0.0586399937, 0.0637935573, 0.1325998286, 0.0002928802, 0.0, 0.0], [-0.0010544105, 0.0002928802, 0.0002928802, 0.067473337, 0.0, 0.0], [0.0, 0.0, 0.0, 0.0, 0.0604807567, -0.0012343062], [0.0, 0.0, 0.0, 0.0, -0.0012343062, 0.0604807567]]",0.349761962890625,0.77582731900020008,8.8489994660003504,23.430511282000225,107,166,140,0.17429618940099734,0.0031981304671713819,0.0031981279212726812,0.0031981330130700829,0.1207180009699166,0.061271550790933119,0.061271760420397087,0.061271341161469157,0.066356094897385087,0.12993621674604575,7.2431925807072405e-07,"[[0.120718001, 0.059918971, 0.059917742, 9.825e-07, 2.5149e-06, -5.472e-07], [0.059918971, 0.1299367232, 0.0630146564, 7.2568e-06, 8.801e-07, -7.5774e-06], [0.059917742, 0.0630146564, 0.1299357103, 6.5084e-06, -3.2069e-06, 3.747e-07], [9.825e-07, 7.2568e-06, 6.5084e-06, 0.0663560949, 5.4434e-06, 4.206e-06], [2.5149e-06, 8.801e-07, -3.2069e-06, 5.4434e-06, 0.0612713412, 1.40193e-05], [-5.472e-07, -7.5774e-06, 3.747e-07, 4.206e-06, 1.40193e-05, 0.0612717604]]",0.34999999999999998,,,,,,,"{""params"": {""w"": 1.0, ""rho"": 0.35, ""N"": 4.0, ""phase"": 0.3333333333333333, ""gradient"": 0.05, ""a_z"": 1.0, ""wall"": 0.5, ""n"": 32, ""kind"": ""network"", ""k_s"": 130.0, ""k_f"": 0.4, ""E"": 70000000000.0, ""nu"": 0.33, ""tol"": 1e-08, ""preconditioner"": ""two_level""}, ""params_json"": ""{\""E\"": 70000000000.0, \""N\"": 4.0, \""a_z\"": 1.0, \""gradient\"": 0.05, \""k_f\"": 0.4, \""k_s\"": 130.0, \""kind\"": \""network\"", \""n\"": 32, \""nu\"": 0.33, \""phase\"": 0.3333333333333333, \""preconditioner\"": \""two_level\"", \""rho\"": 0.35, \""tol\"": 1e-08, \""w\"": 1.0, \""wall\"": 0.5}"", ""voxlat_version"": ""0.1.0"", ""git_hash"": ""0977f9f913f3+dirty"", ""resolution"": 32, ""wall_time_s"": 33.1519746619997, ""timestamp_utc"": ""2026-10-09T17:18:14+00:00"", ""python"": ""3.13.16"", ""numpy"": ""2.5.3"", ""platform"": ""Linux-6.18.44-fc-v80-x86_64-with-glibc2.39"", ""extra"": {}}",graded
D-r0.350-N4-p0.3333-g0.075-az1.0000-tw0.500-n32,1,0.34999999999999998,4,0.33333333333333331,0.074999999999999997,1,0.5,32,network,D,95c011af0755,ok,,128,16,4,4.5,0.3497314453125,0.1806640625,0.498046875,-0.0023504495847590512,-0.065414905932769885,-0.065414862833599208,-0.065414949031936565,0.010521696921336199,-0.0071479108370091637,-0.0071516931223123414,-0.0071441285228883711,0.01418992335806335,0.022685768619949975,35.548672407000595,0.16229965040456798,0.0031483247974739949,0.0031483247975429667,0.0031483247974050232,0.11105054579335326,0.055141421503937145,0.055141421503937173,0.055141421503937117,0.068105146688831275,0.13384986007685043,-4.3413792822952803e-05,"[[0.1110505458, 0.0540834072, 0.0540834072, -0.0013109373, 0.0, 0.0], [0.0540834072, 0.1338498601, 0.062160166, 0.0003166726, 0.0, 0.0], [0.0540834072, 0.062160166, 0.1338498601, 0.0003166726, 0.0, 0.0], [-0.0013109373, 0.0003166726, 0.0003166726, 0.0681051467, 0.0, 0.0], [0.0, 0.0, 0.0, 0.0, 0.0551414215, -0.0016483261], [0.0, 0.0, 0.0, 0.0, -0.0016483261, 0.0551414215]]",0.3497314453125,0.71334007499990548,7.9246354469996731,26.860232417000589,109,151,161,0.1626820263057461,0.0033686871505437446,0.0033686869952677351,0.0033686873058197541,0.10989427157445582,0.055538405071417329,0.055538616646631629,0.055538193496203037,0.067152261248395892,0.13088073011661477,2.3080754889801293e-07,"[[0.1098942716, 0.0547736356, 0.054772408, -2.5874e-06, 1.43733e-05, 1.2419e-05], [0.0547736356, 0.1308812398, 0.0612757407, 1.5005e-06, 6.7524e-06, 1.12509e-05], [0.054772408, 0.0612757407, 0.1308802205, 7.617e-07, 1.40314e-05, 6.723e-06], [-2.5874e-06, 1.5005e-06, 7.617e-07, 0.0671522612, 6.6659e-06, 5.7875e-06], [1.43733e-05, 6.7524e-06, 1.40314e-05, 6.6659e-06, 0.0555381935, 8.8851e-06], [1.2419e-05, 1.12509e-05, 6.723e-06, 5.7875e-06, 8.8851e-06, 0.0555386166]]",0.34999999999999998,,,,,,,"{""params"": {""w"": 1.0, ""rho"": 0.35, ""N"": 4.0, ""phase"": 0.3333333333333333, ""gradient"": 0.075, ""a_z"": 1.0, ""wall"": 0.5, ""n"": 32, ""kind"": ""network"", ""k_s"": 130.0, ""k_f"": 0.4, ""E"": 70000000000.0, ""nu"": 0.33, ""tol"": 1e-08, ""preconditioner"": ""two_level""}, ""params_json"": ""{\""E\"": 70000000000.0, \""N\"": 4.0, \""a_z\"": 1.0, \""gradient\"": 0.075, \""k_f\"": 0.4, \""k_s\"": 130.0, \""kind\"": \""network\"", \""n\"": 32, \""nu\"": 0.33, \""phase\"": 0.3333333333333333, \""preconditioner\"": \""two_level\"", \""rho\"": 0.35, \""tol\"": 1e-08, \""w\"": 1.0, \""wall\"": 0.5}"", ""voxlat_version"": ""0.1.0"", ""git_hash"": ""0977f9f913f3+dirty"", ""resolution"": 32, ""wall_time_s"": 35.548672407000595, ""timestamp_utc"": ""2026-10-09T17:19:12+00:00"", ""python"": ""3.13.16"", ""numpy"": ""2.5.3"", ""platform"": ""Linux-6.18.44-fc-v80-x86_64-with-glibc2.39"", ""extra"": {}}",graded
D-r0.350-N4-p0.6667-g0.000-az0.7500-tw0.500-n32,1,0.34999999999999998,4,0.66666666666666663,0,0.75,0.5,32,network,D,95c011af0755,ok,,128,16,4,4.5,0.35001627604166669,0.37500000000000006,0.32552083333333331,-0.0021505082555549615,-0.04394652951740774,-0.041980238755806365,-0.046933791310954098,0.0067392031827604448,-0.0061567580213170991,-0.0048272891506859761,-0.0076595644771204618,0.022833245036193439,0.027398422360736197,27.06195499200021,0.20306846231128953,0.0022600374327463686,0.0027314573426316974,0.0017886175228610396,0.16120337300709875,0.063623846476048226,0.067607997059948993,0.059639695892147446,0.059555949096450615,0.12084504245854161,-4.3002444805304805e-05,"[[0.161203373, 0.0652304173, 0.059377661, -0.0009592037, -3.54972e-05, 1.01333e-05], [0.0652304173, 0.1590352126, 0.0589423509, -0.0010036471, -2.78572e-05, 3.0601e-05], [0.059377661, 0.0589423509, 0.0826548724, -0.0005189425, -4.84008e-05, 9.34e-06], [-0.0009592037, -0.0010036471, -0.0005189425, 0.0595559491, 1.61255e-05, -1.3457e-05], [-3.54972e-05, -2.78572e-05, -4.84008e-05, 1.61255e-05, 0.0596396959, -0.0008368275], [1.01333e-05, 3.0601e-05, 9.34e-06, -1.3457e-05, -0.0008368275, 0.0676079971]]",0.35001627604166669,0.49662659299974621,9.8389558109993231,16.703592969000056,98,263,129,0.20350610386771287,0.0023639236742747844,0.0028511492697022404,0.0018766980788473286,0.16012426306382185,0.064017989747937432,0.067935943502962448,0.060100035992912422,0.058226450289404895,0.11762237495057294,-2.441134768301787e-06,"[[0.1601242631, 0.0658035432, 0.0602293831, -2.96272e-05, -5.2298e-05, 4.4221e-06], [0.0658035432, 0.1559255025, 0.058048735, -8.02825e-05, -3.95387e-05, 1.48088e-05], [0.0602293831, 0.058048735, 0.0793192474, -5.44963e-05, -7.18309e-05, 3.7912e-06], [-2.96272e-05, -8.02825e-05, -5.44963e-05, 0.0582264503, 7.6173e-06, -1.91675e-05], [-5.2298e-05, -3.95387e-05, -7.18309e-05, 7.6173e-06, 0.060100036, -1.4974e-06], [4.4221e-06, 1.48088e-05, 3.7912e-06, -1.91675e-05, -1.4974e-06, 0.0679359435]]",0.3499755859375,0.079092365999713365,1.175333258000137,2.5152232750001531,90,138,121,"{""params"": {""w"": 1.0, ""rho"": 0.35, ""N"": 4.0, ""phase"": 0.6666666666666666, ""gradient"": 0.0, ""a_z"": 0.75, ""wall"": 0.5, ""n"": 32, ""kind"": ""network"", ""k_s"": 130.0, ""k_f"": 0.4, ""E"": 70000000000.0, ""nu"": 0.33, ""tol"": 1e-08, ""preconditioner"": ""two_level""}, ""params_json"": ""{\""E\"": 70000000000.0, \""N\"": 4.0, \""a_z\"": 0.75, \""gradient\"": 0.0, \""k_f\"": 0.4, \""k_s\"": 130.0, \""kind\"": \""network\"", \""n\"": 32, \""nu\"": 0.33, \""phase\"": 0.6666666666666666, \""preconditioner\"": \""two_level\"", \""rho\"": 0.35, \""tol\"": 1e-08, \""w\"": 1.0, \""wall\"": 0.5}"", ""voxlat_version"": ""0.1.0"", ""git_hash"": ""0977f9f913f3+dirty"", ""resolution"": 32, ""wall_time_s"": 27.06195499200021, ""timestamp_utc"": ""2026-10-09T17:28:00+00:00"", ""python"": ""3.13.16"", ""numpy"": ""2.5.3"", ""platform"": ""Linux-6.18.44-fc-v80-x86_64-with-glibc2.39"", ""extra"": {}}",stretch
D-r0.350-N4-p0.6667-g0.000-az1.0000-tw0.500-n32,1,0.34999999999999998,4,0.66666666666666663,0,1,0.5,32,network,D,95c011af0755,ok,,128,16,4,4.5,0.35003662109375,0.3720703125,0.328125,3.6174771179231513e-05,-0.050958125257122067,-0.050958125257121734,-0.050958125257122622,0.01361095271643098,-0.0090334669902782938,-0.0090334669902826237,-0.0090334669902737419,0.020603329707199691,0.024146698182119453,29.069872572999884,0.18404996053001904,0.0029239428449364456,0.002923942844936446,0.0029239428449364451,0.13212309295758989,0.065436246038623525,0.065436246038623191,0.065436246038623858,0.066128755061156161,0.13198598316986707,-5.8046075203303091e-05,"[[0.132123093, 0.0633487012, 0.0633487012, -0.0009405906, -3.4469e-06, -3.4469e-06], [0.0633487012, 0.1319859832, 0.0636122446, -0.0008766906, -2.658e-06, -1.12065e-05], [0.0633487012, 0.0636122446, 0.1319859832, -0.0008766906, -1.12065e-05, -2.658e-06], [-0.0009405906, -0.0008766906, -0.0008766906, 0.0661287551, -5.4709e-06, -5.4709e-06], [-3.4469e-06, -2.658e-06, -1.12065e-05, -5.4709e-06, 0.065436246, -0.0008567783], [-3.4469e-06, -1.12065e-05, -2.658e-06, -5.4709e-06, -0.0008567783, 0.065436246]]",0.35003662109375,0.67508293999981106,7.1630362200003219,21.203840528000001,97,144,125,0.18404330280565298,0.0030809418664783615,0.0030809418664783607,0.0030809418664783628,0.13034891997122372,0.066032750712461827,0.066032750712461785,0.066032750712461855,0.064793787298467659,0.12887409919315737,-2.3691537056821921e-10,"[[0.13034892, 0.0642886739, 0.0642886739, -2.95e-08, -9.5682e-06, -9.5682e-06], [0.0642886739, 0.1288740992, 0.062670736, -2.161e-07, -4.6288e-06, -1.71851e-05], [0.0642886739, 0.062670736, 0.1288740992, -2.161e-07, -1.71851e-05, -4.6288e-06], [-2.95e-08, -2.161e-07, -2.161e-07, 0.0647937873, -3.94e-07, -3.94e-07], [-9.5682e-06, -4.6288e-06, -1.71851e-05, -3.94e-07, 0.0660327507, 3.5e-08], [-9.5682e-06, -1.71851e-05, -4.6288e-06, -3.94e-07, 3.5e-08, 0.0660327507]]",0.3499755859375,0.12641142200027389,1.4995393180001884,3.4263576270000158,82,120,114,"{""params"": {""w"": 1.0, ""rho"": 0.35, ""N"": 4.0, ""phase"": 0.6666666666666666, ""gradient"": 0.0, ""a_z"": 1.0, ""wall"": 0.5, ""n"": 32, ""kind"": ""network"", ""k_s"": 130.0, ""k_f"": 0.4, ""E"": 70000000000.0, ""nu"": 0.33, ""tol"": 1e-08, ""preconditioner"": ""two_level""}, ""params_json"": ""{\""E\"": 70000000000.0, \""N\"": 4.0, \""a_z\"": 1.0, \""gradient\"": 0.0, \""k_f\"": 0.4, \""k_s\"": 130.0, \""kind\"": \""network\"", \""n\"": 32, \""nu\"": 0.33, \""phase\"": 0.6666666666666666, \""preconditioner\"": \""two_level\"", \""rho\"": 0.35, \""tol\"": 1e-08, \""w\"": 1.0, \""wall\"": 0.5}"", ""voxlat_version"": ""0.1.0"", ""git_hash"": ""0977f9f913f3+dirty"", ""resolution"": 32, ""wall_time_s"": 29.069872572999884, ""timestamp_utc"": ""2026-10-09T17:14:00+00:00"", ""python"": ""3.13.16"", ""numpy"": ""2.5.3"", ""platform"": ""Linux-6.18.44-fc-v80-x86_64-with-glibc2.39"", ""extra"": {}}",uniform
D-r0.350-N4-p0.6667-g0.000-az1.5000-tw0.500-n32,1,0.34999999999999998,4,0.66666666666666663,0,1.5,0.5,32,network,D,95c011af0755,ok,,128,16,4,4.5,0.34999593098958331,0.37369791666666663,0.32617187500000006,0.0032832975175847157,-0.061642958461164854,-0.071298276703224417,-0.055282594800919682,0.018484734009911907,-0.0056887945669946705,-0.014122921905779462,0.0032072041586759248,0.030711859637620353,0.015607892184356098,43.619340749000003,0.15826229563115021,0.0040035508943174558,0.0031471685067080515,0.0048599332819268598,0.099908946920136063,0.060096379475314987,0.061174683327516716,0.059018075623113266,0.059373037801993635,0.15509305002134835,-6.9030605377811595e-05,"[[0.0999089469, 0.0594662216, 0.0606196653, -0.0009460217, 2.667e-06, -1.60277e-05], [0.0594662216, 0.1001440784, 0.0605575731, -0.0006445522, 3.3301e-06, -1.08057e-05], [0.0606196653, 0.0605575731, 0.2100420217, -0.0013141221, 4.1292e-06, -5.0636e-06], [-0.0009460217, -0.0006445522, -0.0013141221, 0.0593730378, -2.2466e-06, 2.2592e-06], [2.667e-06, 3.3301e-06, 4.1292e-06, -2.2466e-06, 0.0590180756, -0.0008855958], [-1.60277e-05, -1.08057e-05, -5.0636e-06, 2.2592e-06, -0.0008855958, 0.0611746833]]",0.34999593098958331,1.2268354919997364,12.544072623999455,29.820538238000154,107,161,127,0.15774437391984625,0.0042665538990914725,0.0033887828866473887,0.0051443249115355567,0.098095674470034575,0.060440211421678637,0.062051025109309044,0.058829397734048224,0.057603914466326338,0.15270957543247943,1.3667251642128623e-09,"[[0.0980956745, 0.0609349249, 0.0613181972, 1.54e-08, 5.2902e-06, -3.20896e-05], [0.0609349249, 0.0972065868, 0.0597674687, 1.07e-08, 6.3863e-06, -2.32252e-05], [0.0613181972, 0.0597674687, 0.2082125641, 3.3e-09, 8.2139e-06, -1.03603e-05], [1.54e-08, 1.07e-08, 3.3e-09, 0.0576039145, -4.2827e-06, 3.703e-06], [5.2902e-06, 6.3863e-06, 8.2139e-06, -4.2827e-06, 0.0588293977, 5.1e-09], [-3.20896e-05, -2.32252e-05, -1.03603e-05, 3.703e-06, 5.1e-09, 0.0620510251]]",0.35001627604166669,0.26514595600019675,2.745591461999993,6.0946486110001388,93,131,114,"{""params"": {""w"": 1.0, ""rho"": 0.35, ""N"": 4.0, ""phase"": 0.6666666666666666, ""gradient"": 0.0, ""a_z"": 1.5, ""wall"": 0.5, ""n"": 32, ""kind"": ""network"", ""k_s"": 130.0, ""k_f"": 0.4, ""E"": 70000000000.0, ""nu"": 0.33, ""tol"": 1e-08, ""preconditioner"": ""two_level""}, ""params_json"": ""{\""E\"": 70000000000.0, \""N\"": 4.0, \""a_z\"": 1.5, \""gradient\"": 0.0, \""k_f\"": 0.4, \""k_s\"": 130.0, \""kind\"": \""network\"", \""n\"": 32, \""nu\"": 0.33, \""phase\"": 0.6666666666666666, \""preconditioner\"": \""two_level\"", \""rho\"": 0.35, \""tol\"": 1e-08, \""w\"": 1.0, \""wall\"": 0.5}"", ""voxlat_version"": ""0.1.0"", ""git_hash"": ""0977f9f913f3+dirty"", ""resolution"": 32, ""wall_time_s"": 43.619340749, ""timestamp_utc"": ""2026-10-09T17:01:11+00:00"", ""python"": ""3.13.16"", ""numpy"": ""2.5.3"", ""platform"": ""Linux-6.18.44-fc-v80-x86_64-with-glibc2.39"", ""extra"": {}}",stretch
D-r0.350-N4-p0.6667-g0.025-az1.0000-tw0.500-n32,1,0.34999999999999998,4,0.66666666666666663,0.025000000000000001,1,0.5,32,network,D,95c011af0755,ok,,128,16,4,4.5,0.350250244140625,0.328125,0.3857421875,0.0032326559454711745,-0.053006378522964082,-0.053010446881416096,-0.053002310129556029,0.022285775379892625,-0.0029306505259749649,-0.0028984738630106754,-0.0029628251123117177,0.015602095627067047,0.023706033774623325,28.87865408000016,0.18112745595915217,0.0029356476931220775,0.0029356476931220767,0.002935647693122078,0.12923819566372771,0.063990084935474506,0.06399008493547402,0.063990084935474992,0.066900571117810378,0.13231868320004128,-6.1020017669306416e-05,"[[0.1292381957, 0.0619073322, 0.0619073322, -0.0007954332, 0.0, 0.0], [0.0619073322, 0.1323186832, 0.0642143934, -0.001203552, 0.0, 0.0], [0.0619073322, 0.0642143934, 0.1323186832, -0.001203552, 0.0, 0.0], [-0.0007954332, -0.001203552, -0.001203552, 0.0669005711, 0.0, 0.0], [0.0, 0.0, 0.0, 0.0, 0.0639900849, -0.0007604751], [0.0, 0.0, 0.0, 0.0, -0.0007604751, 0.0639900849]]",0.350250244140625,0.66750075900017691,7.5949259529998017,20.522123136000118,101,156,131,0.18054381990631393,0.00309996564553763,0.0030999789632890165,0.0030999523277862435,0.12642080989114943,0.064178168719388085,0.064176097677221461,0.064180239761554722,0.065872817125789504,0.12925456999814094,-6.9334466902062772e-07,"[[0.1264208099, 0.0624881391, 0.0624914767, 3.3792e-06, 1.13408e-05, 1.83052e-05], [0.0624881391, 0.129252447, 0.0636549011, 1.3957e-06, 1.216e-06, 1.2434e-05], [0.0624914767, 0.0636549011, 0.129256693, 1.3958e-06, 5.3679e-06, 2.137e-06], [3.3792e-06, 1.3957e-06, 1.3958e-06, 0.0658728171, -1.7613e-06, -1.1008e-06], [1.13408e-05, 1.216e-06, 5.3679e-06, -1.7613e-06, 0.0641802398, -6.2502e-06], [1.83052e-05, 1.2434e-05, 2.137e-06, -1.1008e-06, -6.2502e-06, 0.0641760977]]",0.34999999999999998,,,,,,,"{""params"": {""w"": 1.0, ""rho"": 0.35, ""N"": 4.0, ""phase"": 0.6666666666666666, ""gradient"": 0.025, ""a_z"": 1.0, ""wall"": 0.5, ""n"": 32, ""kind"": ""network"", ""k_s"": 130.0, ""k_f"": 0.4, ""E"": 70000000000.0, ""nu"": 0.33, ""tol"": 1e-08, ""preconditioner"": ""two_level""}, ""params_json"": ""{\""E\"": 70000000000.0, \""N\"": 4.0, \""a_z\"": 1.0, \""gradient\"": 0.025, \""k_f\"": 0.4, \""k_s\"": 130.0, \""kind\"": \""network\"", \""n\"": 32, \""nu\"": 0.33, \""phase\"": 0.6666666666666666, \""preconditioner\"": \""two_level\"", \""rho\"": 0.35, \""tol\"": 1e-08, \""w\"": 1.0, \""wall\"": 0.5}"", ""voxlat_version"": ""0.1.0"", ""git_hash"": ""0977f9f913f3+dirty"", ""resolution"": 32, ""wall_time_s"": 28.87865408000016, ""timestamp_utc"": ""2026-10-09T17:17:41+00:00"", ""python"": ""3.13.16"", ""numpy"": ""2.5.3"", ""platform"": ""Linux-6.18.44-fc-v80-x86_64-with-glibc2.39"", ""extra"": {}}",graded
D-r0.350-N4-p0.6667-g0.050-az1.0000-tw0.500-n32,1,0.34999999999999998,4,0.66666666666666663,0.050000000000000003,1,0.5,32,network,D,95c011af0755,ok,,128,16,4,4.5,0.349945068359375,0.275390625,0.4404296875,-0.003516286247415068,-0.055233920450396989,-0.055246522238079132,-0.055221318326527213,0.013926512877588504,-0.010472611408921195,-0.010430789005141605,-0.010514430277749343,0.016855416171305704,0.022019403447755659,31.608798684000249,0.17365945839251468,0.0030217060729904929,0.0030217060729913351,0.0030217060729896511,0.12236713649202664,0.060622115360021829,0.060622115360022003,0.060622115360021663,0.06746658831183748,0.13278048626135167,-5.8858320665813657e-05,"[[0.1223671365, 0.0588327549, 0.0588327549, -0.0005047554, 0.0, 0.0], [0.0588327549, 0.1327804863, 0.063694196, -0.0014851742, 0.0, 0.0], [0.0588327549, 0.063694196, 0.1327804863, -0.0014851742, 0.0, 0.0], [-0.0005047554, -0.0014851742, -0.0014851742, 0.0674665883, -0.0, 0.0], [0.0, 0.0, 0.0, -0.0, 0.0606221154, -0.0003939273], [0.0, 0.0, 0.0, 0.0, -0.0003939273, 0.0606221154]]",0.349945068359375,0.94082052599969757,8.9674658780004393,21.534640349000256,108,156,135,0.17427224950676137,0.0031983642706891282,0.0031984069327266442,0.0031983216086516122,0.12068639584612582,0.061263706350096647,0.061261117147203746,0.061266295552989548,0.066348260764411027,0.12991973128242004,-5.4220247520880998e-07,"[[0.1206863958, 0.0598998034, 0.0599047886, 2.6961e-06, 2.62952e-05, 3.2611e-05], [0.0598998034, 0.1299160291, 0.06300055, -6.376e-07, 8.5774e-06, 2.77638e-05], [0.0599047886, 0.06300055, 0.1299234334, 2.929e-07, 2.27953e-05, 7.7167e-06], [2.6961e-06, -6.376e-07, 2.929e-07, 0.0663482608, -5.1458e-06, -5.2562e-06], [2.62952e-05, 8.5774e-06, 2.27953e-05, -5.1458e-06, 0.0612662956, -3.5034e-06], [3.2611e-05, 2.77638e-05, 7.7167e-06, -5.2562e-06, -3.5034e-06, 0.0612611171]]",0.34999999999999998,,,,,,,"{""params"": {""w"": 1.0, ""rho"": 0.35, ""N"": 4.0, ""phase"": 0.6666666666666666, ""gradient"": 0.05, ""a_z"": 1.0, ""wall"": 0.5, ""n"": 32, ""kind"": ""network"", ""k_s"": 130.0, ""k_f"": 0.4, ""E"": 70000000000.0, ""nu"": 0.33, ""tol"": 1e-08, ""preconditioner"": ""two_level""}, ""params_json"": ""{\""E\"": 70000000000.0, \""N\"": 4.0, \""a_z\"": 1.0, \""gradient\"": 0.05, \""k_f\"": 0.4, \""k_s\"": 130.0, \""kind\"": \""network\"", \""n\"": 32, \""nu\"": 0.33, \""phase\"": 0.6666666666666666, \""preconditioner\"": \""two_level\"", \""rho\"": 0.35, \""tol\"": 1e-08, \""w\"": 1.0, \""wall\"": 0.5}"", ""voxlat_version"": ""0.1.0"", ""git_hash"": ""0977f9f913f3+dirty"", ""resolution"": 32, ""wall_time_s"": 31.60879868400025, ""timestamp_utc"": ""2026-10-09T17:18:36+00:00"", ""python"": ""3.13.16"", ""numpy"": ""2.5.3"", ""platform"": ""Linux-6.18.44-fc-v80-x86_64-with-glibc2.39"", ""extra"": {}}",graded
D-r0.350-N4-p0.6667-g0.075-az1.0000-tw0.500-n32,1,0.34999999999999998,4,0.66666666666666663,0.074999999999999997,1,0.5,32,network,D,95c011af0755,ok,,128,16,4,4.5,0.350494384765625,0.228515625,0.49609375,-0.0058362717476063697,-0.066149371611924579,-0.06615672986050114,-0.066142013247387332,0.011553882776993651,-0.0054134389043688502,-0.0053887806213565037,-0.0054380959647609695,0.018334109054549241,0.026844582081240409,33.288166061999618,0.16170543053974645,0.0031462426669901285,0.0031462426671588018,0.0031462426668214553,0.11113658178295872,0.055227707801503247,0.055227707801503247,0.05522770780150324,0.068375573322547137,0.134374922639799,-6.963551717044634e-05,"[[0.1111365818, 0.0540052179, 0.0540052179, -0.0002708368, 0.0, 0.0], [0.0540052179, 0.1343749226, 0.0625214018, -0.0019689352, 0.0, 0.0], [0.0540052179, 0.0625214018, 0.1343749226, -0.0019689352, 0.0, 0.0], [-0.0002708368, -0.0019689352, -0.0019689352, 0.0683755733, -0.0, 0.0], [0.0, 0.0, 0.0, -0.0, 0.0552277078, -5.25327e-05], [0.0, 0.0, 0.0, 0.0, -5.25327e-05, 0.0552277078]]",0.350494384765625,0.85873464699943725,8.6596733980004501,23.717096188000141,112,156,152,0.16265472773182227,0.0033691069763703806,0.0033691335235395675,0.0033690804292011941,0.10986718915838496,0.055528306898360566,0.055526930247182679,0.055529683549538439,0.067144538039709767,0.13086198728092205,-3.6128759944418424e-07,"[[0.1098671892, 0.0547554498, 0.0547583978, 1.5697e-06, 1.51088e-05, 1.92627e-05], [0.0547554498, 0.1308597769, 0.0612613324, -5.556e-07, 4.3688e-06, 1.41042e-05], [0.0547583978, 0.0612613324, 0.1308641977, 6.49e-08, 1.04393e-05, 3.3985e-06], [1.5697e-06, -5.556e-07, 6.49e-08, 0.067144538, -1.8567e-06, -1.665e-06], [1.51088e-05, 4.3688e-06, 1.04393e-05, -1.8567e-06, 0.0555296835, -1.8578e-06], [1.92627e-05, 1.41042e-05, 3.3985e-06, -1.665e-06, -1.8578e-06, 0.0555269302]]",0.34999999999999998,,,,,,,"{""params"": {""w"": 1.0, ""rho"": 0.35, ""N"": 4.0, ""phase"": 0.6666666666666666, ""gradient"": 0.075, ""a_z"": 1.0, ""wall"": 0.5, ""n"": 32, ""kind"": ""network"", ""k_s"": 130.0, ""k_f"": 0.4, ""E"": 70000000000.0, ""nu"": 0.33, ""tol"": 1e-08, ""preconditioner"": ""two_level""}, ""params_json"": ""{\""E\"": 70000000000.0, \""N\"": 4.0, \""a_z\"": 1.0, \""gradient\"": 0.075, \""k_f\"": 0.4, \""k_s\"": 130.0, \""kind\"": \""network\"", \""n\"": 32, \""nu\"": 0.33, \""phase\"": 0.6666666666666666, \""preconditioner\"": \""two_level\"", \""rho\"": 0.35, \""tol\"": 1e-08, \""w\"": 1.0, \""wall\"": 0.5}"", ""voxlat_version"": ""0.1.0"", ""git_hash"": ""0977f9f913f3+dirty"", ""resolution"": 32, ""wall_time_s"": 33.28816606199962, ""timestamp_utc"": ""2026-10-09T17:19:18+00:00"", ""python"": ""3.13.16"", ""numpy"": ""2.5.3"", ""platform"": ""Linux-6.18.44-fc-v80-x86_64-with-glibc2.39"", ""extra"": {}}",graded
D-r0.350-N6-p0.0000-g0.000-az1.0000-tw0.500-n32,1,0.34999999999999998,6,0,0,1,0.5,32,network,D,95c011af0755,ok,,192,16,6,6.5,0.349761962890625,0.349609375,0.349853515625,0.00032641264654809099,-0.033209339288181927,-0.033201102331043342,-0.033217574585508114,0.0086283250363796693,-0.0055505764155567849,-0.0055701217688577387,-0.0055310340973382388,0.0098205788980032516,0.017288209901180851,38.614655076999952,0.18222197379564037,0.0029629750985520854,0.0029627017786177877,0.0029632484184863826,0.13017859766233433,0.065391384472485492,0.065385021826411455,0.065397747118559516,0.066407856107174618,0.13131103996020224,7.4842581696338625e-05,"[[0.1301785977, 0.0622891858, 0.0622986874, 0.0009781197, -8.4324e-06, -5.67585e-05], [0.0622891858, 0.1313111054, 0.0632601467, 0.0009839591, -7.2455e-06, -6.40252e-05], [0.0622986874, 0.0632601467, 0.1313109745, 0.0009692328, -1.6649e-06, -3.29569e-05], [0.0009781197, 0.0009839591, 0.0009692328, 0.0664078561, -1.68576e-05, -9.8394e-06], [-8.4324e-06, -7.2455e-06, -1.6649e-06, -1.68576e-05, 0.0653977471, 0.000957612], [-5.67585e-05, -6.40252e-05, -3.29569e-05, -9.8394e-06, 0.000957612, 0.0653850218]]",0.349761962890625,1.1466294320007364,10.100258879000648,27.326076271000602,94,133,121,0.18216251364745883,0.0030647535386518301,0.0030644447214008426,0.0030650623559028175,0.12906498303786879,0.065756370230258182,0.065751264375439003,0.065761476085077361,0.06576203485538408,0.12907948670019265,9.2415616724809881e-07,"[[0.129064983, 0.062853644, 0.0628596215, 4.3316e-06, -6.5604e-06, -5.83926e-05], [0.062853644, 0.129084885, 0.0628624158, 2.96644e-05, -6.0798e-06, -6.59027e-05], [0.0628596215, 0.0628624158, 0.1290740884, 1.35833e-05, -6.5519e-06, -3.2321e-05], [4.3316e-06, 2.96644e-05, 1.35833e-05, 0.0657620349, -1.70627e-05, -9.3108e-06], [-6.5604e-06, -6.0798e-06, -6.5519e-06, -1.70627e-05, 0.0657614761, 1.2948e-06], [-5.83926e-05, -6.59027e-05, -3.2321e-05, -9.3108e-06, 1.2948e-06, 0.0657512644]]",0.349761962890625,0.19544657599999482,1.4943661810002595,3.3558204400001159,74,117,100,"{""params"": {""w"": 1.0, ""rho"": 0.35, ""N"": 6.0, ""phase"": 0.0, ""gradient"": 0.0, ""a_z"": 1.0, ""wall"": 0.5, ""n"": 32, ""kind"": ""network"", ""k_s"": 130.0, ""k_f"": 0.4, ""E"": 70000000000.0, ""nu"": 0.33, ""tol"": 1e-08, ""preconditioner"": ""two_level""}, ""params_json"": ""{\""E\"": 70000000000.0, \""N\"": 6.0, \""a_z\"": 1.0, \""gradient\"": 0.0, \""k_f\"": 0.4, \""k_s\"": 130.0, \""kind\"": \""network\"", \""n\"": 32, \""nu\"": 0.33, \""phase\"": 0.0, \""preconditioner\"": \""two_level\"", \""rho\"": 0.35, \""tol\"": 1e-08, \""w\"": 1.0, \""wall\"": 0.5}"", ""voxlat_version"": ""0.1.0"", ""git_hash"": ""0977f9f913f3+dirty"", ""resolution"": 32, ""wall_time_s"": 38.61465507699995, ""timestamp_utc"": ""2026-10-09T17:05:23+00:00"", ""python"": ""3.13.16"", ""numpy"": ""2.5.3"", ""platform"": ""Linux-6.18.44-fc-v80-x86_64-with-glibc2.39"", ""extra"": {}}",uniform
D-r0.350-N6-p0.1250-g0.000-az1.0000-tw0.500-n32,1,0.34999999999999998,6,0.125,0,1,0.5,32,network,D,95c011af0755,ok,,192,16,6,6.5,0.349853515625,0.349609375,0.350341796875,-0.0038408859378065152,-0.034713945085886544,-0.034706176891098228,-0.03472171096264709,0.0035130118333897009,-0.0086559167225771505,-0.0086542006548269157,-0.0086576323902121111,0.01420620737828493,0.015244183768395203,42.139264663000176,0.18155985646549103,0.0029570978082265301,0.0029566803375612053,0.0029575152788918549,0.12960188506802103,0.06521561517149603,0.06520812439332109,0.065223105949670998,0.066732998605363719,0.13112404454006626,5.8483138368247204e-07,"[[0.1296018851, 0.0621421853, 0.0621504936, -9.2257e-06, -3.31489e-05, -4.77692e-05], [0.0621421853, 0.1311317833, 0.0636201192, -1.26142e-05, -9.8701e-06, -5.2935e-05], [0.0621504936, 0.0636201192, 0.1311163057, -2.50102e-05, -1.05632e-05, -2.39979e-05], [-9.2257e-06, -1.26142e-05, -2.50102e-05, 0.0667329986, -2.44479e-05, -1.99641e-05], [-3.31489e-05, -9.8701e-06, -1.05632e-05, -2.44479e-05, 0.0652231059, -8.9522e-06], [-4.77692e-05, -5.2935e-05, -2.39979e-05, -1.99641e-05, -8.9522e-06, 0.0652081244]]",0.349853515625,1.1255356129995562,12.342280749000565,28.636642552999547,99,159,126,0.18225989593682085,0.0030634419643508042,0.0030629848309177885,0.0030638990977838198,0.12914818596247407,0.065785045042979051,0.065777374995076271,0.065792715090881818,0.065798254950408946,0.1291551792528951,5.4149045521811228e-07,"[[0.129148186, 0.0629017978, 0.0629106516, -1.18172e-05, -3.40586e-05, -4.85778e-05], [0.0629017978, 0.12916307, 0.062916357, -1.54792e-05, -9.1973e-06, -5.2532e-05], [0.0629106516, 0.062916357, 0.1291472886, -2.80264e-05, -1.07549e-05, -2.22906e-05], [-1.18172e-05, -1.54792e-05, -2.80264e-05, 0.065798255, -2.27887e-05, -1.90016e-05], [-3.40586e-05, -9.1973e-06, -1.07549e-05, -2.27887e-05, 0.0657927151, -1.23293e-05], [-4.85778e-05, -5.2532e-05, -2.22906e-05, -1.90016e-05, -1.23293e-05, 0.065777375]]",0.349853515625,0.14511473499987915,1.3722698819992729,3.7568569510003726,84,117,121,"{""params"": {""w"": 1.0, ""rho"": 0.35, ""N"": 6.0, ""phase"": 0.125, ""gradient"": 0.0, ""a_z"": 1.0, ""wall"": 0.5, ""n"": 32, ""kind"": ""network"", ""k_s"": 130.0, ""k_f"": 0.4, ""E"": 70000000000.0, ""nu"": 0.33, ""tol"": 1e-08, ""preconditioner"": ""two_level""}, ""params_json"": ""{\""E\"": 70000000000.0, \""N\"": 6.0, \""a_z\"": 1.0, \""gradient\"": 0.0, \""k_f\"": 0.4, \""k_s\"": 130.0, \""kind\"": \""network\"", \""n\"": 32, \""nu\"": 0.33, \""phase\"": 0.125, \""preconditioner\"": \""two_level\"", \""rho\"": 0.35, \""tol\"": 1e-08, \""w\"": 1.0, \""wall\"": 0.5}"", ""voxlat_version"": ""0.1.0"", ""git_hash"": ""0977f9f913f3+dirty"", ""resolution"": 32, ""wall_time_s"": 42.139264663000176, ""timestamp_utc"": ""2026-10-09T17:56:47+00:00"", ""python"": ""3.13.16"", ""numpy"": ""2.5.3"", ""platform"": ""Linux-6.18.44-fc-v80-x86_64-with-glibc2.39"", ""extra"": {}}",uniform
D-r0.350-N6-p0.3333-g0.000-az1.0000-tw0.500-n32,1,0.34999999999999998,6,0.33333333333333331,0,1,0.5,32,network,D,95c011af0755,ok,,192,16,6,6.5,0.35003662109375,0.328125,0.3720703125,-8.8250867147365852e-07,-0.033923053721829466,-0.033959272890330849,-0.033886831837340203,0.0090220721090843448,-0.0060958494545465536,-0.0061378236468430103,-0.0060538717166734868,0.013620450377753501,0.016025521712653257,41.095260468000561,0.1840570950707667,0.0029759407580026995,0.0029759407580027004,0.0029759407580026986,0.13152926149591759,0.065633633985064541,0.065633633985064513,0.065633633985064554,0.065693508043947538,0.13096183120535532,-3.899422519329227e-05,"[[0.1315292615, 0.0636660106, 0.0636660106, -0.0006245192, -3.439e-06, -3.439e-06], [0.0636660106, 0.1309618312, 0.0633082409, -0.0005980226, -2.1248e-06, -1.06544e-05], [0.0636660106, 0.0633082409, 0.1309618312, -0.0005980226, -1.06544e-05, -2.1248e-06], [-0.0006245192, -0.0005980226, -0.0005980226, 0.065693508, -4.9989e-06, -4.9989e-06], [-3.439e-06, -2.1248e-06, -1.06544e-05, -4.9989e-06, 0.065633634, -0.0005736019], [-3.439e-06, -1.06544e-05, -2.1248e-06, -4.9989e-06, -0.0005736019, 0.065633634]]",0.35003662109375,0.9316382449997036,10.718319134000012,29.418243066999821,97,141,127,0.18405725750289248,0.0030804386435962132,0.0030805541365802672,0.0030803231506121589,0.13035320547645868,0.066036180600558783,0.066038969533882719,0.066033391667234861,0.064810756353095522,0.12889620231645443,4.4830753281695419e-07,"[[0.1303532055, 0.0642933834, 0.0642874276, 4.343e-07, 1.3861e-06, 7.5808e-06], [0.0642933834, 0.1288947475, 0.0626879317, 1.62926e-05, 1.3184e-06, 6.6106e-06], [0.0642874276, 0.0626879317, 0.1288976571, 1.93289e-05, -1.0036e-06, 5.0035e-06], [4.343e-07, 1.62926e-05, 1.93289e-05, 0.0648107564, -7.5402e-06, -3.8424e-06], [1.3861e-06, 1.3184e-06, -1.0036e-06, -7.5402e-06, 0.0660333917, -1.6628e-06], [7.5808e-06, 6.6106e-06, 5.0035e-06, -3.8424e-06, -1.6628e-06, 0.0660389695]]",0.350006103515625,0.14265000599971245,1.2520230680001987,3.4754501750003328,82,122,113,"{""params"": {""w"": 1.0, ""rho"": 0.35, ""N"": 6.0, ""phase"": 0.3333333333333333, ""gradient"": 0.0, ""a_z"": 1.0, ""wall"": 0.5, ""n"": 32, ""kind"": ""network"", ""k_s"": 130.0, ""k_f"": 0.4, ""E"": 70000000000.0, ""nu"": 0.33, ""tol"": 1e-08, ""preconditioner"": ""two_level""}, ""params_json"": ""{\""E\"": 70000000000.0, \""N\"": 6.0, \""a_z\"": 1.0, \""gradient\"": 0.0, \""k_f\"": 0.4, \""k_s\"": 130.0, \""kind\"": \""network\"", \""n\"": 32, \""nu\"": 0.33, \""phase\"": 0.3333333333333333, \""preconditioner\"": \""two_level\"", \""rho\"": 0.35, \""tol\"": 1e-08, \""w\"": 1.0, \""wall\"": 0.5}"", ""voxlat_version"": ""0.1.0"", ""git_hash"": ""0977f9f913f3+dirty"", ""resolution"": 32, ""wall_time_s"": 41.09526046800056, ""timestamp_utc"": ""2026-10-09T17:05:47+00:00"", ""python"": ""3.13.16"", ""numpy"": ""2.5.3"", ""platform"": ""Linux-6.18.44-fc-v80-x86_64-with-glibc2.39"", ""extra"": {}}",uniform
D-r0.350-N6-p0.6667-g0.000-az1.0000-tw0.500-n32,1,0.34999999999999998,6,0.66666666666666663,0,1,0.5,32,network,D,95c011af0755,ok,,192,16,6,6.5,0.35003662109375,0.3720703125,0.328125,7.4582520823041065e-05,-0.034080837152199228,-0.034080837152198895,-0.034080837152199783,0.0090555136912895406,-0.0060444438518877375,-0.0060444438518900689,-0.006044443851885295,0.013886369528789411,0.016199706495568567,39.919974112000091,0.18405702921911682,0.0029759407884515196,0.0029759407884515201,0.0029759407884515192,0.13152929640066796,0.065633619458394646,0.065633619458394465,0.06563361945839484,0.065693537772063965,0.13096182177496729,-3.8994254184100308e-05,"[[0.1315292964, 0.0636659898, 0.0636659898, -0.0006245494, -3.4285e-06, -3.4285e-06], [0.0636659898, 0.1309618218, 0.0633082994, -0.0005979976, -2.1063e-06, -1.06843e-05], [0.0636659898, 0.0633082994, 0.1309618218, -0.0005979976, -1.06843e-05, -2.1063e-06], [-0.0006245494, -0.0005979976, -0.0005979976, 0.0656935378, -5.0084e-06, -5.0084e-06], [-3.4285e-06, -2.1063e-06, -1.06843e-05, -5.0084e-06, 0.0656336195, -0.0005735797], [-3.4285e-06, -1.06843e-05, -2.1063e-06, -5.0084e-06, -0.0005735797, 0.0656336195]]",0.35003662109375,1.1121784020006089,10.78610319299969,27.982181618000141,97,140,125,0.18404330280565298,0.0030809418664783615,0.0030809418664783607,0.0030809418664783628,0.13034891997122372,0.066032750712461827,0.066032750712461785,0.066032750712461855,0.064793787298467659,0.12887409919315737,-2.3691537056821921e-10,"[[0.13034892, 0.0642886739, 0.0642886739, -2.95e-08, -9.5682e-06, -9.5682e-06], [0.0642886739, 0.1288740992, 0.062670736, -2.161e-07, -4.6288e-06, -1.71851e-05], [0.0642886739, 0.062670736, 0.1288740992, -2.161e-07, -1.71851e-05, -4.6288e-06], [-2.95e-08, -2.161e-07, -2.161e-07, 0.0647937873, -3.94e-07, -3.94e-07], [-9.5682e-06, -4.6288e-06, -1.71851e-05, -3.94e-07, 0.0660327507, 3.5e-08], [-9.5682e-06, -1.71851e-05, -4.6288e-06, -3.94e-07, 3.5e-08, 0.0660327507]]",0.3499755859375,0.12641142200027389,1.4995393180001884,3.4263576270000158,82,120,114,"{""params"": {""w"": 1.0, ""rho"": 0.35, ""N"": 6.0, ""phase"": 0.6666666666666666, ""gradient"": 0.0, ""a_z"": 1.0, ""wall"": 0.5, ""n"": 32, ""kind"": ""network"", ""k_s"": 130.0, ""k_f"": 0.4, ""E"": 70000000000.0, ""nu"": 0.33, ""tol"": 1e-08, ""preconditioner"": ""two_level""}, ""params_json"": ""{\""E\"": 70000000000.0, \""N\"": 6.0, \""a_z\"": 1.0, \""gradient\"": 0.0, \""k_f\"": 0.4, \""k_s\"": 130.0, \""kind\"": \""network\"", \""n\"": 32, \""nu\"": 0.33, \""phase\"": 0.6666666666666666, \""preconditioner\"": \""two_level\"", \""rho\"": 0.35, \""tol\"": 1e-08, \""w\"": 1.0, \""wall\"": 0.5}"", ""voxlat_version"": ""0.1.0"", ""git_hash"": ""0977f9f913f3+dirty"", ""resolution"": 32, ""wall_time_s"": 39.91997411200009, ""timestamp_utc"": ""2026-10-09T17:06:03+00:00"", ""python"": ""3.13.16"", ""numpy"": ""2.5.3"", ""platform"": ""Linux-6.18.44-fc-v80-x86_64-with-glibc2.39"", ""extra"": {}}",uniform
D-r0.350-N8-p0.0000-g0.000-az1.0000-tw0.500-n32,1,0.34999999999999998,8,0,0,1,0.5,32,network,D,95c011af0755,ok,,256,16,8,8.5,0.349761962890625,0.349609375,0.349853515625,0.00024478950931339227,-0.024907006223681916,-0.024900828654128793,-0.024913182548405355,0.0064573146505559897,-0.0042085416766423078,-0.0042232416658417593,-0.0041938439701171282,0.0073445310670736674,0.012962601191302436,52.364575134999995,0.18220710511978988,0.0029884197031905778,0.0029881375084731907,0.0029887018979079653,0.12989839624371297,0.065479631805639413,0.065473580896146868,0.065485682715131971,0.066245026163413434,0.13075269260826528,5.636214212591746e-05,"[[0.1298983962, 0.0624312116, 0.0624398265, 0.0007331007, -7.9691e-06, -5.71625e-05], [0.0624312116, 0.1307540884, 0.063160255, 0.0007461822, -6.9613e-06, -6.44883e-05], [0.0624398265, 0.063160255, 0.1307512968, 0.0007311122, -2.8806e-06, -3.28108e-05], [0.0007331007, 0.0007461822, 0.0007311122, 0.0662450262, -1.69057e-05, -9.7103e-06], [-7.9691e-06, -6.9613e-06, -2.8806e-06, -1.69057e-05, 0.0654856827, 0.000720537], [-5.71625e-05, -6.44883e-05, -3.28108e-05, -9.7103e-06, 0.000720537, 0.0654735809]]",0.349761962890625,1.4974730239996461,14.698550810000143,36.119594646000223,93,127,121,0.18216251364745883,0.0030647535386518301,0.0030644447214008426,0.0030650623559028175,0.12906498303786879,0.065756370230258182,0.065751264375439003,0.065761476085077361,0.06576203485538408,0.12907948670019265,9.2415616724809881e-07,"[[0.129064983, 0.062853644, 0.0628596215, 4.3316e-06, -6.5604e-06, -5.83926e-05], [0.062853644, 0.129084885, 0.0628624158, 2.96644e-05, -6.0798e-06, -6.59027e-05], [0.0628596215, 0.0628624158, 0.1290740884, 1.35833e-05, -6.5519e-06, -3.2321e-05], [4.3316e-06, 2.96644e-05, 1.35833e-05, 0.0657620349, -1.70627e-05, -9.3108e-06], [-6.5604e-06, -6.0798e-06, -6.5519e-06, -1.70627e-05, 0.0657614761, 1.2948e-06], [-5.83926e-05, -6.59027e-05, -3.2321e-05, -9.3108e-06, 1.2948e-06, 0.0657512644]]",0.349761962890625,0.19544657599999482,1.4943661810002595,3.3558204400001159,74,117,100,"{""params"": {""w"": 1.0, ""rho"": 0.35, ""N"": 8.0, ""phase"": 0.0, ""gradient"": 0.0, ""a_z"": 1.0, ""wall"": 0.5, ""n"": 32, ""kind"": ""network"", ""k_s"": 130.0, ""k_f"": 0.4, ""E"": 70000000000.0, ""nu"": 0.33, ""tol"": 1e-08, ""preconditioner"": ""two_level""}, ""params_json"": ""{\""E\"": 70000000000.0, \""N\"": 8.0, \""a_z\"": 1.0, \""gradient\"": 0.0, \""k_f\"": 0.4, \""k_s\"": 130.0, \""kind\"": \""network\"", \""n\"": 32, \""nu\"": 0.33, \""phase\"": 0.0, \""preconditioner\"": \""two_level\"", \""rho\"": 0.35, \""tol\"": 1e-08, \""w\"": 1.0, \""wall\"": 0.5}"", ""voxlat_version"": ""0.1.0"", ""git_hash"": ""0977f9f913f3+dirty"", ""resolution"": 32, ""wall_time_s"": 52.364575134999995, ""timestamp_utc"": ""2026-10-09T16:48:21+00:00"", ""python"": ""3.13.16"", ""numpy"": ""2.5.3"", ""platform"": ""Linux-6.18.44-fc-v80-x86_64-with-glibc2.39"", ""extra"": {}}",uniform
D-r0.350-N8-p0.1250-g0.000-az1.0000-tw0.500-n32,1,0.34999999999999998,8,0.125,0,1,0.5,32,network,D,95c011af0755,ok,,256,16,8,8.5,0.349853515625,0.349609375,0.350341796875,-0.0028834331878508923,-0.026035457363611902,-0.026029633388599094,-0.026041279600751865,0.0026324468762071174,-0.0065060168988899658,-0.0065047242571235619,-0.0065073092392662346,0.010654655226160381,0.011426652678489857,54.694267384000341,0.18173436170406235,0.0029836838517020492,0.0029832564586941583,0.00298411124470994,0.1294881617011788,0.065357046428235185,0.065349511308375893,0.065364581548094505,0.066499312671388561,0.13063099062784603,5.7329793892300165e-07,"[[0.1294881617, 0.0623325883, 0.0623410334, -9.8753e-06, -3.33752e-05, -4.79703e-05], [0.0623325883, 0.130638768, 0.0634433411, -1.33276e-05, -9.7023e-06, -5.28344e-05], [0.0623410334, 0.0634433411, 0.1306232133, -2.57614e-05, -1.06101e-05, -2.35734e-05], [-9.8753e-06, -1.33276e-05, -2.57614e-05, 0.0664993127, -2.40358e-05, -1.9725e-05], [-3.33752e-05, -9.7023e-06, -1.06101e-05, -2.40358e-05, 0.0653645815, -9.7856e-06], [-4.79703e-05, -5.28344e-05, -2.35734e-05, -1.9725e-05, -9.7856e-06, 0.0653495113]]",0.349853515625,1.4054137289995197,16.871681308000007,36.38649011599955,99,144,126,0.18225989593682085,0.0030634419643508042,0.0030629848309177885,0.0030638990977838198,0.12914818596247407,0.065785045042979051,0.065777374995076271,0.065792715090881818,0.065798254950408946,0.1291551792528951,5.4149045521811228e-07,"[[0.129148186, 0.0629017978, 0.0629106516, -1.18172e-05, -3.40586e-05, -4.85778e-05], [0.0629017978, 0.12916307, 0.062916357, -1.54792e-05, -9.1973e-06, -5.2532e-05], [0.0629106516, 0.062916357, 0.1291472886, -2.80264e-05, -1.07549e-05, -2.22906e-05], [-1.18172e-05, -1.54792e-05, -2.80264e-05, 0.065798255, -2.27887e-05, -1.90016e-05], [-3.40586e-05, -9.1973e-06, -1.07549e-05, -2.27887e-05, 0.0657927151, -1.23293e-05], [-4.85778e-05, -5.2532e-05, -2.22906e-05, -1.90016e-05, -1.23293e-05, 0.065777375]]",0.349853515625,0.14511473499987915,1.3722698819992729,3.7568569510003726,84,117,121,"{""params"": {""w"": 1.0, ""rho"": 0.35, ""N"": 8.0, ""phase"": 0.125, ""gradient"": 0.0, ""a_z"": 1.0, ""wall"": 0.5, ""n"": 32, ""kind"": ""network"", ""k_s"": 130.0, ""k_f"": 0.4, ""E"": 70000000000.0, ""nu"": 0.33, ""tol"": 1e-08, ""preconditioner"": ""two_level""}, ""params_json"": ""{\""E\"": 70000000000.0, \""N\"": 8.0, \""a_z\"": 1.0, \""gradient\"": 0.0, \""k_f\"": 0.4, \""k_s\"": 130.0, \""kind\"": \""network\"", \""n\"": 32, \""nu\"": 0.33, \""phase\"": 0.125, \""preconditioner\"": \""two_level\"", \""rho\"": 0.35, \""tol\"": 1e-08, \""w\"": 1.0, \""wall\"": 0.5}"", ""voxlat_version"": ""0.1.0"", ""git_hash"": ""0977f9f913f3+dirty"", ""resolution"": 32, ""wall_time_s"": 54.69426738400034, ""timestamp_utc"": ""2026-10-09T17:54:39+00:00"", ""python"": ""3.13.16"", ""numpy"": ""2.5.3"", ""platform"": ""Linux-6.18.44-fc-v80-x86_64-with-glibc2.39"", ""extra"": {}}",uniform
D-r0.350-N8-p0.3333-g0.000-az1.0000-tw0.500-n32,1,0.34999999999999998,8,0.33333333333333331,0,1,0.5,32,network,D,95c011af0755,ok,,256,16,8,8.5,0.35003662109375,0.328125,0.3720703125,1.8330350931350381e-05,-0.025483037350224946,-0.025519572943185298,-0.025446499017548696,0.0067597365946965304,-0.0045803948760779756,-0.0046224330684967452,-0.0045383531326766979,0.01027158250960758,0.012057129147758916,54.198008097000184,0.18406063133701397,0.0030019397105863748,0.0030019397105863757,0.0030019397105863739,0.1312343588097539,0.065733708817300229,0.065733708817299841,0.06573370881730059,0.065476465384486413,0.13045032047443958,-2.9467577126861421e-05,"[[0.1312343588, 0.0638235887, 0.0638235887, -0.0004675604, -3.4302e-06, -3.4302e-06], [0.0638235887, 0.1304503205, 0.0631568402, -0.0004581077, -1.8459e-06, -1.03902e-05], [0.0638235887, 0.0631568402, 0.1304503205, -0.0004581077, -1.03902e-05, -1.8459e-06], [-0.0004675604, -0.0004581077, -0.0004581077, 0.0654764654, -4.7649e-06, -4.7649e-06], [-3.4302e-06, -1.8459e-06, -1.03902e-05, -4.7649e-06, 0.0657337088, -0.0004306983], [-3.4302e-06, -1.03902e-05, -1.8459e-06, -4.7649e-06, -0.0004306983, 0.0657337088]]",0.35003662109375,1.6848818139997093,15.733801498000048,36.739436766999916,96,137,126,0.18405725750289248,0.0030804386435962132,0.0030805541365802672,0.0030803231506121589,0.13035320547645868,0.066036180600558783,0.066038969533882719,0.066033391667234861,0.064810756353095522,0.12889620231645443,4.4830753281695419e-07,"[[0.1303532055, 0.0642933834, 0.0642874276, 4.343e-07, 1.3861e-06, 7.5808e-06], [0.0642933834, 0.1288947475, 0.0626879317, 1.62926e-05, 1.3184e-06, 6.6106e-06], [0.0642874276, 0.0626879317, 0.1288976571, 1.93289e-05, -1.0036e-06, 5.0035e-06], [4.343e-07, 1.62926e-05, 1.93289e-05, 0.0648107564, -7.5402e-06, -3.8424e-06], [1.3861e-06, 1.3184e-06, -1.0036e-06, -7.5402e-06, 0.0660333917, -1.6628e-06], [7.5808e-06, 6.6106e-06, 5.0035e-06, -3.8424e-06, -1.6628e-06, 0.0660389695]]",0.350006103515625,0.14265000599971245,1.2520230680001987,3.4754501750003328,82,122,113,"{""params"": {""w"": 1.0, ""rho"": 0.35, ""N"": 8.0, ""phase"": 0.3333333333333333, ""gradient"": 0.0, ""a_z"": 1.0, ""wall"": 0.5, ""n"": 32, ""kind"": ""network"", ""k_s"": 130.0, ""k_f"": 0.4, ""E"": 70000000000.0, ""nu"": 0.33, ""tol"": 1e-08, ""preconditioner"": ""two_level""}, ""params_json"": ""{\""E\"": 70000000000.0, \""N\"": 8.0, \""a_z\"": 1.0, \""gradient\"": 0.0, \""k_f\"": 0.4, \""k_s\"": 130.0, \""kind\"": \""network\"", \""n\"": 32, \""nu\"": 0.33, \""phase\"": 0.3333333333333333, \""preconditioner\"": \""two_level\"", \""rho\"": 0.35, \""tol\"": 1e-08, \""w\"": 1.0, \""wall\"": 0.5}"", ""voxlat_version"": ""0.1.0"", ""git_hash"": ""0977f9f913f3+dirty"", ""resolution"": 32, ""wall_time_s"": 54.198008097000184, ""timestamp_utc"": ""2026-10-09T16:48:37+00:00"", ""python"": ""3.13.16"", ""numpy"": ""2.5.3"", ""platform"": ""Linux-6.18.44-fc-v80-x86_64-with-glibc2.39"", ""extra"": {}}",uniform
D-r0.350-N8-p0.6667-g0.000-az1.0000-tw0.500-n32,1,0.34999999999999998,8,0.66666666666666663,0,1,0.5,32,network,D,95c011af0755,ok,,256,16,8,8.5,0.35003662109375,0.3720703125,0.328125,9.3787501992625977e-05,-0.025642195013932056,-0.025642195013931834,-0.025642195013932501,0.0067931147733077957,-0.0045289165601696268,-0.0045289165601650749,-0.0045289165601739567,0.010536620470238622,0.012230635072051133,54.279925718999948,0.18406056376728161,0.0030019397543115355,0.0030019397543115355,0.0030019397543115355,0.13123439514516494,0.065733693894246603,0.065733693894246867,0.065733693894246353,0.065476494844060984,0.1304503112706282,-2.9467679293178152e-05,"[[0.1312343951, 0.0638235671, 0.0638235671, -0.0004675918, -3.4194e-06, -3.4194e-06], [0.0638235671, 0.1304503113, 0.063156897, -0.0004580832, -1.8275e-06, -1.04201e-05], [0.0638235671, 0.063156897, 0.1304503113, -0.0004580832, -1.04201e-05, -1.8275e-06], [-0.0004675918, -0.0004580832, -0.0004580832, 0.0654764948, -4.7744e-06, -4.7744e-06], [-3.4194e-06, -1.8275e-06, -1.04201e-05, -4.7744e-06, 0.0657336939, -0.0004306759], [-3.4194e-06, -1.04201e-05, -1.8275e-06, -4.7744e-06, -0.0004306759, 0.0657336939]]",0.35003662109375,1.5010629419998622,14.471634196000196,38.26257894299988,96,136,124,0.18404330280565298,0.0030809418664783615,0.0030809418664783607,0.0030809418664783628,0.13034891997122372,0.066032750712461827,0.066032750712461785,0.066032750712461855,0.064793787298467659,0.12887409919315737,-2.3691537056821921e-10,"[[0.13034892, 0.0642886739, 0.0642886739, -2.95e-08, -9.5682e-06, -9.5682e-06], [0.0642886739, 0.1288740992, 0.062670736, -2.161e-07, -4.6288e-06, -1.71851e-05], [0.0642886739, 0.062670736, 0.1288740992, -2.161e-07, -1.71851e-05, -4.6288e-06], [-2.95e-08, -2.161e-07, -2.161e-07, 0.0647937873, -3.94e-07, -3.94e-07], [-9.5682e-06, -4.6288e-06, -1.71851e-05, -3.94e-07, 0.0660327507, 3.5e-08], [-9.5682e-06, -1.71851e-05, -4.6288e-06, -3.94e-07, 3.5e-08, 0.0660327507]]",0.3499755859375,0.12641142200027389,1.4995393180001884,3.4263576270000158,82,120,114,"{""params"": {""w"": 1.0, ""rho"": 0.35, ""N"": 8.0, ""phase"": 0.6666666666666666, ""gradient"": 0.0, ""a_z"": 1.0, ""wall"": 0.5, ""n"": 32, ""kind"": ""network"", ""k_s"": 130.0, ""k_f"": 0.4, ""E"": 70000000000.0, ""nu"": 0.33, ""tol"": 1e-08, ""preconditioner"": ""two_level""}, ""params_json"": ""{\""E\"": 70000000000.0, \""N\"": 8.0, \""a_z\"": 1.0, \""gradient\"": 0.0, \""k_f\"": 0.4, \""k_s\"": 130.0, \""kind\"": \""network\"", \""n\"": 32, \""nu\"": 0.33, \""phase\"": 0.6666666666666666, \""preconditioner\"": \""two_level\"", \""rho\"": 0.35, \""tol\"": 1e-08, \""w\"": 1.0, \""wall\"": 0.5}"", ""voxlat_version"": ""0.1.0"", ""git_hash"": ""0977f9f913f3+dirty"", ""resolution"": 32, ""wall_time_s"": 54.27992571899995, ""timestamp_utc"": ""2026-10-09T16:49:15+00:00"", ""python"": ""3.13.16"", ""numpy"": ""2.5.3"", ""platform"": ""Linux-6.18.44-fc-v80-x86_64-with-glibc2.39"", ""extra"": {}}",uniform
D-r0.450-N1-p0.0000-g0.000-az1.0000-tw0.500-n32,1,0.45000000000000001,1,0,0,1,0.5,32,network,D,95c011af0755,ok,,32,16,1,1.5,0.45001220703125,0.44970703125,0.44970703125,-0.019878164874252313,-0.19471636908389311,-0.19471636908389278,-0.19471636908389334,0.017626797391297577,-0.040389828920871951,-0.040389828920870952,-0.040389828920873283,0.051407257790238026,0.091372567965516627,10.808573706000061,0.2573381082219402,0.0014517622672198674,0.0014517622672198672,0.0014517622672198676,0.20896098534409424,0.094294984156560957,0.094294984156561137,0.094294984156560749,0.10331531876525783,0.22410405048708421,0.00029382512342180939,"[[0.2089609853, 0.0909935228, 0.0909935228, 0.0066700191, 3.87831e-05, 3.87831e-05], [0.0909935228, 0.2241040505, 0.1012913385, 0.0075322773, -3.0085e-06, 3.85802e-05], [0.0909935228, 0.1012913385, 0.2241040505, 0.0075322773, 3.85802e-05, -3.0085e-06], [0.0066700191, 0.0075322773, 0.0075322773, 0.1033153188, -3.1985e-06, -3.1985e-06], [3.87831e-05, -3.0085e-06, 3.85802e-05, -3.1985e-06, 0.0942949842, 0.0061709007], [3.87831e-05, 3.85802e-05, -3.0085e-06, -3.1985e-06, 0.0061709007, 0.0942949842]]",0.45001220703125,0.20388185000047088,1.3663046789997679,9.2170221679998576,92,184,119,0.26255726482098446,0.0018027961968732848,0.0018027961968732837,0.0018027961968732856,0.20534147280689644,0.098263844005031423,0.09826384400503152,0.098263844005031339,0.09826384400503145,0.20534147280689674,-5.9723188616988074e-07,"[[0.2053414728, 0.0971254703, 0.0971254703, 4.9193e-06, 4.42038e-05, 4.42038e-05], [0.0971254703, 0.2053414728, 0.0971254703, 4.42038e-05, 4.9193e-06, 4.42038e-05], [0.0971254703, 0.0971254703, 0.2053414728, 4.42038e-05, 4.42038e-05, 4.9193e-06], [4.9193e-06, 4.42038e-05, 4.42038e-05, 0.098263844, -5.1547e-06, -5.1547e-06], [4.42038e-05, 4.9193e-06, 4.42038e-05, -5.1547e-06, 0.098263844, -5.1547e-06], [4.42038e-05, 4.42038e-05, 4.9193e-06, -5.1547e-06, -5.1547e-06, 0.098263844]]",0.45001220703125,0.20213353400004053,1.2637357439998596,3.947832438000205,79,121,101,"{""params"": {""w"": 1.0, ""rho"": 0.45, ""N"": 1.0, ""phase"": 0.0, ""gradient"": 0.0, ""a_z"": 1.0, ""wall"": 0.5, ""n"": 32, ""kind"": ""network"", ""k_s"": 130.0, ""k_f"": 0.4, ""E"": 70000000000.0, ""nu"": 0.33, ""tol"": 1e-08, ""preconditioner"": ""two_level""}, ""params_json"": ""{\""E\"": 70000000000.0, \""N\"": 1.0, \""a_z\"": 1.0, \""gradient\"": 0.0, \""k_f\"": 0.4, \""k_s\"": 130.0, \""kind\"": \""network\"", \""n\"": 32, \""nu\"": 0.33, \""phase\"": 0.0, \""preconditioner\"": \""two_level\"", \""rho\"": 0.45, \""tol\"": 1e-08, \""w\"": 1.0, \""wall\"": 0.5}"", ""voxlat_version"": ""0.1.0"", ""git_hash"": ""0977f9f913f3+dirty"", ""resolution"": 32, ""wall_time_s"": 10.808573706000061, ""timestamp_utc"": ""2026-10-09T17:41:13+00:00"", ""python"": ""3.13.16"", ""numpy"": ""2.5.3"", ""platform"": ""Linux-6.18.44-fc-v80-x86_64-with-glibc2.39"", ""extra"": {}}",uniform
D-r0.450-N1-p0.1250-g0.000-az1.0000-tw0.500-n32,1,0.45000000000000001,1,0.125,0,1,0.5,32,network,D,95c011af0755,ok,,32,16,1,1.5,0.45001220703125,0.4501953125,0.44970703125,0.012839922470058829,-0.18260097599832481,-0.18260097599832525,-0.18260097599832437,0.075800203529444499,-0.033015485411978296,-0.033015485411980627,-0.033015485411975853,0.058093820901433224,0.064027173381370872,10.098474868000267,0.26592847974523659,0.0014736038517981546,0.0014736038517981541,0.0014736038517981552,0.2209063982386941,0.095019615496758553,0.095019615496758442,0.095019615496758664,0.10397236615974614,0.2184889068886896,-2.4574565465537972e-07,"[[0.2209063982, 0.0918227299, 0.0918227299, 8.8444e-06, 2.82526e-05, 2.82526e-05], [0.0918227299, 0.2184889069, 0.1018242327, 4.25513e-05, 2.6264e-06, 4.14004e-05], [0.0918227299, 0.1018242327, 0.2184889069, 4.25513e-05, 4.14004e-05, 2.6264e-06], [8.8444e-06, 4.25513e-05, 4.25513e-05, 0.1039723662, -4.762e-07, -4.762e-07], [2.82526e-05, 2.6264e-06, 4.14004e-05, -4.762e-07, 0.0950196155, -1.4049e-06], [2.82526e-05, 4.14004e-05, 2.6264e-06, -4.762e-07, -1.4049e-06, 0.0950196155]]",0.45001220703125,0.20948510600101145,1.5139671399992949,8.3611566449999373,90,196,113,0.26255726482098446,0.0018027961968732843,0.0018027961968732848,0.0018027961968732841,0.20534147280689555,0.098263844005031589,0.098263844005031714,0.09826384400503145,0.098263844005031478,0.20534147280689641,-5.9723188616990107e-07,"[[0.2053414728, 0.0971254703, 0.0971254703, 4.9193e-06, 4.42038e-05, 4.42038e-05], [0.0971254703, 0.2053414728, 0.0971254703, 4.42038e-05, 4.9193e-06, 4.42038e-05], [0.0971254703, 0.0971254703, 0.2053414728, 4.42038e-05, 4.42038e-05, 4.9193e-06], [4.9193e-06, 4.42038e-05, 4.42038e-05, 0.098263844, -5.1547e-06, -5.1547e-06], [4.42038e-05, 4.9193e-06, 4.42038e-05, -5.1547e-06, 0.098263844, -5.1547e-06], [4.42038e-05, 4.42038e-05, 4.9193e-06, -5.1547e-06, -5.1547e-06, 0.098263844]]",0.45001220703125,0.17714966600033222,1.1598786770000515,4.45651876500051,78,121,109,"{""params"": {""w"": 1.0, ""rho"": 0.45, ""N"": 1.0, ""phase"": 0.125, ""gradient"": 0.0, ""a_z"": 1.0, ""wall"": 0.5, ""n"": 32, ""kind"": ""network"", ""k_s"": 130.0, ""k_f"": 0.4, ""E"": 70000000000.0, ""nu"": 0.33, ""tol"": 1e-08, ""preconditioner"": ""two_level""}, ""params_json"": ""{\""E\"": 70000000000.0, \""N\"": 1.0, \""a_z\"": 1.0, \""gradient\"": 0.0, \""k_f\"": 0.4, \""k_s\"": 130.0, \""kind\"": \""network\"", \""n\"": 32, \""nu\"": 0.33, \""phase\"": 0.125, \""preconditioner\"": \""two_level\"", \""rho\"": 0.45, \""tol\"": 1e-08, \""w\"": 1.0, \""wall\"": 0.5}"", ""voxlat_version"": ""0.1.0"", ""git_hash"": ""0977f9f913f3+dirty"", ""resolution"": 32, ""wall_time_s"": 10.098474868000267, ""timestamp_utc"": ""2026-10-09T18:01:32+00:00"", ""python"": ""3.13.16"", ""numpy"": ""2.5.3"", ""platform"": ""Linux-6.18.44-fc-v80-x86_64-with-glibc2.39"", ""extra"": {}}",uniform
D-r0.450-N1-p0.3333-g0.000-az1.0000-tw0.500-n32,1,0.45000000000000001,1,0.33333333333333331,0,1,0.5,32,network,D,95c011af0755,ok,,32,16,1,1.5,0.45001220703125,0.4404296875,0.4599609375,-0.0091112627357754494,-0.18494272083240393,-0.18498094576871438,-0.18490449429776057,0.039819855453611996,-0.042682947016774553,-0.042782617607719509,-0.042583255321194557,0.056001084236386944,0.073026781286831266,10.906247404999704,0.26195071678417065,0.0014813497581534156,0.0014813112535124132,0.0014813882627944179,0.21430353187620318,0.094216955006267908,0.09421711849096992,0.094216791521565868,0.10324357302702976,0.21834267616428021,-0.0001607289527974539,"[[0.2143035319, 0.0900131072, 0.0900143695, -0.003773546, 7.20989e-05, 7.34362e-05], [0.0900131072, 0.2183424434, 0.0999974708, -0.0043949067, 5.9e-09, 5.29926e-05], [0.0900143695, 0.0999974708, 0.2183429089, -0.0043922958, 5.16207e-05, 1.9835e-06], [-0.003773546, -0.0043949067, -0.0043922958, 0.103243573, -1.6113e-05, -1.45794e-05], [7.20989e-05, 5.9e-09, 5.16207e-05, -1.6113e-05, 0.0942167915, -0.0037025224], [7.34362e-05, 5.29926e-05, 1.9835e-06, -1.45794e-05, -0.0037025224, 0.0942171185]]",0.45001220703125,0.19393318499987799,1.9219150019998779,8.7630358910000723,94,207,113,0.26435936440997249,0.0018174793306137851,0.0018175173277507786,0.0018174413334767917,0.2060967875851103,0.098417713037353374,0.098428131607370337,0.09840729446733644,0.097768434680810021,0.20348296983084799,-1.0625474585469042e-06,"[[0.2060967876, 0.0962473384, 0.0962215562, 1.27769e-05, 8.05624e-05, 5.36396e-05], [0.0962473384, 0.203494055, 0.095202658, 1.9335e-05, -2.7245e-06, 4.14347e-05], [0.0962215562, 0.095202658, 0.2034718847, 1.30899e-05, 6.23133e-05, -1.9075e-06], [1.27769e-05, 1.9335e-05, 1.30899e-05, 0.0977684347, -5.9571e-06, -1.15307e-05], [8.05624e-05, -2.7245e-06, 6.23133e-05, -5.9571e-06, 0.0984072945, -8.524e-07], [5.36396e-05, 4.14347e-05, -1.9075e-06, -1.15307e-05, -8.524e-07, 0.0984281316]]",0.450042724609375,0.12340507499993691,1.2240089760002775,5.2975686489999134,79,125,107,"{""params"": {""w"": 1.0, ""rho"": 0.45, ""N"": 1.0, ""phase"": 0.3333333333333333, ""gradient"": 0.0, ""a_z"": 1.0, ""wall"": 0.5, ""n"": 32, ""kind"": ""network"", ""k_s"": 130.0, ""k_f"": 0.4, ""E"": 70000000000.0, ""nu"": 0.33, ""tol"": 1e-08, ""preconditioner"": ""two_level""}, ""params_json"": ""{\""E\"": 70000000000.0, \""N\"": 1.0, \""a_z\"": 1.0, \""gradient\"": 0.0, \""k_f\"": 0.4, \""k_s\"": 130.0, \""kind\"": \""network\"", \""n\"": 32, \""nu\"": 0.33, \""phase\"": 0.3333333333333333, \""preconditioner\"": \""two_level\"", \""rho\"": 0.45, \""tol\"": 1e-08, \""w\"": 1.0, \""wall\"": 0.5}"", ""voxlat_version"": ""0.1.0"", ""git_hash"": ""0977f9f913f3+dirty"", ""resolution"": 32, ""wall_time_s"": 10.906247404999704, ""timestamp_utc"": ""2026-10-09T17:41:24+00:00"", ""python"": ""3.13.16"", ""numpy"": ""2.5.3"", ""platform"": ""Linux-6.18.44-fc-v80-x86_64-with-glibc2.39"", ""extra"": {}}",uniform
D-r0.450-N1-p0.6667-g0.000-az1.0000-tw0.500-n32,1,0.45000000000000001,1,0.66666666666666663,0,1,0.5,32,network,D,95c011af0755,ok,,32,16,1,1.5,0.449951171875,0.45947265625,0.4404296875,-0.0088545034751271734,-0.18536685841960965,-0.18538835440865986,-0.18534536242818922,0.040260615471120254,-0.042515174807984391,-0.042687947908416013,-0.042342401717711864,0.056039550775363045,0.073079083560456448,11.146954326000014,0.26192439262305905,0.0014814617057874587,0.0014814226956544228,0.0014815007159204945,0.21428497659752119,0.094202132100706507,0.094185131052366533,0.094219133149046508,0.10323293596541515,0.21831042093807668,-0.00016062452171845078,"[[0.2142849766, 0.0899820427, 0.0900236798, -0.0037773997, -3.88502e-05, -8.4562e-05], [0.0899820427, 0.2182901166, 0.0999941713, -0.0043995738, -1.352e-07, -5.64082e-05], [0.0900236798, 0.0999941713, 0.2183307253, -0.0044117683, -2.22438e-05, -1.0943e-06], [-0.0037773997, -0.0043995738, -0.0044117683, 0.103232936, 1.26684e-05, 2.18609e-05], [-3.88502e-05, -1.352e-07, -2.22438e-05, 1.26684e-05, 0.0942191331, -0.0037033469], [-8.4562e-05, -5.64082e-05, -1.0943e-06, 2.18609e-05, -0.0037033469, 0.0941851311]]",0.449951171875,0.21778363199973683,1.8845606490003775,9.029653691999556,94,207,117,0.26426432198038646,0.001818563019561688,0.0018185631198275264,0.0018185629192958496,0.20599162691598619,0.098384987022447121,0.098384984129872885,0.09838498991502137,0.097754800840195513,0.2034429934220009,-1.4383862891048519e-09,"[[0.2059916269, 0.0962041051, 0.0962041717, -1.59e-08, -5.44381e-05, -5.481e-07], [0.0962041051, 0.2034429814, 0.0951979142, -2.89e-08, 1.325e-06, -7.029e-07], [0.0962041717, 0.0951979142, 0.2034430054, -3.65e-08, -4.24575e-05, -3.654e-07], [-1.59e-08, -2.89e-08, -3.65e-08, 0.0977548008, 1.02438e-05, 2.1348e-05], [-5.44381e-05, 1.325e-06, -4.24575e-05, 1.02438e-05, 0.0983849899, 3.59e-08], [-5.481e-07, -7.029e-07, -3.654e-07, 2.1348e-05, 3.59e-08, 0.0983849841]]",0.449951171875,0.10868400300023495,1.2236167800001567,4.9903409189996637,83,126,110,"{""params"": {""w"": 1.0, ""rho"": 0.45, ""N"": 1.0, ""phase"": 0.6666666666666666, ""gradient"": 0.0, ""a_z"": 1.0, ""wall"": 0.5, ""n"": 32, ""kind"": ""network"", ""k_s"": 130.0, ""k_f"": 0.4, ""E"": 70000000000.0, ""nu"": 0.33, ""tol"": 1e-08, ""preconditioner"": ""two_level""}, ""params_json"": ""{\""E\"": 70000000000.0, \""N\"": 1.0, \""a_z\"": 1.0, \""gradient\"": 0.0, \""k_f\"": 0.4, \""k_s\"": 130.0, \""kind\"": \""network\"", \""n\"": 32, \""nu\"": 0.33, \""phase\"": 0.6666666666666666, \""preconditioner\"": \""two_level\"", \""rho\"": 0.45, \""tol\"": 1e-08, \""w\"": 1.0, \""wall\"": 0.5}"", ""voxlat_version"": ""0.1.0"", ""git_hash"": ""0977f9f913f3+dirty"", ""resolution"": 32, ""wall_time_s"": 11.146954326000014, ""timestamp_utc"": ""2026-10-09T17:41:25+00:00"", ""python"": ""3.13.16"", ""numpy"": ""2.5.3"", ""platform"": ""Linux-6.18.44-fc-v80-x86_64-with-glibc2.39"", ""extra"": {}}",uniform
D-r0.450-N1.5-p0.0000-g0.000-az1.0000-tw0.500-n32,1,0.45000000000000001,1.5,0,0,1,0.5,32,network,D,95c011af0755,ok,,48,16,1.5,2,0.44999186197916669,0.44970703125,0.44970703125,-0.01463108301890903,-0.12976795595795498,-0.12976795595795432,-0.12976795595795532,0.0049784948342002089,-0.026828549976581129,-0.026828549976579574,-0.026828549976582794,0.033381903867172547,0.060816613571720524,13.660216519999267,0.25871576768217092,0.0015688510193962637,0.0015688510193962639,0.0015688510193962637,0.20636376426851263,0.095627567555251466,0.095627567555251702,0.095627567555251217,0.10154407819922626,0.21782964580884173,0.00019557120595599826,"[[0.2063637643, 0.0930540222, 0.0930540222, 0.0049436923, 5.1722e-05, 5.1722e-05], [0.0930540222, 0.2178296458, 0.0998549788, 0.0049907938, 6.6229e-06, 7.40139e-05], [0.0930540222, 0.0998549788, 0.2178296458, 0.0049907938, 7.40139e-05, 6.6229e-06], [0.0049436923, 0.0049907938, 0.0049907938, 0.1015440782, 1.7967e-06, 1.7967e-06], [5.1722e-05, 6.6229e-06, 7.40139e-05, 1.7967e-06, 0.0956275676, 0.0048345313], [5.1722e-05, 7.40139e-05, 6.6229e-06, 1.7967e-06, 0.0048345313, 0.0956275676]]",0.44999186197916669,0.31582460600020568,2.7174394109997593,10.609995441000137,93,195,118,0.26255726482098446,0.0018027961968732848,0.0018027961968732837,0.0018027961968732856,0.20534147280689644,0.098263844005031423,0.09826384400503152,0.098263844005031339,0.09826384400503145,0.20534147280689674,-5.9723188616988074e-07,"[[0.2053414728, 0.0971254703, 0.0971254703, 4.9193e-06, 4.42038e-05, 4.42038e-05], [0.0971254703, 0.2053414728, 0.0971254703, 4.42038e-05, 4.9193e-06, 4.42038e-05], [0.0971254703, 0.0971254703, 0.2053414728, 4.42038e-05, 4.42038e-05, 4.9193e-06], [4.9193e-06, 4.42038e-05, 4.42038e-05, 0.098263844, -5.1547e-06, -5.1547e-06], [4.42038e-05, 4.9193e-06, 4.42038e-05, -5.1547e-06, 0.098263844, -5.1547e-06], [4.42038e-05, 4.42038e-05, 4.9193e-06, -5.1547e-06, -5.1547e-06, 0.098263844]]",0.45001220703125,0.20213353400004053,1.2637357439998596,3.947832438000205,79,121,101,"{""params"": {""w"": 1.0, ""rho"": 0.45, ""N"": 1.5, ""phase"": 0.0, ""gradient"": 0.0, ""a_z"": 1.0, ""wall"": 0.5, ""n"": 32, ""kind"": ""network"", ""k_s"": 130.0, ""k_f"": 0.4, ""E"": 70000000000.0, ""nu"": 0.33, ""tol"": 1e-08, ""preconditioner"": ""two_level""}, ""params_json"": ""{\""E\"": 70000000000.0, \""N\"": 1.5, \""a_z\"": 1.0, \""gradient\"": 0.0, \""k_f\"": 0.4, \""k_s\"": 130.0, \""kind\"": \""network\"", \""n\"": 32, \""nu\"": 0.33, \""phase\"": 0.0, \""preconditioner\"": \""two_level\"", \""rho\"": 0.45, \""tol\"": 1e-08, \""w\"": 1.0, \""wall\"": 0.5}"", ""voxlat_version"": ""0.1.0"", ""git_hash"": ""0977f9f913f3+dirty"", ""resolution"": 32, ""wall_time_s"": 13.660216519999267, ""timestamp_utc"": ""2026-10-09T17:38:21+00:00"", ""python"": ""3.13.16"", ""numpy"": ""2.5.3"", ""platform"": ""Linux-6.18.44-fc-v80-x86_64-with-glibc2.39"", ""extra"": {}}",uniform
D-r0.450-N1.5-p0.1250-g0.000-az1.0000-tw0.500-n32,1,0.45000000000000001,1.5,0.125,0,1,0.5,32,network,D,95c011af0755,ok,,48,16,1.5,2,0.45003255208333331,0.4501953125,0.4501953125,0.0077681067071029286,-0.12174115262186647,-0.12174115262186691,-0.12174115262186613,0.045936029831844305,-0.022527573026255632,-0.022527573026256853,-0.02252757302625441,0.038333427232064121,0.042969537239189393,14.849850245000198,0.26459683767083891,0.0015833217099236133,0.0015833217099236129,0.0015833217099236138,0.21477404482746795,0.096050198083367649,0.096050198083367649,0.096050198083367636,0.10203063391874126,0.2141649008694223,-4.7751734424704309e-07,"[[0.2147740448, 0.0936211139, 0.0936211139, 7.9061e-06, 3.53758e-05, 3.53758e-05], [0.0936211139, 0.2141649009, 0.1002733077, 4.23378e-05, 2.5168e-06, 3.33758e-05], [0.0936211139, 0.1002733077, 0.2141649009, 4.23378e-05, 3.33758e-05, 2.5168e-06], [7.9061e-06, 4.23378e-05, 4.23378e-05, 0.1020306339, -4.6263e-06, -4.6263e-06], [3.53758e-05, 2.5168e-06, 3.33758e-05, -4.6263e-06, 0.0960501981, -1.7566e-06], [3.53758e-05, 3.33758e-05, 2.5168e-06, -4.6263e-06, -1.7566e-06, 0.0960501981]]",0.45003255208333331,0.31386201099849131,2.8734630609997112,11.622951621999164,92,202,114,0.26255726482098446,0.0018027961968732843,0.0018027961968732848,0.0018027961968732841,0.20534147280689555,0.098263844005031589,0.098263844005031714,0.09826384400503145,0.098263844005031478,0.20534147280689641,-5.9723188616990107e-07,"[[0.2053414728, 0.0971254703, 0.0971254703, 4.9193e-06, 4.42038e-05, 4.42038e-05], [0.0971254703, 0.2053414728, 0.0971254703, 4.42038e-05, 4.9193e-06, 4.42038e-05], [0.0971254703, 0.0971254703, 0.2053414728, 4.42038e-05, 4.42038e-05, 4.9193e-06], [4.9193e-06, 4.42038e-05, 4.42038e-05, 0.098263844, -5.1547e-06, -5.1547e-06], [4.42038e-05, 4.9193e-06, 4.42038e-05, -5.1547e-06, 0.098263844, -5.1547e-06], [4.42038e-05, 4.42038e-05, 4.9193e-06, -5.1547e-06, -5.1547e-06, 0.098263844]]",0.45001220703125,0.17714966600033222,1.1598786770000515,4.45651876500051,78,121,109,"{""params"": {""w"": 1.0, ""rho"": 0.45, ""N"": 1.5, ""phase"": 0.125, ""gradient"": 0.0, ""a_z"": 1.0, ""wall"": 0.5, ""n"": 32, ""kind"": ""network"", ""k_s"": 130.0, ""k_f"": 0.4, ""E"": 70000000000.0, ""nu"": 0.33, ""tol"": 1e-08, ""preconditioner"": ""two_level""}, ""params_json"": ""{\""E\"": 70000000000.0, \""N\"": 1.5, \""a_z\"": 1.0, \""gradient\"": 0.0, \""k_f\"": 0.4, \""k_s\"": 130.0, \""kind\"": \""network\"", \""n\"": 32, \""nu\"": 0.33, \""phase\"": 0.125, \""preconditioner\"": \""two_level\"", \""rho\"": 0.45, \""tol\"": 1e-08, \""w\"": 1.0, \""wall\"": 0.5}"", ""voxlat_version"": ""0.1.0"", ""git_hash"": ""0977f9f913f3+dirty"", ""resolution"": 32, ""wall_time_s"": 14.849850245000198, ""timestamp_utc"": ""2026-10-09T18:01:00+00:00"", ""python"": ""3.13.16"", ""numpy"": ""2.5.3"", ""platform"": ""Linux-6.18.44-fc-v80-x86_64-with-glibc2.39"", ""extra"": {}}",uniform
D-r0.450-N1.5-p0.3333-g0.000-az1.0000-tw0.500-n32,1,0.45000000000000001,1.5,0.33333333333333331,0,1,0.5,32,network,D,95c011af0755,ok,,48,16,1.5,2,0.45001220703125,0.4404296875,0.4599609375,-0.0071757340665939973,-0.12323126640910376,-0.12324902299882479,-0.12321350907691087,0.020767990528441471,-0.028805324080364847,-0.028859657929784288,-0.028750978726086673,0.036666171501448019,0.048828023705260959,13.778648387999965,0.26246239191295273,0.0015935090510298781,0.0015935100928220604,0.0015935080092376961,0.21037700371762008,0.095582758918064059,0.095587529398513837,0.095577988437614309,0.10135322887424472,0.21341864110536554,-0.00010786012240427629,"[[0.2103770037, 0.0921087695, 0.0920991984, -0.0028048347, 8.00672e-05, 6.91036e-05], [0.0921087695, 0.2134253972, 0.0983970298, -0.0029100319, 3.892e-07, 5.02807e-05], [0.0920991984, 0.0983970298, 0.213411885, -0.0029064456, 6.09029e-05, -1.0203e-06], [-0.0028048347, -0.0029100319, -0.0029064456, 0.1013532289, -1.71407e-05, -1.44496e-05], [8.00672e-05, 3.892e-07, 6.09029e-05, -1.71407e-05, 0.0955779884, -0.0028867556], [6.91036e-05, 5.02807e-05, -1.0203e-06, -1.44496e-05, -0.0028867556, 0.0955875294]]",0.45001220703125,0.25710446999983105,2.8301504840001144,10.661350270000185,95,212,114,0.26435936440997249,0.0018174793306137851,0.0018175173277507786,0.0018174413334767917,0.2060967875851103,0.098417713037353374,0.098428131607370337,0.09840729446733644,0.097768434680810021,0.20348296983084799,-1.0625474585469042e-06,"[[0.2060967876, 0.0962473384, 0.0962215562, 1.27769e-05, 8.05624e-05, 5.36396e-05], [0.0962473384, 0.203494055, 0.095202658, 1.9335e-05, -2.7245e-06, 4.14347e-05], [0.0962215562, 0.095202658, 0.2034718847, 1.30899e-05, 6.23133e-05, -1.9075e-06], [1.27769e-05, 1.9335e-05, 1.30899e-05, 0.0977684347, -5.9571e-06, -1.15307e-05], [8.05624e-05, -2.7245e-06, 6.23133e-05, -5.9571e-06, 0.0984072945, -8.524e-07], [5.36396e-05, 4.14347e-05, -1.9075e-06, -1.15307e-05, -8.524e-07, 0.0984281316]]",0.450042724609375,0.12340507499993691,1.2240089760002775,5.2975686489999134,79,125,107,"{""params"": {""w"": 1.0, ""rho"": 0.45, ""N"": 1.5, ""phase"": 0.3333333333333333, ""gradient"": 0.0, ""a_z"": 1.0, ""wall"": 0.5, ""n"": 32, ""kind"": ""network"", ""k_s"": 130.0, ""k_f"": 0.4, ""E"": 70000000000.0, ""nu"": 0.33, ""tol"": 1e-08, ""preconditioner"": ""two_level""}, ""params_json"": ""{\""E\"": 70000000000.0, \""N\"": 1.5, \""a_z\"": 1.0, \""gradient\"": 0.0, \""k_f\"": 0.4, \""k_s\"": 130.0, \""kind\"": \""network\"", \""n\"": 32, \""nu\"": 0.33, \""phase\"": 0.3333333333333333, \""preconditioner\"": \""two_level\"", \""rho\"": 0.45, \""tol\"": 1e-08, \""w\"": 1.0, \""wall\"": 0.5}"", ""voxlat_version"": ""0.1.0"", ""git_hash"": ""0977f9f913f3+dirty"", ""resolution"": 32, ""wall_time_s"": 13.778648387999965, ""timestamp_utc"": ""2026-10-09T17:38:35+00:00"", ""python"": ""3.13.16"", ""numpy"": ""2.5.3"", ""platform"": ""Linux-6.18.44-fc-v80-x86_64-with-glibc2.39"", ""extra"": {}}",uniform
D-r0.450-N1.5-p0.6667-g0.000-az1.0000-tw0.500-n32,1,0.45000000000000001,1.5,0.66666666666666663,0,1,0.5,32,network,D,95c011af0755,ok,,48,16,1.5,2,0.44993082682291669,0.45947265625,0.4404296875,-0.0070427570003239737,-0.12344998285670805,-0.12347820607591342,-0.1234217596343905,0.020992402038966906,-0.028745131684946412,-0.028929061265636991,-0.028561202115071183,0.036677995476015912,0.04884122281824288,13.748472281999966,0.26240317257682322,0.0015940614459729544,0.0015940102081554071,0.0015941126837905018,0.21031588596486744,0.09555689761466514,0.095538798896361063,0.095574996332969203,0.10134025098317105,0.21337939799453515,-0.00010731941461075562,"[[0.210315886, 0.0920612954, 0.0921059749, -0.0028131551, -2.60363e-05, -7.36948e-05], [0.0920612954, 0.2133585575, 0.0983932426, -0.0029172012, -1.066e-06, -5.07879e-05], [0.0921059749, 0.0983932426, 0.2134002385, -0.0029295652, -1.47444e-05, -1.0792e-06], [-0.0028131551, -0.0029172012, -0.0029295652, 0.101340251, 1.56141e-05, 2.50355e-05], [-2.60363e-05, -1.066e-06, -1.47444e-05, 1.56141e-05, 0.0955749963, -0.0028854097], [-7.36948e-05, -5.07879e-05, -1.0792e-06, 2.50355e-05, -0.0028854097, 0.0955387989]]",0.44993082682291669,0.25358843199956027,2.7483901469995544,10.731225945000006,95,219,118,0.26426432198038646,0.001818563019561688,0.0018185631198275264,0.0018185629192958496,0.20599162691598619,0.098384987022447121,0.098384984129872885,0.09838498991502137,0.097754800840195513,0.2034429934220009,-1.4383862891048519e-09,"[[0.2059916269, 0.0962041051, 0.0962041717, -1.59e-08, -5.44381e-05, -5.481e-07], [0.0962041051, 0.2034429814, 0.0951979142, -2.89e-08, 1.325e-06, -7.029e-07], [0.0962041717, 0.0951979142, 0.2034430054, -3.65e-08, -4.24575e-05, -3.654e-07], [-1.59e-08, -2.89e-08, -3.65e-08, 0.0977548008, 1.02438e-05, 2.1348e-05], [-5.44381e-05, 1.325e-06, -4.24575e-05, 1.02438e-05, 0.0983849899, 3.59e-08], [-5.481e-07, -7.029e-07, -3.654e-07, 2.1348e-05, 3.59e-08, 0.0983849841]]",0.449951171875,0.10868400300023495,1.2236167800001567,4.9903409189996637,83,126,110,"{""params"": {""w"": 1.0, ""rho"": 0.45, ""N"": 1.5, ""phase"": 0.6666666666666666, ""gradient"": 0.0, ""a_z"": 1.0, ""wall"": 0.5, ""n"": 32, ""kind"": ""network"", ""k_s"": 130.0, ""k_f"": 0.4, ""E"": 70000000000.0, ""nu"": 0.33, ""tol"": 1e-08, ""preconditioner"": ""two_level""}, ""params_json"": ""{\""E\"": 70000000000.0, \""N\"": 1.5, \""a_z\"": 1.0, \""gradient\"": 0.0, \""k_f\"": 0.4, \""k_s\"": 130.0, \""kind\"": \""network\"", \""n\"": 32, \""nu\"": 0.33, \""phase\"": 0.6666666666666666, \""preconditioner\"": \""two_level\"", \""rho\"": 0.45, \""tol\"": 1e-08, \""w\"": 1.0, \""wall\"": 0.5}"", ""voxlat_version"": ""0.1.0"", ""git_hash"": ""0977f9f913f3+dirty"", ""resolution"": 32, ""wall_time_s"": 13.748472281999966, ""timestamp_utc"": ""2026-10-09T17:38:35+00:00"", ""python"": ""3.13.16"", ""numpy"": ""2.5.3"", ""platform"": ""Linux-6.18.44-fc-v80-x86_64-with-glibc2.39"", ""extra"": {}}",uniform
D-r0.450-N2-p0.0000-g0.000-az1.0000-tw0.500-n32,1,0.45000000000000001,2,0,0,1,0.5,32,network,D,95c011af0755,ok,,64,16,2,2.5,0.45001220703125,0.44970703125,0.44970703125,-0.010038883244340879,-0.097360366492618033,-0.097360366492617367,-0.097360366492618589,0.0087364766416342388,-0.021598386770148692,-0.021598386770151357,-0.021598386770146027,0.02515814267261729,0.045466524075971515,18.299295263999738,0.25992148309449309,0.0016272752984342039,0.0016272752984342041,0.0016272752984342036,0.20713543378763263,0.096141503496689193,0.09614150349668904,0.096141503496689373,0.10073597981206985,0.21467763582406696,0.00014661238122173147,"[[0.2071354338, 0.0940861851, 0.0940861851, 0.0033083433, 4.15281e-05, 4.15281e-05], [0.0940861851, 0.2146776358, 0.0991633416, 0.0038376112, 8.683e-07, 4.14069e-05], [0.0940861851, 0.0991633416, 0.2146776358, 0.0038376112, 4.14069e-05, 8.683e-07], [0.0033083433, 0.0038376112, 0.0038376112, 0.1007359798, -4.1505e-06, -4.1505e-06], [4.15281e-05, 8.683e-07, 4.14069e-05, -4.1505e-06, 0.0961415035, 0.0032349686], [4.15281e-05, 4.14069e-05, 8.683e-07, -4.1505e-06, 0.0032349686, 0.0961415035]]",0.45001220703125,0.31945790500049043,3.594668114000342,14.364153403000273,97,202,117,0.26255726482098446,0.0018027961968732848,0.0018027961968732837,0.0018027961968732856,0.20534147280689644,0.098263844005031423,0.09826384400503152,0.098263844005031339,0.09826384400503145,0.20534147280689674,-5.9723188616988074e-07,"[[0.2053414728, 0.0971254703, 0.0971254703, 4.9193e-06, 4.42038e-05, 4.42038e-05], [0.0971254703, 0.2053414728, 0.0971254703, 4.42038e-05, 4.9193e-06, 4.42038e-05], [0.0971254703, 0.0971254703, 0.2053414728, 4.42038e-05, 4.42038e-05, 4.9193e-06], [4.9193e-06, 4.42038e-05, 4.42038e-05, 0.098263844, -5.1547e-06, -5.1547e-06], [4.42038e-05, 4.9193e-06, 4.42038e-05, -5.1547e-06, 0.098263844, -5.1547e-06], [4.42038e-05, 4.42038e-05, 4.9193e-06, -5.1547e-06, -5.1547e-06, 0.098263844]]",0.45001220703125,0.20213353400004053,1.2637357439998596,3.947832438000205,79,121,101,"{""params"": {""w"": 1.0, ""rho"": 0.45, ""N"": 2.0, ""phase"": 0.0, ""gradient"": 0.0, ""a_z"": 1.0, ""wall"": 0.5, ""n"": 32, ""kind"": ""network"", ""k_s"": 130.0, ""k_f"": 0.4, ""E"": 70000000000.0, ""nu"": 0.33, ""tol"": 1e-08, ""preconditioner"": ""two_level""}, ""params_json"": ""{\""E\"": 70000000000.0, \""N\"": 2.0, \""a_z\"": 1.0, \""gradient\"": 0.0, \""k_f\"": 0.4, \""k_s\"": 130.0, \""kind\"": \""network\"", \""n\"": 32, \""nu\"": 0.33, \""phase\"": 0.0, \""preconditioner\"": \""two_level\"", \""rho\"": 0.45, \""tol\"": 1e-08, \""w\"": 1.0, \""wall\"": 0.5}"", ""voxlat_version"": ""0.1.0"", ""git_hash"": ""0977f9f913f3+dirty"", ""resolution"": 32, ""wall_time_s"": 18.29929526399974, ""timestamp_utc"": ""2026-10-09T17:31:57+00:00"", ""python"": ""3.13.16"", ""numpy"": ""2.5.3"", ""platform"": ""Linux-6.18.44-fc-v80-x86_64-with-glibc2.39"", ""extra"": {}}",uniform
D-r0.450-N2-p0.1250-g0.000-az1.0000-tw0.500-n32,1,0.45000000000000001,2,0.125,0,1,0.5,32,network,D,95c011af0755,ok,,64,16,2,2.5,0.45001220703125,0.4501953125,0.44970703125,0.0063789128772617776,-0.091302158903151409,-0.09130215890315152,-0.091302158903151409,0.036518142585854507,-0.016845288047264928,-0.016845288047266704,-0.016845288047263041,0.02904568835669008,0.031853595138720214,17.990614422998988,0.26423209473856962,0.0016381970120363627,0.0016381970120363629,0.0016381970120363624,0.21284016198964714,0.096608561248135327,0.096608561248135272,0.096608561248135383,0.10111798499473203,0.2118823369468758,-4.2357773071676093e-07,"[[0.212840162, 0.0945706178, 0.0945706178, 6.8111e-06, 3.63113e-05, 3.63113e-05], [0.0945706178, 0.2118823369, 0.0994421224, 4.34019e-05, 3.6229e-06, 4.27315e-05], [0.0945706178, 0.0994421224, 0.2118823369, 4.34019e-05, 4.27315e-05, 3.6229e-06], [6.8111e-06, 4.34019e-05, 4.34019e-05, 0.101117985, -2.7757e-06, -2.7757e-06], [3.63113e-05, 3.6229e-06, 4.27315e-05, -2.7757e-06, 0.0966085612, -3.1326e-06], [3.63113e-05, 4.27315e-05, 3.6229e-06, -2.7757e-06, -3.1326e-06, 0.0966085612]]",0.45001220703125,0.28883335899990925,3.5337695710004482,14.15248069900008,95,206,115,0.26255726482098446,0.0018027961968732843,0.0018027961968732848,0.0018027961968732841,0.20534147280689555,0.098263844005031589,0.098263844005031714,0.09826384400503145,0.098263844005031478,0.20534147280689641,-5.9723188616990107e-07,"[[0.2053414728, 0.0971254703, 0.0971254703, 4.9193e-06, 4.42038e-05, 4.42038e-05], [0.0971254703, 0.2053414728, 0.0971254703, 4.42038e-05, 4.9193e-06, 4.42038e-05], [0.0971254703, 0.0971254703, 0.2053414728, 4.42038e-05, 4.42038e-05, 4.9193e-06], [4.9193e-06, 4.42038e-05, 4.42038e-05, 0.098263844, -5.1547e-06, -5.1547e-06], [4.42038e-05, 4.9193e-06, 4.42038e-05, -5.1547e-06, 0.098263844, -5.1547e-06], [4.42038e-05, 4.42038e-05, 4.9193e-06, -5.1547e-06, -5.1547e-06, 0.098263844]]",0.45001220703125,0.17714966600033222,1.1598786770000515,4.45651876500051,78,121,109,"{""params"": {""w"": 1.0, ""rho"": 0.45, ""N"": 2.0, ""phase"": 0.125, ""gradient"": 0.0, ""a_z"": 1.0, ""wall"": 0.5, ""n"": 32, ""kind"": ""network"", ""k_s"": 130.0, ""k_f"": 0.4, ""E"": 70000000000.0, ""nu"": 0.33, ""tol"": 1e-08, ""preconditioner"": ""two_level""}, ""params_json"": ""{\""E\"": 70000000000.0, \""N\"": 2.0, \""a_z\"": 1.0, \""gradient\"": 0.0, \""k_f\"": 0.4, \""k_s\"": 130.0, \""kind\"": \""network\"", \""n\"": 32, \""nu\"": 0.33, \""phase\"": 0.125, \""preconditioner\"": \""two_level\"", \""rho\"": 0.45, \""tol\"": 1e-08, \""w\"": 1.0, \""wall\"": 0.5}"", ""voxlat_version"": ""0.1.0"", ""git_hash"": ""0977f9f913f3+dirty"", ""resolution"": 32, ""wall_time_s"": 17.990614422998988, ""timestamp_utc"": ""2026-10-09T18:00:19+00:00"", ""python"": ""3.13.16"", ""numpy"": ""2.5.3"", ""platform"": ""Linux-6.18.44-fc-v80-x86_64-with-glibc2.39"", ""extra"": {}}",uniform
D-r0.450-N2-p0.3333-g0.000-az1.0000-tw0.500-n32,1,0.45000000000000001,2,0.33333333333333331,0,1,0.5,32,network,D,95c011af0755,ok,,64,16,2,2.5,0.45001220703125,0.4404296875,0.4599609375,-0.0046358546504593479,-0.092373828629827015,-0.092403398179332408,-0.092344257843904209,0.019433585843108281,-0.022262446508519385,-0.02236514884582419,-0.022159722424625716,0.027801019822142781,0.036255409969176311,17.903692654000224,0.26313383282108005,0.0016495918063894146,0.0016495725504167872,0.0016496110623620418,0.2101019871986344,0.096226693965368496,0.09622677179335512,0.096226616137381857,0.1004864968713511,0.21086032832381091,-8.142620866447329e-05,"[[0.2101019872, 0.0931794016, 0.0931800238, -0.0018367003, 7.62541e-05, 7.69694e-05], [0.0931794016, 0.2108602039, 0.0975537941, -0.0022092706, -1.3605e-06, 5.77418e-05], [0.0931800238, 0.0975537941, 0.2108604527, -0.0022079603, 5.70704e-05, -3.409e-07], [-0.0018367003, -0.0022092706, -0.0022079603, 0.1004864969, -1.63515e-05, -1.55919e-05], [7.62541e-05, -1.3605e-06, 5.70704e-05, -1.63515e-05, 0.0962266161, -0.0019443073], [7.69694e-05, 5.77418e-05, -3.409e-07, -1.55919e-05, -0.0019443073, 0.0962267718]]",0.45001220703125,0.37754952700015565,3.4536601209993023,14.044691994000459,100,208,114,0.26435936440997249,0.0018174793306137851,0.0018175173277507786,0.0018174413334767917,0.2060967875851103,0.098417713037353374,0.098428131607370337,0.09840729446733644,0.097768434680810021,0.20348296983084799,-1.0625474585469042e-06,"[[0.2060967876, 0.0962473384, 0.0962215562, 1.27769e-05, 8.05624e-05, 5.36396e-05], [0.0962473384, 0.203494055, 0.095202658, 1.9335e-05, -2.7245e-06, 4.14347e-05], [0.0962215562, 0.095202658, 0.2034718847, 1.30899e-05, 6.23133e-05, -1.9075e-06], [1.27769e-05, 1.9335e-05, 1.30899e-05, 0.0977684347, -5.9571e-06, -1.15307e-05], [8.05624e-05, -2.7245e-06, 6.23133e-05, -5.9571e-06, 0.0984072945, -8.524e-07], [5.36396e-05, 4.14347e-05, -1.9075e-06, -1.15307e-05, -8.524e-07, 0.0984281316]]",0.450042724609375,0.12340507499993691,1.2240089760002775,5.2975686489999134,79,125,107,"{""params"": {""w"": 1.0, ""rho"": 0.45, ""N"": 2.0, ""phase"": 0.3333333333333333, ""gradient"": 0.0, ""a_z"": 1.0, ""wall"": 0.5, ""n"": 32, ""kind"": ""network"", ""k_s"": 130.0, ""k_f"": 0.4, ""E"": 70000000000.0, ""nu"": 0.33, ""tol"": 1e-08, ""preconditioner"": ""two_level""}, ""params_json"": ""{\""E\"": 70000000000.0, \""N\"": 2.0, \""a_z\"": 1.0, \""gradient\"": 0.0, \""k_f\"": 0.4, \""k_s\"": 130.0, \""kind\"": \""network\"", \""n\"": 32, \""nu\"": 0.33, \""phase\"": 0.3333333333333333, \""preconditioner\"": \""two_level\"", \""rho\"": 0.45, \""tol\"": 1e-08, \""w\"": 1.0, \""wall\"": 0.5}"", ""voxlat_version"": ""0.1.0"", ""git_hash"": ""0977f9f913f3+dirty"", ""resolution"": 32, ""wall_time_s"": 17.903692654000224, ""timestamp_utc"": ""2026-10-09T17:32:04+00:00"", ""python"": ""3.13.16"", ""numpy"": ""2.5.3"", ""platform"": ""Linux-6.18.44-fc-v80-x86_64-with-glibc2.39"", ""extra"": {}}",uniform
D-r0.450-N2-p0.6667-g0.000-az1.0000-tw0.500-n32,1,0.45000000000000001,2,0.66666666666666663,0,1,0.5,32,network,D,95c011af0755,ok,,64,16,2,2.5,0.449951171875,0.45947265625,0.4404296875,-0.004446715345184149,-0.092685493865295232,-0.092717081402753032,-0.092653906324354218,0.019734050437311801,-0.022122000681390586,-0.022313497106150604,-0.021930504267890893,0.027843757670949376,0.036314741883223034,19.311201636999613,0.26308921376465161,0.0016500086079684504,0.0016499512550104331,0.0016500659609264678,0.21005667607121017,0.096208514272497936,0.096189671071202298,0.096227357473793587,0.10047666182596184,0.21083097321607108,-8.1020236448976399e-05,"[[0.2100566761, 0.0931411137, 0.0931878074, -0.0018427034, -3.34494e-05, -8.27456e-05], [0.0931411137, 0.21080983, 0.0975506849, -0.0022138243, -6.7e-08, -5.95203e-05], [0.0931878074, 0.0975506849, 0.2108521165, -0.0022261895, -2.24341e-05, 6.241e-07], [-0.0018427034, -0.0022138243, -0.0022261895, 0.1004766618, 1.44954e-05, 2.3839e-05], [-3.34494e-05, -6.7e-08, -2.24341e-05, 1.44954e-05, 0.0962273575, -0.0019443532], [-8.27456e-05, -5.95203e-05, 6.241e-07, 2.3839e-05, -0.0019443532, 0.0961896711]]",0.449951171875,0.40089799300039886,3.8945622850005748,14.961754706000647,100,219,118,0.26426432198038646,0.001818563019561688,0.0018185631198275264,0.0018185629192958496,0.20599162691598619,0.098384987022447121,0.098384984129872885,0.09838498991502137,0.097754800840195513,0.2034429934220009,-1.4383862891048519e-09,"[[0.2059916269, 0.0962041051, 0.0962041717, -1.59e-08, -5.44381e-05, -5.481e-07], [0.0962041051, 0.2034429814, 0.0951979142, -2.89e-08, 1.325e-06, -7.029e-07], [0.0962041717, 0.0951979142, 0.2034430054, -3.65e-08, -4.24575e-05, -3.654e-07], [-1.59e-08, -2.89e-08, -3.65e-08, 0.0977548008, 1.02438e-05, 2.1348e-05], [-5.44381e-05, 1.325e-06, -4.24575e-05, 1.02438e-05, 0.0983849899, 3.59e-08], [-5.481e-07, -7.029e-07, -3.654e-07, 2.1348e-05, 3.59e-08, 0.0983849841]]",0.449951171875,0.10868400300023495,1.2236167800001567,4.9903409189996637,83,126,110,"{""params"": {""w"": 1.0, ""rho"": 0.45, ""N"": 2.0, ""phase"": 0.6666666666666666, ""gradient"": 0.0, ""a_z"": 1.0, ""wall"": 0.5, ""n"": 32, ""kind"": ""network"", ""k_s"": 130.0, ""k_f"": 0.4, ""E"": 70000000000.0, ""nu"": 0.33, ""tol"": 1e-08, ""preconditioner"": ""two_level""}, ""params_json"": ""{\""E\"": 70000000000.0, \""N\"": 2.0, \""a_z\"": 1.0, \""gradient\"": 0.0, \""k_f\"": 0.4, \""k_s\"": 130.0, \""kind\"": \""network\"", \""n\"": 32, \""nu\"": 0.33, \""phase\"": 0.6666666666666666, \""preconditioner\"": \""two_level\"", \""rho\"": 0.45, \""tol\"": 1e-08, \""w\"": 1.0, \""wall\"": 0.5}"", ""voxlat_version"": ""0.1.0"", ""git_hash"": ""0977f9f913f3+dirty"", ""resolution"": 32, ""wall_time_s"": 19.311201636999613, ""timestamp_utc"": ""2026-10-09T17:32:16+00:00"", ""python"": ""3.13.16"", ""numpy"": ""2.5.3"", ""platform"": ""Linux-6.18.44-fc-v80-x86_64-with-glibc2.39"", ""extra"": {}}",uniform
D-r0.450-N3-p0.0000-g0.000-az1.0000-tw0.500-n32,1,0.45000000000000001,3,0,0,1,0.5,32,network,D,95c011af0755,ok,,96,16,3,3.5,0.45001220703125,0.44970703125,0.44970703125,-0.0067150593952954862,-0.064906908257692075,-0.064906908257691409,-0.064906908257692519,0.0058074055208481301,-0.014749907252147199,-0.014749907252147643,-0.014749907252146977,0.01665226042686796,0.030262474310695175,23.806177541000579,0.26079417719304521,0.0016857822695155143,0.0016857822695155145,0.0016857822695155143,0.20653397400973425,0.096814461419717751,0.096814461419717807,0.096814461419717696,0.099900159125948365,0.21155561385263574,9.7543429465296344e-05,"[[0.206533974, 0.0951051636, 0.0951051636, 0.0022008072, 4.24327e-05, 4.24327e-05], [0.0951051636, 0.2115556139, 0.0984740836, 0.0025839759, 2.2089e-06, 4.23451e-05], [0.0951051636, 0.0984740836, 0.2115556139, 0.0025839759, 4.23451e-05, 2.2089e-06], [0.0022008072, 0.0025839759, 0.0025839759, 0.0999001591, -4.4766e-06, -4.4766e-06], [4.24327e-05, 2.2089e-06, 4.23451e-05, -4.4766e-06, 0.0968144614, 0.0021867545], [4.24327e-05, 4.23451e-05, 2.2089e-06, -4.4766e-06, 0.0021867545, 0.0968144614]]",0.45001220703125,0.5647211609993974,6.2960194669994962,16.928023878000204,97,220,116,0.26255726482098446,0.0018027961968732848,0.0018027961968732837,0.0018027961968732856,0.20534147280689644,0.098263844005031423,0.09826384400503152,0.098263844005031339,0.09826384400503145,0.20534147280689674,-5.9723188616988074e-07,"[[0.2053414728, 0.0971254703, 0.0971254703, 4.9193e-06, 4.42038e-05, 4.42038e-05], [0.0971254703, 0.2053414728, 0.0971254703, 4.42038e-05, 4.9193e-06, 4.42038e-05], [0.0971254703, 0.0971254703, 0.2053414728, 4.42038e-05, 4.42038e-05, 4.9193e-06], [4.9193e-06, 4.42038e-05, 4.42038e-05, 0.098263844, -5.1547e-06, -5.1547e-06], [4.42038e-05, 4.9193e-06, 4.42038e-05, -5.1547e-06, 0.098263844, -5.1547e-06], [4.42038e-05, 4.42038e-05, 4.9193e-06, -5.1547e-06, -5.1547e-06, 0.098263844]]",0.45001220703125,0.20213353400004053,1.2637357439998596,3.947832438000205,79,121,101,"{""params"": {""w"": 1.0, ""rho"": 0.45, ""N"": 3.0, ""phase"": 0.0, ""gradient"": 0.0, ""a_z"": 1.0, ""wall"": 0.5, ""n"": 32, ""kind"": ""network"", ""k_s"": 130.0, ""k_f"": 0.4, ""E"": 70000000000.0, ""nu"": 0.33, ""tol"": 1e-08, ""preconditioner"": ""two_level""}, ""params_json"": ""{\""E\"": 70000000000.0, \""N\"": 3.0, \""a_z\"": 1.0, \""gradient\"": 0.0, \""k_f\"": 0.4, \""k_s\"": 130.0, \""kind\"": \""network\"", \""n\"": 32, \""nu\"": 0.33, \""phase\"": 0.0, \""preconditioner\"": \""two_level\"", \""rho\"": 0.45, \""tol\"": 1e-08, \""w\"": 1.0, \""wall\"": 0.5}"", ""voxlat_version"": ""0.1.0"", ""git_hash"": ""0977f9f913f3+dirty"", ""resolution"": 32, ""wall_time_s"": 23.80617754100058, ""timestamp_utc"": ""2026-10-09T17:26:17+00:00"", ""python"": ""3.13.16"", ""numpy"": ""2.5.3"", ""platform"": ""Linux-6.18.44-fc-v80-x86_64-with-glibc2.39"", ""extra"": {}}",uniform
D-r0.450-N3-p0.1250-g0.000-az1.0000-tw0.500-n32,1,0.45000000000000001,3,0.125,0,1,0.5,32,network,D,95c011af0755,ok,,96,16,3,3.5,0.45001220703125,0.4501953125,0.44970703125,0.0042435854309823551,-0.060868103352432756,-0.060868103352433423,-0.06086810335243209,0.024052640560254579,-0.011293953508979437,-0.011293953508982324,-0.011293953508976551,0.019363791999910784,0.021201743113991256,23.960063496999283,0.26367144900477735,0.0016930634116386286,0.0016930634116386278,0.0016930634116386295,0.21028047744443309,0.097154056719225154,0.097154056719224988,0.097154056719225293,0.10016660464145657,0.20969506996399687,-4.8247640319134632e-07,"[[0.2102804774, 0.0954427189, 0.0954427189, 6.1654e-06, 3.89698e-05, 3.89698e-05], [0.0954427189, 0.20969507, 0.0986629261, 4.36744e-05, 4.0303e-06, 4.31973e-05], [0.0954427189, 0.0986629261, 0.20969507, 4.36744e-05, 4.31973e-05, 4.0303e-06], [6.1654e-06, 4.36744e-05, 4.36744e-05, 0.1001666046, -3.5597e-06, -3.5597e-06], [3.89698e-05, 4.0303e-06, 4.31973e-05, -3.5597e-06, 0.0971540567, -3.7913e-06], [3.89698e-05, 4.31973e-05, 4.0303e-06, -3.5597e-06, -3.7913e-06, 0.0971540567]]",0.45001220703125,0.55053233199942042,5.8619282310010021,17.527238221999141,96,222,115,0.26255726482098446,0.0018027961968732843,0.0018027961968732848,0.0018027961968732841,0.20534147280689555,0.098263844005031589,0.098263844005031714,0.09826384400503145,0.098263844005031478,0.20534147280689641,-5.9723188616990107e-07,"[[0.2053414728, 0.0971254703, 0.0971254703, 4.9193e-06, 4.42038e-05, 4.42038e-05], [0.0971254703, 0.2053414728, 0.0971254703, 4.42038e-05, 4.9193e-06, 4.42038e-05], [0.0971254703, 0.0971254703, 0.2053414728, 4.42038e-05, 4.42038e-05, 4.9193e-06], [4.9193e-06, 4.42038e-05, 4.42038e-05, 0.098263844, -5.1547e-06, -5.1547e-06], [4.42038e-05, 4.9193e-06, 4.42038e-05, -5.1547e-06, 0.098263844, -5.1547e-06], [4.42038e-05, 4.42038e-05, 4.9193e-06, -5.1547e-06, -5.1547e-06, 0.098263844]]",0.45001220703125,0.17714966600033222,1.1598786770000515,4.45651876500051,78,121,109,"{""params"": {""w"": 1.0, ""rho"": 0.45, ""N"": 3.0, ""phase"": 0.125, ""gradient"": 0.0, ""a_z"": 1.0, ""wall"": 0.5, ""n"": 32, ""kind"": ""network"", ""k_s"": 130.0, ""k_f"": 0.4, ""E"": 70000000000.0, ""nu"": 0.33, ""tol"": 1e-08, ""preconditioner"": ""two_level""}, ""params_json"": ""{\""E\"": 70000000000.0, \""N\"": 3.0, \""a_z\"": 1.0, \""gradient\"": 0.0, \""k_f\"": 0.4, \""k_s\"": 130.0, \""kind\"": \""network\"", \""n\"": 32, \""nu\"": 0.33, \""phase\"": 0.125, \""preconditioner\"": \""two_level\"", \""rho\"": 0.45, \""tol\"": 1e-08, \""w\"": 1.0, \""wall\"": 0.5}"", ""voxlat_version"": ""0.1.0"", ""git_hash"": ""0977f9f913f3+dirty"", ""resolution"": 32, ""wall_time_s"": 23.960063496999283, ""timestamp_utc"": ""2026-10-09T17:59:27+00:00"", ""python"": ""3.13.16"", ""numpy"": ""2.5.3"", ""platform"": ""Linux-6.18.44-fc-v80-x86_64-with-glibc2.39"", ""extra"": {}}",uniform
D-r0.450-N3-p0.3333-g0.000-az1.0000-tw0.500-n32,1,0.45000000000000001,3,0.33333333333333331,0,1,0.5,32,network,D,95c011af0755,ok,,96,16,3,3.5,0.45001220703125,0.4404296875,0.4599609375,-0.0031350227112646456,-0.061516383582700396,-0.061543068801068301,-0.061489697248520159,0.012814151243724092,-0.015077130517661241,-0.015180850733267692,-0.014973388339936555,0.018480471172150459,0.024099636935062119,26.078426963000311,0.26353059179861171,0.0017056745749581179,0.0017056617338018787,0.0017056874161143569,0.2087377429920716,0.09693385633263947,0.09693390883348442,0.096933803831794521,0.099575241419475005,0.2083868355262396,-5.4991843125209246e-05,"[[0.208737743, 0.0942075678, 0.0942079799, -0.0012078787, 7.77548e-05, 7.82293e-05], [0.0942075678, 0.2083867504, 0.096759618, -0.0014680881, -1.7747e-06, 5.9363e-05], [0.0942079799, 0.096759618, 0.2083869207, -0.0014672136, 5.8914e-05, -1.0904e-06], [-0.0012078787, -0.0014680881, -0.0014672136, 0.0995752414, -1.64499e-05, -1.59419e-05], [7.77548e-05, -1.7747e-06, 5.8914e-05, -1.64499e-05, 0.0969338038, -0.0013162453], [7.82293e-05, 5.9363e-05, -1.0904e-06, -1.59419e-05, -0.0013162453, 0.0969339088]]",0.45001220703125,0.5839939340003184,5.7160058649997154,19.744727240000429,100,171,115,0.26435936440997249,0.0018174793306137851,0.0018175173277507786,0.0018174413334767917,0.2060967875851103,0.098417713037353374,0.098428131607370337,0.09840729446733644,0.097768434680810021,0.20348296983084799,-1.0625474585469042e-06,"[[0.2060967876, 0.0962473384, 0.0962215562, 1.27769e-05, 8.05624e-05, 5.36396e-05], [0.0962473384, 0.203494055, 0.095202658, 1.9335e-05, -2.7245e-06, 4.14347e-05], [0.0962215562, 0.095202658, 0.2034718847, 1.30899e-05, 6.23133e-05, -1.9075e-06], [1.27769e-05, 1.9335e-05, 1.30899e-05, 0.0977684347, -5.9571e-06, -1.15307e-05], [8.05624e-05, -2.7245e-06, 6.23133e-05, -5.9571e-06, 0.0984072945, -8.524e-07], [5.36396e-05, 4.14347e-05, -1.9075e-06, -1.15307e-05, -8.524e-07, 0.0984281316]]",0.450042724609375,0.12340507499993691,1.2240089760002775,5.2975686489999134,79,125,107,"{""params"": {""w"": 1.0, ""rho"": 0.45, ""N"": 3.0, ""phase"": 0.3333333333333333, ""gradient"": 0.0, ""a_z"": 1.0, ""wall"": 0.5, ""n"": 32, ""kind"": ""network"", ""k_s"": 130.0, ""k_f"": 0.4, ""E"": 70000000000.0, ""nu"": 0.33, ""tol"": 1e-08, ""preconditioner"": ""two_level""}, ""params_json"": ""{\""E\"": 70000000000.0, \""N\"": 3.0, \""a_z\"": 1.0, \""gradient\"": 0.0, \""k_f\"": 0.4, \""k_s\"": 130.0, \""kind\"": \""network\"", \""n\"": 32, \""nu\"": 0.33, \""phase\"": 0.3333333333333333, \""preconditioner\"": \""two_level\"", \""rho\"": 0.45, \""tol\"": 1e-08, \""w\"": 1.0, \""wall\"": 0.5}"", ""voxlat_version"": ""0.1.0"", ""git_hash"": ""0977f9f913f3+dirty"", ""resolution"": 32, ""wall_time_s"": 26.07842696300031, ""timestamp_utc"": ""2026-10-09T17:26:40+00:00"", ""python"": ""3.13.16"", ""numpy"": ""2.5.3"", ""platform"": ""Linux-6.18.44-fc-v80-x86_64-with-glibc2.39"", ""extra"": {}}",uniform
D-r0.450-N3-p0.6667-g0.000-az1.0000-tw0.500-n32,1,0.45000000000000001,3,0.66666666666666663,0,1,0.5,32,network,D,95c011af0755,ok,,96,16,3,3.5,0.449951171875,0.45947265625,0.4404296875,-0.0029686954984006197,-0.061790537222326303,-0.061825503331005893,-0.061755571109790908,0.013070199746747502,-0.01494627093292944,-0.01514435808167347,-0.014748183795833203,0.018524472511871615,0.024161053389565978,27.05349980200026,0.26347980167733542,0.0017061930336103154,0.0017061295396049853,0.0017062565276156458,0.2086839786259356,0.096914498350676878,0.096895006700350325,0.096933990001003431,0.09956565696126321,0.20835839044780297,-5.4485860836843022e-05,"[[0.2086839786, 0.0941667588, 0.0942150923, -0.0012146866, -3.16641e-05, -8.21268e-05], [0.0941667588, 0.2083369351, 0.0967565169, -0.0014726464, -2.67e-08, -6.0557e-05], [0.0942150923, 0.0967565169, 0.2083798458, -0.0014850476, -2.24266e-05, 1.2262e-06], [-0.0012146866, -0.0014726464, -0.0014850476, 0.099565657, 1.51771e-05, 2.45478e-05], [-3.16641e-05, -2.67e-08, -2.24266e-05, 1.51771e-05, 0.09693399, -0.001316064], [-8.21268e-05, -6.0557e-05, 1.2262e-06, 2.45478e-05, -0.001316064, 0.0968950067]]",0.449951171875,0.63199471600000834,7.0148126129997763,19.370435665999139,100,255,118,0.26426432198038646,0.001818563019561688,0.0018185631198275264,0.0018185629192958496,0.20599162691598619,0.098384987022447121,0.098384984129872885,0.09838498991502137,0.097754800840195513,0.2034429934220009,-1.4383862891048519e-09,"[[0.2059916269, 0.0962041051, 0.0962041717, -1.59e-08, -5.44381e-05, -5.481e-07], [0.0962041051, 0.2034429814, 0.0951979142, -2.89e-08, 1.325e-06, -7.029e-07], [0.0962041717, 0.0951979142, 0.2034430054, -3.65e-08, -4.24575e-05, -3.654e-07], [-1.59e-08, -2.89e-08, -3.65e-08, 0.0977548008, 1.02438e-05, 2.1348e-05], [-5.44381e-05, 1.325e-06, -4.24575e-05, 1.02438e-05, 0.0983849899, 3.59e-08], [-5.481e-07, -7.029e-07, -3.654e-07, 2.1348e-05, 3.59e-08, 0.0983849841]]",0.449951171875,0.10868400300023495,1.2236167800001567,4.9903409189996637,83,126,110,"{""params"": {""w"": 1.0, ""rho"": 0.45, ""N"": 3.0, ""phase"": 0.6666666666666666, ""gradient"": 0.0, ""a_z"": 1.0, ""wall"": 0.5, ""n"": 32, ""kind"": ""network"", ""k_s"": 130.0, ""k_f"": 0.4, ""E"": 70000000000.0, ""nu"": 0.33, ""tol"": 1e-08, ""preconditioner"": ""two_level""}, ""params_json"": ""{\""E\"": 70000000000.0, \""N\"": 3.0, \""a_z\"": 1.0, \""gradient\"": 0.0, \""k_f\"": 0.4, \""k_s\"": 130.0, \""kind\"": \""network\"", \""n\"": 32, \""nu\"": 0.33, \""phase\"": 0.6666666666666666, \""preconditioner\"": \""two_level\"", \""rho\"": 0.45, \""tol\"": 1e-08, \""w\"": 1.0, \""wall\"": 0.5}"", ""voxlat_version"": ""0.1.0"", ""git_hash"": ""0977f9f913f3+dirty"", ""resolution"": 32, ""wall_time_s"": 27.05349980200026, ""timestamp_utc"": ""2026-10-09T17:26:44+00:00"", ""python"": ""3.13.16"", ""numpy"": ""2.5.3"", ""platform"": ""Linux-6.18.44-fc-v80-x86_64-with-glibc2.39"", ""extra"": {}}",uniform
D-r0.450-N4-p0.0000-g0.000-az1.0000-tw0.500-n32,1,0.45000000000000001,4,0,0,1,0.5,32,network,D,95c011af0755,ok,,128,16,4,4.5,0.45001220703125,0.44970703125,0.44970703125,-0.0050447635181365413,-0.048680162047966324,-0.048680162047965769,-0.048680162047966768,0.0043492396164508396,-0.011197702868043224,-0.01119770286804378,-0.011197702868043002,0.012444452732999434,0.022678731734853796,30.303239246000885,0.26123272550999382,0.0017150357858700359,0.0017150357858700359,0.0017150357858700359,0.20623455207532856,0.097163514677191323,0.097163514677191365,0.097163514677191268,0.099486683767114878,0.20999835698272412,7.3005930755291412e-05,"[[0.2062345521, 0.095612437, 0.095612437, 0.0016494476, 4.28803e-05, 4.28803e-05], [0.095612437, 0.209998357, 0.0981332086, 0.0019530779, 2.8828e-06, 4.28121e-05], [0.095612437, 0.0981332086, 0.209998357, 0.0019530779, 4.28121e-05, 2.8828e-06], [0.0016494476, 0.0019530779, 0.0019530779, 0.0994866838, -4.6429e-06, -4.6429e-06], [4.28803e-05, 2.8828e-06, 4.28121e-05, -4.6429e-06, 0.0971635147, 0.0016510204], [4.28803e-05, 4.28121e-05, 2.8828e-06, -4.6429e-06, 0.0016510204, 0.0971635147]]",0.45001220703125,0.71847740100020019,6.9959116070003802,22.551792044000649,97,177,116,0.26255726482098446,0.0018027961968732848,0.0018027961968732837,0.0018027961968732856,0.20534147280689644,0.098263844005031423,0.09826384400503152,0.098263844005031339,0.09826384400503145,0.20534147280689674,-5.9723188616988074e-07,"[[0.2053414728, 0.0971254703, 0.0971254703, 4.9193e-06, 4.42038e-05, 4.42038e-05], [0.0971254703, 0.2053414728, 0.0971254703, 4.42038e-05, 4.9193e-06, 4.42038e-05], [0.0971254703, 0.0971254703, 0.2053414728, 4.42038e-05, 4.42038e-05, 4.9193e-06], [4.9193e-06, 4.42038e-05, 4.42038e-05, 0.098263844, -5.1547e-06, -5.1547e-06], [4.42038e-05, 4.9193e-06, 4.42038e-05, -5.1547e-06, 0.098263844, -5.1547e-06], [4.42038e-05, 4.42038e-05, 4.9193e-06, -5.1547e-06, -5.1547e-06, 0.098263844]]",0.45001220703125,0.20213353400004053,1.2637357439998596,3.947832438000205,79,121,101,"{""params"": {""w"": 1.0, ""rho"": 0.45, ""N"": 4.0, ""phase"": 0.0, ""gradient"": 0.0, ""a_z"": 1.0, ""wall"": 0.5, ""n"": 32, ""kind"": ""network"", ""k_s"": 130.0, ""k_f"": 0.4, ""E"": 70000000000.0, ""nu"": 0.33, ""tol"": 1e-08, ""preconditioner"": ""two_level""}, ""params_json"": ""{\""E\"": 70000000000.0, \""N\"": 4.0, \""a_z\"": 1.0, \""gradient\"": 0.0, \""k_f\"": 0.4, \""k_s\"": 130.0, \""kind\"": \""network\"", \""n\"": 32, \""nu\"": 0.33, \""phase\"": 0.0, \""preconditioner\"": \""two_level\"", \""rho\"": 0.45, \""tol\"": 1e-08, \""w\"": 1.0, \""wall\"": 0.5}"", ""voxlat_version"": ""0.1.0"", ""git_hash"": ""0977f9f913f3+dirty"", ""resolution"": 32, ""wall_time_s"": 30.303239246000885, ""timestamp_utc"": ""2026-10-09T17:14:06+00:00"", ""python"": ""3.13.16"", ""numpy"": ""2.5.3"", ""platform"": ""Linux-6.18.44-fc-v80-x86_64-with-glibc2.39"", ""extra"": {}}",uniform
D-r0.450-N4-p0.1250-g0.000-az1.0000-tw0.500-n32,1,0.45000000000000001,4,0.125,0,1,0.5,32,network,D,95c011af0755,ok,,128,16,4,4.5,0.45001220703125,0.4501953125,0.44970703125,0.0031793161483149035,-0.045651057584983112,-0.045651057584983334,-0.045651057584983001,0.017931653781368073,-0.0084944516197011932,-0.0084944516197044129,-0.0084944516196978626,0.014522843888435499,0.015888790794591046,30.132546409000497,0.2633920173728872,0.0017204966438758335,0.0017204966438758335,0.0017204966438758335,0.20902358500422502,0.097429146536164982,0.097429146536164787,0.097429146536165176,0.099690914471394124,0.20860410050977837,-5.1178777027223153e-07,"[[0.209023585, 0.0958709504, 0.0958709504, 5.8483e-06, 4.02885e-05, 4.02885e-05], [0.0958709504, 0.2086041005, 0.098275992, 4.38086e-05, 4.2434e-06, 4.34396e-05], [0.0958709504, 0.098275992, 0.2086041005, 4.38086e-05, 4.34396e-05, 4.2434e-06], [5.8483e-06, 4.38086e-05, 4.38086e-05, 0.0996909145, -3.9551e-06, -3.9551e-06], [4.02885e-05, 4.2434e-06, 4.34396e-05, -3.9551e-06, 0.0974291465, -4.1265e-06], [4.02885e-05, 4.34396e-05, 4.2434e-06, -3.9551e-06, -4.1265e-06, 0.0974291465]]",0.45001220703125,0.76359425399823522,7.4268340700000408,21.917656083000111,96,190,115,0.26255726482098446,0.0018027961968732843,0.0018027961968732848,0.0018027961968732841,0.20534147280689555,0.098263844005031589,0.098263844005031714,0.09826384400503145,0.098263844005031478,0.20534147280689641,-5.9723188616990107e-07,"[[0.2053414728, 0.0971254703, 0.0971254703, 4.9193e-06, 4.42038e-05, 4.42038e-05], [0.0971254703, 0.2053414728, 0.0971254703, 4.42038e-05, 4.9193e-06, 4.42038e-05], [0.0971254703, 0.0971254703, 0.2053414728, 4.42038e-05, 4.42038e-05, 4.9193e-06], [4.9193e-06, 4.42038e-05, 4.42038e-05, 0.098263844, -5.1547e-06, -5.1547e-06], [4.42038e-05, 4.9193e-06, 4.42038e-05, -5.1547e-06, 0.098263844, -5.1547e-06], [4.42038e-05, 4.42038e-05, 4.9193e-06, -5.1547e-06, -5.1547e-06, 0.098263844]]",0.45001220703125,0.17714966600033222,1.1598786770000515,4.45651876500051,78,121,109,"{""params"": {""w"": 1.0, ""rho"": 0.45, ""N"": 4.0, ""phase"": 0.125, ""gradient"": 0.0, ""a_z"": 1.0, ""wall"": 0.5, ""n"": 32, ""kind"": ""network"", ""k_s"": 130.0, ""k_f"": 0.4, ""E"": 70000000000.0, ""nu"": 0.33, ""tol"": 1e-08, ""preconditioner"": ""two_level""}, ""params_json"": ""{\""E\"": 70000000000.0, \""N\"": 4.0, \""a_z\"": 1.0, \""gradient\"": 0.0, \""k_f\"": 0.4, \""k_s\"": 130.0, \""kind\"": \""network\"", \""n\"": 32, \""nu\"": 0.33, \""phase\"": 0.125, \""preconditioner\"": \""two_level\"", \""rho\"": 0.45, \""tol\"": 1e-08, \""w\"": 1.0, \""wall\"": 0.5}"", ""voxlat_version"": ""0.1.0"", ""git_hash"": ""0977f9f913f3+dirty"", ""resolution"": 32, ""wall_time_s"": 30.132546409000497, ""timestamp_utc"": ""2026-10-09T17:58:17+00:00"", ""python"": ""3.13.16"", ""numpy"": ""2.5.3"", ""platform"": ""Linux-6.18.44-fc-v80-x86_64-with-glibc2.39"", ""extra"": {}}",uniform
D-r0.450-N4-p0.3333-g0.000-az1.0000-tw0.500-n32,1,0.45000000000000001,4,0.33333333333333331,0,1,0.5,32,network,D,95c011af0755,ok,,128,16,4,4.5,0.45001220703125,0.4404296875,0.4599609375,-0.0023829082206121566,-0.046087661835482852,-0.046112904318068471,-0.046062418297410979,0.0095365660690494014,-0.011411544829936671,-0.011515784265538453,-0.01130728332227493,0.013834587503537721,0.018040231853093891,29.299998375999166,0.26372942030732416,0.0017337159578314774,0.0017337063251197755,0.0017337255905431792,0.20806224321653452,0.097294614892967785,0.09729465447811983,0.097294575307815725,0.099121020645485586,0.2071538497847526,-4.1773133896440615e-05,"[[0.2080622432, 0.09471666, 0.094716968, -0.0008965204, 7.85182e-05, 7.88732e-05], [0.09471666, 0.207153785, 0.0963662905, -0.0010951965, -1.9744e-06, 6.01813e-05], [0.094716968, 0.0963662905, 0.2071539145, -0.0010945403, 5.98439e-05, -1.4594e-06], [-0.0008965204, -0.0010951965, -0.0010945403, 0.0991210206, -1.65005e-05, -1.61191e-05], [7.85182e-05, -1.9744e-06, 5.98439e-05, -1.65005e-05, 0.0972945753, -0.0009950494], [7.88732e-05, 6.01813e-05, -1.4594e-06, -1.61191e-05, -0.0009950494, 0.0972946545]]",0.45001220703125,0.60552985499998613,6.6646752649994596,22.006974842999625,100,161,115,0.26435936440997249,0.0018174793306137851,0.0018175173277507786,0.0018174413334767917,0.2060967875851103,0.098417713037353374,0.098428131607370337,0.09840729446733644,0.097768434680810021,0.20348296983084799,-1.0625474585469042e-06,"[[0.2060967876, 0.0962473384, 0.0962215562, 1.27769e-05, 8.05624e-05, 5.36396e-05], [0.0962473384, 0.203494055, 0.095202658, 1.9335e-05, -2.7245e-06, 4.14347e-05], [0.0962215562, 0.095202658, 0.2034718847, 1.30899e-05, 6.23133e-05, -1.9075e-06], [1.27769e-05, 1.9335e-05, 1.30899e-05, 0.0977684347, -5.9571e-06, -1.15307e-05], [8.05624e-05, -2.7245e-06, 6.23133e-05, -5.9571e-06, 0.0984072945, -8.524e-07], [5.36396e-05, 4.14347e-05, -1.9075e-06, -1.15307e-05, -8.524e-07, 0.0984281316]]",0.450042724609375,0.12340507499993691,1.2240089760002775,5.2975686489999134,79,125,107,"{""params"": {""w"": 1.0, ""rho"": 0.45, ""N"": 4.0, ""phase"": 0.3333333333333333, ""gradient"": 0.0, ""a_z"": 1.0, ""wall"": 0.5, ""n"": 32, ""kind"": ""network"", ""k_s"": 130.0, ""k_f"": 0.4, ""E"": 70000000000.0, ""nu"": 0.33, ""tol"": 1e-08, ""preconditioner"": ""two_level""}, ""params_json"": ""{\""E\"": 70000000000.0, \""N\"": 4.0, \""a_z\"": 1.0, \""gradient\"": 0.0, \""k_f\"": 0.4, \""k_s\"": 130.0, \""kind\"": \""network\"", \""n\"": 32, \""nu\"": 0.33, \""phase\"": 0.3333333333333333, \""preconditioner\"": \""two_level\"", \""rho\"": 0.45, \""tol\"": 1e-08, \""w\"": 1.0, \""wall\"": 0.5}"", ""voxlat_version"": ""0.1.0"", ""git_hash"": ""0977f9f913f3+dirty"", ""resolution"": 32, ""wall_time_s"": 29.299998375999166, ""timestamp_utc"": ""2026-10-09T17:14:30+00:00"", ""python"": ""3.13.16"", ""numpy"": ""2.5.3"", ""platform"": ""Linux-6.18.44-fc-v80-x86_64-with-glibc2.39"", ""extra"": {}}",uniform
D-r0.450-N4-p0.6667-g0.000-az1.0000-tw0.500-n32,1,0.45000000000000001,4,0.66666666666666663,0,1,0.5,32,network,D,95c011af0755,ok,,128,16,4,4.5,0.449951171875,0.45947265625,0.4404296875,-0.0022280386274117214,-0.046343033684294266,-0.046379714454641396,-0.046306352909902371,0.0097708286698177105,-0.011285552956093792,-0.011487007467224863,-0.011084098456808467,0.013879188654080776,0.018102640268349068,32.21540812999956,0.26367553086316742,0.0017342852922891288,0.0017342186816121838,0.0017343519029660737,0.20800433580999933,0.097274658041320697,0.097254835082510233,0.097294481000131161,0.099111558162898697,0.20712584874703549,-4.1216843474416214e-05,"[[0.2080043358, 0.0946745709, 0.0947237162, -0.0009037462, -3.07711e-05, -8.18122e-05], [0.0946745709, 0.2071042313, 0.0963631826, -0.0010997651, -2.2e-09, -6.10756e-05], [0.0947237162, 0.0963631826, 0.2071474662, -0.0011121806, -2.24102e-05, 1.536e-06], [-0.0009037462, -0.0010997651, -0.0011121806, 0.0991115582, 1.55313e-05, 2.49128e-05], [-3.07711e-05, -2.2e-09, -2.24102e-05, 1.55313e-05, 0.097294481, -0.0009947624], [-8.18122e-05, -6.10756e-05, 1.536e-06, 2.49128e-05, -0.0009947624, 0.0972548351]]",0.449951171875,0.73925305200009461,8.4029857349996746,23.041055476000111,100,282,118,0.26426432198038646,0.001818563019561688,0.0018185631198275264,0.0018185629192958496,0.20599162691598619,0.098384987022447121,0.098384984129872885,0.09838498991502137,0.097754800840195513,0.2034429934220009,-1.4383862891048519e-09,"[[0.2059916269, 0.0962041051, 0.0962041717, -1.59e-08, -5.44381e-05, -5.481e-07], [0.0962041051, 0.2034429814, 0.0951979142, -2.89e-08, 1.325e-06, -7.029e-07], [0.0962041717, 0.0951979142, 0.2034430054, -3.65e-08, -4.24575e-05, -3.654e-07], [-1.59e-08, -2.89e-08, -3.65e-08, 0.0977548008, 1.02438e-05, 2.1348e-05], [-5.44381e-05, 1.325e-06, -4.24575e-05, 1.02438e-05, 0.0983849899, 3.59e-08], [-5.481e-07, -7.029e-07, -3.654e-07, 2.1348e-05, 3.59e-08, 0.0983849841]]",0.449951171875,0.10868400300023495,1.2236167800001567,4.9903409189996637,83,126,110,"{""params"": {""w"": 1.0, ""rho"": 0.45, ""N"": 4.0, ""phase"": 0.6666666666666666, ""gradient"": 0.0, ""a_z"": 1.0, ""wall"": 0.5, ""n"": 32, ""kind"": ""network"", ""k_s"": 130.0, ""k_f"": 0.4, ""E"": 70000000000.0, ""nu"": 0.33, ""tol"": 1e-08, ""preconditioner"": ""two_level""}, ""params_json"": ""{\""E\"": 70000000000.0, \""N\"": 4.0, \""a_z\"": 1.0, \""gradient\"": 0.0, \""k_f\"": 0.4, \""k_s\"": 130.0, \""kind\"": \""network\"", \""n\"": 32, \""nu\"": 0.33, \""phase\"": 0.6666666666666666, \""preconditioner\"": \""two_level\"", \""rho\"": 0.45, \""tol\"": 1e-08, \""w\"": 1.0, \""wall\"": 0.5}"", ""voxlat_version"": ""0.1.0"", ""git_hash"": ""0977f9f913f3+dirty"", ""resolution"": 32, ""wall_time_s"": 32.21540812999956, ""timestamp_utc"": ""2026-10-09T17:14:38+00:00"", ""python"": ""3.13.16"", ""numpy"": ""2.5.3"", ""platform"": ""Linux-6.18.44-fc-v80-x86_64-with-glibc2.39"", ""extra"": {}}",uniform
D-r0.450-N6-p0.0000-g0.000-az1.0000-tw0.500-n32,1,0.45000000000000001,6,0,0,1,0.5,32,network,D,95c011af0755,ok,,192,16,6,6.5,0.45001220703125,0.44970703125,0.44970703125,-0.0033688406802783177,-0.032453435638198913,-0.03245343563819858,-0.032453435638199246,0.0028952955824499416,-0.0075569401215128673,-0.0075569401215145326,-0.007556940121511313,0.0082665597911748545,0.015107106805628767,41.411880353000015,0.26167275122635292,0.0017442892665292678,0.0017442892665292674,0.0017442892665292681,0.20593599706600799,0.097521270019775716,0.097521270019775647,0.097521270019775785,0.099076147946809731,0.20844358836821561,4.8468215163176668e-05,"[[0.2059359971, 0.0961182416, 0.0961182416, 0.0010996844, 4.33246e-05, 4.33246e-05], [0.0961182416, 0.2084435884, 0.097794822, 0.0013194754, 3.5592e-06, 4.32776e-05], [0.0961182416, 0.097794822, 0.2084435884, 0.0013194754, 4.32776e-05, 3.5592e-06], [0.0010996844, 0.0013194754, 0.0013194754, 0.0990761479, -4.8113e-06, -4.8113e-06], [4.33246e-05, 3.5592e-06, 4.32776e-05, -4.8113e-06, 0.09752127, 0.0011072857], [4.33246e-05, 4.32776e-05, 3.5592e-06, -4.8113e-06, 0.0011072857, 0.09752127]]",0.45001220703125,1.0362227380001059,8.073514011000043,32.275589548000426,96,142,115,0.26255726482098446,0.0018027961968732848,0.0018027961968732837,0.0018027961968732856,0.20534147280689644,0.098263844005031423,0.09826384400503152,0.098263844005031339,0.09826384400503145,0.20534147280689674,-5.9723188616988074e-07,"[[0.2053414728, 0.0971254703, 0.0971254703, 4.9193e-06, 4.42038e-05, 4.42038e-05], [0.0971254703, 0.2053414728, 0.0971254703, 4.42038e-05, 4.9193e-06, 4.42038e-05], [0.0971254703, 0.0971254703, 0.2053414728, 4.42038e-05, 4.42038e-05, 4.9193e-06], [4.9193e-06, 4.42038e-05, 4.42038e-05, 0.098263844, -5.1547e-06, -5.1547e-06], [4.42038e-05, 4.9193e-06, 4.42038e-05, -5.1547e-06, 0.098263844, -5.1547e-06], [4.42038e-05, 4.42038e-05, 4.9193e-06, -5.1547e-06, -5.1547e-06, 0.098263844]]",0.45001220703125,0.20213353400004053,1.2637357439998596,3.947832438000205,79,121,101,"{""params"": {""w"": 1.0, ""rho"": 0.45, ""N"": 6.0, ""phase"": 0.0, ""gradient"": 0.0, ""a_z"": 1.0, ""wall"": 0.5, ""n"": 32, ""kind"": ""network"", ""k_s"": 130.0, ""k_f"": 0.4, ""E"": 70000000000.0, ""nu"": 0.33, ""tol"": 1e-08, ""preconditioner"": ""two_level""}, ""params_json"": ""{\""E\"": 70000000000.0, \""N\"": 6.0, \""a_z\"": 1.0, \""gradient\"": 0.0, \""k_f\"": 0.4, \""k_s\"": 130.0, \""kind\"": \""network\"", \""n\"": 32, \""nu\"": 0.33, \""phase\"": 0.0, \""preconditioner\"": \""two_level\"", \""rho\"": 0.45, \""tol\"": 1e-08, \""w\"": 1.0, \""wall\"": 0.5}"", ""voxlat_version"": ""0.1.0"", ""git_hash"": ""0977f9f913f3+dirty"", ""resolution"": 32, ""wall_time_s"": 41.411880353000015, ""timestamp_utc"": ""2026-10-09T17:06:28+00:00"", ""python"": ""3.13.16"", ""numpy"": ""2.5.3"", ""platform"": ""Linux-6.18.44-fc-v80-x86_64-with-glibc2.39"", ""extra"": {}}",uniform
D-r0.450-N6-p0.1250-g0.000-az1.0000-tw0.500-n32,1,0.45000000000000001,6,0.125,0,1,0.5,32,network,D,95c011af0755,ok,,192,16,6,6.5,0.45001220703125,0.4501953125,0.44970703125,0.0021173002432586241,-0.030434033015146023,-0.030434033015146134,-0.030434033015146023,0.011883405662200364,-0.0056790480527761922,-0.0056790480527786347,-0.0056790480527736387,0.0096818958498150476,0.010584281993636591,41.892720640000334,0.26311317738165924,0.0017479298378980631,0.0017479298378980633,0.0017479298378980628,0.20778162882753359,0.097705798913076514,0.097705798913076389,0.097705798913076625,0.099215224308490654,0.20751486486007326,-5.4110970357378302e-07,"[[0.2077816288, 0.096294093, 0.096294093, 5.535e-06, 4.16002e-05, 4.16002e-05], [0.096294093, 0.2075148649, 0.0978907917, 4.39416e-05, 4.4626e-06, 4.36881e-05], [0.096294093, 0.0978907917, 0.2075148649, 4.39416e-05, 4.36881e-05, 4.4626e-06], [5.535e-06, 4.39416e-05, 4.39416e-05, 0.0992152243, -4.3527e-06, -4.3527e-06], [4.16002e-05, 4.4626e-06, 4.36881e-05, -4.3527e-06, 0.0977057989, -4.4654e-06], [4.16002e-05, 4.36881e-05, 4.4626e-06, -4.3527e-06, -4.4654e-06, 0.0977057989]]",0.45001220703125,1.0535982289993626,10.474132191999161,30.331982787000015,95,154,115,0.26255726482098446,0.0018027961968732843,0.0018027961968732848,0.0018027961968732841,0.20534147280689555,0.098263844005031589,0.098263844005031714,0.09826384400503145,0.098263844005031478,0.20534147280689641,-5.9723188616990107e-07,"[[0.2053414728, 0.0971254703, 0.0971254703, 4.9193e-06, 4.42038e-05, 4.42038e-05], [0.0971254703, 0.2053414728, 0.0971254703, 4.42038e-05, 4.9193e-06, 4.42038e-05], [0.0971254703, 0.0971254703, 0.2053414728, 4.42038e-05, 4.42038e-05, 4.9193e-06], [4.9193e-06, 4.42038e-05, 4.42038e-05, 0.098263844, -5.1547e-06, -5.1547e-06], [4.42038e-05, 4.9193e-06, 4.42038e-05, -5.1547e-06, 0.098263844, -5.1547e-06], [4.42038e-05, 4.42038e-05, 4.9193e-06, -5.1547e-06, -5.1547e-06, 0.098263844]]",0.45001220703125,0.17714966600033222,1.1598786770000515,4.45651876500051,78,121,109,"{""params"": {""w"": 1.0, ""rho"": 0.45, ""N"": 6.0, ""phase"": 0.125, ""gradient"": 0.0, ""a_z"": 1.0, ""wall"": 0.5, ""n"": 32, ""kind"": ""network"", ""k_s"": 130.0, ""k_f"": 0.4, ""E"": 70000000000.0, ""nu"": 0.33, ""tol"": 1e-08, ""preconditioner"": ""two_level""}, ""params_json"": ""{\""E\"": 70000000000.0, \""N\"": 6.0, \""a_z\"": 1.0, \""gradient\"": 0.0, \""k_f\"": 0.4, \""k_s\"": 130.0, \""kind\"": \""network\"", \""n\"": 32, \""nu\"": 0.33, \""phase\"": 0.125, \""preconditioner\"": \""two_level\"", \""rho\"": 0.45, \""tol\"": 1e-08, \""w\"": 1.0, \""wall\"": 0.5}"", ""voxlat_version"": ""0.1.0"", ""git_hash"": ""0977f9f913f3+dirty"", ""resolution"": 32, ""wall_time_s"": 41.892720640000334, ""timestamp_utc"": ""2026-10-09T17:56:49+00:00"", ""python"": ""3.13.16"", ""numpy"": ""2.5.3"", ""platform"": ""Linux-6.18.44-fc-v80-x86_64-with-glibc2.39"", ""extra"": {}}",uniform
D-r0.450-N6-p0.3333-g0.000-az1.0000-tw0.500-n32,1,0.45000000000000001,6,0.33333333333333331,0,1,0.5,32,network,D,95c011af0755,ok,,192,16,6,6.5,0.45001220703125,0.4404296875,0.4599609375,-0.0016296579626622343,-0.030658940582741212,-0.030682739993012076,-0.030635140177324494,0.0062801259495857131,-0.0076960210290567543,-0.0078007869625641435,-0.0075912329120066957,0.0091981738215469733,0.011992988754675693,40.852411058000143,0.26392854906675745,0.0017617573398061369,0.0017617509161506073,0.0017617637634616667,0.20739110136894984,0.097660288248186233,0.097660314721578018,0.097660261774794449,0.098667725737264664,0.20592333879979735,-2.8553106411988913e-05,"[[0.2073911014, 0.0952224679, 0.0952226726, -0.0005871707, 7.92905e-05, 7.95265e-05], [0.0952224679, 0.2059232949, 0.0959754378, -0.0007207909, -2.1691e-06, 6.10049e-05], [0.0952226726, 0.0959754378, 0.2059233827, -0.0007203534, 6.07794e-05, -1.8245e-06], [-0.0005871707, -0.0007207909, -0.0007203534, 0.0986677257, -1.65521e-05, -1.62976e-05], [7.92905e-05, -2.1691e-06, 6.07794e-05, -1.65521e-05, 0.0976602618, -0.00066897], [7.95265e-05, 6.10049e-05, -1.8245e-06, -1.62976e-05, -0.00066897, 0.0976603147]]",0.45001220703125,1.0635917620002147,9.5210471109994614,30.241097801000251,100,151,115,0.26435936440997249,0.0018174793306137851,0.0018175173277507786,0.0018174413334767917,0.2060967875851103,0.098417713037353374,0.098428131607370337,0.09840729446733644,0.097768434680810021,0.20348296983084799,-1.0625474585469042e-06,"[[0.2060967876, 0.0962473384, 0.0962215562, 1.27769e-05, 8.05624e-05, 5.36396e-05], [0.0962473384, 0.203494055, 0.095202658, 1.9335e-05, -2.7245e-06, 4.14347e-05], [0.0962215562, 0.095202658, 0.2034718847, 1.30899e-05, 6.23133e-05, -1.9075e-06], [1.27769e-05, 1.9335e-05, 1.30899e-05, 0.0977684347, -5.9571e-06, -1.15307e-05], [8.05624e-05, -2.7245e-06, 6.23133e-05, -5.9571e-06, 0.0984072945, -8.524e-07], [5.36396e-05, 4.14347e-05, -1.9075e-06, -1.15307e-05, -8.524e-07, 0.0984281316]]",0.450042724609375,0.12340507499993691,1.2240089760002775,5.2975686489999134,79,125,107,"{""params"": {""w"": 1.0, ""rho"": 0.45, ""N"": 6.0, ""phase"": 0.3333333333333333, ""gradient"": 0.0, ""a_z"": 1.0, ""wall"": 0.5, ""n"": 32, ""kind"": ""network"", ""k_s"": 130.0, ""k_f"": 0.4, ""E"": 70000000000.0, ""nu"": 0.33, ""tol"": 1e-08, ""preconditioner"": ""two_level""}, ""params_json"": ""{\""E\"": 70000000000.0, \""N\"": 6.0, \""a_z\"": 1.0, \""gradient\"": 0.0, \""k_f\"": 0.4, \""k_s\"": 130.0, \""kind\"": \""network\"", \""n\"": 32, \""nu\"": 0.33, \""phase\"": 0.3333333333333333, \""preconditioner\"": \""two_level\"", \""rho\"": 0.45, \""tol\"": 1e-08, \""w\"": 1.0, \""wall\"": 0.5}"", ""voxlat_version"": ""0.1.0"", ""git_hash"": ""0977f9f913f3+dirty"", ""resolution"": 32, ""wall_time_s"": 40.85241105800014, ""timestamp_utc"": ""2026-10-09T17:06:44+00:00"", ""python"": ""3.13.16"", ""numpy"": ""2.5.3"", ""platform"": ""Linux-6.18.44-fc-v80-x86_64-with-glibc2.39"", ""extra"": {}}",uniform
D-r0.450-N6-p0.6667-g0.000-az1.0000-tw0.500-n32,1,0.45000000000000001,6,0.66666666666666663,0,1,0.5,32,network,D,95c011af0755,ok,,192,16,6,6.5,0.449951171875,0.45947265625,0.4404296875,-0.0014862805263711198,-0.030895420949043739,-0.030933925889374381,-0.030856916004467272,0.0064928786958886597,-0.0075749480502061983,-0.007779819871039817,-0.0073700762414191656,0.0092433529927429259,0.012056355082170844,46.998513857000034,0.26387155106481236,0.0017623777495499656,0.0017623078230536323,0.0017624476760462989,0.20732910556192047,0.09763972585683188,0.097619566675327354,0.097659885038336405,0.098658382971096734,0.20589577438967627,-2.7948763878587982e-05,"[[0.2073291056, 0.095179086, 0.0952290379, -0.0005948246, -2.98777e-05, -8.14939e-05], [0.095179086, 0.205873991, 0.0959723156, -0.0007253755, 2.53e-08, -6.15944e-05], [0.0952290379, 0.0959723156, 0.2059175578, -0.0007378029, -2.23853e-05, 1.8518e-06], [-0.0005948246, -0.0007253755, -0.0007378029, 0.098658383, 1.58945e-05, 2.52852e-05], [-2.98777e-05, 2.53e-08, -2.23853e-05, 1.58945e-05, 0.097659885, -0.0006685831], [-8.14939e-05, -6.15944e-05, 1.8518e-06, 2.52852e-05, -0.0006685831, 0.0976195667]]",0.449951171875,1.0507979939993675,13.515678616000514,32.401724591999482,100,317,118,0.26426432198038646,0.001818563019561688,0.0018185631198275264,0.0018185629192958496,0.20599162691598619,0.098384987022447121,0.098384984129872885,0.09838498991502137,0.097754800840195513,0.2034429934220009,-1.4383862891048519e-09,"[[0.2059916269, 0.0962041051, 0.0962041717, -1.59e-08, -5.44381e-05, -5.481e-07], [0.0962041051, 0.2034429814, 0.0951979142, -2.89e-08, 1.325e-06, -7.029e-07], [0.0962041717, 0.0951979142, 0.2034430054, -3.65e-08, -4.24575e-05, -3.654e-07], [-1.59e-08, -2.89e-08, -3.65e-08, 0.0977548008, 1.02438e-05, 2.1348e-05], [-5.44381e-05, 1.325e-06, -4.24575e-05, 1.02438e-05, 0.0983849899, 3.59e-08], [-5.481e-07, -7.029e-07, -3.654e-07, 2.1348e-05, 3.59e-08, 0.0983849841]]",0.449951171875,0.10868400300023495,1.2236167800001567,4.9903409189996637,83,126,110,"{""params"": {""w"": 1.0, ""rho"": 0.45, ""N"": 6.0, ""phase"": 0.6666666666666666, ""gradient"": 0.0, ""a_z"": 1.0, ""wall"": 0.5, ""n"": 32, ""kind"": ""network"", ""k_s"": 130.0, ""k_f"": 0.4, ""E"": 70000000000.0, ""nu"": 0.33, ""tol"": 1e-08, ""preconditioner"": ""two_level""}, ""params_json"": ""{\""E\"": 70000000000.0, \""N\"": 6.0, \""a_z\"": 1.0, \""gradient\"": 0.0, \""k_f\"": 0.4, \""k_s\"": 130.0, \""kind\"": \""network\"", \""n\"": 32, \""nu\"": 0.33, \""phase\"": 0.6666666666666666, \""preconditioner\"": \""two_level\"", \""rho\"": 0.45, \""tol\"": 1e-08, \""w\"": 1.0, \""wall\"": 0.5}"", ""voxlat_version"": ""0.1.0"", ""git_hash"": ""0977f9f913f3+dirty"", ""resolution"": 32, ""wall_time_s"": 46.998513857000034, ""timestamp_utc"": ""2026-10-09T17:07:15+00:00"", ""python"": ""3.13.16"", ""numpy"": ""2.5.3"", ""platform"": ""Linux-6.18.44-fc-v80-x86_64-with-glibc2.39"", ""extra"": {}}",uniform
D-r0.450-N8-p0.0000-g0.000-az1.0000-tw0.500-n32,1,0.45000000000000001,8,0,0,1,0.5,32,network,D,95c011af0755,ok,,256,16,8,8.5,0.45001220703125,0.44970703125,0.44970703125,-0.0025287602578158985,-0.024340075902934188,-0.024340075902933744,-0.024340075902934522,0.0021699010418347875,-0.0057025989554841949,-0.0057025989554818635,-0.0057025989554867484,0.0061887907832511857,0.011325822025823662,53.82711601300025,0.2618933204443043,0.001758916000603868,0.0017589160006038678,0.0017589160006038682,0.20578704348267202,0.097703484710846458,0.097703484710846791,0.097703484710846139,0.098871978377136613,0.20766713378242815,3.6201683999622392e-05,"[[0.2057870435, 0.0963705952, 0.0963705952, 0.0008253992, 4.35456e-05, 4.35456e-05], [0.0963705952, 0.2076671338, 0.0976265583, 0.0010016636, 3.8983e-06, 4.35098e-05], [0.0963705952, 0.0976265583, 0.2076671338, 0.0010016636, 4.35098e-05, 3.8983e-06], [0.0008253992, 0.0010016636, 0.0010016636, 0.0988719784, -4.8964e-06, -4.8964e-06], [4.35456e-05, 3.8983e-06, 4.35098e-05, -4.8964e-06, 0.0977034847, 0.0008323436], [4.35456e-05, 4.35098e-05, 3.8983e-06, -4.8964e-06, 0.0008323436, 0.0977034847]]",0.45001220703125,1.5070326789996216,11.694416923000063,40.5631501630005,96,133,115,0.26255726482098446,0.0018027961968732848,0.0018027961968732837,0.0018027961968732856,0.20534147280689644,0.098263844005031423,0.09826384400503152,0.098263844005031339,0.09826384400503145,0.20534147280689674,-5.9723188616988074e-07,"[[0.2053414728, 0.0971254703, 0.0971254703, 4.9193e-06, 4.42038e-05, 4.42038e-05], [0.0971254703, 0.2053414728, 0.0971254703, 4.42038e-05, 4.9193e-06, 4.42038e-05], [0.0971254703, 0.0971254703, 0.2053414728, 4.42038e-05, 4.42038e-05, 4.9193e-06], [4.9193e-06, 4.42038e-05, 4.42038e-05, 0.098263844, -5.1547e-06, -5.1547e-06], [4.42038e-05, 4.9193e-06, 4.42038e-05, -5.1547e-06, 0.098263844, -5.1547e-06], [4.42038e-05, 4.42038e-05, 4.9193e-06, -5.1547e-06, -5.1547e-06, 0.098263844]]",0.45001220703125,0.20213353400004053,1.2637357439998596,3.947832438000205,79,121,101,"{""params"": {""w"": 1.0, ""rho"": 0.45, ""N"": 8.0, ""phase"": 0.0, ""gradient"": 0.0, ""a_z"": 1.0, ""wall"": 0.5, ""n"": 32, ""kind"": ""network"", ""k_s"": 130.0, ""k_f"": 0.4, ""E"": 70000000000.0, ""nu"": 0.33, ""tol"": 1e-08, ""preconditioner"": ""two_level""}, ""params_json"": ""{\""E\"": 70000000000.0, \""N\"": 8.0, \""a_z\"": 1.0, \""gradient\"": 0.0, \""k_f\"": 0.4, \""k_s\"": 130.0, \""kind\"": \""network\"", \""n\"": 32, \""nu\"": 0.33, \""phase\"": 0.0, \""preconditioner\"": \""two_level\"", \""rho\"": 0.45, \""tol\"": 1e-08, \""w\"": 1.0, \""wall\"": 0.5}"", ""voxlat_version"": ""0.1.0"", ""git_hash"": ""0977f9f913f3+dirty"", ""resolution"": 32, ""wall_time_s"": 53.82711601300025, ""timestamp_utc"": ""2026-10-09T16:49:31+00:00"", ""python"": ""3.13.16"", ""numpy"": ""2.5.3"", ""platform"": ""Linux-6.18.44-fc-v80-x86_64-with-glibc2.39"", ""extra"": {}}",uniform
D-r0.450-N8-p0.1250-g0.000-az1.0000-tw0.500-n32,1,0.45000000000000001,8,0.125,0,1,0.5,32,network,D,95c011af0755,ok,,256,16,8,8.5,0.45001220703125,0.4501953125,0.44970703125,0.0015871350720753075,-0.022825522797885189,-0.022825522797885411,-0.022825522797885078,0.0088861546199630048,-0.0042653418697824463,-0.0042653418697812251,-0.0042653418697835566,0.0072614218588291646,0.0079351470195974105,55.102875029999268,0.26297397866441002,0.0017616464311816125,0.0017616464311816125,0.0017616464311816125,0.20716616888414857,0.097844715116911146,0.097844715116911396,0.09784471511691091,0.098977379229822179,0.20697088758283977,-5.5555237805105572e-07,"[[0.2071661689, 0.0965037842, 0.0965037842, 5.3797e-06, 4.22536e-05, 4.22536e-05], [0.0965037842, 0.2069708876, 0.0976988321, 4.40076e-05, 4.5745e-06, 4.38147e-05], [0.0965037842, 0.0976988321, 0.2069708876, 4.40076e-05, 4.38147e-05, 4.5745e-06], [5.3797e-06, 4.40076e-05, 4.40076e-05, 0.0989773792, -4.5524e-06, -4.5524e-06], [4.22536e-05, 4.5745e-06, 4.38147e-05, -4.5524e-06, 0.0978447151, -4.6363e-06], [4.22536e-05, 4.38147e-05, 4.5745e-06, -4.5524e-06, -4.6363e-06, 0.0978447151]]",0.45001220703125,1.4369444029998704,13.139120959000138,40.464781378000225,95,146,114,0.26255726482098446,0.0018027961968732843,0.0018027961968732848,0.0018027961968732841,0.20534147280689555,0.098263844005031589,0.098263844005031714,0.09826384400503145,0.098263844005031478,0.20534147280689641,-5.9723188616990107e-07,"[[0.2053414728, 0.0971254703, 0.0971254703, 4.9193e-06, 4.42038e-05, 4.42038e-05], [0.0971254703, 0.2053414728, 0.0971254703, 4.42038e-05, 4.9193e-06, 4.42038e-05], [0.0971254703, 0.0971254703, 0.2053414728, 4.42038e-05, 4.42038e-05, 4.9193e-06], [4.9193e-06, 4.42038e-05, 4.42038e-05, 0.098263844, -5.1547e-06, -5.1547e-06], [4.42038e-05, 4.9193e-06, 4.42038e-05, -5.1547e-06, 0.098263844, -5.1547e-06], [4.42038e-05, 4.42038e-05, 4.9193e-06, -5.1547e-06, -5.1547e-06, 0.098263844]]",0.45001220703125,0.17714966600033222,1.1598786770000515,4.45651876500051,78,121,109,"{""params"": {""w"": 1.0, ""rho"": 0.45, ""N"": 8.0, ""phase"": 0.125, ""gradient"": 0.0, ""a_z"": 1.0, ""wall"": 0.5, ""n"": 32, ""kind"": ""network"", ""k_s"": 130.0, ""k_f"": 0.4, ""E"": 70000000000.0, ""nu"": 0.33, ""tol"": 1e-08, ""preconditioner"": ""two_level""}, ""params_json"": ""{\""E\"": 70000000000.0, \""N\"": 8.0, \""a_z\"": 1.0, \""gradient\"": 0.0, \""k_f\"": 0.4, \""k_s\"": 130.0, \""kind\"": \""network\"", \""n\"": 32, \""nu\"": 0.33, \""phase\"": 0.125, \""preconditioner\"": \""two_level\"", \""rho\"": 0.45, \""tol\"": 1e-08, \""w\"": 1.0, \""wall\"": 0.5}"", ""voxlat_version"": ""0.1.0"", ""git_hash"": ""0977f9f913f3+dirty"", ""resolution"": 32, ""wall_time_s"": 55.10287502999927, ""timestamp_utc"": ""2026-10-09T17:54:47+00:00"", ""python"": ""3.13.16"", ""numpy"": ""2.5.3"", ""platform"": ""Linux-6.18.44-fc-v80-x86_64-with-glibc2.39"", ""extra"": {}}",uniform
D-r0.450-N8-p0.3333-g0.000-az1.0000-tw0.500-n32,1,0.45000000000000001,8,0.33333333333333331,0,1,0.5,32,network,D,95c011af0755,ok,,256,16,8,8.5,0.45001220703125,0.4404296875,0.4599609375,-0.0012526061166840963,-0.022944579818676036,-0.022967657687247733,-0.022921500985129017,0.0046597714459610806,-0.0058191963940551483,-0.0059242283564635567,-0.0057141421917740187,0.006883489633775719,0.0089738912305561414,52.42199096100012,0.26402822625310984,0.0017757780310437234,0.0017757732119263576,0.0017757828501610892,0.20705715151100371,0.097845001036535262,0.09784502087902823,0.097844981194042308,0.098441422687445865,0.20530900386938056,-2.1943325040801735e-05,"[[0.2070571515, 0.0954741501, 0.0954743034, -0.000433243, 7.96801e-05, 7.98568e-05], [0.0954741501, 0.2053089706, 0.095780932, -0.000533025, -2.2645e-06, 6.14187e-05], [0.0954743034, 0.095780932, 0.2053090371, -0.0005326969, 6.12492e-05, -2.0055e-06], [-0.000433243, -0.000533025, -0.0005326969, 0.0984414227, -1.65783e-05, -1.63874e-05], [7.96801e-05, -2.2645e-06, 6.12492e-05, -1.65783e-05, 0.0978449812, -0.0005040662], [7.98568e-05, 6.14187e-05, -2.0055e-06, -1.63874e-05, -0.0005040662, 0.0978450209]]",0.45001220703125,1.4580918319998091,12.487792040999921,38.440637896000226,99,144,114,0.26435936440997249,0.0018174793306137851,0.0018175173277507786,0.0018174413334767917,0.2060967875851103,0.098417713037353374,0.098428131607370337,0.09840729446733644,0.097768434680810021,0.20348296983084799,-1.0625474585469042e-06,"[[0.2060967876, 0.0962473384, 0.0962215562, 1.27769e-05, 8.05624e-05, 5.36396e-05], [0.0962473384, 0.203494055, 0.095202658, 1.9335e-05, -2.7245e-06, 4.14347e-05], [0.0962215562, 0.095202658, 0.2034718847, 1.30899e-05, 6.23133e-05, -1.9075e-06], [1.27769e-05, 1.9335e-05, 1.30899e-05, 0.0977684347, -5.9571e-06, -1.15307e-05], [8.05624e-05, -2.7245e-06, 6.23133e-05, -5.9571e-06, 0.0984072945, -8.524e-07], [5.36396e-05, 4.14347e-05, -1.9075e-06, -1.15307e-05, -8.524e-07, 0.0984281316]]",0.450042724609375,0.12340507499993691,1.2240089760002775,5.2975686489999134,79,125,107,"{""params"": {""w"": 1.0, ""rho"": 0.45, ""N"": 8.0, ""phase"": 0.3333333333333333, ""gradient"": 0.0, ""a_z"": 1.0, ""wall"": 0.5, ""n"": 32, ""kind"": ""network"", ""k_s"": 130.0, ""k_f"": 0.4, ""E"": 70000000000.0, ""nu"": 0.33, ""tol"": 1e-08, ""preconditioner"": ""two_level""}, ""params_json"": ""{\""E\"": 70000000000.0, \""N\"": 8.0, \""a_z\"": 1.0, \""gradient\"": 0.0, \""k_f\"": 0.4, \""k_s\"": 130.0, \""kind\"": \""network\"", \""n\"": 32, \""nu\"": 0.33, \""phase\"": 0.3333333333333333, \""preconditioner\"": \""two_level\"", \""rho\"": 0.45, \""tol\"": 1e-08, \""w\"": 1.0, \""wall\"": 0.5}"", ""voxlat_version"": ""0.1.0"", ""git_hash"": ""0977f9f913f3+dirty"", ""resolution"": 32, ""wall_time_s"": 52.42199096100012, ""timestamp_utc"": ""2026-10-09T16:50:08+00:00"", ""python"": ""3.13.16"", ""numpy"": ""2.5.3"", ""platform"": ""Linux-6.18.44-fc-v80-x86_64-with-glibc2.39"", ""extra"": {}}",uniform
D-r0.450-N8-p0.6667-g0.000-az1.0000-tw0.500-n32,1,0.45000000000000001,8,0.66666666666666663,0,1,0.5,32,network,D,95c011af0755,ok,,256,16,8,8.5,0.449951171875,0.45947265625,0.4404296875,-0.0011149877467926395,-0.023171587301012986,-0.023211031600082532,-0.023132142997593919,0.004861871538440532,-0.0057006025406729499,-0.0059072020914712198,-0.0054940030020228514,0.0069289495295554726,0.0090377236177006104,56.497795614999632,0.2639696704994639,0.0017764240277915206,0.0017763523937864649,0.0017764956617965762,0.20699313174404607,0.097824133315462886,0.097803804145851533,0.097844462485074252,0.098432138921488985,0.20528165496850659,-2.1314733045086305e-05,"[[0.2069931317, 0.0954301172, 0.0954804704, -0.0004411147, -2.94307e-05, -8.13334e-05], [0.0954301172, 0.2052597871, 0.0957777999, -0.0005376196, 4.02e-08, -6.18538e-05], [0.0954804704, 0.0957777999, 0.2053035229, -0.000550052, -2.23696e-05, 2.0119e-06], [-0.0004411147, -0.0005376196, -0.000550052, 0.0984321389, 1.60795e-05, 2.54743e-05], [-2.94307e-05, 4.02e-08, -2.23696e-05, 1.60795e-05, 0.0978444625, -0.0005036314], [-8.13334e-05, -6.18538e-05, 2.0119e-06, 2.54743e-05, -0.0005036314, 0.0978038041]]",0.449951171875,1.2632309099999475,14.706490456000211,40.492644450000626,99,223,118,0.26426432198038646,0.001818563019561688,0.0018185631198275264,0.0018185629192958496,0.20599162691598619,0.098384987022447121,0.098384984129872885,0.09838498991502137,0.097754800840195513,0.2034429934220009,-1.4383862891048519e-09,"[[0.2059916269, 0.0962041051, 0.0962041717, -1.59e-08, -5.44381e-05, -5.481e-07], [0.0962041051, 0.2034429814, 0.0951979142, -2.89e-08, 1.325e-06, -7.029e-07], [0.0962041717, 0.0951979142, 0.2034430054, -3.65e-08, -4.24575e-05, -3.654e-07], [-1.59e-08, -2.89e-08, -3.65e-08, 0.0977548008, 1.02438e-05, 2.1348e-05], [-5.44381e-05, 1.325e-06, -4.24575e-05, 1.02438e-05, 0.0983849899, 3.59e-08], [-5.481e-07, -7.029e-07, -3.654e-07, 2.1348e-05, 3.59e-08, 0.0983849841]]",0.449951171875,0.10868400300023495,1.2236167800001567,4.9903409189996637,83,126,110,"{""params"": {""w"": 1.0, ""rho"": 0.45, ""N"": 8.0, ""phase"": 0.6666666666666666, ""gradient"": 0.0, ""a_z"": 1.0, ""wall"": 0.5, ""n"": 32, ""kind"": ""network"", ""k_s"": 130.0, ""k_f"": 0.4, ""E"": 70000000000.0, ""nu"": 0.33, ""tol"": 1e-08, ""preconditioner"": ""two_level""}, ""params_json"": ""{\""E\"": 70000000000.0, \""N\"": 8.0, \""a_z\"": 1.0, \""gradient\"": 0.0, \""k_f\"": 0.4, \""k_s\"": 130.0, \""kind\"": \""network\"", \""n\"": 32, \""nu\"": 0.33, \""phase\"": 0.6666666666666666, \""preconditioner\"": \""two_level\"", \""rho\"": 0.45, \""tol\"": 1e-08, \""w\"": 1.0, \""wall\"": 0.5}"", ""voxlat_version"": ""0.1.0"", ""git_hash"": ""0977f9f913f3+dirty"", ""resolution"": 32, ""wall_time_s"": 56.49779561499963, ""timestamp_utc"": ""2026-10-09T16:50:27+00:00"", ""python"": ""3.13.16"", ""numpy"": ""2.5.3"", ""platform"": ""Linux-6.18.44-fc-v80-x86_64-with-glibc2.39"", ""extra"": {}}",uniform
