thermal_resistance,R_active,delta_p,pump_power,mass,min_structural_margin,manufacturable,T_wall_max,T_out,energy_balance_error,flow_lpm,lattice_margin,outer_wall_margin,reynolds,dean,regime,h_c,U_eff,nusselt,rib_efficiency,design,channel_width,rib_thickness,n_starts,pitch,n_pass
0.024907137536168005,0.024907137536168005,2698.841155752688,0.4498068592921147,0.22858449315642176,0.34046257820269366,True,342.32849590284934,327.42302996672976,6.112365447840497e-12,3.0,0.34046257820269366,11.859484869110931,1948.2417118550507,472.4613372278375,laminar,1838.2063012943013,2526.0267524138567,40.31973044735895,0.5488614264103645,"{""family"": ""B1"", ""type"": ""channel"", ""channel_width"": 0.016316666666666667, ""rib_thickness"": 0.00035, ""n_starts"": 1, ""layout"": ""helical""}",0.016316666666666667,0.00035,1,0.016666666666666666,3
0.032620271615437915,0.032620271615437915,499.0290800513806,0.08317151334189678,0.22858449315642176,0.3408097510403562,True,348.26760914388717,327.42302996669565,1.8693364316797154e-12,3.0,0.3408097510403562,11.989603394603893,974.1208559275253,235.78329797175113,laminar,1218.0033746168913,1750.069533877018,26.71602622292614,0.6358815511657462,"{""family"": ""B1"", ""type"": ""channel"", ""channel_width"": 0.016316666666666667, ""rib_thickness"": 0.00035, ""n_starts"": 2, ""layout"": ""helical""}",0.016316666666666667,0.00035,2,0.03333333333333333,3
0.038333463778000475,0.038333463778000475,191.68650223128154,0.03194775037188026,0.22858449315642176,0.34085831194461375,True,352.66676710906034,327.4230299667036,6.939326458332408e-15,3.0,0.34085831194461375,12.008010330869435,649.4139039516837,156.69553021845076,laminar,967.4650549849991,1422.6861291470418,21.220648741530564,0.6826801849420415,"{""family"": ""B1"", ""type"": ""channel"", ""channel_width"": 0.016316666666666667, ""rib_thickness"": 0.00035, ""n_starts"": 3, ""layout"": ""helical""}",0.016316666666666667,0.00035,3,0.05,3
0.024255121425292677,0.024255121425292677,2739.9759221899226,0.4566626536983205,0.23195900663094135,0.6649045519689613,True,341.82644349747534,327.4230299667015,4.991885692685505e-13,3.0,0.6649045519689613,12.078127661598886,1961.425302386401,475.0662741410889,laminar,1849.0977208174227,2623.3254498045844,40.45770201186993,0.6232023411493469,"{""family"": ""B1"", ""type"": ""channel"", ""channel_width"": 0.016166666666666666, ""rib_thickness"": 0.0005, ""n_starts"": 1, ""layout"": ""helical""}",0.016166666666666666,0.0005,1,0.016666666666666666,3
0.031778579687898906,0.031778579687898906,506.4163703727732,0.08440272839546221,0.23195900663094135,0.6658696083788972,True,347.61950635968213,327.42302996670895,1.2436158884794442e-12,3.0,0.6658696083788972,12.212673068648597,980.7126511932005,237.0832998301436,laminar,1225.067023379306,1811.2001488829276,26.804098030329175,0.7061803380706209,"{""family"": ""B1"", ""type"": ""channel"", ""channel_width"": 0.016166666666666666, ""rib_thickness"": 0.0005, ""n_starts"": 2, ""layout"": ""helical""}",0.016166666666666666,0.0005,2,0.03333333333333333,3
0.03738925739684235,0.03738925739684235,194.47620937511715,0.032412701562519526,0.23195900663094135,0.6660046111592055,True,351.9397281955686,327.4230299667015,4.991885692685505e-13,3.0,0.6660046111592055,12.231702680630807,653.8084341288002,157.55947809872075,laminar,972.9706991343022,1468.2036057122548,21.288306274291873,0.7485980079395912,"{""family"": ""B1"", ""type"": ""channel"", ""channel_width"": 0.016166666666666666, ""rib_thickness"": 0.0005, ""n_starts"": 3, ""layout"": ""helical""}",0.016166666666666666,0.0005,3,0.05,3
0.02359821001330147,0.02359821001330147,2810.9703474521257,0.4684950579086877,0.23758319575514067,1.3947084580111078,True,341.3206217102421,327.42302996671077,1.6692771263384298e-12,3.0,1.3947084580111078,12.456163169904011,1983.7989750371962,479.46714285299385,laminar,1867.6346907339453,2729.0055994016625,40.69029193119964,0.7030687847823046,"{""family"": ""B1"", ""type"": ""channel"", ""channel_width"": 0.015916666666666666, ""rib_thickness"": 0.00075, ""n_starts"": 1, ""layout"": ""helical""}",0.015916666666666666,0.00075,1,0.016666666666666666,3
0.0309791854152251,0.0309791854152251,519.1613148072427,0.08652688580120713,0.23758319575514067,1.3976686982411854,True,347.0039727697233,327.4230299667011,5.922050728589636e-13,3.0,1.3976686982411854,12.59852935115921,991.8994875185981,239.27956703143892,laminar,1237.09193086799,1873.2615407025385,26.9526112694813,0.7767305923279599,"{""family"": ""B1"", ""type"": ""channel"", ""channel_width"": 0.015916666666666666, ""rib_thickness"": 0.00075, ""n_starts"": 2, ""layout"": ""helical""}",0.015916666666666666,0.00075,2,0.03333333333333333,3
0.03651910056397826,0.03651910056397826,199.28818999754256,0.03321469833292376,0.23758319575514067,1.3980828609112017,True,351.26970743426324,327.4230299666925,2.6009186146805044e-12,3.0,1.3980828609112017,12.61865894796246,661.2663250123989,159.01906092994236,laminar,982.3446979988432,1512.7651729607471,21.40241490316871,0.8124354408024943,"{""family"": ""B1"", ""type"": ""channel"", ""channel_width"": 0.015916666666666666, ""rib_thickness"": 0.00075, ""n_starts"": 3, ""layout"": ""helical""}",0.015916666666666666,0.00075,3,0.05,3
0.023196926132985546,0.023196926132985546,2885.179602852494,0.48086326714208233,0.24320738487934002,2.320515567690193,True,341.01163312239885,327.42302996672873,5.872884862406132e-12,3.0,2.320515567690193,12.85216947656708,2006.6889632107025,483.9435353166527,laminar,1886.6703299246064,2797.7280213544054,40.92623331067223,0.7540164329155348,"{""family"": ""B1"", ""type"": ""channel"", ""channel_width"": 0.015666666666666666, ""rib_thickness"": 0.001, ""n_starts"": 1, ""layout"": ""helical""}",0.015666666666666666,0.001,1,0.016666666666666666,3
0.03051266168843676,0.03051266168843676,532.477120582249,0.08874618676370817,0.24320738487934002,2.3268785764011226,True,346.6447495000963,327.4230299666969,1.5767035584793997e-12,3.0,2.3268785764011226,13.002954683353787,1003.3444816053512,241.51352459564993,laminar,1249.4438815677154,1911.4425285389043,27.10332112323813,0.8192147753106311,"{""family"": ""B1"", ""type"": ""channel"", ""channel_width"": 0.015666666666666666, ""rib_thickness"": 0.001, ""n_starts"": 2, ""layout"": ""helical""}",0.015666666666666666,0.001,2,0.03333333333333333,3
0.036022732429411355,0.036022732429411355,204.31443277161205,0.034052405461935345,0.24320738487934002,2.32776886404894,True,350.8875039706467,327.42302996671214,1.9884861434217205e-12,3.0,2.32776886404894,13.024268332714737,668.8963210702341,160.50369180931656,laminar,991.9754492902352,1539.397094559871,21.518236669218947,0.8497916576762161,"{""family"": ""B1"", ""type"": ""channel"", ""channel_width"": 0.015666666666666666, ""rib_thickness"": 0.001, ""n_starts"": 3, ""layout"": ""helical""}",0.015666666666666666,0.001,3,0.05,3
0.02272093577861303,0.02272093577861303,3044.1011869254376,0.5073501978209063,0.25445576312773865,4.621100036637609,True,340.645120549532,327.423029966727,5.460511696488634e-12,3.0,4.621100036637609,13.702799815992488,2054.0910647038686,493.129415392422,laminar,1926.3261025749562,2883.729088453999,41.4084272443278,0.8152914140544418,"{""family"": ""B1"", ""type"": ""channel"", ""channel_width"": 0.015166666666666667, ""rib_thickness"": 0.0015, ""n_starts"": 1, ""layout"": ""helical""}",0.015166666666666667,0.0015,1,0.016666666666666666,3
0.02997643789391452,0.02997643789391452,560.9727877393074,0.09349546462321791,0.25445576312773865,4.638964665079082,True,346.23185717831416,327.42302996670975,1.4297965409040648e-12,3.0,4.638964665079082,13.8724530186994,1027.0455323519343,246.0977665819808,laminar,1275.1874401256134,1957.2531409871033,27.411509539708064,0.8678817471143063,"{""family"": ""B1"", ""type"": ""channel"", ""channel_width"": 0.015166666666666667, ""rib_thickness"": 0.0015, ""n_starts"": 2, ""layout"": ""helical""}",0.015166666666666667,0.0015,2,0.03333333333333333,3
0.03546105623865549,0.03546105623865549,215.06636879758867,0.03584439479959812,0.25445576312773865,4.641464081321406,True,350.4550133037647,327.4230299667001,8.316856582933289e-13,3.0,4.641464081321406,13.896420098863072,684.6970215679562,163.5502614131732,laminar,1012.0534055738736,1570.667208395452,21.755163757611612,0.8916122159619833,"{""family"": ""B1"", ""type"": ""channel"", ""channel_width"": 0.015166666666666667, ""rib_thickness"": 0.0015, ""n_starts"": 3, ""layout"": ""helical""}",0.015166666666666667,0.0015,3,0.05,3
0.022435909514836733,0.022435909514836733,3218.650829362206,0.5364418048937011,0.2657041413761373,7.358825847506577,True,340.42565032642426,327.4230299667176,3.2656175022424722e-12,3.0,7.358825847506577,14.640421041218586,2103.7868162692853,502.6371714653717,laminar,1968.2559716131152,2937.726589436592,41.90480455692439,0.850768220843961,"{""family"": ""B1"", ""type"": ""channel"", ""channel_width"": 0.014666666666666666, ""rib_thickness"": 0.002, ""n_starts"": 1, ""layout"": ""helical""}",0.014666666666666666,0.002,1,0.016666666666666666,3
0.02965973843817647,0.02965973843817647,592.2401863854107,0.0987066977309018,0.2657041413761373,7.3947927967965565,True,345.98799859739586,327.4230299667002,8.051095144103536e-13,3.0,7.3947927967965565,14.832112193401693,1051.8934081346426,250.8426417845627,laminar,1302.4240503694953,1985.3322929432868,27.729028169156994,0.8949115650715251,"{""family"": ""B1"", ""type"": ""channel"", ""channel_width"": 0.014666666666666666, ""rib_thickness"": 0.002, ""n_starts"": 2, ""layout"": ""helical""}",0.014666666666666666,0.002,2,0.03333333333333333,3
0.035131477924840455,0.035131477924840455,226.85798303294405,0.03780966383882401,0.2657041413761373,7.399823822754625,True,350.2012380021271,327.42302996670116,5.78917000917476e-13,3.0,7.399823822754625,14.859178441597303,701.2622720897616,166.70358373110096,laminar,1033.3043297035051,1589.6039921071347,21.99938250336495,0.9144022541355984,"{""family"": ""B1"", ""type"": ""channel"", ""channel_width"": 0.014666666666666666, ""rib_thickness"": 0.002, ""n_starts"": 3, ""layout"": ""helical""}",0.014666666666666666,0.002,3,0.05,3
0.020983507346013258,0.020983507346013258,5807.175146212328,0.9678625243687216,0.23120911474771477,0.45236451282013784,True,339.3073006564302,327.42302996666007,1.0196823472166194e-11,3.0,0.45236451282013784,21.065264006845975,2395.4964666427118,556.0169820613334,laminar,2223.026556049852,3246.3952305499606,44.644252323976374,0.5086971666674537,"{""family"": ""B1"", ""type"": ""channel"", ""channel_width"": 0.012150000000000001, ""rib_thickness"": 0.00035, ""n_starts"": 1, ""layout"": ""helical""}",0.012150000000000001,0.00035,1,0.0125,4
0.026891569003947485,0.026891569003947485,1052.3958990595218,0.1753993165099203,0.23120911474771477,0.45338085050036375,True,343.85650813303954,327.4230299667005,7.385215094591214e-13,3.0,0.45338085050036375,21.56344598417408,1197.7482333213559,277.7118085867894,laminar,1468.8397677831413,2268.9065171469856,29.49818707200854,0.5965552152341468,"{""family"": ""B1"", ""type"": ""channel"", ""channel_width"": 0.012150000000000001, ""rib_thickness"": 0.00035, ""n_starts"": 2, ""layout"": ""helical""}",0.012150000000000001,0.00035,2,0.025,4
0.03124156307044957,0.03124156307044957,399.3438307723507,0.06655730512872512,0.23120911474771477,0.4535207972403312,True,347.20600356424615,327.4230299667065,6.714905687765063e-13,3.0,0.4535207972403312,21.63371593980455,798.4988222142372,184.81296106785751,laminar,1163.9906317710083,1852.437534421431,23.376010208293806,0.6452645721710627,"{""family"": ""B1"", ""type"": ""channel"", ""channel_width"": 0.012150000000000001, ""rib_thickness"": 0.00035, ""n_starts"": 3, ""layout"": ""helical""}",0.012150000000000001,0.00035,3,0.037500000000000006,4
0.03478807973646106,0.03478807973646106,203.6959928561088,0.0339493321426848,0.23120911474771477,0.45356274067702024,True,349.936821397075,327.4230299666932,2.441314106138859e-12,3.0,0.45356274067702024,21.65485735644387,598.8741166606779,138.26725336670017,laminar,992.1421341916893,1609.8181414669689,19.92483790153558,0.6776750662243698,"{""family"": ""B1"", ""type"": ""channel"", ""channel_width"": 0.012150000000000001, ""rib_thickness"": 0.00035, ""n_starts"": 4, ""layout"": ""helical""}",0.012150000000000001,0.00035,4,0.05,4
0.020337603141003927,0.020337603141003927,5933.714741877304,0.9889524569795507,0.23570846604707424,0.8828840684728131,True,338.809954418573,327.423029966698,1.3239349011035468e-12,3.0,0.8828840684728131,21.5819175117354,2415.458937198067,559.4956658672189,laminar,2241.0187413775734,3404.7550583298926,44.82037482755146,0.582592678473913,"{""family"": ""B1"", ""type"": ""channel"", ""channel_width"": 0.012, ""rib_thickness"": 0.0005, ""n_starts"": 1, ""layout"": ""helical""}",0.012,0.0005,1,0.0125,4
0.02604445017128284,0.02604445017128284,1074.7290380945517,0.17912150634909196,0.23570846604707424,0.8857081906167235,True,343.20422663188776,327.4230299667183,3.4252220107841178e-12,3.0,0.8857081906167235,22.103446145151455,1207.7294685990335,279.44929431546717,laminar,1480.5798129286286,2372.143263875844,29.611596258572565,0.6689289864419157,"{""family"": ""B1"", ""type"": ""channel"", ""channel_width"": 0.012, ""rib_thickness"": 0.0005, ""n_starts"": 2, ""layout"": ""helical""}",0.012,0.0005,2,0.025,4
0.030282342580587384,0.030282342580587384,407.68908913293825,0.06794818152215638,0.23570846604707424,0.8860972928948981,True,346.46740378705226,327.42302996669656,1.6564319901283252e-12,3.0,0.8860972928948981,22.177015585802906,805.1529790660223,185.96923124579536,laminar,1173.18052636618,1930.8593771292703,23.463610527323592,0.7144095098528261,"{""family"": ""B1"", ""type"": ""channel"", ""channel_width"": 0.012, ""rib_thickness"": 0.0005, ""n_starts"": 3, ""layout"": ""helical""}",0.012,0.0005,3,0.037500000000000006,4
0.033754580160791275,0.033754580160791275,207.9081881794358,0.03465136469657264,0.23570846604707424,0.8862138968323806,True,349.14102672380926,327.4230299667014,5.257647131515257e-13,3.0,0.8862138968323806,22.199145301828047,603.8647342995167,139.13231337509745,laminar,999.8864158752923,1673.8205013577185,19.997728317505842,0.7437610858242563,"{""family"": ""B1"", ""type"": ""channel"", ""channel_width"": 0.012, ""rib_thickness"": 0.0005, ""n_starts"": 4, ""layout"": ""helical""}",0.012,0.0005,4,0.05,4
0.0196715573336544,0.0196715573336544,6155.422675741912,1.0259037792903187,0.24320738487934,1.8501987479248683,True,338.29709914691387,327.42302996673254,6.76421919919236e-12,3.0,1.8501987479248683,22.485858732286424,2449.4794856093076,565.3745543986684,laminar,2271.869353810485,3584.4901039689958,45.11740547708145,0.664345030886919,"{""family"": ""B1"", ""type"": ""channel"", ""channel_width"": 0.01175, ""rib_thickness"": 0.00075, ""n_starts"": 1, ""layout"": ""helical""}",0.01175,0.00075,1,0.0125,4
0.0252181441373387,0.0252181441373387,1113.8389877254813,0.18563983128758021,0.24320738487934,1.858906520799314,True,342.5679709857508,327.4230299667079,9.908472311035912e-13,3.0,1.858906520799314,23.049541167897708,1224.7397428046538,282.3856016931596,laminar,1500.7168592045896,2482.049793274426,29.80296861237283,0.7436556757378903,"{""family"": ""B1"", ""type"": ""channel"", ""channel_width"": 0.01175, ""rib_thickness"": 0.00075, ""n_starts"": 2, ""layout"": ""helical""}",0.01175,0.00075,2,0.025,4
0.029372170436632164,0.029372170436632164,422.2994781704067,0.07038324636173446,0.24320738487934,1.8601073083167639,True,345.76657123620674,327.4230299667074,8.843950103278963e-13,3.0,1.8601073083167639,23.129071581610248,816.4931618697691,187.92329889541466,laminar,1188.946844771077,2011.5198084083904,23.6114795933411,0.7831771613807355,"{""family"": ""B1"", ""type"": ""channel"", ""channel_width"": 0.01175, ""rib_thickness"": 0.00075, ""n_starts"": 3, ""layout"": ""helical""}",0.01175,0.00075,3,0.037500000000000006,4
0.03279066898844805,0.03279066898844805,215.2813894854064,0.03588023158090107,0.24320738487934,1.8604670744138518,True,348.398815121105,327.42302996669207,2.707370835456199e-12,3.0,1.8604670744138518,23.152986520363445,612.3698714023269,140.594243129615,laminar,1013.1747992165023,1738.1833573810416,20.120795308384057,0.8078967949776076,"{""family"": ""B1"", ""type"": ""channel"", ""channel_width"": 0.01175, ""rib_thickness"": 0.00075, ""n_starts"": 4, ""layout"": ""helical""}",0.01175,0.00075,4,0.05,4
0.019252706814814825,0.019252706814814825,6391.728066323823,1.0652880110539706,0.25070630371160574,3.075639908928252,True,337.9745842474074,327.4230299666729,7.190471018026524e-12,3.0,3.075639908928252,23.447254965297454,2484.472049689441,571.3558894665099,laminar,2303.8545758464256,3707.2182310008075,45.418847352400945,0.7178513086047292,"{""family"": ""B1"", ""type"": ""channel"", ""channel_width"": 0.0115, ""rib_thickness"": 0.001, ""n_starts"": 1, ""layout"": ""helical""}",0.0115,0.001,1,0.0125,4
0.024718637167953226,0.024718637167953226,1155.4975854349407,0.19258293090582346,0.25070630371160574,3.094511035950385,True,342.18335061932396,327.42302996671003,1.4962369006115027e-12,3.0,3.094511035950385,24.05760483202341,1242.2360248447205,285.3730776750903,laminar,1521.603466744987,2553.4266672046656,29.997325487258305,0.7897038544990157,"{""family"": ""B1"", ""type"": ""channel"", ""channel_width"": 0.0115, ""rib_thickness"": 0.001, ""n_starts"": 2, ""layout"": ""helical""}",0.0115,0.001,2,0.025,4
0.028831513166504796,0.028831513166504796,437.85674168519836,0.07297612361419974,0.25070630371160574,3.0971153093520463,True,345.35026513820867,327.4230299666932,2.441314106138859e-12,3.0,3.0971153093520463,24.143739857167393,828.1573498964802,189.9114184685411,laminar,1205.3045380208623,2062.628485834074,23.761718035268423,0.8242629082260802,"{""family"": ""B1"", ""type"": ""channel"", ""channel_width"": 0.0115, ""rib_thickness"": 0.001, ""n_starts"": 3, ""layout"": ""helical""}",0.0115,0.001,3,0.037500000000000006,4
0.03222389891519173,0.03222389891519173,223.13073764308476,0.03718845627384746,0.25070630371160574,3.0978953825969673,True,347.9624021646976,327.42302996671,1.482948828670015e-12,3.0,3.0978953825969673,24.169632413951728,621.1180124223603,142.08164872688712,laminar,1026.964497762992,1778.3452084575915,20.24587152732755,0.8454709164842429,"{""family"": ""B1"", ""type"": ""channel"", ""channel_width"": 0.0115, ""rib_thickness"": 0.001, ""n_starts"": 4, ""layout"": ""helical""}",0.0115,0.001,4,0.05,4
0.018734018874753157,0.018734018874753157,6913.871925121784,1.1523119875202976,0.2657041413761373,6.114320941387003,True,337.5751945335599,327.42302996664955,1.2657922040973489e-11,3.0,6.114320941387003,25.562598336863505,2557.544757033248,583.630287816269,laminar,2371.507713697915,3870.929191287173,46.03514973648893,0.7836094421988317,"{""family"": ""B1"", ""type"": ""channel"", ""channel_width"": 0.011000000000000001, ""rib_thickness"": 0.0015, ""n_starts"": 1, ""layout"": ""helical""}",0.011000000000000001,0.0015,1,0.0125,4
0.024111796794053966,0.024111796794053966,1247.4562724908026,0.20790937874846713,0.2657041413761373,6.16840663219461,True,341.71608353142153,327.42302996673516,7.376208734719761e-12,3.0,6.16840663219461,26.282350576324344,1278.772378516624,291.50372741242205,laminar,1565.8112436531965,2645.6980723205834,30.395159435620872,0.8434021175954329,"{""family"": ""B1"", ""type"": ""channel"", ""channel_width"": 0.011000000000000001, ""rib_thickness"": 0.0015, ""n_starts"": 2, ""layout"": ""helical""}",0.011000000000000001,0.0015,2,0.025,4
0.028177933005069798,0.028177933005069798,472.18046569140705,0.07869674428190118,0.2657041413761373,6.175880157372253,True,344.8470084139037,327.4230299667075,8.976830822693838e-13,3.0,6.175880157372253,26.383990966029845,852.5149190110827,193.99127210167197,laminar,1239.9415188177356,2127.902895696768,24.069453012344276,0.8709704780788855,"{""family"": ""B1"", ""type"": ""channel"", ""channel_width"": 0.011000000000000001, ""rib_thickness"": 0.0015, ""n_starts"": 3, ""layout"": ""helical""}",0.011000000000000001,0.0015,3,0.037500000000000006,4
0.031539753545082816,0.031539753545082816,240.44280840855447,0.04007380140142575,0.2657041413761373,6.1781175402810975,True,347.43561022971375,327.423029966713,2.1881025130316233e-12,3.0,6.1781175402810975,26.41452507877194,639.386189258312,145.13397878389017,laminar,1056.1733725485142,1829.3152006181253,20.502188996529977,0.8875226045630605,"{""family"": ""B1"", ""type"": ""channel"", ""channel_width"": 0.011000000000000001, ""rib_thickness"": 0.0015, ""n_starts"": 4, ""layout"": ""helical""}",0.011000000000000001,0.0015,4,0.05,4
0.018401954525713953,0.018401954525713953,7513.538441816311,1.2522564069693853,0.28070197904066885,9.719467284027887,True,337.3195049847997,327.4230299667011,5.922050728589636e-13,3.0,9.719467284027887,27.97402379488194,2635.046113306983,596.3257931123098,laminar,2444.597642473126,3983.2708743289245,46.66959135630513,0.8223101920751946,"{""family"": ""B1"", ""type"": ""channel"", ""channel_width"": 0.0105, ""rib_thickness"": 0.002, ""n_starts"": 1, ""layout"": ""helical""}",0.0105,0.002,1,0.0125,4
0.023720551657645677,0.023720551657645677,1352.9256787611807,0.22548761312686347,0.28070197904066885,9.831042924583238,True,341.41482477638715,327.423029966701,6.187812167419388e-13,3.0,9.831042924583238,28.829919617819748,1317.5230566534915,297.844705926452,laminar,1613.6163448925195,2708.701861967552,30.805402947948092,0.8735968386974124,"{""family"": ""B1"", ""type"": ""channel"", ""channel_width"": 0.0105, ""rib_thickness"": 0.002, ""n_starts"": 2, ""layout"": ""helical""}",0.0105,0.002,2,0.025,4
0.02775205057124949,0.02775205057124949,511.5190297607374,0.08525317162678957,0.28070197904066885,9.84647720577701,True,344.5190789398621,327.4230299667087,1.1903159554696995e-12,3.0,9.84647720577701,28.95089863276094,878.3487044356609,198.21109631875888,laminar,1277.4194283006784,2172.651064145057,24.38709817664931,0.8966797957491699,"{""family"": ""B1"", ""type"": ""channel"", ""channel_width"": 0.0105, ""rib_thickness"": 0.002, ""n_starts"": 3, ""layout"": ""helical""}",0.0105,0.002,3,0.037500000000000006,4
0.03108975906649538,0.03108975906649538,260.2751781570288,0.0433791963595048,0.28070197904066885,9.851095105207678,True,347.0891144812014,327.42302996669275,2.547766326914554e-12,3.0,9.851095105207678,28.98722004135489,658.7615283267457,148.2910274065388,laminar,1087.7923001629335,1864.430052096127,20.76694391220145,0.9103726647166328,"{""family"": ""B1"", ""type"": ""channel"", ""channel_width"": 0.0105, ""rib_thickness"": 0.002, ""n_starts"": 4, ""layout"": ""helical""}",0.0105,0.002,4,0.05,4
0.018429411324729018,0.018429411324729018,10828.346554118278,1.8047244256863797,0.23383373633900778,0.5633840735031949,True,337.3406467200413,327.4230299667527,1.148679996719705e-11,3.0,0.5633840735031949,32.59840450752316,2778.163633838033,618.9601902567596,laminar,2583.6584051062996,3973.743608947345,47.793553244618124,0.4775248297445539,"{""family"": ""B1"", ""type"": ""channel"", ""channel_width"": 0.00965, ""rib_thickness"": 0.00035, ""n_starts"": 1, ""layout"": ""helical""}",0.00965,0.00035,1,0.01,5
0.02317807106264218,0.02317807106264218,1933.7558046051845,0.3222926341008641,0.23383373633900778,0.565779105639502,True,340.99711471823446,327.4230299667213,4.130228049901932e-12,3.0,0.565779105639502,34.034268788986154,1389.0818169190165,309.26854754715544,laminar,1704.9984740564103,2801.0398181115993,31.539748130308677,0.5648667277580052,"{""family"": ""B1"", ""type"": ""channel"", ""channel_width"": 0.00965, ""rib_thickness"": 0.00035, ""n_starts"": 2, ""layout"": ""helical""}",0.00965,0.00035,2,0.02,5
0.026651367264356594,0.026651367264356594,727.343111014971,0.1212238518358285,0.23383373633900778,0.5661055217011568,True,343.67155279355455,327.4230299667049,2.9898161868347076e-13,3.0,0.5661055217011568,34.23882175744439,926.0545446126775,205.94462015540162,laminar,1349.4809531926783,2297.2782545765895,24.963241913692034,0.6144517591446047,"{""family"": ""B1"", ""type"": ""channel"", ""channel_width"": 0.00965, ""rib_thickness"": 0.00035, ""n_starts"": 3, ""layout"": ""helical""}",0.00965,0.00035,3,0.03,5
0.02947386892754805,0.02947386892754805,368.6753027884629,0.06144588379807715,0.23383373633900778,0.566202638107524,True,345.844879074212,327.4230299666977,1.390375260810985e-12,3.0,0.566202638107524,34.300110594821,694.5409084595083,154.21333735988387,laminar,1149.0179088915966,2002.181734844472,21.254995822627293,0.6479297420364566,"{""family"": ""B1"", ""type"": ""channel"", ""channel_width"": 0.00965, ""rib_thickness"": 0.00035, ""n_starts"": 4, ""layout"": ""helical""}",0.00965,0.00035,4,0.04,5
0.0178019065956102,0.0178019065956102,11146.01762888727,1.8576696048145451,0.2394579254632071,1.098421627748399,True,336.85746807861983,327.42302996666615,8.773523321989079e-12,3.0,1.098421627748399,33.5853492384887,2805.0490883590464,623.0671132084768,laminar,2610.3530178685164,4203.0839103630415,47.99681355435659,0.5501326613654313,"{""family"": ""B1"", ""type"": ""channel"", ""channel_width"": 0.0095, ""rib_thickness"": 0.0005, ""n_starts"": 1, ""layout"": ""helical""}",0.0095,0.0005,1,0.01,5
0.022346440447169297,0.022346440447169297,1989.134701904869,0.3315224503174782,0.2394579254632071,1.1050928698671014,True,340.35675914432034,327.4230299667092,1.2967681762453944e-12,3.0,1.1050928698671014,35.10789207967925,1402.5245441795232,311.320605363085,laminar,1722.5036377431272,2955.0830746349698,31.671841081083308,0.6379786327122086,"{""family"": ""B1"", ""type"": ""channel"", ""channel_width"": 0.0095, ""rib_thickness"": 0.0005, ""n_starts"": 2, ""layout"": ""helical""}",0.0095,0.0005,2,0.02,5
0.025703725162159723,0.025703725162159723,747.8848398003215,0.1246474733000536,0.2394579254632071,1.1060034092971094,True,342.94186837486296,327.4230299667002,8.051095144103536e-13,3.0,1.1060034092971094,35.324968669240626,935.0163627863487,207.31110333253142,laminar,1363.2293855057205,2416.292885113341,25.065830636718086,0.6853975938826582,"{""family"": ""B1"", ""type"": ""channel"", ""channel_width"": 0.0095, ""rib_thickness"": 0.0005, ""n_starts"": 3, ""layout"": ""helical""}",0.0095,0.0005,3,0.03,5
0.02844820154519964,0.02844820154519964,378.9894021077121,0.06316490035128536,0.2394579254632071,1.106274307300018,True,345.0551151898037,327.4230299666963,1.7230199950795574e-12,3.0,1.106274307300018,35.39000153430097,701.2622720897616,155.23657327171446,laminar,1160.6346094135965,2100.427570620848,21.34070088276613,0.7164361373114634,"{""family"": ""B1"", ""type"": ""channel"", ""channel_width"": 0.0095, ""rib_thickness"": 0.0005, ""n_starts"": 4, ""layout"": ""helical""}",0.0095,0.0005,4,0.04,5
0.017144085574396038,0.017144085574396038,11712.053260391904,1.952008876731984,0.24883157400353934,2.2980231919668843,True,336.3509458922849,327.42302996664455,1.3828601179018547e-11,3.0,2.2980231919668843,35.33059280086151,2851.033499643621,629.994378675414,laminar,2656.478644050677,4472.594550083407,48.339201555676254,0.6322128132700587,"{""family"": ""B1"", ""type"": ""channel"", ""channel_width"": 0.00925, ""rib_thickness"": 0.00075, ""n_starts"": 1, ""layout"": ""helical""}",0.00925,0.00075,1,0.01,5
0.021519131764522206,0.021519131764522206,2087.748675228918,0.347958112538153,0.24883157400353934,2.318757473477577,True,339.7197314586821,327.4230299666984,1.2307707522693394e-12,3.0,2.318757473477577,37.01319052644812,1425.5167498218104,314.7818705028423,laminar,1752.7644218138012,3125.520394271316,31.89456570841507,0.7151623293719432,"{""family"": ""B1"", ""type"": ""channel"", ""channel_width"": 0.00925, ""rib_thickness"": 0.00075, ""n_starts"": 2, ""layout"": ""helical""}",0.00925,0.00075,2,0.02,5
0.024784890897737714,0.024784890897737714,784.4517265787541,0.13074195442979236,0.24883157400353934,2.3215939213415675,True,342.234365991258,327.4230299666921,2.6940827635147117e-12,3.0,2.3215939213415675,37.253444081233404,950.344499881207,209.61598994359477,laminar,1387.0027850727056,2543.730541144282,25.238903138208247,0.7574804334212528,"{""family"": ""B1"", ""type"": ""channel"", ""channel_width"": 0.00925, ""rib_thickness"": 0.00075, ""n_starts"": 3, ""layout"": ""helical""}",0.00925,0.00075,3,0.03,5
0.0274690893140911,0.0274690893140911,397.3459479033575,0.0662243246505596,0.24883157400353934,2.3224377352869165,True,344.3011987718501,327.4230299667022,3.3943641548311077e-13,3.0,2.3224377352869165,37.32540622929078,712.7583749109052,156.9624948144087,laminar,1180.7262033689665,2203.411711876996,21.48534566786152,0.7842913190416207,"{""family"": ""B1"", ""type"": ""channel"", ""channel_width"": 0.00925, ""rib_thickness"": 0.00075, ""n_starts"": 4, ""layout"": ""helical""}",0.00925,0.00075,4,0.04,5
0.016721480955884722,0.016721480955884722,12328.749056811394,2.054791509468566,0.2582052225438715,3.8136740106901903,True,336.0255403360312,327.4230299666674,8.480890448788763e-12,3.0,3.8136740106901903,37.212269195760925,2898.550724637681,637.022745681593,laminar,2704.781355911331,4664.032680326027,48.68606440640396,0.6869715658447865,"{""family"": ""B1"", ""type"": ""channel"", ""channel_width"": 0.009000000000000001, ""rib_thickness"": 0.001, ""n_starts"": 1, ""layout"": ""helical""}",0.009000000000000001,0.001,1,0.010000000000000002,5
0.021005896236564923,0.021005896236564923,2195.1031112780643,0.3658505185463441,0.2582052225438715,3.8590717914979655,True,339.32454010215497,327.423029966741,8.746356597130926e-12,3.0,3.8590717914979655,39.07727954990477,1449.2753623188405,318.29365185783973,laminar,1784.4717569325855,3241.1617223415788,32.12049162478654,0.7635953211129215,"{""family"": ""B1"", ""type"": ""channel"", ""channel_width"": 0.009000000000000001, ""rib_thickness"": 0.001, ""n_starts"": 2, ""layout"": ""helical""}",0.009000000000000001,0.001,2,0.020000000000000004,5
0.024222833377178017,0.024222833377178017,824.2429963178904,0.13737383271964843,0.2582052225438715,3.8652956521777497,True,341.80158170042705,327.4230299667081,1.0439995188695417e-12,3.0,3.8652956521777497,39.34402764334633,966.1835748792271,211.95451574248315,laminar,1411.9217373762888,2628.333367603589,25.414591272773198,0.8012742302603969,"{""family"": ""B1"", ""type"": ""channel"", ""channel_width"": 0.009000000000000001, ""rib_thickness"": 0.001, ""n_starts"": 3, ""layout"": ""helical""}",0.009000000000000001,0.001,3,0.030000000000000006,5
0.026874435848844105,0.026874435848844105,417.3158049392213,0.0695526341565369,0.2582052225438715,3.8671469861815675,True,343.84331560360994,327.4230299666957,1.8560483597382275e-12,3.0,3.8671469861815675,39.42391173221425,724.6376811594203,158.71360570857357,laminar,1201.7917402037226,2270.9075644263517,21.632251323667003,0.8246679786919636,"{""family"": ""B1"", ""type"": ""channel"", ""channel_width"": 0.009000000000000001, ""rib_thickness"": 0.001, ""n_starts"": 4, ""layout"": ""helical""}",0.009000000000000001,0.001,4,0.04000000000000001,5
0.01618120294883561,0.01618120294883561,13741.295158940264,2.2902158598233777,0.27695251962453593,7.555055767520955,True,335.6095262706034,327.4230299666864,4.037654482042901e-12,3.0,7.555055767520955,41.443238571668026,2998.500749625188,651.3704207229981,laminar,2808.6138333481017,4933.054779020757,49.39286396577697,0.755334948046876,"{""family"": ""B1"", ""type"": ""channel"", ""channel_width"": 0.0085, ""rib_thickness"": 0.0015, ""n_starts"": 1, ""layout"": ""helical""}",0.0085,0.0015,1,0.01,5
0.020357267017719144,0.020357267017719144,2440.6904521067936,0.406781742017799,0.27695251962453593,7.688403665888072,True,338.8250956036437,327.4230299667015,4.991885692685505e-13,3.0,7.688403665888072,43.75667494566721,1499.250374812594,325.4625856448304,laminar,1852.6925880019996,3399.7137158414885,32.58183516831103,0.8208435962600089,"{""family"": ""B1"", ""type"": ""channel"", ""channel_width"": 0.0085, ""rib_thickness"": 0.0015, ""n_starts"": 2, ""layout"": ""helical""}",0.0085,0.0015,2,0.02,5
0.023511847925492577,0.023511847925492577,915.2107710683196,0.15253512851138662,0.27695251962453593,7.706761288995797,True,341.25412290262926,327.4230299666982,1.2706349680938023e-12,3.0,7.706761288995797,44.08890423922467,999.5002498750624,216.7283712069025,laminar,1465.5678083030418,2743.517148451822,25.77377869774315,0.8516520030147325,"{""family"": ""B1"", ""type"": ""channel"", ""channel_width"": 0.0085, ""rib_thickness"": 0.0015, ""n_starts"": 3, ""layout"": ""helical""}",0.0085,0.0015,3,0.03,5
0.026119519771085547,0.026119519771085547,462.95023953179566,0.07715837325529928,0.27695251962453593,7.712220436832388,True,343.26203022373585,327.4230299666903,3.1197440013736975e-12,3.0,7.712220436832388,44.188372351622846,749.625187406297,162.28831517506177,laminar,1247.1618060351484,2362.6266278663647,21.93284555441123,0.870335540019322,"{""family"": ""B1"", ""type"": ""channel"", ""channel_width"": 0.0085, ""rib_thickness"": 0.0015, ""n_starts"": 4, ""layout"": ""helical""}",0.0085,0.0015,4,0.04,5
0.01581842144163168,0.01581842144163168,15450.356060052492,2.5750593433420823,0.2956998167052004,11.962882140892642,True,335.33018451005637,327.42302996666405,9.265624919555502e-12,3.0,11.962882140892642,46.4144046121358,3105.590062111801,666.0755828362946,laminar,2923.445197998501,5131.121032401682,50.11620339426001,0.7959686502517183,"{""family"": ""B1"", ""type"": ""channel"", ""channel_width"": 0.008, ""rib_thickness"": 0.002, ""n_starts"": 1, ""layout"": ""helical""}",0.008,0.002,1,0.01,5
0.019914083007102235,0.019914083007102235,2737.316199470149,0.45621936657835815,0.2956998167052004,12.246066603532142,True,338.4838439154687,327.4230299667122,2.0017742153632084e-12,3.0,12.246066603532142,49.32491061567153,1552.7950310559006,332.81014078620086,laminar,1928.236260926041,3516.95842676393,33.05547875873213,0.8532708785190135,"{""family"": ""B1"", ""type"": ""channel"", ""channel_width"": 0.008, ""rib_thickness"": 0.002, ""n_starts"": 2, ""layout"": ""helical""}",0.008,0.002,2,0.02,5
0.02301729369549486,0.02301729369549486,1024.9841513934261,0.17083069189890437,0.2956998167052004,12.285217876807993,True,340.873316145531,327.4230299666963,1.7230199950795574e-12,3.0,12.285217876807993,49.74506050685185,1035.1966873706003,221.62117218735034,laminar,1525.020254892691,2829.5918274545684,26.143204369588982,0.8795378391294846,"{""family"": ""B1"", ""type"": ""channel"", ""channel_width"": 0.008, ""rib_thickness"": 0.002, ""n_starts"": 3, ""layout"": ""helical""}",0.008,0.002,3,0.03,5
0.02558637917269682,0.02558637917269682,517.9869524778263,0.0863311587463044,0.2956998167052004,12.296857204464985,True,342.85151196297653,327.42302996670173,4.458886362588058e-13,3.0,12.296857204464985,49.870837783594794,776.3975155279503,165.95209220241608,laminar,1297.4730186577647,2431.870815439794,22.242394605561678,0.8952610063750198,"{""family"": ""B1"", ""type"": ""channel"", ""channel_width"": 0.008, ""rib_thickness"": 0.002, ""n_starts"": 4, ""layout"": ""helical""}",0.008,0.002,4,0.04,5
0.0166226761284494,0.0166226761284494,18471.1522619162,3.0785253769860335,0.2364583579303008,0.6729927806220303,True,335.949460618906,327.42302996673396,7.096863933460933e-12,3.0,0.6729927806220303,45.963950542977734,3109.291599730528,666.6178042781174,laminar,2927.5947535329365,4711.091986955199,50.14247509924708,0.45222376633440337,"{""family"": ""B1"", ""type"": ""channel"", ""channel_width"": 0.007983333333333334, ""rib_thickness"": 0.00035, ""n_starts"": 1, ""layout"": ""helical""}",0.007983333333333334,0.00035,1,0.008333333333333333,6
0.02056540535635556,0.02056540535635556,3261.398227258653,0.5435663712097756,0.2364583579303008,0.6779211069371014,True,338.98536212439376,327.42302996671856,3.4916623704915557e-12,3.0,0.6779211069371014,49.40336593772091,1554.645799865264,333.1506111045016,laminar,1931.1539469150225,3347.225166363225,33.07590252344323,0.538386966195043,"{""family"": ""B1"", ""type"": ""channel"", ""channel_width"": 0.007983333333333334, ""rib_thickness"": 0.00035, ""n_starts"": 2, ""layout"": ""helical""}",0.007983333333333334,0.00035,2,0.016666666666666666,6
0.023430561857855033,0.023430561857855033,1218.435915068504,0.20307265251141735,0.2364583579303008,0.6785885732423526,True,341.19153263054835,327.4230299667034,6.009161422428277e-14,3.0,0.6785885732423526,49.90495623309873,1036.4305332435092,221.9248620880201,laminar,1527.5372796446115,2757.3133884872373,26.162944825379103,0.5882438152747567,"{""family"": ""B1"", ""type"": ""channel"", ""channel_width"": 0.007983333333333334, ""rib_thickness"": 0.00035, ""n_starts"": 3, ""layout"": ""helical""}",0.007983333333333334,0.00035,3,0.025,6
0.02575085652159626,0.02575085652159626,614.6612925607839,0.10244354876013065,0.2364583579303008,0.6787860868131532,True,342.9781595216291,327.42302996669156,2.8271111281733818e-12,3.0,0.6787860868131532,50.055151367974545,777.322899932632,166.25984735263842,laminar,1299.8439602596372,2410.0906790548643,22.2631200344827,0.6223183751809829,"{""family"": ""B1"", ""type"": ""channel"", ""channel_width"": 0.007983333333333334, ""rib_thickness"": 0.00035, ""n_starts"": 4, ""layout"": ""helical""}",0.007983333333333334,0.00035,4,0.03333333333333333,6
0.029463269353387975,0.029463269353387975,239.22998226620638,0.0398716637110344,0.2364583579303008,0.6789089600559316,True,345.8367174021087,327.42302996670867,1.1770278835282118e-12,3.0,0.6789089600559316,50.149000465709975,518.2152666217546,110.49202873598632,laminar,1043.7360809394418,2003.1510402404735,17.876623936948484,0.667508485609832,"{""family"": ""B1"", ""type"": ""channel"", ""channel_width"": 0.007983333333333334, ""rib_thickness"": 0.00035, ""n_starts"": 6, ""layout"": ""helical""}",0.007983333333333334,0.00035,6,0.05,6
0.016018297425109986,0.016018297425109986,19170.66818845922,3.195111364743204,0.24320738487934002,1.3099853821640641,True,335.48408901733467,327.4230299666701,7.855612841319875e-12,3.0,1.3099853821640641,47.58875325958264,3143.0068098480883,671.0948155056215,laminar,2964.608823253648,5020.138082785991,50.36263181671859,0.5231638758359412,"{""family"": ""B1"", ""type"": ""channel"", ""channel_width"": 0.007833333333333333, ""rib_thickness"": 0.0005, ""n_starts"": 1, ""layout"": ""helical""}",0.007833333333333333,0.0005,1,0.008333333333333333,6
0.01975843218992702,0.01975843218992702,3382.221688010772,0.5637036146684621,0.24320738487934002,1.323765619233339,True,338.3639927862438,327.4230299667235,4.649053436595125e-12,3.0,1.323765619233339,51.28304118025714,1571.5034049240442,335.38805363422796,laminar,1955.5286232701471,3560.013237757583,33.220426009769966,0.6114488797565035,"{""family"": ""B1"", ""type"": ""channel"", ""channel_width"": 0.007833333333333333, ""rib_thickness"": 0.0005, ""n_starts"": 2, ""layout"": ""helical""}",0.007833333333333333,0.0005,2,0.016666666666666666,6
0.022506707819260122,0.022506707819260122,1263.010351532975,0.21050172525549582,0.24320738487934002,1.3256373268397996,True,340.48016502083027,327.42302996671924,3.6514145242769956e-12,3.0,1.3256373268397996,51.82302913953707,1047.6689366160292,223.41531147724135,laminar,1546.7337175206403,2924.131728207012,26.275837851856657,0.6600836478670628,"{""family"": ""B1"", ""type"": ""channel"", ""channel_width"": 0.007833333333333333, ""rib_thickness"": 0.0005, ""n_starts"": 3, ""layout"": ""helical""}",0.007833333333333333,0.0005,3,0.025,6
0.024747551192896785,0.024747551192896785,636.9573743827283,0.1061595623971214,0.24320738487934002,1.3261912736358723,True,342.2056144185305,327.4230299666988,1.137606603435132e-12,3.0,1.3261912736358723,51.984733952560184,785.7517024620221,167.37644999736813,laminar,1316.098772468647,2549.1863172693234,22.357822520250505,0.6923099260584077,"{""family"": ""B1"", ""type"": ""channel"", ""channel_width"": 0.007833333333333333, ""rib_thickness"": 0.0005, ""n_starts"": 4, ""layout"": ""helical""}",0.007833333333333333,0.0005,4,0.03333333333333333,6
0.028355016457963053,0.028355016457963053,247.81218303430896,0.04130203050571816,0.24320738487934002,1.3265358315413867,True,344.98336267263153,327.42302996669366,2.3348618853631638e-12,3.0,1.3265358315413867,52.085756825272895,523.8344683080146,111.23409420442427,laminar,1056.6598811659967,2109.822071865869,17.950487137880184,0.7338124038772318,"{""family"": ""B1"", ""type"": ""channel"", ""channel_width"": 0.007833333333333333, ""rib_thickness"": 0.0005, ""n_starts"": 6, ""layout"": ""helical""}",0.007833333333333333,0.0005,6,0.05,6
0.015376768252271363,0.015376768252271363,20439.821628281912,3.406636938046985,0.25445576312773865,2.733092159737075,True,334.9901115542489,327.42302996668843,3.558840956417965e-12,3.0,2.733092159737075,50.48584510423326,3200.853560949587,678.6117553976316,laminar,3029.076229363021,5393.95204185335,50.73238101939293,0.6046702015502933,"{""family"": ""B1"", ""type"": ""channel"", ""channel_width"": 0.007583333333333333, ""rib_thickness"": 0.00075, ""n_starts"": 1, ""layout"": ""helical""}",0.007583333333333333,0.00075,1,0.008333333333333333,6
0.018943114733918253,0.018943114733918253,3601.2737112473537,0.6002122852078923,0.25445576312773865,2.776325150711883,True,337.73619834511703,327.42302996673055,6.2986937455089116e-12,3.0,2.776325150711883,54.661203668665735,1600.4267804747935,339.14473865312095,laminar,1998.005929777647,3803.281301775797,33.463534897502925,0.6899573233704117,"{""family"": ""B1"", ""type"": ""channel"", ""channel_width"": 0.007583333333333333, ""rib_thickness"": 0.00075, ""n_starts"": 2, ""layout"": ""helical""}",0.007583333333333333,0.00075,2,0.016666666666666666,6
0.021595404166621746,0.021595404166621746,1343.7925430942505,0.22396542384904175,0.25445576312773865,2.782224960222127,True,339.7784612082987,327.4230299667122,2.0017742153632084e-12,3.0,2.782224960222127,55.274069038648186,1066.9511869831958,225.91778866604793,laminar,1580.1989001696322,3109.014427282174,26.465907959896292,0.7343631744837563,"{""family"": ""B1"", ""type"": ""channel"", ""channel_width"": 0.007583333333333333, ""rib_thickness"": 0.00075, ""n_starts"": 3, ""layout"": ""helical""}",0.007583333333333333,0.00075,3,0.025,6
0.02377189717376968,0.02377189717376968,677.354789874462,0.112892464979077,0.25445576312773865,2.783971435616363,True,341.45436082380263,327.4230299666911,2.933563348949077e-12,3.0,2.783971435616363,55.45763098772811,800.2133902373968,169.25123532560866,laminar,1344.4433606854593,2700.2678039044745,22.517364261787144,0.7628231075166931,"{""family"": ""B1"", ""type"": ""channel"", ""channel_width"": 0.007583333333333333, ""rib_thickness"": 0.00075, ""n_starts"": 4, ""layout"": ""helical""}",0.007583333333333333,0.00075,4,0.03333333333333333,6
0.027294572794991097,0.027294572794991097,263.35742893350766,0.04389290482225128,0.25445576312773865,2.7850574619610455,True,344.1668210521431,327.42302996669275,2.547766326914554e-12,3.0,2.7850574619610455,55.57227658823995,533.4755934915979,112.48002843123972,laminar,1079.2049359455968,2222.8106657221406,18.075027454794352,0.7983849271591823,"{""family"": ""B1"", ""type"": ""channel"", ""channel_width"": 0.007583333333333333, ""rib_thickness"": 0.00075, ""n_starts"": 6, ""layout"": ""helical""}",0.007583333333333333,0.00075,6,0.05,6
0.0149576347909698,0.0149576347909698,21855.766410992263,3.6426277351653775,0.2657041413761373,4.522660691490424,True,334.6673787890467,327.42302996667695,6.245984393474344e-12,3.0,4.522660691490424,53.64217770312299,3260.8695652173915,686.1885248627661,laminar,3097.2956228978737,5668.5414732594245,51.10537777781491,0.6598321934627354,"{""family"": ""B1"", ""type"": ""channel"", ""channel_width"": 0.007333333333333333, ""rib_thickness"": 0.001, ""n_starts"": 1, ""layout"": ""helical""}",0.007333333333333333,0.001,1,0.008333333333333333,6
0.01842680726648909,0.01842680726648909,3845.4320173559317,0.6409053362259887,0.2657041413761373,4.6184015897021045,True,337.3386415951966,327.42302996673465,7.256468442002578e-12,3.0,4.6184015897021045,58.381619487395355,1630.4347826086957,342.93132425180744,laminar,2042.9879873878772,3974.6453032495738,33.709301791899975,0.7399346936211859,"{""family"": ""B1"", ""type"": ""channel"", ""channel_width"": 0.007333333333333333, ""rib_thickness"": 0.001, ""n_starts"": 2, ""layout"": ""helical""}",0.007333333333333333,0.001,2,0.016666666666666666,6
0.02102491072349847,0.02102491072349847,1433.7897128241448,0.23896495213735747,0.2657041413761373,4.631528015308835,True,339.3391812570938,327.42302996672765,5.620116205030279e-12,3.0,4.631528015308835,59.080586545323456,1086.9565217391307,228.44018381936007,laminar,1615.6536122137454,3236.729816953084,26.6582846015268,0.7801085306232003,"{""family"": ""B1"", ""type"": ""channel"", ""channel_width"": 0.007333333333333333, ""rib_thickness"": 0.001, ""n_starts"": 3, ""layout"": ""helical""}",0.007333333333333333,0.001,3,0.025,6
0.023164193681834352,0.023164193681834352,722.3466692097817,0.12039111153496362,0.2657041413761373,4.6354145205311,True,340.98642913501243,327.42302996669434,2.1752573768215186e-12,3.0,4.6354145205311,59.28999258808757,815.2173913043479,171.1409426310767,laminar,1374.483324092771,2803.4821774973734,22.678974847530718,0.8053212232332094,"{""family"": ""B1"", ""type"": ""channel"", ""channel_width"": 0.007333333333333333, ""rib_thickness"": 0.001, ""n_starts"": 4, ""layout"": ""helical""}",0.007333333333333333,0.001,4,0.03333333333333333,6
0.026636083002060107,0.026636083002060107,280.6643126487278,0.046777385441454634,0.2657041413761373,4.637830624110971,True,343.65978391158626,327.42302996669457,2.122105089055568e-12,3.0,4.637830624110971,59.420745817495245,543.4782608695654,113.73587942125968,laminar,1103.1106842795618,2299.107000388923,18.20132629061277,0.8362523369604254,"{""family"": ""B1"", ""type"": ""channel"", ""channel_width"": 0.007333333333333333, ""rib_thickness"": 0.001, ""n_starts"": 6, ""layout"": ""helical""}",0.007333333333333333,0.001,6,0.05,6
0.014407948352404245,0.014407948352404245,25229.786161128115,4.204964360188019,0.28820089787293457,8.902436820327726,True,334.24412023135125,327.42302996672277,4.476160856111992e-12,3.0,8.902436820327726,60.85397290822895,3387.916431394692,701.4681130850133,laminar,3246.4887721509704,6072.267038414983,51.85949597072329,0.729451811160505,"{""family"": ""B1"", ""type"": ""channel"", ""channel_width"": 0.006833333333333334, ""rib_thickness"": 0.0015, ""n_starts"": 1, ""layout"": ""helical""}",0.006833333333333334,0.0015,1,0.008333333333333333,6
0.017753803996415272,0.017753803996415272,4426.361873655206,0.7377269789425344,0.28820089787293457,9.1913028740548,True,336.82042907723974,327.4230299667211,4.0903638340774685e-12,3.0,9.1913028740548,67.04677018928949,1693.958215697346,350.56749016426636,laminar,2141.475660371303,4221.722755338402,34.207987821515616,0.7995890531957385,"{""family"": ""B1"", ""type"": ""channel"", ""channel_width"": 0.006833333333333334, ""rib_thickness"": 0.0015, ""n_starts"": 2, ""layout"": ""helical""}",0.006833333333333334,0.0015,2,0.016666666666666666,6
0.020277764535987883,0.020277764535987883,1647.756764283764,0.27462612738062736,0.28820089787293457,9.231292429597863,True,338.76387869271065,327.42302996672004,3.837595176701616e-12,3.0,9.231292429597863,67.97064110758879,1129.305477131564,233.5269374092315,laminar,1693.3377618155776,3420.1856491465187,27.04942139004104,0.8331870780887973,"{""family"": ""B1"", ""type"": ""channel"", ""channel_width"": 0.006833333333333334, ""rib_thickness"": 0.0015, ""n_starts"": 3, ""layout"": ""helical""}",0.006833333333333334,0.0015,3,0.025,6
0.022363022350672782,0.022363022350672782,829.2627255217182,0.1382104542536197,0.28820089787293457,9.243137745275938,True,340.369527210018,327.4230299667049,2.9898161868347076e-13,3.0,9.243137745275938,68.24766032183263,846.979107848673,174.95179495025974,laminar,1440.3391283964088,2951.8512760183985,23.008014648410168,0.8537597711762607,"{""family"": ""B1"", ""type"": ""channel"", ""channel_width"": 0.006833333333333334, ""rib_thickness"": 0.0015, ""n_starts"": 4, ""layout"": ""helical""}",0.006833333333333334,0.0015,4,0.03333333333333333,6
0.025756491543554395,0.025756491543554395,321.76771228447785,0.05362795204741298,0.28820089787293457,9.250497341340651,True,342.98249848853686,327.42302996671,1.482948828670015e-12,3.0,9.250497341340651,68.42055889233738,564.652738565782,116.26847409558702,laminar,1155.5611679534,2409.351218741839,18.458964111463402,0.8784759382853038,"{""family"": ""B1"", ""type"": ""channel"", ""channel_width"": 0.006833333333333334, ""rib_thickness"": 0.0015, ""n_starts"": 6, ""layout"": ""helical""}",0.006833333333333334,0.0015,6,0.05,6
0.014024705740469948,0.014024705740469948,29556.240588935736,4.926040098155957,0.3106976543697319,13.986864555932035,True,333.94902342016184,327.42302996667456,6.804673995992001e-12,3.0,13.986864555932035,69.50662125074525,3525.2643948296122,716.7972195400324,laminar,3415.7397542678664,6388.147904903883,52.620855673856326,0.7709786094168263,"{""family"": ""B1"", ""type"": ""channel"", ""channel_width"": 0.006333333333333333, ""rib_thickness"": 0.002, ""n_starts"": 1, ""layout"": ""helical""}",0.006333333333333333,0.002,1,0.008333333333333333,6
0.01727341547869433,0.01727341547869433,5169.748082655351,0.8616246804425586,0.3106976543697319,14.62009603040557,True,336.4505299185946,327.4230299667265,5.354059475712939e-12,3.0,14.62009603040557,77.7681837574424,1762.6321974148061,358.22840343481107,laminar,2253.3862894028157,4417.007289137111,34.71432932323257,0.8334474091495754,"{""family"": ""B1"", ""type"": ""channel"", ""channel_width"": 0.006333333333333333, ""rib_thickness"": 0.002, ""n_starts"": 2, ""layout"": ""helical""}",0.006333333333333333,0.002,2,0.016666666666666666,6
0.01973281053040479,0.01973281053040479,1921.271573335008,0.320211928889168,0.3106976543697319,14.708721683961036,True,338.34426410841166,327.4230299667109,1.695853270221405e-12,3.0,14.708721683961036,79.01930562360404,1175.0881316098707,238.63017619783037,laminar,1781.6999766619215,3567.1984092440034,27.44781045127825,0.8625916166091043,"{""family"": ""B1"", ""type"": ""channel"", ""channel_width"": 0.006333333333333333, ""rib_thickness"": 0.002, ""n_starts"": 3, ""layout"": ""helical""}",0.006333333333333333,0.002,3,0.025,6
0.02176813635208613,0.02176813635208613,965.8444013097464,0.16097406688495777,0.3106976543697319,14.734988938760042,True,339.9114649911063,327.42302996670156,4.857528520832686e-13,3.0,14.734988938760042,79.39497737982845,881.3160987074031,178.77499751536936,laminar,1515.304442459663,3072.251520119197,23.34387924870292,0.8801953926958968,"{""family"": ""B1"", ""type"": ""channel"", ""channel_width"": 0.006333333333333333, ""rib_thickness"": 0.002, ""n_starts"": 4, ""layout"": ""helical""}",0.006333333333333333,0.002,4,0.03333333333333333,6
0.025085186291482178,0.025085186291482178,374.2351821140366,0.06237253035233944,0.3106976543697319,14.751300078101245,True,342.46559344444125,327.42302996670225,3.2614834354162317e-13,3.0,14.751300078101245,79.62939275031283,587.5440658049354,118.80927642648055,laminar,1215.33495228731,2500.666556275092,18.722727643345046,0.9011073161174938,"{""family"": ""B1"", ""type"": ""channel"", ""channel_width"": 0.006333333333333333, ""rib_thickness"": 0.002, ""n_starts"": 6, ""layout"": ""helical""}",0.006333333333333333,0.002,6,0.05,6
0.015272131777370251,0.015272131777370251,29630.276668068844,4.938379444678142,0.23908297952159382,0.7804498021147791,True,334.90954146857507,327.4230299666671,8.547330808496201e-12,3.0,0.7804498021147791,60.40124109685006,3398.6356905299444,702.7389280818497,laminar,3259.4629509588963,5460.068346784776,51.9220982640186,0.4310378288459204,"{""family"": ""B1"", ""type"": ""channel"", ""channel_width"": 0.006792857142857144, ""rib_thickness"": 0.00035, ""n_starts"": 1, ""layout"": ""helical""}",0.006792857142857144,0.00035,1,0.0071428571428571435,7
0.018623483453335837,0.018623483453335837,5184.465281017839,0.8640775468363066,0.23908297952159382,0.7896798353079697,True,337.4900822590686,327.4230299667603,1.3256032923584225e-11,3.0,0.7896798353079697,67.59748446437361,1699.3178452649722,351.24683356749813,laminar,2150.1715755824675,3907.638194266334,34.25147685726846,0.5156911349601032,"{""family"": ""B1"", ""type"": ""channel"", ""channel_width"": 0.006792857142857144, ""rib_thickness"": 0.00035, ""n_starts"": 2, ""layout"": ""helical""}",0.006792857142857144,0.00035,2,0.014285714285714287,7
0.021044051315572847,0.021044051315572847,1926.5195338874287,0.32108658898123815,0.23908297952159382,0.7909264341071367,True,339.35391951299107,327.42302996673874,8.214243138496246e-12,3.0,0.7909264341071367,68.68812346283592,1132.8785635099814,234.02848964119278,laminar,1700.3473322571185,3232.2803623429795,27.085934890728975,0.5654482143021021,"{""family"": ""B1"", ""type"": ""channel"", ""channel_width"": 0.006792857142857144, ""rib_thickness"": 0.00035, ""n_starts"": 3, ""layout"": ""helical""}",0.006792857142857144,0.00035,3,0.02142857142857143,7
0.022997644290872244,0.022997644290872244,968.2320329701819,0.16137200549503034,0.23908297952159382,0.7912938554114911,True,340.8581861039716,327.42302996671896,3.584826519325763e-12,3.0,0.7912938554114911,69.0156526922571,849.6589226324861,175.3787962563021,laminar,1446.4446579673527,2833.120109032732,23.041354601791497,0.5998086540106531,"{""family"": ""B1"", ""type"": ""channel"", ""channel_width"": 0.006792857142857144, ""rib_thickness"": 0.00035, ""n_starts"": 4, ""layout"": ""helical""}",0.006792857142857144,0.00035,4,0.028571428571428574,7
0.026114096767168263,0.026114096767168263,374.8918836044101,0.06248198060073502,0.23908297952159382,0.7915215215715885,True,343.25785451071954,327.4230299666924,2.6276424038072737e-12,3.0,0.7915215215715885,69.22001840540638,566.4392817549907,116.64890471692276,laminar,1160.75802500995,2363.3116125145475,18.490467031565537,0.6458375760423213,"{""family"": ""B1"", ""type"": ""channel"", ""channel_width"": 0.006792857142857144, ""rib_thickness"": 0.00035, ""n_starts"": 6, ""layout"": ""helical""}",0.006792857142857144,0.00035,6,0.04285714285714286,7
0.014692285434786116,0.014692285434786116,31031.25428569058,5.1718757142817635,0.24695684429547288,1.5154236361682714,True,334.4630597847853,327.42302996668195,5.075305255429287e-12,3.0,1.5154236361682714,62.77683443211341,3438.9584868582656,707.3407961398236,laminar,3308.4494430664126,5856.749226496839,52.15013528901294,0.5001428003623657,"{""family"": ""B1"", ""type"": ""channel"", ""channel_width"": 0.006642857142857143, ""rib_thickness"": 0.0005, ""n_starts"": 1, ""layout"": ""helical""}",0.006642857142857143,0.0005,1,0.0071428571428571435,7
0.01784493091895552,0.01784493091895552,5424.7283884997305,0.9041213980832885,0.24695684429547288,1.5413440699023213,True,336.8905968075957,327.42302996670685,7.513666456692261e-13,3.0,1.5413440699023213,70.60206876120291,1719.4792434291328,353.54696455393815,laminar,2182.548424495824,4186.546975441578,34.402881945442644,0.5882095368897672,"{""family"": ""B1"", ""type"": ""channel"", ""channel_width"": 0.006642857142857143, ""rib_thickness"": 0.0005, ""n_starts"": 2, ""layout"": ""helical""}",0.006642857142857143,0.0005,2,0.014285714285714287,7
0.020149432837582828,0.020149432837582828,2014.7941697046704,0.33579902828411173,0.24695684429547288,1.5448627064420932,True,338.66506328493875,327.4230299667218,4.2499683426191144e-12,3.0,1.5448627064420932,71.79380529305467,1146.319495619422,235.56101927360595,laminar,1725.9058778114847,3453.739329163859,27.204957057028487,0.637569552040575,"{""family"": ""B1"", ""type"": ""channel"", ""channel_width"": 0.006642857142857143, ""rib_thickness"": 0.0005, ""n_starts"": 3, ""layout"": ""helical""}",0.006642857142857143,0.0005,3,0.02142857142857143,7
0.022023459412911308,0.022023459412911308,1012.261878559199,0.16871031309319984,0.24695684429547288,1.5459002484666478,True,340.1080637479417,327.42302996671333,2.2678309446805487e-12,3.0,1.5459002484666478,72.15187105201808,859.7396217145664,176.52725985819862,laminar,1468.12567026501,3019.429477080674,23.14164192112643,0.6706285749056806,"{""family"": ""B1"", ""type"": ""channel"", ""channel_width"": 0.006642857142857143, ""rib_thickness"": 0.0005, ""n_starts"": 4, ""layout"": ""helical""}",0.006642857142857143,0.0005,4,0.028571428571428574,7
0.025033815326984326,0.025033815326984326,391.7738858052707,0.06529564763421179,0.24695684429547288,1.5465431015889042,True,342.4260378017779,327.4230299666977,1.390375260810985e-12,3.0,1.5465431015889042,72.37528027074188,573.159747809711,117.41277711272082,laminar,1178.0444943142081,2507.9325138102904,18.569175927325652,0.7136277134908245,"{""family"": ""B1"", ""type"": ""channel"", ""channel_width"": 0.006642857142857143, ""rib_thickness"": 0.0005, ""n_starts"": 6, ""layout"": ""helical""}",0.006642857142857143,0.0005,6,0.04285714285714286,7
0.014070682945432745,0.014070682945432745,33621.43917237486,5.6035731953958114,0.260079952251938,3.148161805999983,True,333.9844258679832,327.42302996671907,3.6114026632087383e-12,3.0,3.148161805999983,67.03124406240995,3508.3322891868193,715.0055800405817,laminar,3394.473789117161,6348.589672940832,52.53119379700044,0.5805191160813568,"{""family"": ""B1"", ""type"": ""channel"", ""channel_width"": 0.006392857142857144, ""rib_thickness"": 0.00075, ""n_starts"": 1, ""layout"": ""helical""}",0.006392857142857144,0.00075,1,0.0071428571428571435,7
0.01704822966427904,0.01704822966427904,5868.569962386981,0.9780949937311636,0.260079952251938,3.230270421915839,True,336.27713684149484,327.4230299666732,7.123883013075291e-12,3.0,3.230270421915839,76.06763728060119,1754.1661445934096,357.3780189719266,laminar,2239.443318297447,4514.673463045876,34.65651475290286,0.6672501388059106,"{""family"": ""B1"", ""type"": ""channel"", ""channel_width"": 0.006392857142857144, ""rib_thickness"": 0.00075, ""n_starts"": 2, ""layout"": ""helical""}",0.006392857142857144,0.00075,2,0.014285714285714287,7
0.019254257822630776,0.019254257822630776,2177.7971241937034,0.36296618736561725,0.260079952251938,3.2415121303867025,True,337.9757785234257,327.4230299667391,8.294119215388964e-12,3.0,3.2415121303867025,77.45625845233313,1169.4440963956063,238.1135714776182,laminar,1770.8382396295003,3706.748787502689,27.404614832306677,0.7132244316728034,"{""family"": ""B1"", ""type"": ""channel"", ""channel_width"": 0.006392857142857144, ""rib_thickness"": 0.00075, ""n_starts"": 3, ""layout"": ""helical""}",0.006392857142857144,0.00075,3,0.02142857142857143,7
0.021061393319164956,0.021061393319164956,1093.5439581040391,0.1822573263506732,0.260079952251938,3.244829469451761,True,339.367272855757,327.42302996670145,5.124766412100381e-13,3.0,3.244829469451761,77.87388594950379,877.0830722967048,178.44011898747559,laminar,1506.2533299102454,3228.259231882965,23.310029918207544,0.7429987532476213,"{""family"": ""B1"", ""type"": ""channel"", ""channel_width"": 0.006392857142857144, ""rib_thickness"": 0.00075, ""n_starts"": 4, ""layout"": ""helical""}",0.006392857142857144,0.00075,4,0.028571428571428574,7
0.023982212174136274,0.023982212174136274,422.9297949624435,0.07048829916040726,0.260079952251938,3.246884639816886,True,341.6163033740849,327.4230299667017,4.591767082002934e-13,3.0,3.246884639816886,78.13445159890347,584.7220481978031,118.6850684448031,laminar,1208.4583310247579,2666.247593904905,18.701502125656916,0.7805485100876418,"{""family"": ""B1"", ""type"": ""channel"", ""channel_width"": 0.006392857142857144, ""rib_thickness"": 0.00075, ""n_starts"": 6, ""layout"": ""helical""}",0.006392857142857144,0.00075,6,0.04285714285714286,7
0.013658881933542574,0.013658881933542574,36584.01488677253,6.097335814462088,0.273203060208403,5.1852814157572045,True,333.66733908882776,327.42302996666615,8.773523321989079e-12,3.0,5.1852814157572045,71.68920185788764,3580.5626598465474,722.6416281573439,laminar,3486.503510849485,6720.691142917669,52.912817988186305,0.6354944539988389,"{""family"": ""B1"", ""type"": ""channel"", ""channel_width"": 0.0061428571428571435, ""rib_thickness"": 0.001, ""n_starts"": 1, ""layout"": ""helical""}",0.0061428571428571435,0.001,1,0.0071428571428571435,7
0.01653499433127955,0.01653499433127955,6375.6905065056735,1.0626150844176123,0.273203060208403,5.369191395505966,True,335.88194563508523,327.423029966675,6.698221775216306e-12,3.0,5.369191395505966,82.18273750140489,1790.2813299232737,361.19471051241493,laminar,2300.3631636678147,4753.627536859566,34.91139389566449,0.7181358878507687,"{""family"": ""B1"", ""type"": ""channel"", ""channel_width"": 0.0061428571428571435, ""rib_thickness"": 0.001, ""n_starts"": 2, ""layout"": ""helical""}",0.0061428571428571435,0.001,2,0.014285714285714287,7
0.01868300710228299,0.01868300710228299,2363.9414215660036,0.3939902369276673,0.273203060208403,5.39459410021089,True,337.5359154687579,327.42302996674084,8.706492381306464e-12,3.0,5.39459410021089,83.81196314137337,1193.520886615516,240.6565539938582,laminar,1818.9756132500536,3887.7870968950156,27.6056298952067,0.7603272402121939,"{""family"": ""B1"", ""type"": ""channel"", ""channel_width"": 0.0061428571428571435, ""rib_thickness"": 0.001, ""n_starts"": 3, ""layout"": ""helical""}",0.0061428571428571435,0.001,3,0.02142857142857143,7
0.020449559646855412,0.020449559646855412,1186.335517211119,0.19772258620185318,0.273203060208403,5.402096164977464,True,338.89616092807864,327.4230299667049,2.9898161868347076e-13,3.0,5.402096164977464,84.30254050785864,895.1406649616368,180.3458066808105,laminar,1547.117281191186,3376.2439559834,23.47977991454859,0.7870717577495,"{""family"": ""B1"", ""type"": ""channel"", ""channel_width"": 0.0061428571428571435, ""rib_thickness"": 0.001, ""n_starts"": 4, ""layout"": ""helical""}",0.0061428571428571435,0.001,4,0.028571428571428574,7
0.02331376213566961,0.02331376213566961,458.4839480551124,0.07641399134251874,0.273203060208403,5.406743389925445,True,341.1015968444656,327.42302996669866,1.1643303925619014e-12,3.0,5.406743389925445,84.60863748706349,596.760443307758,119.9525898721664,laminar,1241.074606749629,2777.374774794456,18.835132267141432,0.8201660593980039,"{""family"": ""B1"", ""type"": ""channel"", ""channel_width"": 0.0061428571428571435, ""rib_thickness"": 0.001, ""n_starts"": 6, ""layout"": ""helical""}",0.0061428571428571435,0.001,6,0.04285714285714286,7
0.013107082941152025,0.013107082941152025,43947.62716850286,7.324604528083811,0.2994492761213332,10.094815786508509,True,333.24245386468704,327.4230299666715,7.522968107051302e-12,3.0,10.094815786508509,82.39204163324145,3734.3291544411845,737.6991298753909,laminar,3691.4952282232484,7290.552291541206,53.67388767416625,0.7053328295384796,"{""family"": ""B1"", ""type"": ""channel"", ""channel_width"": 0.005642857142857144, ""rib_thickness"": 0.0015, ""n_starts"": 1, ""layout"": ""helical""}",0.005642857142857144,0.0015,1,0.0071428571428571435,7
0.01584862677859547,0.01584862677859547,7634.055457167136,1.2723425761945228,0.2994492761213332,10.664560383231152,True,335.3534426195185,327.42302996674954,1.0741782067010978e-11,3.0,10.664560383231152,96.80176505604132,1867.1645772205923,368.72083378316836,laminar,2436.2494986810593,5114.046672974487,35.422768784503745,0.7792543735045594,"{""family"": ""B1"", ""type"": ""channel"", ""channel_width"": 0.005642857142857144, ""rib_thickness"": 0.0015, ""n_starts"": 2, ""layout"": ""helical""}",0.005642857142857144,0.0015,2,0.014285714285714287,7
0.017913386981583564,0.017913386981583564,2825.454636118104,0.47090910601968405,0.2994492761213332,10.744802196347496,True,336.9433079758193,327.4230299667115,1.842169706821563e-12,3.0,10.744802196347496,99.09674843355958,1244.776384813728,245.67105403651658,laminar,1926.4440524692814,4160.4925958493,28.010260149399983,0.8152825949845062,"{""family"": ""B1"", ""type"": ""channel"", ""channel_width"": 0.005642857142857144, ""rib_thickness"": 0.0015, ""n_starts"": 3, ""layout"": ""helical""}",0.005642857142857144,0.0015,3,0.02142857142857143,7
0.019618090883763917,0.019618090883763917,1416.28014325607,0.23604669054267835,0.2994492761213332,10.768543669615502,True,338.2559299804982,327.42302996671316,2.2279667288560858e-12,3.0,10.768543669615502,99.79006185449467,933.5822886102961,184.1036268618361,laminar,1638.407228750082,3599.7166950342057,23.822240074464386,0.8375494140879954,"{""family"": ""B1"", ""type"": ""channel"", ""channel_width"": 0.005642857142857144, ""rib_thickness"": 0.0015, ""n_starts"": 4, ""layout"": ""helical""}",0.005642857142857144,0.0015,4,0.028571428571428574,7
0.022390521744617736,0.022390521744617736,546.5386330165024,0.09108977216941709,0.2994492761213332,10.783248654868792,True,340.39070174335563,327.423029966695,2.015652868279873e-12,3.0,10.783248654868792,100.22283700831095,622.388192406864,122.45201179543683,laminar,1314.0100048940492,2946.5067602013196,19.105544242938016,0.8645105482395641,"{""family"": ""B1"", ""type"": ""channel"", ""channel_width"": 0.005642857142857144, ""rib_thickness"": 0.0015, ""n_starts"": 6, ""layout"": ""helical""}",0.005642857142857144,0.0015,6,0.04285714285714286,7
0.012710050928374853,0.012710050928374853,54002.452768027426,9.000408794671237,0.3256954920342634,15.630256930780947,True,332.9367392148486,327.42302996668747,3.7848858246670485e-12,3.0,15.630256930780947,95.26494961171252,3901.895206243032,752.1881423777364,laminar,3930.590178559287,7761.767213600672,54.42355631851321,0.746849900547805,"{""family"": ""B1"", ""type"": ""channel"", ""channel_width"": 0.0051428571428571435, ""rib_thickness"": 0.002, ""n_starts"": 1, ""layout"": ""helical""}",0.0051428571428571435,0.002,1,0.0071428571428571435,7
0.015341010291099381,0.015341010291099381,9348.414520485134,1.5580690867475224,0.3256954920342634,16.918053621256846,True,334.9625779241465,327.4230299667076,9.24259226152359e-13,3.0,16.918053621256846,115.58497311585683,1950.947603121516,375.9628116494863,laminar,2595.0581713616043,5416.371811871502,35.93157468039145,0.8138018160745991,"{""family"": ""B1"", ""type"": ""channel"", ""channel_width"": 0.0051428571428571435, ""rib_thickness"": 0.002, ""n_starts"": 2, ""layout"": ""helical""}",0.0051428571428571435,0.002,2,0.014285714285714287,7
0.017330552793471832,0.017330552793471832,3453.5077860860983,0.5755846310143498,0.3256954920342634,17.103798767904614,True,336.4945256509733,327.4230299667088,1.203604027411187e-12,3.0,17.103798767904614,118.93395757835324,1300.6317354143441,250.49623388185648,laminar,2052.1975977405923,4392.871873646823,28.415043661023585,0.8455771668529879,"{""family"": ""B1"", ""type"": ""channel"", ""channel_width"": 0.0051428571428571435, ""rib_thickness"": 0.002, ""n_starts"": 3, ""layout"": ""helical""}",0.0051428571428571435,0.002,3,0.02142857142857143,7
0.018976206970674783,0.018976206970674783,1728.9933554864142,0.28816555924773574,0.3256954920342634,17.15889665649426,True,337.76167936741956,327.4230299667215,4.183527982911676e-12,3.0,17.15889665649426,119.95068463736735,975.473801560758,187.71957222939926,laminar,1745.3285665090712,3792.7841280542607,24.166087843971756,0.864944098162812,"{""family"": ""B1"", ""type"": ""channel"", ""channel_width"": 0.0051428571428571435, ""rib_thickness"": 0.002, ""n_starts"": 4, ""layout"": ""helical""}",0.0051428571428571435,0.002,4,0.028571428571428574,7
0.021656693372973716,0.021656693372973716,666.1987655201237,0.11103312758668729,0.3256954920342634,17.193026618436207,True,339.82565389718974,327.42302996671094,1.7091413421628927e-12,3.0,17.193026618436207,120.58598315540183,650.3158677071721,124.85706916637496,laminar,1399.5512234686626,3095.872922732595,19.378401555719943,0.8881231451787022,"{""family"": ""B1"", ""type"": ""channel"", ""channel_width"": 0.0051428571428571435, ""rib_thickness"": 0.002, ""n_starts"": 6, ""layout"": ""helical""}",0.0051428571428571435,0.002,6,0.04285714285714286,7
0.014222049926633479,0.014222049926633479,45399.13168614919,7.566521947691531,0.24170760111288683,0.8847732470734275,True,334.10097844350776,327.4230299667756,1.6834510697426833e-11,3.0,0.8847732470734275,74.9208902067754,3653.6353671903544,730.0229414066705,laminar,3582.3691457274967,6221.632773971643,53.283978049896376,0.41288381504688276,"{""family"": ""B1"", ""type"": ""channel"", ""channel_width"": 0.005900000000000001, ""rib_thickness"": 0.00035, ""n_starts"": 1, ""layout"": ""helical""}",0.005900000000000001,0.00035,1,0.00625,8
0.017121958352859862,0.017121958352859862,7884.973025955632,1.3141621709926052,0.24170760111288683,0.9008793239937083,True,336.3339079317021,327.4230299666879,3.6784336038913534e-12,3.0,0.9008793239937083,88.44083886525297,1826.8176835951772,364.91391919724094,laminar,2363.9668100971844,4482.240601942231,35.16152314178165,0.4958684812636061,"{""family"": ""B1"", ""type"": ""channel"", ""channel_width"": 0.005900000000000001, ""rib_thickness"": 0.00035, ""n_starts"": 2, ""layout"": ""helical""}",0.005900000000000001,0.00035,2,0.0125,8
0.01920463618291211,0.01920463618291211,2917.35651730757,0.48622608621792834,0.24170760111288683,0.9030561043027062,True,337.9375698608423,327.4230299667031,1.2667961917551503e-13,3.0,0.9030561043027062,90.60595760485296,1217.878455730118,243.1676713450209,laminar,1869.3659372663649,3721.824988489285,27.804854697155175,0.5452894884630394,"{""family"": ""B1"", ""type"": ""channel"", ""channel_width"": 0.005900000000000001, ""rib_thickness"": 0.00035, ""n_starts"": 3, ""layout"": ""helical""}",0.005900000000000001,0.00035,3,0.018750000000000003,8
0.0208800501983694,0.0208800501983694,1461.8199819647298,0.24363666366078832,0.24170760111288683,0.903695903484612,True,339.2276386527444,327.4230299667109,1.695853270221405e-12,3.0,0.903695903484612,91.2605743537009,913.4088417975886,182.26224692464618,laminar,1590.02585189181,3270.792969027797,23.649964351668096,0.5797234636731081,"{""family"": ""B1"", ""type"": ""channel"", ""channel_width"": 0.005900000000000001, ""rib_thickness"": 0.00035, ""n_starts"": 4, ""layout"": ""helical""}",0.005900000000000001,0.00035,4,0.025,8
0.023544986910326242,0.023544986910326242,563.6934315571075,0.09394890525951792,0.24170760111288683,0.9040911380987643,True,341.2796399209512,327.4230299666967,1.62985584624535e-12,3.0,0.9040911380987643,91.66924026640999,608.939227865059,121.2927376636847,laminar,1275.58011367334,2737.9310636156206,18.972914295813545,0.6262605783679674,"{""family"": ""B1"", ""type"": ""channel"", ""channel_width"": 0.005900000000000001, ""rib_thickness"": 0.00035, ""n_starts"": 6, ""layout"": ""helical""}",0.005900000000000001,0.00035,6,0.037500000000000006,8
0.025663183461129144,0.025663183461129144,291.0207261143837,0.048503454352397286,0.24170760111288683,0.9042112003185486,True,342.9106512650694,327.4230299667025,2.729960557756728e-13,3.0,0.9042112003185486,91.79403717272513,456.7044208987943,90.74479188679669,laminar,1097.7773806348873,2421.6528573744777,16.328285409443282,0.6572707701323084,"{""family"": ""B1"", ""type"": ""channel"", ""channel_width"": 0.005900000000000001, ""rib_thickness"": 0.00035, ""n_starts"": 8, ""layout"": ""helical""}",0.005900000000000001,0.00035,8,0.05,8
0.013666596429246206,0.013666596429246206,48006.16049699505,8.001026749499177,0.25070630371160574,1.7118807642347271,True,333.67327925051956,327.4230299666869,3.917914189325719e-12,3.0,1.7118807642347271,78.05160099251758,3700.277520814061,734.5275118436327,laminar,3645.030338768871,6713.334288327364,53.512147526606824,0.4800923655507371,"{""family"": ""B1"", ""type"": ""channel"", ""channel_width"": 0.00575, ""rib_thickness"": 0.0005, ""n_starts"": 1, ""layout"": ""helical""}",0.00575,0.0005,1,0.00625,8
0.016372936521530428,0.016372936521530428,8329.572736470438,1.388262122745073,0.25070630371160574,1.7572962862283497,True,335.7571611215784,327.42302996671265,2.108226436138903e-12,3.0,1.7572962862283497,92.91661106262627,1850.1387604070305,367.16560247898076,laminar,2405.5151048413272,4834.226042343451,35.31500898596842,0.5675222768586448,"{""family"": ""B1"", ""type"": ""channel"", ""channel_width"": 0.00575, ""rib_thickness"": 0.0005, ""n_starts"": 2, ""layout"": ""helical""}",0.00575,0.0005,2,0.0125,8
0.01834131936731382,0.01834131936731382,3080.192584690184,0.5133654307816974,0.25070630371160574,1.7634856687898441,True,337.2728159128316,327.42302996672584,5.194454967171293e-12,3.0,1.7634856687898441,95.3183943565801,1233.4258402713538,244.6681254286352,laminar,1902.2316734509254,4004.4679040698256,27.926379886832734,0.6172614896994517,"{""family"": ""B1"", ""type"": ""channel"", ""channel_width"": 0.00575, ""rib_thickness"": 0.0005, ""n_starts"": 3, ""layout"": ""helical""}",0.00575,0.0005,3,0.018750000000000003,8
0.019937812901314328,0.019937812901314328,1542.8668676984676,0.25714447794974465,0.25070630371160574,1.7653065255970324,True,338.502115934012,327.42302996673965,8.427147580047635e-12,3.0,1.7653065255970324,96.04546260376803,925.0693802035153,183.3868871005961,laminar,1617.9487799702872,3510.4828530758186,23.752865067648894,0.6508916569414304,"{""family"": ""B1"", ""type"": ""channel"", ""channel_width"": 0.00575, ""rib_thickness"": 0.0005, ""n_starts"": 4, ""layout"": ""helical""}",0.00575,0.0005,4,0.025,8
0.022496697914436124,0.022496697914436124,594.6796642286038,0.09911327737143398,0.25070630371160574,1.7664314599466215,True,340.4724573941158,327.42302996670867,1.1770278835282118e-12,3.0,1.7664314599466215,96.4994580873206,616.7129201356769,122.0411684996325,laminar,1297.8963468048419,2926.0464380354065,19.054222963730655,0.695027654445219,"{""family"": ""B1"", ""type"": ""channel"", ""channel_width"": 0.00575, ""rib_thickness"": 0.0005, ""n_starts"": 6, ""layout"": ""helical""}",0.00575,0.0005,6,0.037500000000000006,8
0.024544190698627472,0.024544190698627472,306.93329459252857,0.05115554909875477,0.25070630371160574,1.7667731267367437,True,342.04902683794313,327.42302996670116,5.78917000917476e-13,3.0,1.7667731267367437,96.63808218924142,462.53469010175763,91.30472813490132,laminar,1116.8987098923965,2579.3038924072407,16.397023613313905,0.7236169269248491,"{""family"": ""B1"", ""type"": ""channel"", ""channel_width"": 0.00575, ""rib_thickness"": 0.0005, ""n_starts"": 8, ""layout"": ""helical""}",0.00575,0.0005,8,0.05,8
0.013066293430512355,0.013066293430512355,52920.06391951066,8.820010653251778,0.2657041413761373,3.53356284476896,True,333.2110459414945,327.42302996681207,2.5374902179464703e-11,3.0,3.53356284476896,83.65103371206422,3780.718336483933,741.9344359566637,laminar,3756.007310790562,7336.396566097116,53.89053967656024,0.5589809480308665,"{""family"": ""B1"", ""type"": ""channel"", ""channel_width"": 0.0055000000000000005, ""rib_thickness"": 0.00075, ""n_starts"": 1, ""layout"": ""helical""}",0.0055000000000000005,0.00075,1,0.00625,8
0.015598110011263077,0.015598110011263077,9166.843562182481,1.527807260363747,0.2657041413761373,3.6786867165843735,True,335.16054470867255,327.4230299667378,7.988050625003368e-12,3.0,3.6786867165843735,101.14903697487182,1890.3591682419665,370.868074763036,laminar,2479.157724876691,5259.063871379958,35.57052387866557,0.6465160027370314,"{""family"": ""B1"", ""type"": ""channel"", ""channel_width"": 0.0055000000000000005, ""rib_thickness"": 0.00075, ""n_starts"": 2, ""layout"": ""helical""}",0.0055000000000000005,0.00075,2,0.0125,8
0.01746680926770693,0.01746680926770693,3386.7139134501326,0.5644523189083555,0.2657041413761373,3.6987509051876355,True,336.5994431361343,327.42302996669616,1.7495961389625326e-12,3.0,3.6987509051876355,104.02363254854323,1260.239445494644,247.13534171217339,laminar,1960.5135110199583,4336.330953102723,28.12910689724288,0.6936636776773241,"{""family"": ""B1"", ""type"": ""channel"", ""channel_width"": 0.0055000000000000005, ""rib_thickness"": 0.00075, ""n_starts"": 3, ""layout"": ""helical""}",0.0055000000000000005,0.00075,3,0.018750000000000003,8
0.018994866146589802,0.018994866146589802,1695.3897713996616,0.2825649618999437,0.2657041413761373,3.7046631583243492,True,337.7760469328741,327.4230299667211,4.0903638340774685e-12,3.0,3.7046631583243492,104.89592656216718,945.1795841209832,185.23614765813429,laminar,1667.483503779268,3786.8899218334295,23.924763315093845,0.7244900628110391,"{""family"": ""B1"", ""type"": ""channel"", ""channel_width"": 0.0055000000000000005, ""rib_thickness"": 0.00075, ""n_starts"": 4, ""layout"": ""helical""}",0.0055000000000000005,0.00075,4,0.025,8
0.02146105036493602,0.02146105036493602,652.9761942417396,0.1088293657069566,0.2657041413761373,3.708316437435975,True,339.6750087810007,327.4230299666974,1.4569632657622171e-12,3.0,3.708316437435975,105.44087207013268,630.119722747322,123.27182311660322,laminar,1337.5063453878433,3138.2040500532257,19.19030843382558,0.7637029446294674,"{""family"": ""B1"", ""type"": ""channel"", ""channel_width"": 0.0055000000000000005, ""rib_thickness"": 0.00075, ""n_starts"": 6, ""layout"": ""helical""}",0.0055000000000000005,0.00075,6,0.037500000000000006,8
0.02344549901329853,0.02344549901329853,336.8661883888777,0.056144364731479615,0.2657041413761373,3.709425705363469,True,341.20303424023984,327.4230299667031,1.2667961917551503e-13,3.0,3.709425705363469,105.60724641411328,472.5897920604916,92.22543863457844,laminar,1150.8516533333484,2754.7680878017045,16.51221937391326,0.7883738696101085,"{""family"": ""B1"", ""type"": ""channel"", ""channel_width"": 0.0055000000000000005, ""rib_thickness"": 0.00075, ""n_starts"": 8, ""layout"": ""helical""}",0.0055000000000000005,0.00075,8,0.05,8
0.012663846938097372,0.012663846938097372,58686.4566165138,9.781076102752301,0.28070197904066885,5.778253332677403,True,332.90116214233495,327.42302996670975,1.4297965409040648e-12,3.0,5.778253332677403,89.7609985162392,3864.7342995169083,749.1724746801468,laminar,3876.091210884669,7820.44951688639,54.26527695238536,0.6133397683230343,"{""family"": ""B1"", ""type"": ""channel"", ""channel_width"": 0.00525, ""rib_thickness"": 0.001, ""n_starts"": 1, ""layout"": ""helical""}",0.00525,0.001,1,0.00625,8
0.015091554532337521,0.015091554532337521,10148.27259418214,1.6913787656970236,0.28070197904066885,6.10658811358721,True,334.77049698989987,327.4230299667038,3.292488936613036e-14,3.0,6.10658811358721,110.49319778785994,1932.3671497584542,374.48612692013427,laminar,2558.92474008511,5577.92164889589,35.824946361191536,0.6978079205330531,"{""family"": ""B1"", ""type"": ""channel"", ""channel_width"": 0.00525, ""rib_thickness"": 0.001, ""n_starts"": 2, ""layout"": ""helical""}",0.00525,0.001,2,0.0125,8
0.016899481516428772,0.016899481516428772,3745.8183410283536,0.6243030568380591,0.28070197904066885,6.1526840589122935,True,336.16260076765013,327.42302996672066,3.983911613301773e-12,3.0,6.1526840589122935,113.96530656477411,1288.244766505636,249.546302959642,laminar,2023.6824767236326,4581.505357344095,28.331554674130853,0.7416379005333574,"{""family"": ""B1"", ""type"": ""channel"", ""channel_width"": 0.00525, ""rib_thickness"": 0.001, ""n_starts"": 3, ""layout"": ""helical""}",0.00525,0.001,3,0.018750000000000003,8
0.01838444348965812,0.01838444348965812,1874.0211181742645,0.3123368530290441,0.28070197904066885,6.166291318981861,True,337.30602148703673,327.42302996671685,3.092577276515545e-12,3.0,6.166291318981861,115.02200491133742,966.1835748792271,187.043243197526,laminar,1721.1972644203722,3989.370134737509,24.09676170188521,0.7696811802905124,"{""family"": ""B1"", ""type"": ""channel"", ""channel_width"": 0.00525, ""rib_thickness"": 0.001, ""n_starts"": 4, ""layout"": ""helical""}",0.00525,0.001,4,0.025,8
0.020789607842736774,0.020789607842736774,721.22790334701,0.12020465055783502,0.28070197904066885,6.174701467139179,True,339.1579980389073,327.4230299667051,3.3899347975172786e-13,3.0,6.174701467139179,115.68260562707968,644.122383252818,124.47441755890307,laminar,1380.4881017872647,3292.414285978151,19.326833425021704,0.8046686974775102,"{""family"": ""B1"", ""type"": ""channel"", ""channel_width"": 0.00525, ""rib_thickness"": 0.001, ""n_starts"": 6, ""layout"": ""helical""}",0.00525,0.001,6,0.037500000000000006,8
0.022730369643920396,0.022730369643920396,371.9043797213181,0.061984063286886354,0.28070197904066885,6.177254439027456,True,340.6523846258187,327.4230299667075,8.976830822693838e-13,3.0,6.177254439027456,115.88428387905293,483.09178743961354,93.12515600012512,laminar,1187.7139993023138,2881.974796396676,16.627995990232392,0.8262962848561765,"{""family"": ""B1"", ""type"": ""channel"", ""channel_width"": 0.00525, ""rib_thickness"": 0.001, ""n_starts"": 8, ""layout"": ""helical""}",0.00525,0.001,8,0.05,8
0.012114377627114498,0.012114377627114498,73668.3558324847,12.278059305414118,0.31069765436973185,11.048200414163565,True,332.47807077287814,327.42302996677773,1.734004801217854e-11,3.0,11.048200414163565,103.64972918860956,4044.489383215369,762.895499681496,laminar,4148.851888469251,8590.23926951329,54.99640875412729,0.6825572848774918,"{""family"": ""B1"", ""type"": ""channel"", ""channel_width"": 0.004750000000000001, ""rib_thickness"": 0.0015, ""n_starts"": 1, ""layout"": ""helical""}",0.004750000000000001,0.0015,1,0.00625,8
0.01439900583654011,0.01439900583654011,12693.655361383771,2.1156092268972952,0.31069765436973185,12.088469769550397,True,334.23723449413586,327.42302996672703,5.4737997684301215e-12,3.0,12.088469769550397,133.36387924375805,2022.2446916076844,381.34580564041494,laminar,2740.408243878179,6079.293462833372,36.32634183745493,0.7595779765079173,"{""family"": ""B1"", ""type"": ""channel"", ""channel_width"": 0.004750000000000001, ""rib_thickness"": 0.0015, ""n_starts"": 2, ""layout"": ""helical""}",0.004750000000000001,0.0015,2,0.0125,8
0.016116524644668406,0.016116524644668406,4676.399348401559,0.7793998914002599,0.31069765436973185,12.239819599703027,True,335.55972397639465,327.42302996673305,6.883959491909543e-12,3.0,12.239819599703027,138.58779546558702,1348.1631277384565,254.1173867490878,laminar,2167.55081304692,4967.278020845346,28.732650312482434,0.7977368259533001,"{""family"": ""B1"", ""type"": ""channel"", ""channel_width"": 0.004750000000000001, ""rib_thickness"": 0.0015, ""n_starts"": 3, ""layout"": ""helical""}",0.004750000000000001,0.0015,3,0.018750000000000003,8
0.01753344855724806,0.01753344855724806,2336.703224429864,0.38945053740497737,0.31069765436973185,12.284696340996712,True,336.650755389081,327.423029966714,2.4274354532221942e-12,3.0,12.284696340996712,140.19033876452053,1011.1223458038422,190.46942233448505,laminar,1843.6248162464135,4309.187176765049,24.438747564196646,0.821533834570866,"{""family"": ""B1"", ""type"": ""channel"", ""channel_width"": 0.004750000000000001, ""rib_thickness"": 0.0015, ""n_starts"": 4, ""layout"": ""helical""}",0.004750000000000001,0.0015,4,0.025,8
0.019836291986360992,0.019836291986360992,897.9193432106781,0.14965322386844637,0.31069765436973185,12.31245474942545,True,338.42394482949794,327.42302996670435,1.6595325402480057e-13,3.0,12.31245474942545,141.19434916132542,674.0815638692283,126.75448737182366,laminar,1478.5653616067968,3538.3496021650135,19.59958735153196,0.8505710973720898,"{""family"": ""B1"", ""type"": ""channel"", ""channel_width"": 0.004750000000000001, ""rib_thickness"": 0.0015, ""n_starts"": 6, ""layout"": ""helical""}",0.004750000000000001,0.0015,6,0.037500000000000006,8
0.021699536455136174,0.021699536455136174,462.5892778137044,0.07709821296895075,0.31069765436973185,12.320877979587253,True,339.85864307045483,327.42302996670384,4.636060655141226e-14,3.0,12.320877979587253,141.50097068844187,505.5611729019211,94.83098327920378,laminar,1271.8985277233253,3086.7503791726463,16.860050251216173,0.8681688288754255,"{""family"": ""B1"", ""type"": ""channel"", ""channel_width"": 0.004750000000000001, ""rib_thickness"": 0.0015, ""n_starts"": 8, ""layout"": ""helical""}",0.004750000000000001,0.0015,8,0.05,8
0.011707983363305925,0.011707983363305925,95545.94355011247,15.924323925018745,0.34069332969879496,16.672509652710175,True,332.16514718974554,327.4230299666331,1.6502456544133437e-11,3.0,16.672509652710175,119.88838529109834,4241.781548250265,775.0676516886309,laminar,4476.779820558204,9260.720036831271,55.68677337767521,0.7232353676483045,"{""family"": ""B1"", ""type"": ""channel"", ""channel_width"": 0.00425, ""rib_thickness"": 0.002, ""n_starts"": 1, ""layout"": ""helical""}",0.00425,0.002,1,0.00625,8
0.01387111237933842,0.01387111237933842,16401.86704751143,2.733644507918572,0.34069332969879496,19.080302756994826,True,333.83075653209056,327.4230299666426,1.4280838560760507e-11,3.0,19.080302756994826,163.7348440426247,2120.8907741251323,387.43025510364606,laminar,2959.113269176346,6523.816745377721,36.808482128778934,0.7940898928048342,"{""family"": ""B1"", ""type"": ""channel"", ""channel_width"": 0.00425, ""rib_thickness"": 0.002, ""n_starts"": 2, ""layout"": ""helical""}",0.00425,0.002,2,0.0125,8
0.015504657345095232,0.015504657345095232,6030.6693017899715,1.0051115502983285,0.34069332969879496,19.447415222926736,True,335.0885861557233,327.42302996670617,5.917621371275806e-13,3.0,19.447415222926736,171.976949216508,1413.9271827500881,258.1718810546082,laminar,2341.181252563889,5315.212512312699,29.12201070262398,0.8282876380272491,"{""family"": ""B1"", ""type"": ""channel"", ""channel_width"": 0.00425, ""rib_thickness"": 0.002, ""n_starts"": 3, ""layout"": ""helical""}",0.00425,0.002,3,0.018750000000000003,8
0.01685504502386775,0.01685504502386775,3009.6462526832515,0.501607708780542,0.34069332969879496,19.556974427370154,True,336.12838466837815,327.423029966706,5.517502760593236e-13,3.0,19.556974427370154,174.53616912102157,1060.4453870625662,193.5084004937932,laminar,1991.540199243354,4601.842428768453,24.77281711253928,0.8493204296826061,"{""family"": ""B1"", ""type"": ""channel"", ""channel_width"": 0.00425, ""rib_thickness"": 0.002, ""n_starts"": 4, ""layout"": ""helical""}",0.00425,0.002,4,0.025,8
0.01905327422250372,0.01905327422250372,1154.7543673855441,0.19245906123092402,0.34069332969879496,19.624845693831563,True,337.82102115132784,327.42302996670367,6.348745483155182e-15,3.0,19.624845693831563,176.14560522314943,706.9635913750441,128.77688085627915,laminar,1597.2517025537065,3768.5534887704816,19.868252885424152,0.874686789719175,"{""family"": ""B1"", ""type"": ""channel"", ""channel_width"": 0.00425, ""rib_thickness"": 0.002, ""n_starts"": 6, ""layout"": ""helical""}",0.00425,0.002,6,0.037500000000000006,8
0.020834254806742912,0.020834254806742912,594.3731740560471,0.09906219567600785,0.34069332969879496,19.645441323347534,True,339.192376201192,327.4230299667058,5.118860602348608e-13,3.0,19.645441323347534,176.63768624662382,530.2226935312831,96.34403079874276,laminar,1373.8946030790376,3281.7064100520392,17.089908477324613,0.8899040828203971,"{""family"": ""B1"", ""type"": ""channel"", ""channel_width"": 0.00425, ""rib_thickness"": 0.002, ""n_starts"": 8, ""layout"": ""helical""}",0.00425,0.002,8,0.05,8
0.012691895260078443,0.012691895260078443,96192.64722613244,16.032107871022077,0.24695684429547288,1.0788200505949614,True,332.9227593502604,327.42302996674675,1.0089928315659115e-11,3.0,1.0788200505949614,99.93089911597957,4082.465809348847,765.5030819344834,laminar,4209.566597911437,7784.724366580437,55.13939346560052,0.3830389800344689,"{""family"": ""B1"", ""type"": ""channel"", ""channel_width"": 0.0046500000000000005, ""rib_thickness"": 0.00035, ""n_starts"": 1, ""layout"": ""helical""}",0.0046500000000000005,0.00035,1,0.005,10
0.014950404282050439,0.014950404282050439,16520.54611212566,2.7534243520209434,0.24695684429547288,1.1206067936268727,True,334.6618112971788,327.4230299666789,5.793599366488589e-12,3.0,1.1206067936268727,136.70202703775635,2041.2329046744235,382.68606002414043,laminar,2780.9784040085246,5673.515028035166,36.426900221520114,0.4625478074936557,"{""family"": ""B1"", ""type"": ""channel"", ""channel_width"": 0.0046500000000000005, ""rib_thickness"": 0.00035, ""n_starts"": 2, ""layout"": ""helical""}",0.0046500000000000005,0.00035,2,0.01,10
0.01655625089132193,0.01655625089132193,6073.29805230561,1.0122163420509351,0.24695684429547288,1.1263272074401824,True,335.89831318631786,327.4230299667437,9.371634204599815e-12,3.0,1.1263272074401824,143.6323765796032,1360.8219364496156,255.05133317481673,laminar,2199.8804006738474,4743.2477960656715,28.81533482572786,0.510891225157203,"{""family"": ""B1"", ""type"": ""channel"", ""channel_width"": 0.0046500000000000005, ""rib_thickness"": 0.00035, ""n_starts"": 3, ""layout"": ""helical""}",0.0046500000000000005,0.00035,3,0.015,10
0.017840359569713686,0.017840359569713686,3029.893389912229,0.5049822316520383,0.24695684429547288,1.1280046180326286,True,336.8870768686795,327.42302996669997,8.58261802176304e-13,3.0,1.1280046180326286,145.78541639681626,1020.6164523372117,191.21223596159533,laminar,1871.3087153242898,4188.298060177513,24.511508524670276,0.5450688366914958,"{""family"": ""B1"", ""type"": ""channel"", ""channel_width"": 0.0046500000000000005, ""rib_thickness"": 0.00035, ""n_starts"": 4, ""layout"": ""helical""}",0.0046500000000000005,0.00035,4,0.02,10
0.019871718030833343,0.019871718030833343,1161.529056861617,0.19358817614360282,0.24695684429547288,1.129036864763115,True,338.45122288374165,327.42302996671145,1.8288816348800754e-12,3.0,1.129036864763115,147.13945398815787,680.4109682248078,127.32989376545468,laminar,1501.0857769113015,3528.5769216061426,19.662109472218457,0.5919512789454239,"{""family"": ""B1"", ""type"": ""channel"", ""channel_width"": 0.0046500000000000005, ""rib_thickness"": 0.00035, ""n_starts"": 6, ""layout"": ""helical""}",0.0046500000000000005,0.00035,6,0.03,10
0.02147847940368526,0.02147847940368526,597.2761532194343,0.09954602553657238,0.24695684429547288,1.1293489781532497,True,339.6884291408376,327.4230299667012,5.656289289759884e-13,3.0,1.1293489781532497,147.55333729577433,510.30822616860587,95.34586457482276,laminar,1291.5909898797327,3134.387479439559,16.918022825185233,0.6236519771606835,"{""family"": ""B1"", ""type"": ""channel"", ""channel_width"": 0.0046500000000000005, ""rib_thickness"": 0.00035, ""n_starts"": 8, ""layout"": ""helical""}",0.0046500000000000005,0.00035,8,0.04,10
0.012182296398172384,0.012182296398172384,103826.68267373902,17.30444711228984,0.2582052225438715,2.0628853455952476,True,332.5303682265927,327.4230299668132,2.5640958908782043e-11,3.0,2.0628853455952476,104.02291857145262,4140.786749482401,769.2494369130906,laminar,4304.928099711234,8487.256755788929,55.34907556771586,0.44646714176618496,"{""family"": ""B1"", ""type"": ""channel"", ""channel_width"": 0.0045000000000000005, ""rib_thickness"": 0.0005, ""n_starts"": 1, ""layout"": ""helical""}",0.0045000000000000005,0.0005,1,0.005000000000000001,10
0.014259046131396438,0.014259046131396438,17812.106216580494,2.9686843694300826,0.2582052225438715,2.181273704717613,True,334.12946552117523,327.4230299667039,5.964867849289985e-14,3.0,2.181273704717613,145.1018440645292,2070.3933747412007,384.5589170511715,laminar,2844.553846559366,6191.344822116801,36.57283517004899,0.5319003957635207,"{""family"": ""B1"", ""type"": ""channel"", ""channel_width"": 0.0045000000000000005, ""rib_thickness"": 0.0005, ""n_starts"": 2, ""layout"": ""helical""}",0.0045000000000000005,0.0005,2,0.010000000000000002,10
0.015755540442129786,0.015755540442129786,6544.327812617406,1.0907213021029012,0.2582052225438715,2.197794340039372,True,335.2817661404399,327.42302996671424,2.4807353862319385e-12,3.0,2.197794340039372,153.0177013637372,1380.262249827467,256.2995487005142,laminar,2250.342881759038,5167.021367828963,28.932979908330484,0.5817100140072191,"{""family"": ""B1"", ""type"": ""channel"", ""channel_width"": 0.0045000000000000005, ""rib_thickness"": 0.0005, ""n_starts"": 3, ""layout"": ""helical""}",0.0045000000000000005,0.0005,3,0.015000000000000003,10
0.016963193032141256,0.016963193032141256,3263.685975931704,0.543947662655284,0.2582052225438715,2.202651397220333,True,336.21165863474874,327.42302996674084,8.706492381306464e-12,3.0,2.202651397220333,155.48738142703584,1035.1966873706003,192.14802437195033,laminar,1914.2925018867115,4552.647696255358,24.61233216711486,0.6159334849490314,"{""family"": ""B1"", ""type"": ""channel"", ""channel_width"": 0.0045000000000000005, ""rib_thickness"": 0.0005, ""n_starts"": 4, ""layout"": ""helical""}",0.0045000000000000005,0.0005,4,0.020000000000000004,10
0.01889048438630543,0.01889048438630543,1250.5952044180374,0.2084325340696729,0.2582052225438715,2.2056424374990593,True,337.69567297745516,327.4230299666982,1.2706349680938023e-12,3.0,2.2056424374990593,157.04270707623283,690.1311249137335,127.95304342048712,laminar,1535.5725468161613,3820.0923402903095,19.743075601922072,0.6615548310223783,"{""family"": ""B1"", ""type"": ""channel"", ""channel_width"": 0.0045000000000000005, ""rib_thickness"": 0.0005, ""n_starts"": 6, ""layout"": ""helical""}",0.0045000000000000005,0.0005,6,0.030000000000000006,10
0.020426917230114354,0.020426917230114354,642.9054534985257,0.10715090891642097,0.2582052225438715,2.2065469330811363,True,338.87872626718803,327.42302996670844,1.1238755957622616e-12,3.0,2.2065469330811363,157.51834434499736,517.5983436853002,95.8124851056465,laminar,1321.229053607801,3381.9727669604413,16.987230689243155,0.6915488438351812,"{""family"": ""B1"", ""type"": ""channel"", ""channel_width"": 0.0045000000000000005, ""rib_thickness"": 0.0005, ""n_starts"": 8, ""layout"": ""helical""}",0.0045000000000000005,0.0005,8,0.04000000000000001,10
0.01162447047179676,0.01162447047179676,118794.16865863453,19.799028109772422,0.27695251962453593,4.1655995933661965,True,332.1008422632835,327.423029966806,2.395145438404379e-11,3.0,4.1655995933661965,111.14546448777209,4241.781548250265,775.0925198315034,laminar,4476.85384412463,9411.226531976592,55.687694158623444,0.5217485463059225,"{""family"": ""B1"", ""type"": ""channel"", ""channel_width"": 0.00425, ""rib_thickness"": 0.00075, ""n_starts"": 1, ""layout"": ""helical""}",0.00425,0.00075,1,0.005,10
0.013531075862755341,0.013531075862755341,20342.08338983654,3.3903472316394234,0.27695251962453593,4.547646681744005,True,333.5689284143216,327.4230299666909,2.9867156367150273e-12,3.0,4.547646681744005,160.80689356498772,2120.8907741251323,387.4799586945195,laminar,2959.2880219580684,6844.877183945027,36.810655882893045,0.6095895269903449,"{""family"": ""B1"", ""type"": ""channel"", ""channel_width"": 0.00425, ""rib_thickness"": 0.00075, ""n_starts"": 2, ""layout"": ""helical""}",0.00425,0.00075,2,0.01,10
0.014927793787285282,0.014927793787285282,7466.654070510585,1.2444423450850977,0.27695251962453593,4.602831417758093,True,334.64440121620964,327.4230299667102,1.5362487616797597e-12,3.0,4.602831417758093,170.78660717936302,1413.9271827500881,258.24635482496006,laminar,2341.4690612035442,5689.122288422322,29.125590761312377,0.6582181046945733,"{""family"": ""B1"", ""type"": ""channel"", ""channel_width"": 0.00425, ""rib_thickness"": 0.00075, ""n_starts"": 3, ""layout"": ""helical""}",0.00425,0.00075,3,0.015,10
0.016065750137383913,0.016065750137383913,3721.3865202692145,0.6202310867115358,0.27695251962453593,4.619135030775686,True,335.5206276057856,327.42302996672987,6.138941591723472e-12,3.0,4.619135030775686,173.92639308407485,1060.4453870625662,193.60754684299684,laminar,1991.9493638172776,4994.467002780256,24.777906720653938,0.6905526196896506,"{""family"": ""B1"", ""type"": ""channel"", ""channel_width"": 0.00425, ""rib_thickness"": 0.00075, ""n_starts"": 4, ""layout"": ""helical""}",0.00425,0.00075,4,0.02,10
0.017896925948949642,0.017896925948949642,1424.9315374543396,0.2374885895757233,0.27695251962453593,4.629188769635302,True,336.9306329806912,327.42302996670173,4.458886362588058e-13,3.0,4.629188769635302,175.90933595511,706.9635913750441,128.9249521492987,laminar,1597.920575652396,4166.729017119167,19.87657301421273,0.7323310710306483,"{""family"": ""B1"", ""type"": ""channel"", ""channel_width"": 0.00425, ""rib_thickness"": 0.00075, ""n_starts"": 6, ""layout"": ""helical""}",0.00425,0.00075,6,0.03,10
0.019366729957742385,0.019366729957742385,732.214494825088,0.12203574913751468,0.27695251962453593,4.632230000800877,True,338.0623820674616,327.42302996669804,1.3106468291620593e-12,3.0,4.632230000800877,176.51639045944242,530.2226935312831,96.54025982763797,laminar,1374.8381400891385,3673.010637715032,17.101645157206356,0.7589978975261075,"{""family"": ""B1"", ""type"": ""channel"", ""channel_width"": 0.00425, ""rib_thickness"": 0.00075, ""n_starts"": 8, ""layout"": ""helical""}",0.00425,0.00075,8,0.04,10
0.011243020791604235,0.011243020791604235,137313.64770253905,22.88560795042318,0.2956998167052004,6.63816646810522,True,331.80712600953524,327.42302996675375,1.1726132907387621e-11,3.0,6.63816646810522,118.58399525913671,4347.826086956523,780.3238381471178,laminar,4667.455238210196,10163.522510775178,56.00946285852234,0.5739707178095805,"{""family"": ""B1"", ""type"": ""channel"", ""channel_width"": 0.004, ""rib_thickness"": 0.001, ""n_starts"": 1, ""layout"": ""helical""}",0.004,0.001,1,0.005,10
0.013043271678513782,0.013043271678513782,23468.986359220384,3.911497726536731,0.2956998167052004,7.5113954794899875,True,333.1933191924556,327.4230299667049,2.9898161868347076e-13,3.0,7.5113954794899875,178.9957553022641,2173.9130434782614,390.09517036666,laminar,3086.651478599666,7362.517913968165,37.039817743196,0.6605319665736321,"{""family"": ""B1"", ""type"": ""channel"", ""channel_width"": 0.004, ""rib_thickness"": 0.001, ""n_starts"": 2, ""layout"": ""helical""}",0.004,0.001,2,0.01,10
0.014375859275864659,0.014375859275864659,8606.084070110915,1.434347345018486,0.2956998167052004,7.642530140052208,True,334.21941164241576,327.42302996671236,2.0417860764314652e-12,3.0,7.642530140052208,191.74896158137125,1449.2753623188407,259.9893324068236,laminar,2442.7080543808374,6097.55354167569,29.31249665257005,0.7067612061983363,"{""family"": ""B1"", ""type"": ""channel"", ""channel_width"": 0.004, ""rib_thickness"": 0.001, ""n_starts"": 3, ""layout"": ""helical""}",0.004,0.001,3,0.015,10
0.015467415971481501,0.015467415971481501,4286.7000111457955,0.7144500018576326,0.2956998167052004,7.68149683041624,True,335.05991029804073,327.4230299667322,6.684343122299641e-12,3.0,7.68149683041624,195.80325100859537,1086.9565217391307,194.91425885469462,laminar,2078.2760721029335,5337.911603873292,24.939312865235202,0.7368468341632242,"{""family"": ""B1"", ""type"": ""channel"", ""channel_width"": 0.004, ""rib_thickness"": 0.001, ""n_starts"": 4, ""layout"": ""helical""}",0.004,0.001,4,0.02,10
0.01723157340585246,0.01723157340585246,1640.2202484987276,0.27337004141645466,0.2956998167052004,7.705567192141145,True,336.4183115225064,327.4230299666983,1.244058824210827e-12,3.0,7.705567192141145,198.37312194315467,724.6376811594204,129.79510306194706,laminar,1667.290490555594,4434.844845370421,20.007485886667126,0.7749630489537026,"{""family"": ""B1"", ""type"": ""channel"", ""channel_width"": 0.004, ""rib_thickness"": 0.001, ""n_starts"": 6, ""layout"": ""helical""}",0.004,0.001,6,0.03,10
0.018652418092846224,0.018652418092846224,842.4990693019215,0.14041651155032028,0.2956998167052004,7.712852061648567,True,337.51236193149157,327.4230299667091,1.283480104303907e-12,3.0,7.712852061648567,199.161035066576,543.4782608695654,97.1918373058212,laminar,1434.5238134158092,3897.964100533303,17.21428576098971,0.7988554064884213,"{""family"": ""B1"", ""type"": ""channel"", ""channel_width"": 0.004, ""rib_thickness"": 0.001, ""n_starts"": 8, ""layout"": ""helical""}",0.004,0.001,8,0.04,10
0.010705180448396894,0.010705180448396894,190200.60423478155,31.700100705796928,0.33319441086652923,11.84666395775967,True,331.3929889452656,327.42302996672134,4.143516121843419e-12,3.0,11.84666395775967,133.89240660362535,4576.659038901603,788.3035693014826,laminar,5119.438873353954,11446.015363749268,56.58327175812265,0.6399145449094334,"{""family"": ""B1"", ""type"": ""channel"", ""channel_width"": 0.0035, ""rib_thickness"": 0.0015, ""n_starts"": 1, ""layout"": ""helical""}",0.0035,0.0015,1,0.005,10
0.012351107935346915,0.012351107935346915,32383.620026018296,5.3972700043363835,0.33319441086652923,14.656774008273832,True,332.6603531102171,327.4230299666473,1.319003549960817e-11,3.0,14.656774008273832,224.8217751033149,2288.3295194508014,394.0843533596256,laminar,3389.3269411019655,8241.355483105333,37.46098198060068,0.7214837840373007,"{""family"": ""B1"", ""type"": ""channel"", ""channel_width"": 0.0035, ""rib_thickness"": 0.0015, ""n_starts"": 2, ""layout"": ""helical""}",0.0035,0.0015,2,0.01,10
0.013583103146621535,0.013583103146621535,11852.547772383883,1.9754246287306474,0.33319441086652923,15.122239862709582,True,333.60898942289856,327.4230299667021,3.6616020460988027e-13,3.0,15.122239862709582,246.60972222678205,1525.5530129672006,262.6480298272888,laminar,2683.621880055554,6793.792851952202,29.661083937456127,0.7631566833308191,"{""family"": ""B1"", ""type"": ""channel"", ""channel_width"": 0.0035, ""rib_thickness"": 0.0015, ""n_starts"": 3, ""layout"": ""helical""}",0.0035,0.0015,3,0.015,10
0.014597636138033115,0.014597636138033115,5896.976534502751,0.9828294224171252,0.33319441086652923,15.262773854503896,True,334.3901798262855,327.42302996672805,5.713280353864487e-12,3.0,15.262773854503896,253.7429098694358,1144.1647597254007,196.9074869322912,laminar,2283.9070963012737,5926.831070780263,25.24318369596145,0.7896001458747683,"{""family"": ""B1"", ""type"": ""channel"", ""channel_width"": 0.0035, ""rib_thickness"": 0.0015, ""n_starts"": 4, ""layout"": ""helical""}",0.0035,0.0015,4,0.02,10
0.016244074940986338,0.016244074940986338,2253.387114407594,0.37556451906793237,0.33319441086652923,15.350030703270406,True,335.65793770455946,327.4230299667005,7.385215094591214e-13,3.0,15.350030703270406,258.3140816802765,762.7765064836003,131.12241100379688,laminar,1832.7703496260501,4900.220775599666,20.256935443235292,0.8223619714092667,"{""family"": ""B1"", ""type"": ""channel"", ""channel_width"": 0.0035, ""rib_thickness"": 0.0015, ""n_starts"": 6, ""layout"": ""helical""}",0.0035,0.0015,6,0.03,10
0.0175743175651183,0.0175743175651183,1156.6223121830653,0.19277038536384425,0.33319441086652923,15.376489289998256,True,336.68222452514107,327.42302996670924,1.3100562481868821e-12,3.0,15.376489289998256,259.72248568631613,572.0823798627003,98.1857384199289,laminar,1577.0549182521522,4292.7020125235,17.430606991208,0.8424890420855624,"{""family"": ""B1"", ""type"": ""channel"", ""channel_width"": 0.0035, ""rib_thickness"": 0.0015, ""n_starts"": 8, ""layout"": ""helical""}",0.0035,0.0015,8,0.04,10
0.010287906439519958,0.010287906439519958,279750.4936100791,46.625082268346524,0.37068900502785807,16.079775623181643,True,331.07168795843035,327.4230299666267,1.8005632771203274e-11,3.0,16.079775623181643,148.22519634322086,4830.917874396134,791.483274652197,laminar,5702.006146830869,12679.398545462293,57.02006146830867,0.6765305212293138,"{""family"": ""B1"", ""type"": ""channel"", ""channel_width"": 0.003, ""rib_thickness"": 0.002, ""n_starts"": 1, ""layout"": ""helical""}",0.003,0.002,1,0.005,10
0.011796043155573505,0.011796043155573505,47448.47398904767,7.908078998174612,0.37068900502785807,22.56149507719228,True,332.2329532297916,327.4230299666921,2.6940827635147117e-12,3.0,22.56149507719228,287.3774485845427,2415.458937198067,395.67393404377844,laminar,3780.6718464391843,9106.989394555729,37.806718464391835,0.7536784647078363,"{""family"": ""B1"", ""type"": ""channel"", ""channel_width"": 0.003, ""rib_thickness"": 0.002, ""n_starts"": 2, ""layout"": ""helical""}",0.003,0.002,2,0.01,10
0.012930649906721325,0.012930649906721325,17335.734647518828,2.889289107919805,0.37068900502785807,23.798504337570165,True,333.1066004281754,327.4230299667263,5.300907187946988e-12,3.0,23.798504337570165,327.1947488361318,1610.3059581320447,263.70744827764094,laminar,2995.7174190055644,7492.9360268381515,29.95717419005564,0.7921732897909992,"{""family"": ""B1"", ""type"": ""channel"", ""channel_width"": 0.003, ""rib_thickness"": 0.002, ""n_starts"": 3, ""layout"": ""helical""}",0.003,0.002,3,0.015,10
0.013867117857635227,0.013867117857635227,8616.377890148546,1.4360629816914245,0.37068900502785807,24.18196538369877,True,333.8276807503791,327.4230299667184,3.451798154667093e-12,3.0,24.18196538369877,340.8702223204939,1207.7294685990335,197.70173398910597,laminar,2550.676849141421,6527.419310838158,25.506768491414203,0.8162887566874883,"{""family"": ""B1"", ""type"": ""channel"", ""channel_width"": 0.003, ""rib_thickness"": 0.002, ""n_starts"": 4, ""layout"": ""helical""}",0.003,0.002,4,0.02,10
0.015389488134927099,0.015389488134927099,3289.0939129993335,0.5481823188332223,0.37068900502785807,24.422279615667232,True,334.99990586389384,327.42302996669673,1.6165677743038625e-12,3.0,24.422279615667232,349.8028828912199,805.1529790660223,131.65130703840043,laminar,2047.90218699331,5386.019965521971,20.479021869933092,0.8458409048476133,"{""family"": ""B1"", ""type"": ""channel"", ""channel_width"": 0.003, ""rib_thickness"": 0.002, ""n_starts"": 6, ""layout"": ""helical""}",0.003,0.002,6,0.03,10
0.016621118970433467,0.016621118970433467,1687.400561540685,0.28123342692344755,0.37068900502785807,24.49545170343084,True,335.94826160723375,327.42302996671077,1.6692771263384298e-12,3.0,24.49545170343084,352.58083010204217,603.8647342995167,98.58178092179695,laminar,1762.6390862287358,4711.840974139105,17.62639086228735,0.863822499396901,"{""family"": ""B1"", ""type"": ""channel"", ""channel_width"": 0.003, ""rib_thickness"": 0.002, ""n_starts"": 8, ""layout"": ""helical""}",0.003,0.002,8,0.04,10
0.011628888309112441,0.011628888309112441,183943.2181456449,30.657203024274153,0.25220608747805895,1.2425361936880055,True,332.10424399801656,327.4230299666957,1.8560483597382275e-12,3.0,1.2425361936880055,114.4312150356759,4429.0248763563895,783.6975654928289,laminar,4821.108708738851,9403.146184118208,56.23262619530715,0.35917068246968414,"{""family"": ""B1"", ""type"": ""channel"", ""channel_width"": 0.0038166666666666666, ""rib_thickness"": 0.00035, ""n_starts"": 1, ""layout"": ""helical""}",0.0038166666666666666,0.00035,1,0.004166666666666667,12
0.013455980519641095,0.013455980519641095,31343.92819696381,5.223988032827302,0.25220608747805895,1.334431696324483,True,333.5111050001236,327.4230299667218,4.2499683426191144e-12,3.0,1.334431696324483,189.91243599748955,2214.5124381781948,391.8022237964066,laminar,3189.519765692293,6919.932863624315,37.20203869321911,0.43527241951491613,"{""family"": ""B1"", ""type"": ""channel"", ""channel_width"": 0.0038166666666666666, ""rib_thickness"": 0.00035, ""n_starts"": 2, ""layout"": ""helical""}",0.0038166666666666666,0.00035,2,0.008333333333333333,12
0.014744036640351694,0.014744036640351694,11472.970498556875,1.9121617497594794,0.25220608747805895,1.3474067616901992,True,334.5029082130708,327.4230299666765,6.3524366142500395e-12,3.0,1.3474067616901992,207.75746826431194,1476.3416254521298,261.1497749421655,laminar,2524.6227488963673,5819.1029705469255,29.44678825962317,0.4822706974089732,"{""family"": ""B1"", ""type"": ""channel"", ""channel_width"": 0.0038166666666666666, ""rib_thickness"": 0.00035, ""n_starts"": 3, ""layout"": ""helical""}",0.0038166666666666666,0.00035,3,0.0125,12
0.015768583718659617,0.015768583718659617,5707.352887743707,0.9512254812906178,0.25220608747805895,1.3512188184085359,True,335.2918094633679,327.42302996670463,2.3254125897603283e-13,3.0,1.3512188184085359,213.58054702638398,1107.2562190890974,195.80807691031592,laminar,2148.257932486869,5159.534854015443,25.056930384014922,0.5158783639018566,"{""family"": ""B1"", ""type"": ""channel"", ""channel_width"": 0.0038166666666666666, ""rib_thickness"": 0.00035, ""n_starts"": 4, ""layout"": ""helical""}",0.0038166666666666666,0.00035,4,0.016666666666666666,12
0.017381278353879485,0.017381278353879485,2179.847361707967,0.36330789361799454,0.25220608747805895,1.3535617421445265,True,336.5335843324872,327.423029966722,4.303268275628859e-12,3.0,1.3535617421445265,217.30696471697323,738.1708127260649,130.43554181088257,laminar,1723.768963731851,4371.657292612105,20.105760239113444,0.5625360967320698,"{""family"": ""B1"", ""type"": ""channel"", ""channel_width"": 0.0038166666666666666, ""rib_thickness"": 0.00035, ""n_starts"": 6, ""layout"": ""helical""}",0.0038166666666666666,0.00035,6,0.025,12
0.018651158375915324,0.018651158375915324,1118.1862073624347,0.18636436789373914,0.25220608747805895,1.3542684733375545,True,337.5113919494548,327.42302996670685,7.513666456692261e-13,3.0,1.3542684733375545,218.45408307240072,553.6281095445487,97.71862902965245,laminar,1483.3615471907676,3898.384314041847,17.301687316130007,0.5944702323491938,"{""family"": ""B1"", ""type"": ""channel"", ""channel_width"": 0.0038166666666666666, ""rib_thickness"": 0.00035, ""n_starts"": 8, ""layout"": ""helical""}",0.0038166666666666666,0.00035,8,0.03333333333333333,12
0.020621918072165884,0.020621918072165884,445.787115172077,0.0742978525286795,0.25220608747805895,1.3547164602576696,True,339.0288769155677,327.42302996669525,1.9625005805139226e-12,3.0,1.3547164602576696,219.1868913257304,369.08540636303246,64.94129363588765,laminar,1211.9487470170482,3333.243617017535,14.13597265196455,0.6369157324279502,"{""family"": ""B1"", ""type"": ""channel"", ""channel_width"": 0.0038166666666666666, ""rib_thickness"": 0.00035, ""n_starts"": 12, ""layout"": ""helical""}",0.0038166666666666666,0.00035,12,0.05,12
0.011159981507070408,0.011159981507070408,202864.62251515288,33.81077041919215,0.2657041413761373,2.3280517231203506,True,331.7431857604442,327.4230299667406,8.653192448296719e-12,3.0,2.3280517231203506,118.16204035968303,4497.751124437781,786.091406710395,laminar,4956.784490772969,10342.979923101699,56.40478903293376,0.4189690793129591,"{""family"": ""B1"", ""type"": ""channel"", ""channel_width"": 0.0036666666666666666, ""rib_thickness"": 0.0005, ""n_starts"": 1, ""layout"": ""helical""}",0.0036666666666666666,0.0005,1,0.004166666666666667,12
0.012817438501961433,0.012817438501961433,34529.079014839226,5.754846502473205,0.2657041413761373,2.587379399388404,True,333.0194276465103,327.4230299667,8.449737302348165e-13,3.0,2.587379399388404,202.97400213690344,2248.8755622188905,392.9990021886785,laminar,3280.376639907188,7628.611879338528,37.32842383342661,0.50191988399937,"{""family"": ""B1"", ""type"": ""channel"", ""channel_width"": 0.0036666666666666666, ""rib_thickness"": 0.0005, ""n_starts"": 2, ""layout"": ""helical""}",0.0036666666666666666,0.0005,2,0.008333333333333333,12
0.014001784199446579,0.014001784199446579,12631.819265148395,2.1053032108580663,0.2657041413761373,2.6254121674342303,True,333.93137383357384,327.4230299666628,9.558405437999612e-12,3.0,2.6254121674342303,223.8766801207839,1499.2503748125937,261.94746926040875,laminar,2596.9413823545447,6408.047549078105,29.551401937137914,0.5512279379860773,"{""family"": ""B1"", ""type"": ""channel"", ""channel_width"": 0.0036666666666666666, ""rib_thickness"": 0.0005, ""n_starts"": 3, ""layout"": ""helical""}",0.0036666666666666666,0.0005,3,0.0125,12
0.014953022175019781,0.014953022175019781,6281.728224986551,1.0469547041644254,0.2657041413761373,2.636651025694083,True,334.6638270747652,327.4230299667232,4.5826130768876865e-12,3.0,2.636651025694083,230.768406851838,1124.4377811094453,196.40618192668853,laminar,2209.9870419927383,5671.7133204417505,25.148128408882876,0.585555960263746,"{""family"": ""B1"", ""type"": ""channel"", ""channel_width"": 0.0036666666666666666, ""rib_thickness"": 0.0005, ""n_starts"": 4, ""layout"": ""helical""}",0.0036666666666666666,0.0005,4,0.016666666666666666,12
0.016464823759576364,0.016464823759576364,2398.3071703965566,0.39971786173275947,0.2657041413761373,2.6435716213842215,True,335.8279142948738,327.4230299667337,7.0302759285097006e-12,3.0,2.6435716213842215,235.1961656727067,749.6251874062968,130.83396333210564,laminar,1773.4492565889577,4788.2057492642,20.180629471529517,0.6319234473196192,"{""family"": ""B1"", ""type"": ""channel"", ""channel_width"": 0.0036666666666666666, ""rib_thickness"": 0.0005, ""n_starts"": 6, ""layout"": ""helical""}",0.0036666666666666666,0.0005,6,0.025,12
0.017665757724142923,0.017665757724142923,1229.9956430337509,0.2049992738389585,0.2657041413761373,2.645660752810717,True,336.75263344759003,327.42302996670446,1.9267704315157004e-13,3.0,2.645660752810717,236.56167974862205,562.2188905547226,98.01711519599411,laminar,1526.1571680251923,4256.255750931905,17.36661604994184,0.662802495074977,"{""family"": ""B1"", ""type"": ""channel"", ""channel_width"": 0.0036666666666666666, ""rib_thickness"": 0.0005, ""n_starts"": 8, ""layout"": ""helical""}",0.0036666666666666666,0.0005,8,0.03333333333333333,12
0.019543908861082367,0.019543908861082367,490.2625293288186,0.08171042155480311,0.2657041413761373,2.6469852203135305,True,338.1988098230334,327.42302996670577,4.985979882933732e-13,3.0,2.6469852203135305,237.4345027263371,374.8125937031484,65.13965988362493,laminar,1246.9053737077197,3621.051238425666,14.18892321805336,0.7027883687696984,"{""family"": ""B1"", ""type"": ""channel"", ""channel_width"": 0.0036666666666666666, ""rib_thickness"": 0.0005, ""n_starts"": 12, ""layout"": ""helical""}",0.0036666666666666666,0.0005,12,0.05,12
0.010641570415599103,0.010641570415599103,241488.49127111092,40.24808187851849,0.28820089787293457,4.52137691356387,True,331.3440092200113,327.4230299667145,2.547175745939377e-12,3.0,4.52137691356387,124.18106089890146,4617.16044632551,789.2379456702366,laminar,5206.06401056193,11618.722604301762,56.667776398151986,0.4901969247311346,"{""family"": ""B1"", ""type"": ""channel"", ""channel_width"": 0.003416666666666667, ""rib_thickness"": 0.00075, ""n_starts"": 1, ""layout"": ""helical""}",0.003416666666666667,0.00075,1,0.004166666666666667,12
0.012135405734668646,0.012135405734668646,41025.70599877358,6.837617666462263,0.28820089787293457,5.351519643114544,True,332.49426241569483,327.423029966662,9.744586090424232e-12,3.0,5.351519643114544,227.46332800278543,2308.580223162755,394.57208473481694,laminar,3447.512092857657,8558.097803514176,37.52601658597273,0.5772215961874679,"{""family"": ""B1"", ""type"": ""channel"", ""channel_width"": 0.003416666666666667, ""rib_thickness"": 0.00075, ""n_starts"": 2, ""layout"": ""helical""}",0.003416666666666667,0.00075,2,0.008333333333333333,12
0.013221650244645241,0.013221650244645241,14994.917283860872,2.499152880643479,0.28820089787293457,5.482123916617843,True,333.3306706883768,327.4230299666995,9.64714022951999e-13,3.0,5.482123916617843,255.00374573188805,1539.0534821085032,262.99598335231184,laminar,2730.075014269563,7164.6991635095455,29.716745730544798,0.6265138251774064,"{""family"": ""B1"", ""type"": ""channel"", ""channel_width"": 0.003416666666666667, ""rib_thickness"": 0.00075, ""n_starts"": 3, ""layout"": ""helical""}",0.003416666666666667,0.00075,3,0.0125,12
0.014103372665799828,0.014103372665799828,7452.90745040485,1.2421512417341418,0.28820089787293457,5.521158633134543,True,334.00959695266585,327.4230299667243,4.835381734263539e-12,3.0,5.521158633134543,264.2744799024265,1154.2901115813775,197.19234966508458,laminar,2323.6891801076754,6320.75027204677,25.293253907366733,0.6597693966913266,"{""family"": ""B1"", ""type"": ""channel"", ""channel_width"": 0.003416666666666667, ""rib_thickness"": 0.00075, ""n_starts"": 4, ""layout"": ""helical""}",0.003416666666666667,0.00075,4,0.016666666666666666,12
0.015517949089567835,0.015517949089567835,2843.7788722931264,0.4739631453821878,0.28820089787293457,5.545287435094633,True,335.0988207989672,327.4230299667224,4.396284779219272e-12,3.0,5.545287435094633,270.27947085928866,769.5267410542516,131.35766090643443,laminar,1865.032474496171,5307.1560655526555,20.300795961330003,0.7033369928105624,"{""family"": ""B1"", ""type"": ""channel"", ""channel_width"": 0.003416666666666667, ""rib_thickness"": 0.00075, ""n_starts"": 6, ""layout"": ""helical""}",0.003416666666666667,0.00075,6,0.025,12
0.016650549630633817,0.016650549630633817,1458.018486490936,0.24300308108182272,0.28820089787293457,5.55258299806091,True,335.970923215588,327.4230299667101,1.5096726177967845e-12,3.0,5.55258299806091,272.1386303339338,577.1450557906887,98.40945464794933,laminar,1605.096075145708,4697.723705841628,17.471399756010804,0.7315123133835479,"{""family"": ""B1"", ""type"": ""channel"", ""channel_width"": 0.003416666666666667, ""rib_thickness"": 0.00075, ""n_starts"": 8, ""layout"": ""helical""}",0.003416666666666667,0.00075,8,0.03333333333333333,12
0.018433227783521994,0.018433227783521994,580.9885213725943,0.09683142022876573,0.28820089787293457,5.557210148719295,True,337.3435853933119,327.42302996670173,4.458886362588058e-13,3.0,5.557210148719295,273.32854237509264,384.7633705271258,65.40039861693889,laminar,1311.441163254898,3972.4228167320343,14.274979033659509,0.7670317692482028,"{""family"": ""B1"", ""type"": ""channel"", ""channel_width"": 0.003416666666666667, ""rib_thickness"": 0.00075, ""n_starts"": 12, ""layout"": ""helical""}",0.003416666666666667,0.00075,12,0.05,12
0.010281175836634064,0.010281175836634064,291989.7728031165,48.66496213385275,0.3106976543697319,6.873100302841563,True,331.0665053942082,327.42302996673,6.1656653808502414e-12,3.0,6.873100302841563,129.72366136354808,4743.08300395257,791.1092543735324,laminar,5489.79945392682,12701.410353013696,56.894285249787046,0.539457747931361,"{""family"": ""B1"", ""type"": ""channel"", ""channel_width"": 0.0031666666666666666, ""rib_thickness"": 0.001, ""n_starts"": 1, ""layout"": ""helical""}",0.0031666666666666666,0.001,1,0.004166666666666667,12
0.011668936401853201,0.011668936401853201,49512.43229613346,8.25207204935558,0.3106976543697319,8.746560490122631,True,332.13508102942694,327.4230299667011,5.922050728589636e-13,3.0,8.746560490122631,255.78971794757123,2371.541501976285,395.5076279132621,laminar,3638.051660204252,9330.5056161356,37.703444478480435,0.6266314217296902,"{""family"": ""B1"", ""type"": ""channel"", ""channel_width"": 0.0031666666666666666, ""rib_thickness"": 0.001, ""n_starts"": 2, ""layout"": ""helical""}",0.0031666666666666666,0.001,2,0.008333333333333333,12
0.01268955451360423,0.01268955451360423,18081.23018883138,3.0135383648052305,0.3106976543697319,9.06639658675895,True,332.92095697547524,327.423029966717,3.132589137583802e-12,3.0,9.06639658675895,292.6556981826352,1581.0276679841897,263.6195553375147,laminar,2882.0009923696202,7787.6937055878725,29.868010284557887,0.6743690512018669,"{""family"": ""B1"", ""type"": ""channel"", ""channel_width"": 0.0031666666666666666, ""rib_thickness"": 0.001, ""n_starts"": 3, ""layout"": ""helical""}",0.0031666666666666666,0.001,3,0.0125,12
0.01352306607424417,0.01352306607424417,8982.503847943359,1.4970839746572266,0.3106976543697319,9.163364657304742,True,333.562760877168,327.423029966718,3.3586340058328856e-12,3.0,9.163364657304742,305.39740651149503,1185.7707509881425,197.6598991058787,laminar,2453.5350529113502,6852.807746953278,25.42754509380854,0.7059147140942187,"{""family"": ""B1"", ""type"": ""channel"", ""channel_width"": 0.0031666666666666666, ""rib_thickness"": 0.001, ""n_starts"": 4, ""layout"": ""helical""}",0.0031666666666666666,0.001,4,0.016666666666666666,12
0.014867031648107841,0.014867031648107841,3425.6760063148904,0.5709460010524818,0.3106976543697319,9.223605247478837,True,334.597614369043,327.4230299667055,4.32009983342141e-13,3.0,9.223605247478837,313.73972024779806,790.5138339920949,131.66911417024076,laminar,1969.7301052003681,5731.4776949961715,20.413566544803817,0.746450759481988,"{""family"": ""B1"", ""type"": ""channel"", ""channel_width"": 0.0031666666666666666, ""rib_thickness"": 0.001, ""n_starts"": 6, ""layout"": ""helical""}",0.0031666666666666666,0.001,6,0.025,12
0.015947388664288718,0.015947388664288718,1755.9409382849117,0.2926568230474853,0.3106976543697319,9.241860515346078,True,335.4294892715023,327.4230299666999,8.715498741177916e-13,3.0,9.241860515346078,316.336234683484,592.8853754940712,98.64278664874782,laminar,1695.4093275808943,5058.976446759097,17.570605758565634,0.7721966247610659,"{""family"": ""B1"", ""type"": ""channel"", ""channel_width"": 0.0031666666666666666, ""rib_thickness"": 0.001, ""n_starts"": 8, ""layout"": ""helical""}",0.0031666666666666666,0.001,8,0.03333333333333333,12
0.017653107726557413,0.017653107726557413,699.5776984744123,0.11659628307906872,0.3106976543697319,9.253446869953578,True,336.7428929494492,327.423029966697,1.5499797693526303e-12,3.0,9.253446869953578,318.00124052740136,395.25691699604744,65.55546507795016,laminar,1385.3600692480504,4261.262125568659,14.357367990388887,0.8041402376575723,"{""family"": ""B1"", ""type"": ""channel"", ""channel_width"": 0.0031666666666666666, ""rib_thickness"": 0.001, ""n_starts"": 12, ""layout"": ""helical""}",0.0031666666666666666,0.001,12,0.05,12
0.009758622866408214,0.009758622866408214,451977.7497205872,75.3296249534312,0.3556911673633265,10.769524072111059,True,330.6641396071343,327.4230299668125,2.5481354400240398e-11,3.0,10.769524072111059,138.0415206478604,5016.722408026756,789.6937022284188,laminar,6196.497346899646,14671.445637453338,57.19843704830441,0.5998957699686294,"{""family"": ""B1"", ""type"": ""channel"", ""channel_width"": 0.0026666666666666666, ""rib_thickness"": 0.0015, ""n_starts"": 1, ""layout"": ""helical""}",0.0026666666666666666,0.0015,1,0.004166666666666667,12
0.010985973931186088,0.010985973931186088,76367.2168832823,12.72786948054705,0.3556911673633265,16.49209780797089,True,331.60919992701326,327.4230299666999,8.715498741177916e-13,3.0,16.49209780797089,325.65367562394187,2508.361204013378,394.7999359377148,laminar,4113.898395874434,10739.690429692102,37.97444673114862,0.6842316612076796,"{""family"": ""B1"", ""type"": ""channel"", ""channel_width"": 0.0026666666666666666, ""rib_thickness"": 0.0015, ""n_starts"": 2, ""layout"": ""helical""}",0.0026666666666666666,0.0015,2,0.008333333333333333,12
0.011899590889862196,0.011899590889862196,27846.64057539584,4.641106762565974,0.3556911673633265,17.702062094398546,True,332.31268498519387,327.4230299666792,5.713870934839664e-12,3.0,17.702062094398546,395.00253228538804,1672.2408026755854,263.1478540838777,laminar,3262.044993385919,8932.427847819032,30.111184554331558,0.7285732001119343,"{""family"": ""B1"", ""type"": ""channel"", ""channel_width"": 0.0026666666666666666, ""rib_thickness"": 0.0015, ""n_starts"": 3, ""layout"": ""helical""}",0.0026666666666666666,0.0015,3,0.0125,12
0.012650169614358133,0.012650169614358133,13823.344703085313,2.3038907838475526,0.3556911673633265,18.085140397166306,True,332.89063060305574,327.42302996672805,5.713280353864487e-12,3.0,18.085140397166306,420.9082040362516,1254.180602006689,197.30622116236404,laminar,2778.7423223847627,7837.985504576335,25.649929129705498,0.7571858800407126,"{""family"": ""B1"", ""type"": ""channel"", ""channel_width"": 0.0026666666666666666, ""rib_thickness"": 0.0015, ""n_starts"": 4, ""layout"": ""helical""}",0.0026666666666666666,0.0015,4,0.016666666666666666,12
0.013866070142695478,0.013866070142695478,5268.414739440123,0.8780691232400206,0.3556911673633265,18.326986113356945,True,333.8268740098755,327.42302996671646,2.999560772925132e-12,3.0,18.326986113356945,438.4503096311361,836.1204013377927,131.4335152362396,laminar,2232.4204994887264,6528.364856181134,20.60695845681901,0.79317490092721,"{""family"": ""B1"", ""type"": ""channel"", ""channel_width"": 0.0026666666666666666, ""rib_thickness"": 0.0015, ""n_starts"": 6, ""layout"": ""helical""}",0.0026666666666666666,0.0015,6,0.025,12
0.014846977195801194,0.014846977195801194,2699.992275542683,0.4499987125904472,0.3556911673633265,18.40084635423333,True,334.5821724407669,327.4230299666996,9.514259510105114e-13,3.0,18.40084635423333,444.0059369990375,627.0903010033445,98.4662825723909,laminar,1922.3060702548128,5745.590879198719,17.74436372542904,0.8155921320708288,"{""family"": ""B1"", ""type"": ""channel"", ""channel_width"": 0.0026666666666666666, ""rib_thickness"": 0.0015, ""n_starts"": 8, ""layout"": ""helical""}",0.0026666666666666666,0.0015,8,0.03333333333333333,12
0.01639990480427186,0.01639990480427186,1075.7633177651653,0.17929388629419424,0.3556911673633265,18.447858538199874,True,335.7779266992893,327.4230299667045,2.0596511509305765e-13,3.0,18.447858538199874,447.5924821320742,418.06020066889636,65.43816499745941,laminar,1571.423287566155,4820.631147273651,14.505445731379892,0.8429460699331474,"{""family"": ""B1"", ""type"": ""channel"", ""channel_width"": 0.0026666666666666666, ""rib_thickness"": 0.0015, ""n_starts"": 12, ""layout"": ""helical""}",0.0026666666666666666,0.0015,12,0.05,12
0.009335509509797665,0.009335509509797665,773846.2285063657,128.97437141772764,0.40068468035692106,11.942254678681252,True,330.3383423225442,327.4230299667307,6.338557961333375e-12,3.0,11.942254678681252,139.99269798050506,5323.868677905946,778.1821322250894,laminar,7187.725180145905,16762.10097662682,57.2084249032021,0.629182408034686,"{""family"": ""B1"", ""type"": ""channel"", ""channel_width"": 0.0021666666666666666, ""rib_thickness"": 0.002, ""n_starts"": 1, ""layout"": ""helical""}",0.0021666666666666666,0.002,1,0.004166666666666667,12
0.010413962066045742,0.010413962066045742,130357.93112727447,21.726321854545745,0.40068468035692106,23.666445144175185,True,331.1687507908552,327.42302996666757,8.440878587720506e-12,3.0,23.666445144175185,412.67772952065815,2661.934338952973,389.0448348307511,laminar,4783.979977557419,12280.439850541992,38.07657533157946,0.710761221432428,"{""family"": ""B1"", ""type"": ""channel"", ""channel_width"": 0.0021666666666666666, ""rib_thickness"": 0.002, ""n_starts"": 2, ""layout"": ""helical""}",0.0021666666666666666,0.002,2,0.008333333333333333,12
0.011220628081487681,0.011220628081487681,47491.953031721125,7.915325505286854,0.40068468035692106,27.06241061285699,True,331.7898836227455,327.42302996668417,4.556479868736094e-12,3.0,27.06241061285699,550.8516914457899,1774.622892635315,259.31187953455003,laminar,3798.5323557187894,10211.318236160432,30.2332167087822,0.7528566883706914,"{""family"": ""B1"", ""type"": ""channel"", ""channel_width"": 0.0021666666666666666, ""rib_thickness"": 0.002, ""n_starts"": 3, ""layout"": ""helical""}",0.0021666666666666666,0.002,3,0.0125,12
0.01188479589811829,0.01188479589811829,23570.221728608154,3.9283702881013594,0.40068468035692106,28.228708802333394,True,332.30129284155106,327.4230299667286,5.846308718523157e-12,3.0,28.228708802333394,609.7921265750596,1330.9671694764866,194.43003718040544,laminar,3238.648501112823,8956.971511953607,25.776998274163287,0.7797399355090134,"{""family"": ""B1"", ""type"": ""channel"", ""channel_width"": 0.0021666666666666666, ""rib_thickness"": 0.002, ""n_starts"": 4, ""layout"": ""helical""}",0.0021666666666666666,0.002,4,0.016666666666666666,12
0.012962459694112092,0.012962459694112092,8985.065657935102,1.4975109429891837,0.40068468035692106,28.989567907832228,True,333.1310939644663,327.4230299667051,3.3899347975172786e-13,3.0,28.989567907832228,652.349776849086,887.3114463176576,129.51757478090084,laminar,2604.8949316582084,7455.64970863927,20.732837211157168,0.8132531499250333,"{""family"": ""B1"", ""type"": ""channel"", ""channel_width"": 0.0021666666666666666, ""rib_thickness"": 0.002, ""n_starts"": 6, ""layout"": ""helical""}",0.0021666666666666666,0.002,6,0.025,12
0.013832874527165572,0.013832874527165572,4606.868708002804,0.7678114513338007,0.40068468035692106,29.22588736660155,True,333.80131338591747,327.4230299666923,2.6542185476902487e-12,3.0,29.22588736660155,666.3088185045531,665.4835847382433,97.03091402177299,laminar,2244.64923564834,6558.460856469739,17.865575549037807,0.8339652509806725,"{""family"": ""B1"", ""type"": ""channel"", ""channel_width"": 0.0021666666666666666, ""rib_thickness"": 0.002, ""n_starts"": 8, ""layout"": ""helical""}",0.0021666666666666666,0.002,8,0.03333333333333333,12
0.015212068743596405,0.015212068743596405,1837.3506954291395,0.3062251159048566,0.40068468035692106,29.3773393088905,True,334.8632929325692,327.4230299667027,2.1969612276592814e-13,3.0,29.3773393088905,675.4515974224635,443.6557231588288,64.48425588670928,laminar,1836.4967231434655,5498.731183784287,14.617014735223501,0.859076934377866,"{""family"": ""B1"", ""type"": ""channel"", ""channel_width"": 0.0021666666666666666, ""rib_thickness"": 0.002, ""n_starts"": 12, ""layout"": ""helical""}",0.0021666666666666666,0.002,12,0.05,12
0.010847039702100249,0.010847039702100249,325561.6721286148,54.260278688102474,0.25745533066064497,1.3615488087316445,True,331.50222057061717,327.423029966717,3.132589137583802e-12,3.0,1.3615488087316445,117.34356433521309,4714.915973461759,790.831493174046,laminar,5424.349115034991,11078.263698615041,56.848523258267576,0.33938133721957475,"{""family"": ""B1"", ""type"": ""channel"", ""channel_width"": 0.0032214285714285717, ""rib_thickness"": 0.00035, ""n_starts"": 1, ""layout"": ""helical""}",0.0032214285714285717,0.00035,1,0.0035714285714285718,14
0.012365884625066942,0.012365884625066942,55167.6430059081,9.19460716765135,0.25745533066064497,1.5384569484294905,True,332.6717311613015,327.4230299666879,3.6784336038913534e-12,3.0,1.5384569484294905,241.68926419921644,2357.4579867308794,395.38122627446097,laminar,3594.119892146835,8220.48557672869,37.667267343723225,0.4122631103860915,"{""family"": ""B1"", ""type"": ""channel"", ""channel_width"": 0.0032214285714285717, ""rib_thickness"": 0.00035, ""n_starts"": 2, ""layout"": ""helical""}",0.0032214285714285717,0.00035,2,0.0071428571428571435,14
0.013428809810253139,0.013428809810253139,20135.044809103165,3.3558408015171945,0.25745533066064497,1.564794809592123,True,333.4901835538949,327.42302996670173,4.458886362588058e-13,3.0,1.564794809592123,280.1520309454881,1571.6386578205866,263.5491416705727,laminar,2847.01603429342,6947.482149530903,29.83743372888457,0.4578178598145944,"{""family"": ""B1"", ""type"": ""channel"", ""channel_width"": 0.0032214285714285717, ""rib_thickness"": 0.00035, ""n_starts"": 3, ""layout"": ""helical""}",0.0032214285714285717,0.00035,3,0.010714285714285714,14
0.014270323724291559,0.014270323724291559,9998.085935953763,1.6663476559922938,0.25745533066064497,1.572584732253641,True,334.1381492677045,327.42302996669474,2.082093227987311e-12,3.0,1.572584732253641,293.6754380911599,1178.7289933654397,197.62161768952643,laminar,2423.6894121779587,6182.168634960551,25.400865799200453,0.4906923890468083,"{""family"": ""B1"", ""type"": ""channel"", ""channel_width"": 0.0032214285714285717, ""rib_thickness"": 0.00035, ""n_starts"": 4, ""layout"": ""helical""}",0.0032214285714285717,0.00035,4,0.014285714285714287,14
0.015588935394733083,0.015588935394733083,3810.0431477905345,0.6350071912984224,0.25745533066064497,1.5773782351222068,True,335.15348025394445,327.4230299667184,3.451798154667093e-12,3.0,1.5773782351222068,302.5919573591672,785.8193289102933,131.67119042353318,laminar,1945.7870640161607,5264.525475811602,20.3923307328727,0.5367863254060087,"{""family"": ""B1"", ""type"": ""channel"", ""channel_width"": 0.0032214285714285717, ""rib_thickness"": 0.00035, ""n_starts"": 6, ""layout"": ""helical""}",0.0032214285714285717,0.00035,6,0.02142857142857143,14
0.016622945049178862,0.016622945049178862,1951.6886268324834,0.3252814378054139,0.25745533066064497,1.5788234941018682,True,335.9496676878677,327.4230299667221,4.316556347570346e-12,3.0,1.5788234941018682,305.376401182279,589.3644966827198,98.67317826781785,laminar,1674.8935514877865,4710.962660352114,17.55329957523606,0.5686588605933569,"{""family"": ""B1"", ""type"": ""channel"", ""channel_width"": 0.0032214285714285717, ""rib_thickness"": 0.00035, ""n_starts"": 8, ""layout"": ""helical""}",0.0032214285714285717,0.00035,8,0.028571428571428574,14
0.018221526818457994,0.018221526818457994,776.640570496007,0.12944009508266782,0.25745533066064497,1.5797387053635763,True,337.18057565021263,327.4230299667019,4.0602442043434304e-13,3.0,1.5797387053635763,307.1636207793429,392.90966445514664,65.63004431309643,laminar,1368.8574528285076,4046.992485140026,14.345965404159342,0.6114508161701568,"{""family"": ""B1"", ""type"": ""channel"", ""channel_width"": 0.0032214285714285717, ""rib_thickness"": 0.00035, ""n_starts"": 12, ""layout"": ""helical""}",0.0032214285714285717,0.00035,12,0.04285714285714286,14
0.010413677410038746,0.010413677410038746,367083.9307747103,61.1806551291184,0.273203060208403,2.4723274663125907,True,331.1685316057298,327.4230299666234,1.877722681527232e-11,3.0,2.4723274663125907,119.63322026351237,4792.879150975693,791.4321613168761,laminar,5608.61701190645,12281.313246610322,56.969416892593074,0.3957506581761402,"{""family"": ""B1"", ""type"": ""channel"", ""channel_width"": 0.0030714285714285717, ""rib_thickness"": 0.0005, ""n_starts"": 1, ""layout"": ""helical""}",0.0030714285714285717,0.0005,1,0.0035714285714285718,14
0.01177444626014812,0.01177444626014812,62136.02395748324,10.356003992913873,0.273203060208403,2.963309260555731,True,332.21632362031403,327.42302996666666,8.653783029271896e-12,3.0,2.963309260555731,258.8048593018748,2396.4395754878465,395.6815341263182,laminar,3717.9826894312023,9144.232935533422,37.76533597926182,0.47603002047631837,"{""family"": ""B1"", ""type"": ""channel"", ""channel_width"": 0.0030714285714285717, ""rib_thickness"": 0.0005, ""n_starts"": 2, ""layout"": ""helical""}",0.0030714285714285717,0.0005,2,0.0071428571428571435,14
0.01273936766533685,0.01273936766533685,22667.444330174523,3.7779073883624203,0.273203060208403,3.0414521629067988,True,332.95931310230935,327.423029966717,3.132589137583802e-12,3.0,3.0414521629067988,304.67892152959774,1597.6263836585645,263.7493177824727,laminar,2945.8376795081604,7724.972322270484,29.92228824067344,0.52450437042623,"{""family"": ""B1"", ""type"": ""channel"", ""channel_width"": 0.0030714285714285717, ""rib_thickness"": 0.0005, ""n_starts"": 3, ""layout"": ""helical""}",0.0030714285714285717,0.0005,3,0.010714285714285714,14
0.013510922127889447,0.013510922127889447,11252.607463486374,1.8754345772477292,0.273203060208403,3.064824601642869,True,333.55341003847485,327.4230299667062,6.050502090690682e-13,3.0,3.064824601642869,321.141961809846,1198.2197877439232,197.77171921065352,laminar,2508.1875240374993,6864.865474863199,25.47686540164074,0.5586257576761088,"{""family"": ""B1"", ""type"": ""channel"", ""channel_width"": 0.0030714285714285717, ""rib_thickness"": 0.0005, ""n_starts"": 4, ""layout"": ""helical""}",0.0030714285714285717,0.0005,4,0.014285714285714287,14
0.014732283129323424,0.014732283129323424,4287.020557004913,0.7145034261674855,0.273203060208403,3.079263890531559,True,334.493858009579,327.42302996671094,1.7091413421628927e-12,3.0,3.079263890531559,332.09195872205913,798.8131918292822,131.77119995792648,laminar,2013.967115264147,5827.611979441262,20.45683132827362,0.6052376127020987,"{""family"": ""B1"", ""type"": ""channel"", ""channel_width"": 0.0030714285714285717, ""rib_thickness"": 0.0005, ""n_starts"": 6, ""layout"": ""helical""}",0.0030714285714285717,0.0005,6,0.02142857142857143,14
0.015699174872971178,0.015699174872971178,2195.790742593097,0.3659651237655162,0.273203060208403,3.083625429690067,True,335.2383646521878,327.42302996669656,1.6564319901283252e-12,3.0,3.083625429690067,335.5266524051245,599.1098938719616,98.74812449245462,laminar,1733.7381891624148,5199.616254632237,17.610411527712717,0.6366303904035294,"{""family"": ""B1"", ""type"": ""channel"", ""channel_width"": 0.0030714285714285717, ""rib_thickness"": 0.0005, ""n_starts"": 8, ""layout"": ""helical""}",0.0030714285714285717,0.0005,8,0.028571428571428574,14
0.01720674181821369,0.01720674181821369,873.7305841399166,0.14562176402331944,0.273203060208403,3.086389128421848,True,336.3991912000245,327.4230299666987,1.1508946753766196e-12,3.0,3.086389128421848,337.73493727121445,399.4065959146411,65.67989295616599,laminar,1417.0618750863066,4445.496627711829,14.39377810127036,0.6777150162124047,"{""family"": ""B1"", ""type"": ""channel"", ""channel_width"": 0.0030714285714285717, ""rib_thickness"": 0.0005, ""n_starts"": 12, ""layout"": ""helical""}",0.0030714285714285717,0.0005,12,0.04285714285714286,14
0.009930561605775533,0.009930561605775533,455431.50190858834,75.90525031809807,0.2994492761213332,4.522049380485655,True,330.79653243644714,327.4230299666653,8.972992046355186e-12,3.0,4.522049380485655,122.66327142024345,4928.709734201725,791.0121597889157,laminar,5954.0403588403315,13960.755150175997,57.12986093300238,0.4627241649599415,"{""family"": ""B1"", ""type"": ""channel"", ""channel_width"": 0.002821428571428572, ""rib_thickness"": 0.00075, ""n_starts"": 1, ""layout"": ""helical""}",0.002821428571428572,0.00075,1,0.0035714285714285718,14
0.011135036986345844,0.011135036986345844,76954.5879219786,12.825764653663102,0.2994492761213332,6.04235859989679,True,331.7239784794863,327.42302996672464,4.915110165912465e-12,3.0,6.04235859989679,290.2908120035906,2464.3548671008625,395.47155169567975,laminar,3950.5018060180955,10398.093875141318,37.90562461644893,0.5482423955927154,"{""family"": ""B1"", ""type"": ""channel"", ""channel_width"": 0.002821428571428572, ""rib_thickness"": 0.00075, ""n_starts"": 2, ""layout"": ""helical""}",0.002821428571428572,0.00075,2,0.0071428571428571435,14
0.012004450962516322,0.012004450962516322,28052.70370748568,4.675450617914281,0.2994492761213332,6.316419761155942,True,332.39342724113754,327.42302996669224,2.6675066196317366e-12,3.0,6.316419761155942,352.53856195940375,1642.9032447339082,263.6093498586486,laminar,3131.511759316672,8762.13674269766,30.047299067127582,0.5976349041140239,"{""family"": ""B1"", ""type"": ""channel"", ""channel_width"": 0.002821428571428572, ""rib_thickness"": 0.00075, ""n_starts"": 3, ""layout"": ""helical""}",0.002821428571428572,0.00075,3,0.010714285714285714,14
0.012707483979495065,0.012707483979495065,13920.778398055118,2.3201297330091863,0.2994492761213332,6.400290539692987,True,332.9347626642112,327.42302996674147,8.852808817906622e-12,3.0,6.400290539692987,375.82778455672417,1232.1774335504313,197.6667646380246,laminar,2667.0520766719283,7765.005076664266,25.590742598026196,0.6313857484019131,"{""family"": ""B1"", ""type"": ""channel"", ""channel_width"": 0.002821428571428572, ""rib_thickness"": 0.00075, ""n_starts"": 4, ""layout"": ""helical""}",0.002821428571428572,0.00075,4,0.014285714285714287,14
0.01383185615211814,0.01383185615211814,5301.852164207351,0.8836420273678919,0.2994492761213332,6.452539957615428,True,333.80052923713095,327.4230299667353,7.416072950544223e-12,3.0,6.452539957615428,391.60568386731575,821.4516223669541,131.7012709001644,laminar,2142.273288352961,6559.388376154002,20.555415762738935,0.6761554065264878,"{""family"": ""B1"", ""type"": ""channel"", ""channel_width"": 0.002821428571428572, ""rib_thickness"": 0.00075, ""n_starts"": 6, ""layout"": ""helical""}",0.002821428571428572,0.00075,6,0.02142857142857143,14
0.014729809033251837,0.014729809033251837,2715.336159965636,0.45255602666093936,0.2994492761213332,6.4683859387499165,True,334.4919529556039,327.4230299666913,2.893699133124614e-12,3.0,6.4683859387499165,396.6023180039434,616.0887167752156,98.69572030015969,laminar,1844.553075624714,5829.40617250976,17.69874813453673,0.7054569304722097,"{""family"": ""B1"", ""type"": ""channel"", ""channel_width"": 0.002821428571428572, ""rib_thickness"": 0.00075, ""n_starts"": 8, ""layout"": ""helical""}",0.002821428571428572,0.00075,8,0.028571428571428574,14
0.016140061785844786,0.016140061785844786,1080.4993429863523,0.18008322383105874,0.2994492761213332,6.478441594050761,True,335.57784757510046,327.42302996669883,1.1243185314936444e-12,3.0,6.478441594050761,399.82679811658835,410.72581118347705,65.64503759300767,laminar,1507.9307275171145,4954.770913415192,14.468809004921301,0.7428000129264252,"{""family"": ""B1"", ""type"": ""channel"", ""channel_width"": 0.002821428571428572, ""rib_thickness"": 0.00075, ""n_starts"": 12, ""layout"": ""helical""}",0.002821428571428572,0.00075,12,0.04285714285714286,14
0.009589767007163685,0.009589767007163685,577850.7793684546,96.30846322807577,0.3256954920342634,6.395567614914916,True,330.534120595516,327.4230299666618,9.797738378190184e-12,3.0,6.395567614914916,124.43276528613244,5072.463768115942,788.4323394540778,laminar,6358.6248610214525,15441.499809867033,57.22762374919307,0.508462453387143,"{""family"": ""B1"", ""type"": ""channel"", ""channel_width"": 0.0025714285714285717, ""rib_thickness"": 0.001, ""n_starts"": 1, ""layout"": ""helical""}",0.0025714285714285717,0.001,1,0.0035714285714285718,14
0.010689855681281621,0.010689855681281621,97477.72503815753,16.24628750635959,0.3256954920342634,9.67923330550527,True,331.3811888745868,327.4230299666877,3.7317335369010985e-12,3.0,9.67923330550527,325.36931443984525,2536.231884057971,394.1817541391079,laminar,4223.354584383974,11487.165825337463,38.010191259455766,0.5952128216459258,"{""family"": ""B1"", ""type"": ""channel"", ""channel_width"": 0.0025714285714285717, ""rib_thickness"": 0.001, ""n_starts"": 2, ""layout"": ""helical""}",0.0025714285714285717,0.001,2,0.0071428571428571435,14
0.011493304043285631,0.011493304043285631,35512.273026706454,5.918712171117743,0.3256954920342634,10.364040495766842,True,331.9998441133299,327.42302996673567,7.495949027436944e-12,3.0,10.364040495766842,410.9769831222951,1690.8212560386473,262.74960990041563,laminar,3349.6459385400744,9657.415408302772,30.14681344686067,0.6437843113281884,"{""family"": ""B1"", ""type"": ""channel"", ""channel_width"": 0.0025714285714285717, ""rib_thickness"": 0.001, ""n_starts"": 3, ""layout"": ""helical""}",0.0025714285714285717,0.001,3,0.010714285714285714,14
0.012147269532126697,0.012147269532126697,17617.813891179827,2.936302315196638,0.3256954920342634,10.58008274323646,True,332.50339753973753,327.42302996669764,1.4036633327524724e-12,3.0,10.58008274323646,444.77114132389073,1268.1159420289855,197.02209093405668,laminar,2853.8488174161494,8540.066458278718,25.684639356745343,0.6763313465779044,"{""family"": ""B1"", ""type"": ""channel"", ""channel_width"": 0.0025714285714285717, ""rib_thickness"": 0.001, ""n_starts"": 4, ""layout"": ""helical""}",0.0025714285714285717,0.001,4,0.014285714285714287,14
0.013198976204665917,0.013198976204665917,6708.937171899328,1.1181561953165549,0.3256954920342634,10.716231788126093,True,333.31321167759273,327.42302996672134,4.143516121843419e-12,3.0,10.716231788126093,468.24353499674453,845.4106280193237,131.27173816468422,laminar,2293.326402466602,7189.272472986063,20.63993762219942,0.7187103146191193,"{""family"": ""B1"", ""type"": ""channel"", ""channel_width"": 0.0025714285714285717, ""rib_thickness"": 0.001, ""n_starts"": 6, ""layout"": ""helical""}",0.0025714285714285717,0.001,6,0.02142857142857143,14
0.01404264813398794,0.01404264813398794,3436.1226442026846,0.5726871073671141,0.3256954920342634,10.757759533907269,True,333.9628390631707,327.42302996672265,4.449584712229016e-12,3.0,10.757759533907269,475.776485506805,634.0579710144928,98.37383242139462,laminar,1975.1328412751081,6372.654018603814,17.776195571475974,0.7459652522255508,"{""family"": ""B1"", ""type"": ""channel"", ""channel_width"": 0.0025714285714285717, ""rib_thickness"": 0.001, ""n_starts"": 8, ""layout"": ""helical""}",0.0025714285714285717,0.001,8,0.028571428571428574,14
0.015372286365071467,0.015372286365071467,1367.6275542316232,0.22793792570527055,0.3256954920342634,10.78417126069537,True,334.986660501105,327.42302996670736,8.711069383864087e-13,3.0,10.78417126069537,480.6637721881236,422.70531400966183,65.43094176556954,laminar,1615.148415240259,5396.75230464316,14.536335737162332,0.7801592952181791,"{""family"": ""B1"", ""type"": ""channel"", ""channel_width"": 0.0025714285714285717, ""rib_thickness"": 0.001, ""n_starts"": 12, ""layout"": ""helical""}",0.0025714285714285717,0.001,12,0.04285714285714286,14
0.009082722135951236,0.009082722135951236,1013460.0257440468,168.91000429067446,0.3781879238601238,8.257949906594398,True,330.14369604468243,327.42302996678904,1.9987179588166662e-11,3.0,8.257949906594398,122.91774247170405,5386.687187379762,774.4018503838848,laminar,7424.716927329488,18313.32570099854,57.16374979448368,0.5614688115162102,"{""family"": ""B1"", ""type"": ""channel"", ""channel_width"": 0.0020714285714285717, ""rib_thickness"": 0.0015, ""n_starts"": 1, ""layout"": ""helical""}",0.0020714285714285717,0.0015,1,0.0035714285714285718,14
0.010019578747037766,0.010019578747037766,170498.02141930474,28.41633690321746,0.3781879238601238,16.978242606135268,True,330.86507563521906,327.42302996665524,1.1327638394386788e-11,3.0,16.978242606135268,402.5818177725425,2693.343593689881,387.1671220440473,laminar,4944.65257904856,13618.572174622801,38.0694490599314,0.6470839377264664,"{""family"": ""B1"", ""type"": ""channel"", ""channel_width"": 0.0020714285714285717, ""rib_thickness"": 0.0015, ""n_starts"": 2, ""layout"": ""helical""}",0.0020714285714285717,0.0015,2,0.0071428571428571435,14
0.010712133031831012,0.010712133031831012,62075.493007448684,10.345915501241448,0.3781879238601238,19.630637773932968,True,331.39834243450986,327.42302996670486,2.856935467419832e-13,3.0,19.630637773932968,569.1328297525125,1795.5623957932537,258.07386875507154,laminar,3927.44484178773,11427.440390122078,30.23784966686129,0.6933444636809513,"{""family"": ""B1"", ""type"": ""channel"", ""channel_width"": 0.0020714285714285717, ""rib_thickness"": 0.0015, ""n_starts"": 3, ""layout"": ""helical""}",0.0020714285714285717,0.0015,3,0.010714285714285714,14
0.011279322251295212,0.011279322251295212,30795.56513795794,5.132594189659657,0.3781879238601238,20.555304641819617,True,331.8350781334973,327.4230299666839,4.623067873687327e-12,3.0,20.555304641819617,646.2679075092119,1346.6717968449404,193.51599896508574,laminar,3349.3667633905684,10086.954538530124,25.787160036723847,0.7236906178220003,"{""family"": ""B1"", ""type"": ""channel"", ""channel_width"": 0.0020714285714285717, ""rib_thickness"": 0.0015, ""n_starts"": 4, ""layout"": ""helical""}",0.0020714285714285717,0.0015,4,0.014285714285714287,14
0.012195967159804737,0.012195967159804737,11733.301281220458,1.955550213536743,0.3781879238601238,21.162247765947395,True,332.5408947130496,327.4230299667191,3.624690735150226e-12,3.0,21.162247765947395,704.4511469927352,897.7811978966268,128.93570170933006,laminar,2694.8847501759265,8466.816502783555,20.74822772259342,0.7624435237058207,"{""family"": ""B1"", ""type"": ""channel"", ""channel_width"": 0.0020714285714285717, ""rib_thickness"": 0.0015, ""n_starts"": 6, ""layout"": ""helical""}",0.0020714285714285717,0.0015,6,0.02142857142857143,14
0.012934079161978347,0.012934079161978347,6013.664485876921,1.0022774143128204,0.3781879238601238,21.35132657222271,True,333.1092409547233,327.4230299666958,1.8294722158552525e-12,3.0,21.35132657222271,724.0090957866503,673.3358984224702,96.62322820145981,laminar,2322.8087926669955,7488.899057263543,17.883572120533508,0.7869257122313135,"{""family"": ""B1"", ""type"": ""channel"", ""channel_width"": 0.0020714285714285717, ""rib_thickness"": 0.0015, ""n_starts"": 8, ""layout"": ""helical""}",0.0020714285714285717,0.0015,8,0.028571428571428574,14
0.014100679031275093,0.014100679031275093,2396.680616878941,0.3994467694798235,0.3781879238601238,21.472627916289188,True,334.0075228540818,327.4230299667003,7.785333705273784e-13,3.0,21.472627916289188,736.9476934577514,448.8905989483134,64.26657030672004,laminar,1901.2689164729688,6323.035327798709,14.638088117977727,0.8171703167450751,"{""family"": ""B1"", ""type"": ""channel"", ""channel_width"": 0.0020714285714285717, ""rib_thickness"": 0.0015, ""n_starts"": 12, ""layout"": ""helical""}",0.0020714285714285717,0.0015,12,0.04285714285714286,14
0.008589445257127539,0.008589445257127539,2009814.755956403,334.9691259927339,0.4306803556859842,7.120727686127884,True,329.7638728479882,327.42302996672566,5.15459075134683e-12,3.0,7.120727686127884,117.28293198351751,5742.411812961444,742.3993634040421,transitional,9463.040430117198,22321.35640199393,58.920817772427846,0.5710694357127823,"{""family"": ""B1"", ""type"": ""channel"", ""channel_width"": 0.0015714285714285717, ""rib_thickness"": 0.002, ""n_starts"": 1, ""layout"": ""helical""}",0.0015714285714285717,0.002,1,0.0035714285714285718,14
0.009435083901502214,0.009435083901502214,351913.0113718401,58.652168561973355,0.4306803556859842,20.642857028511305,True,330.4150146041567,327.42302996667405,6.924414288709183e-12,3.0,20.642857028511305,469.59130946161963,2871.205906480722,371.1672754836398,laminar,6073.612854041649,16219.486818558604,37.81683475158009,0.6638345664239007,"{""family"": ""B1"", ""type"": ""channel"", ""channel_width"": 0.0015714285714285717, ""rib_thickness"": 0.002, ""n_starts"": 2, ""layout"": ""helical""}",0.0015714285714285717,0.002,2,0.0071428571428571435,14
0.010013781642777088,0.010013781642777088,128248.21931445882,21.374703219076473,0.4306803556859842,27.691504642704142,True,330.86061186493833,327.4230299667156,2.7999444033152296e-12,3.0,27.691504642704142,789.5657568540295,1914.137270987148,247.4088559835012,laminar,4834.549216815876,13640.35790874806,30.101910217910177,0.7087598958125435,"{""family"": ""B1"", ""type"": ""channel"", ""channel_width"": 0.0015714285714285717, ""rib_thickness"": 0.002, ""n_starts"": 3, ""layout"": ""helical""}",0.0015714285714285717,0.002,3,0.010714285714285714,14
0.010488406815474863,0.010488406815474863,63705.502118494835,10.617583686415806,0.4306803556859842,30.703986131895544,True,331.2260732479156,327.4230299667104,1.5761129775042224e-12,3.0,30.703986131895544,982.8143578231056,1435.602953240361,185.51886771572026,laminar,4129.0290623507535,12056.097684116836,25.70904887878772,0.7380471481297065,"{""family"": ""B1"", ""type"": ""channel"", ""channel_width"": 0.0015714285714285717, ""rib_thickness"": 0.002, ""n_starts"": 4, ""layout"": ""helical""}",0.0015714285714285717,0.002,4,0.014285714285714287,14
0.011256223049883607,0.011256223049883607,24333.060488819443,4.055510081469907,0.4306803556859842,32.88066580700288,True,331.81729174841036,327.4230299667166,3.039424988749595e-12,3.0,32.88066580700288,1155.306993780906,957.068635493574,123.60737880676436,laminar,3328.758093272781,10135.545936999793,20.72622963735883,0.7752509069841064,"{""family"": ""B1"", ""type"": ""channel"", ""channel_width"": 0.0015714285714285717, ""rib_thickness"": 0.002, ""n_starts"": 6, ""layout"": ""helical""}",0.0015714285714285717,0.002,6,0.02142857142857143,14
0.011874894739732729,0.011874894739732729,12498.07767151799,2.0830129452529986,0.4306803556859842,33.59551772062869,True,332.2936689495942,327.42302996670213,3.527244874245984e-13,3.0,33.59551772062869,1219.6512860678283,717.8014766201806,92.63023205748787,laminar,2872.926428204268,8973.46975295653,17.888032477498278,0.7986487029788102,"{""family"": ""B1"", ""type"": ""channel"", ""channel_width"": 0.0015714285714285717, ""rib_thickness"": 0.002, ""n_starts"": 8, ""layout"": ""helical""}",0.0015714285714285717,0.002,8,0.028571428571428574,14
0.012853082123354386,0.012853082123354386,4997.374903351758,0.832895817225293,0.4306803556859842,34.06459514479878,True,333.04687323498285,327.42302996670014,8.183975863518412e-13,3.0,34.06459514479878,1264.2774271680225,478.534317746787,61.61072685998703,laminar,2355.5367803790505,7585.386459762379,14.666549764624278,0.8274514583685297,"{""family"": ""B1"", ""type"": ""channel"", ""channel_width"": 0.0015714285714285717, ""rib_thickness"": 0.002, ""n_starts"": 12, ""layout"": ""helical""}",0.0015714285714285717,0.002,12,0.04285714285714286,14
0.010248037231727196,0.010248037231727196,542185.0625043318,90.36417708405531,0.262704573843231,1.4237699930156948,True,331.0409886684299,327.4230299665825,2.8355269070696573e-11,3.0,1.4237699930156948,111.98034205074846,4954.787563483216,790.7164631072214,laminar,6024.275579798373,12810.880319651807,57.15338370577943,0.3225372073941517,"{""family"": ""B1"", ""type"": ""channel"", ""channel_width"": 0.002775, ""rib_thickness"": 0.00035, ""n_starts"": 1, ""layout"": ""helical""}",0.002775,0.00035,1,0.003125,16
0.011536794843642728,0.011536794843642728,91514.34841702478,15.252391402837464,0.262704573843231,1.7274778451540482,True,332.0333320296049,327.42302996668127,5.234909763970933e-12,3.0,1.7274778451540482,285.09792953758256,2477.393781741608,395.3318046120574,laminar,3997.864457103806,9574.416173385176,37.92845766995919,0.3924173533846245,"{""family"": ""B1"", ""type"": ""channel"", ""channel_width"": 0.002775, ""rib_thickness"": 0.00035, ""n_starts"": 2, ""layout"": ""helical""}",0.002775,0.00035,2,0.00625,16
0.012432981225603502,0.012432981225603502,33338.54550430631,5.556424250717719,0.262704573843231,1.7763808774969418,True,332.7233955437147,327.42302996667075,7.696008332778228e-12,3.0,1.7763808774969418,356.1783458646672,1651.595854494405,263.5251809889323,laminar,3169.3979157194412,8126.993230815744,30.068646892722903,0.4365123143167823,"{""family"": ""B1"", ""type"": ""channel"", ""channel_width"": 0.002775, ""rib_thickness"": 0.00035, ""n_starts"": 3, ""layout"": ""helical""}",0.002775,0.00035,3,0.009375000000000001,16
0.01313952585352937,0.01313952585352937,16536.170401781183,2.756028400296864,0.262704573843231,1.7910240289456485,True,333.2674349072176,327.42302996668224,5.0087172504780556e-12,3.0,1.7910240289456485,383.81641741414836,1238.696890870804,197.61307490738204,laminar,2699.528397110503,7254.48228125939,25.610910434125287,0.46857153034585536,"{""family"": ""B1"", ""type"": ""channel"", ""channel_width"": 0.002775, ""rib_thickness"": 0.00035, ""n_starts"": 4, ""layout"": ""helical""}",0.002775,0.00035,4,0.0125,16
0.014242091468014894,0.014242091468014894,6293.829684365086,1.0489716140608478,0.262704573843231,1.8000690427801274,True,334.11641043037145,327.4230299667175,3.2390413583594972e-12,3.0,1.8000690427801274,402.87262731683194,825.7979272472026,131.68341552513897,laminar,2168.615004141418,6205.189815871192,20.57403978288012,0.5138960239817403,"{""family"": ""B1"", ""type"": ""channel"", ""channel_width"": 0.002775, ""rib_thickness"": 0.00035, ""n_starts"": 6, ""layout"": ""helical""}",0.002775,0.00035,6,0.018750000000000003,16
0.01510336526892295,0.01510336526892295,3221.807499149638,0.5369679165249397,0.262704573843231,1.802799761569953,True,334.77959125707065,327.42302996669906,1.071166243727694e-12,3.0,1.802799761569953,408.962690505245,619.348445435402,98.70109403757759,laminar,1867.417999432435,5570.06365453537,17.716529738205153,0.545510966466059,"{""family"": ""B1"", ""type"": ""channel"", ""channel_width"": 0.002775, ""rib_thickness"": 0.00035, ""n_starts"": 8, ""layout"": ""helical""}",0.002775,0.00035,8,0.025,16
0.01643015784913163,0.01643015784913163,1280.9985584580766,0.21349975974301277,0.262704573843231,1.8045292149330585,True,335.80122154383133,327.4230299667048,2.724054748004956e-13,3.0,1.8045292149330585,412.9060257024387,412.8989636236013,65.68406846848605,laminar,1526.9058448944854,4805.467941426668,14.486029810537426,0.5883316050244666,"{""family"": ""B1"", ""type"": ""channel"", ""channel_width"": 0.002775, ""rib_thickness"": 0.00035, ""n_starts"": 12, ""layout"": ""helical""}",0.002775,0.00035,12,0.037500000000000006,16
0.01744947856589728,0.01744947856589728,675.6049791382576,0.11260082985637627,0.262704573843231,1.805069359005249,True,336.5860984957409,327.4230299667089,1.2301801712941622e-12,3.0,1.805069359005249,414.15167116516795,309.674222717701,49.14133556765662,laminar,1333.5353885056595,4343.444341648374,12.65148958325882,0.6169504355143244,"{""family"": ""B1"", ""type"": ""channel"", ""channel_width"": 0.002775, ""rib_thickness"": 0.00035, ""n_starts"": 16, ""layout"": ""helical""}",0.002775,0.00035,16,0.05,16
0.009845626031001937,0.009845626031001937,625294.4713736182,104.21574522893638,0.28070197904066885,2.476068336833763,True,330.73113204387147,327.42302996667394,6.950990432592158e-12,3.0,2.476068336833763,112.5414283213546,5040.957781978576,789.1979952083058,laminar,6266.175014794374,14303.232670661131,57.2129023089921,0.37567964262203374,"{""family"": ""B1"", ""type"": ""channel"", ""channel_width"": 0.002625, ""rib_thickness"": 0.0005, ""n_starts"": 1, ""layout"": ""helical""}",0.002625,0.0005,1,0.003125,16
0.010986999613893962,0.010986999613893962,105439.04393258928,17.573173988764882,0.28070197904066885,3.2926871604462757,True,331.60998970269833,327.42302996669963,9.381378790690239e-13,3.0,3.2926871604462757,304.0862667662192,2520.478890989288,394.57262141209594,laminar,4160.995182112959,10737.26561875702,37.99169514103136,0.4532437897480121,"{""family"": ""B1"", ""type"": ""channel"", ""channel_width"": 0.002625, ""rib_thickness"": 0.0005, ""n_starts"": 2, ""layout"": ""helical""}",0.002625,0.0005,2,0.00625,16
0.01179068932824794,0.01179068932824794,38397.59342435419,6.399598904059033,0.28070197904066885,3.4388639367917015,True,332.2288307827509,327.42302996668747,3.7848858246670485e-12,3.0,3.4388639367917015,389.600487404148,1680.3192606595255,263.0191152288807,laminar,3299.8113876728453,9116.19458527175,30.12871267005641,0.500687788308085,"{""family"": ""B1"", ""type"": ""channel"", ""channel_width"": 0.002625, ""rib_thickness"": 0.0005, ""n_starts"": 3, ""layout"": ""helical""}",0.002625,0.0005,3,0.009375000000000001,16
0.012430618485014104,0.012430618485014104,19042.636937676263,3.1737728229460442,0.28070197904066885,3.4835056202528243,True,332.72157623346084,327.42302996666797,8.347862084130093e-12,3.0,3.4835056202528243,424.02620737501076,1260.239445494644,197.2335847555345,laminar,2811.2055170956446,8130.250520938177,25.667528634351534,0.5343976183267664,"{""family"": ""B1"", ""type"": ""channel"", ""channel_width"": 0.002625, ""rib_thickness"": 0.0005, ""n_starts"": 4, ""layout"": ""helical""}",0.002625,0.0005,4,0.0125,16
0.013439731320865381,0.013439731320865381,7247.2839776614455,1.2078806629435743,0.28070197904066885,3.51128291117043,True,333.4985931170663,327.4230299667353,7.416072950544223e-12,3.0,3.51128291117043,448.15940074812045,840.1596303297628,131.43053469032145,laminar,2258.9229085304196,6936.383050616639,20.62494829527774,0.5809009070510516,"{""family"": ""B1"", ""type"": ""channel"", ""channel_width"": 0.002625, ""rib_thickness"": 0.0005, ""n_starts"": 6, ""layout"": ""helical""}",0.002625,0.0005,6,0.018750000000000003,16
0.014235921928674877,0.014235921928674877,3710.009910687367,0.6183349851145613,0.28070197904066885,3.5196993137949253,True,334.11165988507963,327.4230299667242,4.80865794513677e-12,3.0,3.5196993137949253,455.9413581827698,630.119722747322,98.5115514519901,laminar,1945.4874509886854,6210.242633061904,17.76314629163582,0.6125330210605197,"{""family"": ""B1"", ""type"": ""channel"", ""channel_width"": 0.002625, ""rib_thickness"": 0.0005, ""n_starts"": 8, ""layout"": ""helical""}",0.002625,0.0005,8,0.025,16
0.01547369892158168,0.01547369892158168,1475.3258400668296,0.2458876400111383,0.28070197904066885,3.525037182898275,True,335.06474816961787,327.4230299667003,7.785333705273784e-13,3.0,3.525037182898275,460.9984781353983,420.0798151648814,65.55793077679358,laminar,1591.0129737483321,5334.068959344774,14.526640195093465,0.6543292778453029,"{""family"": ""B1"", ""type"": ""channel"", ""channel_width"": 0.002625, ""rib_thickness"": 0.0005, ""n_starts"": 12, ""layout"": ""helical""}",0.002625,0.0005,12,0.037500000000000006,16
0.016432157113238692,0.016432157113238692,778.2155688666674,0.12970259481111124,0.28070197904066885,3.526705639575573,True,335.80276097719377,327.4230299666978,1.3637991169280097e-12,3.0,3.526705639575573,462.5990839242549,315.059861373661,49.04696603818443,laminar,1389.6406964157604,4804.469127487087,12.688023749883028,0.681600600345951,"{""family"": ""B1"", ""type"": ""channel"", ""channel_width"": 0.002625, ""rib_thickness"": 0.0005, ""n_starts"": 16, ""layout"": ""helical""}",0.002625,0.0005,16,0.05,16
0.009393687466934931,0.009393687466934931,809905.6909711224,134.9842818285204,0.31069765436973185,4.178916712570367,True,330.3831393495399,327.42302996676057,1.3322473283291663e-11,3.0,4.178916712570367,112.3497024449986,5191.434133679429,784.5390378635744,laminar,6729.390530527448,16440.842929338396,57.25003884180069,0.4383176986039961,"{""family"": ""B1"", ""type"": ""channel"", ""channel_width"": 0.0023750000000000004, ""rib_thickness"": 0.00075, ""n_starts"": 1, ""layout"": ""helical""}",0.0023750000000000004,0.00075,1,0.003125,16
0.010386247780049148,0.010386247780049148,136364.53268470653,22.727422114117758,0.31069765436973185,6.557511518028573,True,331.1474107906378,327.4230299667869,1.948178991865875e-11,3.0,6.557511518028573,337.32035590230083,2595.7170668397143,392.2432984491397,laminar,4473.882891626532,12366.044671718673,38.06139176458393,0.521888525214269,"{""family"": ""B1"", ""type"": ""channel"", ""channel_width"": 0.0023750000000000004, ""rib_thickness"": 0.00075, ""n_starts"": 2, ""layout"": ""helical""}",0.0023750000000000004,0.00075,2,0.00625,16
0.011097492285351894,0.011097492285351894,49636.96935612442,8.272828226020737,0.31069765436973185,7.075253474068922,True,331.69506905972094,327.4230299667134,2.281119016622036e-12,3.0,7.075253474068922,454.51042035466327,1730.4780445598099,261.46640621778283,laminar,3550.1979431642367,10482.129592380863,30.203176531397236,0.5709760237456576,"{""family"": ""B1"", ""type"": ""channel"", ""channel_width"": 0.0023750000000000004, ""rib_thickness"": 0.00075, ""n_starts"": 3, ""layout"": ""helical""}",0.0023750000000000004,0.00075,3,0.009375000000000001,16
0.011670373087377154,0.011670373087377154,24613.388487762095,4.102231414627017,0.31069765436973185,7.240122720634407,True,332.1361872772804,327.4230299667063,6.183382810105558e-13,3.0,7.240122720634407,505.1462187629044,1297.8585334198572,196.06923453682674,laminar,3025.7775612948294,9327.9199006274,25.741689700567953,0.6049003806035037,"{""family"": ""B1"", ""type"": ""channel"", ""channel_width"": 0.0023750000000000004, ""rib_thickness"": 0.00075, ""n_starts"": 4, ""layout"": ""helical""}",0.0023750000000000004,0.00075,4,0.0125,16
0.012583581766127751,0.012583581766127751,9368.045613187638,1.5613409355312733,0.31069765436973185,7.344371318602898,True,332.83935795991835,327.4230299667142,2.467447314290451e-12,3.0,7.344371318602898,541.9289440554893,865.2390222799049,130.65464668929351,laminar,2432.6237058180623,7924.456430626485,20.695455407705907,0.6504103984167495,"{""family"": ""B1"", ""type"": ""channel"", ""channel_width"": 0.0023750000000000004, ""rib_thickness"": 0.00075, ""n_starts"": 6, ""layout"": ""helical""}",0.0023750000000000004,0.00075,6,0.018750000000000003,16
0.013310938653516038,0.013310938653516038,4796.632006274473,0.7994386677124121,0.31069765436973185,7.376215891203088,True,333.3994227632073,327.42302996670776,9.641234419768217e-13,3.0,7.376215891203088,554.0257316079303,648.9292667099286,97.9299976227042,laminar,2095.766690104592,7069.489028897993,17.829656915815185,0.6805269008519619,"{""family"": ""B1"", ""type"": ""channel"", ""channel_width"": 0.0023750000000000004, ""rib_thickness"": 0.00075, ""n_starts"": 8, ""layout"": ""helical""}",0.0023750000000000004,0.00075,8,0.025,16
0.01445071212416931,0.01445071212416931,1908.2883341131685,0.31804805568552813,0.31069765436973185,7.396478266819069,True,334.27704833561035,327.4230299667005,7.385215094591214e-13,3.0,7.396478266819069,561.9511948432797,432.61951113995246,65.17091559815351,laminar,1714.5561121907017,6038.88170615275,14.586522148488061,0.7193035007743722,"{""family"": ""B1"", ""type"": ""channel"", ""channel_width"": 0.0023750000000000004, ""rib_thickness"": 0.00075, ""n_starts"": 12, ""layout"": ""helical""}",0.0023750000000000004,0.00075,12,0.037500000000000006,16
0.015338980285576934,0.015338980285576934,1006.9998062330276,0.16783330103883795,0.31069765436973185,7.402823711666998,True,334.9610148198942,327.423029966702,3.7944827655136783e-13,3.0,7.402823711666998,564.4709089110933,324.4646333549643,48.75742181221351,laminar,1497.8524115708578,5417.6499930349,12.742923501423716,0.7439961289159284,"{""family"": ""B1"", ""type"": ""channel"", ""channel_width"": 0.0023750000000000004, ""rib_thickness"": 0.00075, ""n_starts"": 16, ""layout"": ""helical""}",0.0023750000000000004,0.00075,16,0.05,16
0.009070539468201235,0.009070539468201235,1082019.1134149586,180.3365189024931,0.34069332969879496,5.384238787344384,True,330.1343153905149,327.4230299664724,5.4109619526712645e-11,3.0,5.384238787344384,110.55225489477841,5351.170568561873,776.6125202776428,laminar,7289.101831533395,18395.203131078317,57.191414370492794,0.4801193773391686,"{""family"": ""B1"", ""type"": ""channel"", ""channel_width"": 0.002125, ""rib_thickness"": 0.001, ""n_starts"": 1, ""layout"": ""helical""}",0.002125,0.001,1,0.003125,16
0.00996118046361853,0.00996118046361853,181953.7858184736,30.325630969745603,0.34069332969879496,10.143859722527116,True,330.82010895698625,327.4230299666717,7.469815819285352e-12,3.0,10.143859722527116,371.0661055565153,2675.5852842809363,388.28030457239447,laminar,4852.766701305384,13841.182196263439,38.07555411793456,0.5656835772019169,"{""family"": ""B1"", ""type"": ""channel"", ""channel_width"": 0.002125, ""rib_thickness"": 0.001, ""n_starts"": 2, ""layout"": ""helical""}",0.002125,0.001,2,0.00625,16
0.010606861794373973,0.010606861794373973,66217.00962556504,11.036168270927508,0.34069332969879496,11.440615836028547,True,331.31728358166794,327.4230299666624,9.651421941590024e-12,3.0,11.440615836028547,532.3856052833444,1783.7235228539575,258.8247045726239,laminar,3853.80199565476,11715.111202184002,30.237523350521965,0.6145531369217381,"{""family"": ""B1"", ""type"": ""channel"", ""channel_width"": 0.002125, ""rib_thickness"": 0.001, ""n_starts"": 3, ""layout"": ""helical""}",0.002125,0.001,3,0.009375000000000001,16
0.011130459416699818,0.011130459416699818,32837.22687384788,5.472871145641314,0.34069332969879496,11.87815323825805,True,331.72045375085884,327.4230299666656,8.906551686647749e-12,3.0,11.87815323825805,608.7089496346659,1337.7926421404682,194.08826716540253,laminar,3286.2099963944606,10408.269746965194,25.784109202479616,0.6477230290860063,"{""family"": ""B1"", ""type"": ""channel"", ""channel_width"": 0.002125, ""rib_thickness"": 0.001, ""n_starts"": 4, ""layout"": ""helical""}",0.002125,0.001,4,0.0125,16
0.011970001942820073,0.011970001942820073,12502.898193352607,2.083816365558768,0.34069332969879496,12.161371609396769,True,332.36690149597143,327.4230299667134,2.281119016622036e-12,3.0,12.161371609396769,666.9560980635223,891.8617614269788,129.33458955423168,laminar,2643.7505057659687,8817.383875483234,20.743273199086833,0.6914531312709494,"{""family"": ""B1"", ""type"": ""channel"", ""channel_width"": 0.002125, ""rib_thickness"": 0.001, ""n_starts"": 6, ""layout"": ""helical""}",0.002125,0.001,6,0.018750000000000003,16
0.012641894436887702,0.012641894436887702,6404.538299816665,1.0674230499694444,0.34069332969879496,12.248943155792647,True,332.8842587164035,327.42302996673226,6.697778839484923e-12,3.0,12.248943155792647,686.6617612852859,668.8963210702341,96.94057095190342,laminar,2278.61604673183,7848.632237282701,17.87837205897282,0.7199149336881099,"{""family"": ""B1"", ""type"": ""channel"", ""channel_width"": 0.002125, ""rib_thickness"": 0.001, ""n_starts"": 8, ""layout"": ""helical""}",0.002125,0.001,8,0.025,16
0.013698763771928687,0.013698763771928687,2549.9585150190474,0.4249930858365079,0.34069332969879496,12.304943209086375,True,333.69804810438507,327.4230299667036,6.939326458332408e-15,3.0,12.304943209086375,699.7291179189211,445.9308807134894,64.51246728181891,laminar,1865.10144803182,6682.825074535411,14.633872899941972,0.7560128431043779,"{""family"": ""B1"", ""type"": ""channel"", ""channel_width"": 0.002125, ""rib_thickness"": 0.001, ""n_starts"": 12, ""layout"": ""helical""}",0.002125,0.001,12,0.037500000000000006,16
0.014524863228858336,0.014524863228858336,1346.445296265266,0.22440754937754437,0.34069332969879496,12.322532376000511,True,334.3341446862209,327.42302996669935,1.0045782387764618e-12,3.0,12.322532376000511,703.9116265384461,334.44816053511704,48.26480571181955,laminar,1629.8590964028272,5981.824712686445,12.788125217929874,0.7786844724237147,"{""family"": ""B1"", ""type"": ""channel"", ""channel_width"": 0.002125, ""rib_thickness"": 0.001, ""n_starts"": 16, ""layout"": ""helical""}",0.002125,0.001,16,0.05,16
0.00853166353526196,0.00853166353526196,2107546.9862723155,351.25783104538596,0.40068468035692106,5.653927188646863,True,329.7193809221517,327.42302996658225,2.8408421358462523e-11,3.0,5.653927188646863,105.03225518144379,5702.066999287242,747.0108085959574,transitional,9136.142131828223,22906.11885548368,58.41140051496733,0.5174995240561527,"{""family"": ""B1"", ""type"": ""channel"", ""channel_width"": 0.0016250000000000001, ""rib_thickness"": 0.0015, ""n_starts"": 1, ""layout"": ""helical""}",0.0016250000000000001,0.0015,1,0.003125,16
0.009304213591473053,0.009304213591473053,367561.10480721196,61.26018413453533,0.40068468035692106,15.564454238537868,True,330.31424446543423,327.42302996666626,8.746947178106104e-12,3.0,15.564454238537868,427.03219415934433,2851.033499643621,373.48043806558104,laminar,5922.4967015316315,16940.04420933136,37.865142845857974,0.609449910471178,"{""family"": ""B1"", ""type"": ""channel"", ""channel_width"": 0.0016250000000000001, ""rib_thickness"": 0.0015, ""n_starts"": 2, ""layout"": ""helical""}",0.0016250000000000001,0.0015,2,0.00625,16
0.009836844648798831,0.009836844648798831,133868.93777140536,22.31148962856756,0.40068468035692106,20.327495078364862,True,330.7243703795751,327.42302996668326,4.769384310287485e-12,3.0,20.327495078364862,725.9341510568139,1900.688999762414,248.9592258675972,laminar,4713.017884247654,14339.57708611934,30.132409423878446,0.6569132072890349,"{""family"": ""B1"", ""type"": ""channel"", ""channel_width"": 0.0016250000000000001, ""rib_thickness"": 0.0015, ""n_starts"": 3, ""layout"": ""helical""}",0.0016250000000000001,0.0015,3,0.009375000000000001,16
0.010271280757620701,0.010271280757620701,66462.10196025178,11.077016993375297,0.40068468035692106,22.289390154164085,True,331.0588861833679,327.42302996672623,5.2876191160055005e-12,3.0,22.289390154164085,909.5734895218956,1425.5167498218104,186.69031158856714,laminar,4024.5280224362164,12733.906619122381,25.73058899590368,0.6885610760424188,"{""family"": ""B1"", ""type"": ""channel"", ""channel_width"": 0.0016250000000000001, ""rib_thickness"": 0.0015, ""n_starts"": 4, ""layout"": ""helical""}",0.0016250000000000001,0.0015,4,0.0125,16
0.010971144598069815,0.010971144598069815,25363.816455714597,4.2273027426191,0.40068468035692106,23.680717859934962,True,331.59778134051373,327.42302996672373,4.702353369604869e-12,3.0,23.680717859934962,1075.4471046728656,950.344499881207,124.40481424094575,laminar,3243.801789133374,10774.867498055488,20.739060619049443,0.7296038432234478,"{""family"": ""B1"", ""type"": ""channel"", ""channel_width"": 0.0016250000000000001, ""rib_thickness"": 0.0015, ""n_starts"": 6, ""layout"": ""helical""}",0.0016250000000000001,0.0015,6,0.018750000000000003,16
0.01153329699009959,0.01153329699009959,13018.25870782632,2.1697097846377202,0.40068468035692106,24.132812959456018,True,332.03063868237666,327.4230299667101,1.5096726177967845e-12,3.0,24.132812959456018,1137.7750685576364,712.7583749109052,93.24554060324216,laminar,2799.2575606551754,9581.04043749493,17.89689260091014,0.75591346636582,"{""family"": ""B1"", ""type"": ""channel"", ""channel_width"": 0.0016250000000000001, ""rib_thickness"": 0.0015, ""n_starts"": 8, ""layout"": ""helical""}",0.0016250000000000001,0.0015,8,0.025,16
0.012419973157344642,0.012419973157344642,5199.169506865802,0.8665282511443003,0.40068468035692106,24.428073622123385,True,332.71337933115535,327.42302996670776,9.641234419768217e-13,3.0,24.428073622123385,1181.1298480777525,475.1722499406035,62.05348109953609,laminar,2294.9016514068207,8144.957605710765,14.672322033584592,0.7888419866487141,"{""family"": ""B1"", ""type"": ""channel"", ""channel_width"": 0.0016250000000000001, ""rib_thickness"": 0.0015, ""n_starts"": 12, ""layout"": ""helical""}",0.0016250000000000001,0.0015,12,0.037500000000000006,16
0.013114458299578444,0.013114458299578444,2751.4927990837577,0.45858213318062635,0.40068468035692106,24.521973374370663,True,333.2481328906754,327.4230299667021,3.6616020460988027e-13,3.0,24.521973374370663,1195.3888011344923,356.3791874554526,46.425122696481246,laminar,2007.455280487101,7282.321981019082,12.834550153933925,0.8092808488018836,"{""family"": ""B1"", ""type"": ""channel"", ""channel_width"": 0.0016250000000000001, ""rib_thickness"": 0.0015, ""n_starts"": 16, ""layout"": ""helical""}",0.0016250000000000001,0.0015,16,0.05,16
0.007984188792135916,0.007984188792135916,5448684.263087529,908.1140438479215,0.4606760310150473,3.444979573473416,True,329.29782536994463,327.4230299667623,1.3721558377267675e-11,3.0,3.444979573473416,89.52155737401377,6102.2120518688025,688.1116858289142,transitional,13398.362396934715,30423.198295313876,63.46592714337497,0.49756912204563275,"{""family"": ""B1"", ""type"": ""channel"", ""channel_width"": 0.0011250000000000001, ""rib_thickness"": 0.002, ""n_starts"": 1, ""layout"": ""helical""}",0.0011250000000000001,0.002,1,0.003125,16
0.008707570769830121,0.008707570769830121,971811.0404554318,161.96850674257198,0.4606760310150473,13.80023721720995,True,329.85482949276917,327.4230299666857,4.1972589905845465e-12,3.0,13.80023721720995,431.5363099405033,3051.1060259344013,344.0328451799314,laminar,7838.330752536584,21212.783043237832,37.12893514359435,0.6110125859696587,"{""family"": ""B1"", ""type"": ""channel"", ""channel_width"": 0.0011250000000000001, ""rib_thickness"": 0.002, ""n_starts"": 2, ""layout"": ""helical""}",0.0011250000000000001,0.002,2,0.00625,16
0.009121343271716613,0.009121343271716613,355452.8095105035,59.24213491841726,0.4606760310150473,23.490543053648135,True,330.17343431922177,327.4230299666623,9.678145730716795e-12,3.0,23.490543053648135,910.3905924813162,2034.0706839562674,229.32968391234175,laminar,6257.575850951904,18058.413941796705,29.641148767666916,0.6577729660850505,"{""family"": ""B1"", ""type"": ""channel"", ""channel_width"": 0.0011250000000000001, ""rib_thickness"": 0.002, ""n_starts"": 3, ""layout"": ""helical""}",0.0011250000000000001,0.002,3,0.009375000000000001,16
0.00945865931368006,0.00945865931368006,177155.59819292958,29.525933032154935,0.4606760310150473,29.446282310199155,True,330.4331676715336,327.42302996667036,7.789024836368643e-12,3.0,29.446282310199155,1340.7702676787649,1525.5530129672006,171.9704501687038,laminar,5355.386162069544,16096.007822211159,25.367618662434683,0.6889514853548837,"{""family"": ""B1"", ""type"": ""channel"", ""channel_width"": 0.0011250000000000001, ""rib_thickness"": 0.002, ""n_starts"": 4, ""layout"": ""helical""}",0.0011250000000000001,0.002,4,0.0125,16
0.010001716522860206,0.010001716522860206,68033.47468638649,11.338912447731083,0.4606760310150473,34.82971794098632,True,330.85132172260234,327.4230299667059,5.251741321763484e-13,3.0,34.82971794098632,1886.626336271432,1017.0353419781337,114.59594087195028,laminar,4329.726063723038,13685.917464043083,20.5092287228986,0.729406235246111,"{""family"": ""B1"", ""type"": ""channel"", ""channel_width"": 0.0011250000000000001, ""rib_thickness"": 0.002, ""n_starts"": 6, ""layout"": ""helical""}",0.0011250000000000001,0.002,6,0.018750000000000003,16
0.010437604383995656,0.010437604383995656,35086.319795527466,5.847719965921245,0.4606760310150473,36.85806863655351,True,331.18695537567663,327.4230299667249,4.981698170863698e-12,3.0,36.85806863655351,2151.0354698032047,762.7765064836003,85.89346419380935,laminar,3744.197723053546,12208.318497549399,17.73567342499048,0.7553637070998523,"{""family"": ""B1"", ""type"": ""channel"", ""channel_width"": 0.0011250000000000001, ""rib_thickness"": 0.002, ""n_starts"": 8, ""layout"": ""helical""}",0.0011250000000000001,0.002,8,0.025,16
0.011124585897668017,0.011124585897668017,14108.169524140174,2.351361587356696,0.4606760310150473,38.27518403232539,True,331.71593114120435,327.42302996669895,1.0977423876106692e-12,3.0,38.27518403232539,2361.7922355301102,508.51767098906686,57.160786697598965,laminar,3078.2142047097254,10421.354822690584,14.581014653888174,0.7878957545168115,"{""family"": ""B1"", ""type"": ""channel"", ""channel_width"": 0.0011250000000000001, ""rib_thickness"": 0.002, ""n_starts"": 12, ""layout"": ""helical""}",0.0011250000000000001,0.002,12,0.037500000000000006,16
0.011662233368057716,0.011662233368057716,7501.11567376365,1.2501859456272753,0.4606760310150473,38.74393721250327,True,332.1299196934044,327.42302996669895,1.0977423876106692e-12,3.0,38.74393721250327,2436.994185326285,381.38825324180016,42.76466829647796,laminar,2697.6821690423653,9342.58796195092,12.77849448493752,0.8081225938182146,"{""family"": ""B1"", ""type"": ""channel"", ""channel_width"": 0.0011250000000000001, ""rib_thickness"": 0.002, ""n_starts"": 16, ""layout"": ""helical""}",0.0011250000000000001,0.002,16,0.05,16
0.009391828647607202,0.009391828647607202,1309341.3689453655,218.22356149089427,0.273203060208403,1.367542149549708,True,330.3817080586575,327.42302996655053,3.583143363546508e-11,3.0,1.367542149549708,91.73088394999353,5334.755934915977,777.5821381830892,laminar,7227.914605113074,16450.921014970278,57.20251435948383,0.2950054007547807,"{""family"": ""B1"", ""type"": ""channel"", ""channel_width"": 0.00215, ""rib_thickness"": 0.00035, ""n_starts"": 1, ""layout"": ""helical""}",0.00215,0.00035,1,0.0025,20
0.010362393049786004,0.010362393049786004,219999.2451424192,36.66654085706987,0.273203060208403,2.034263654574671,True,331.1290426483352,327.4230299667767,1.7100567426744173e-11,3.0,2.034263654574671,329.65111141736224,2667.3779674579887,388.7744359219263,laminar,4811.352989306167,12440.662633866623,38.07757887242303,0.35951854748192924,"{""family"": ""B1"", ""type"": ""channel"", ""channel_width"": 0.00215, ""rib_thickness"": 0.00035, ""n_starts"": 2, ""layout"": ""helical""}",0.00215,0.00035,2,0.005,20
0.011030289966432615,0.011030289966432615,80011.81024855077,13.335301708091796,0.273203060208403,2.170173950297081,True,331.6433232741531,327.4230299666625,9.62484579770705e-12,3.0,2.170173950297081,494.45492257185344,1778.2519783053256,259.1644791439381,laminar,3820.6519096753045,10635.88300351536,30.237061125651177,0.40078906116461044,"{""family"": ""B1"", ""type"": ""channel"", ""channel_width"": 0.00215, ""rib_thickness"": 0.00035, ""n_starts"": 3, ""layout"": ""helical""}",0.00215,0.00035,3,0.0075,20
0.01155311058746542,0.01155311058746542,39657.89683718484,6.60964947286414,0.273203060208403,2.212786818980745,True,332.04589515234835,327.42302996668053,5.407802344454066e-12,3.0,2.212786818980745,577.711895926851,1333.6889837289943,194.35396229247712,laminar,3257.822259855353,9543.634148599562,25.782765124008616,0.4311358470069473,"{""family"": ""B1"", ""type"": ""channel"", ""channel_width"": 0.00215, ""rib_thickness"": 0.00035, ""n_starts"": 4, ""layout"": ""helical""}",0.00215,0.00035,4,0.01,20
0.012363080278740349,0.012363080278740349,15087.826885928029,2.5146378143213384,0.273203060208403,2.2395608502105246,True,332.66957181463005,327.42302996670844,1.1238755957622616e-12,3.0,2.2395608502105246,643.7055037479199,889.1259891526628,129.53238272483034,laminar,2620.850555761613,8224.438442443141,20.741700717377178,0.47459997857078773,"{""family"": ""B1"", ""type"": ""channel"", ""channel_width"": 0.00215, ""rib_thickness"": 0.00035, ""n_starts"": 6, ""layout"": ""helical""}",0.00215,0.00035,6,0.015,20
0.012991416167222405,0.012991416167222405,7723.697939712151,1.2872829899520253,0.273203060208403,2.2477120525272674,True,333.15339044876123,327.4230299667104,1.5761129775042224e-12,3.0,2.2477120525272674,666.5258674329739,666.8444918644972,97.11055504764362,laminar,2258.914168319704,7422.018345667726,17.87729617872649,0.5053453186489563,"{""family"": ""B1"", ""type"": ""channel"", ""channel_width"": 0.00215, ""rib_thickness"": 0.00035, ""n_starts"": 8, ""layout"": ""helical""}",0.00215,0.00035,8,0.02,20
0.013953061564833226,0.013953061564833226,3071.78563467816,0.5119642724463601,0.273203060208403,2.2528917707427385,True,333.89385740492156,327.42302996670077,6.720811497516834e-13,3.0,2.2528917707427385,681.7944576738302,444.5629945763314,64.66676463217713,laminar,1849.1604450246782,6450.746751397439,14.634459963692235,0.5475985941973599,"{""family"": ""B1"", ""type"": ""channel"", ""channel_width"": 0.00215, ""rib_thickness"": 0.00035, ""n_starts"": 12, ""layout"": ""helical""}",0.00215,0.00035,12,0.03,20
0.014687422340647006,0.014687422340647006,1620.239490832295,0.27003991513871584,0.273203060208403,2.254512893518693,True,334.45931520229817,327.42302996670617,5.917621371275806e-13,3.0,2.254512893518693,686.7029733983983,333.4222459322486,48.423103175354186,laminar,1616.1871010085977,5860.311036994255,12.79068319203123,0.5762521409362544,"{""family"": ""B1"", ""type"": ""channel"", ""channel_width"": 0.00215, ""rib_thickness"": 0.00035, ""n_starts"": 16, ""layout"": ""helical""}",0.00215,0.00035,16,0.04,20
0.015284551992454515,0.015284551992454515,994.2266885224931,0.1657044480870822,0.273203060208403,2.2552127595576374,True,334.91910503418995,327.42302996669895,1.0977423876106692e-12,3.0,2.2552127595576374,688.8417654414044,266.7377967457989,38.659742180320315,laminar,1462.551191023578,5452.138770464661,11.574791634481075,0.5974640938962249,"{""family"": ""B1"", ""type"": ""channel"", ""channel_width"": 0.00215, ""rib_thickness"": 0.00035, ""n_starts"": 20, ""layout"": ""helical""}",0.00215,0.00035,20,0.05,20
0.009040046231244816,0.009040046231244816,1582109.9848408718,263.68499747347863,0.2956998167052004,2.1215836613313432,True,330.1108355980585,327.4230299666974,1.4569632657622171e-12,3.0,2.1215836613313432,89.78121516685556,5434.782608695653,771.1581918456612,laminar,7615.761106233648,18603.320022715736,57.11820829675236,0.34223738341268556,"{""family"": ""B1"", ""type"": ""channel"", ""channel_width"": 0.002, ""rib_thickness"": 0.0005, ""n_starts"": 1, ""layout"": ""helical""}",0.002,0.0005,1,0.0025,20
0.009881823917012608,0.009881823917012608,265682.65511556715,44.2804425192612,0.2956998167052004,3.733741999169625,True,330.7590044160997,327.4230299667735,1.6355549526558102e-11,3.0,3.733741999169625,343.5816177441551,2717.3913043478265,385.56260016710576,laminar,5074.31781759737,14155.293782490491,38.05738363198027,0.4144990474302834,"{""family"": ""B1"", ""type"": ""channel"", ""channel_width"": 0.002, ""rib_thickness"": 0.0005, ""n_starts"": 2, ""layout"": ""helical""}",0.002,0.0005,2,0.005,20
0.010467268483839083,0.010467268483839083,96629.47386021608,16.104912310036013,0.2956998167052004,4.137093283316983,True,331.2097967325561,327.42302996673084,6.36513410521635e-12,3.0,4.137093283316983,539.393465921726,1811.5942028985507,257.02340796337023,laminar,4031.5788363890756,12118.984453225747,30.236841272918067,0.45958635484604576,"{""family"": ""B1"", ""type"": ""channel"", ""channel_width"": 0.002, ""rib_thickness"": 0.0005, ""n_starts"": 3, ""layout"": ""helical""}",0.002,0.0005,3,0.0075,20
0.01092980417790014,0.01092980417790014,47902.88029479212,7.983813382465354,0.2956998167052004,4.270015443316634,True,331.5659492169831,327.42302996668826,3.598705172242428e-12,3.0,4.270015443316634,645.4140420221703,1358.6956521739132,192.74831915469792,laminar,3438.8895964844696,10874.123190504466,25.791671973633523,0.4921047965611811,"{""family"": ""B1"", ""type"": ""channel"", ""channel_width"": 0.002, ""rib_thickness"": 0.0005, ""n_starts"": 4, ""layout"": ""helical""}",0.002,0.0005,4,0.01,20
0.011653840895445529,0.011653840895445529,18232.539625846148,3.0387566043076917,0.2956998167052004,4.355211596087523,True,332.12345748949303,327.42302996669764,1.4036633327524724e-12,3.0,4.355211596087523,733.1628925471689,905.7971014492754,128.46225902377952,laminar,2767.7981227466917,9357.758340667413,20.758485920600187,0.5376957547170064,"{""family"": ""B1"", ""type"": ""channel"", ""channel_width"": 0.002, ""rib_thickness"": 0.0005, ""n_starts"": 6, ""layout"": ""helical""}",0.002,0.0005,6,0.015,20
0.012221366865121906,0.012221366865121906,9337.361742186138,1.5562269570310232,0.2956998167052004,4.381418302166394,True,332.56045248614384,327.42302996673146,6.5114505418165075e-12,3.0,4.381418302166394,764.316501690947,679.3478260869566,96.3082822538246,laminar,2386.2843257064565,8429.091138973143,17.897132442798423,0.5692308267859874,"{""family"": ""B1"", ""type"": ""channel"", ""channel_width"": 0.002, ""rib_thickness"": 0.0005, ""n_starts"": 8, ""layout"": ""helical""}",0.002,0.0005,8,0.02,20
0.01309856885172103,0.01309856885172103,3716.0459492928794,0.6193409915488133,0.2956998167052004,4.3981425332976425,True,333.23589801582517,327.4230299667021,3.6616020460988027e-13,3.0,4.3981425332976425,785.4069582708556,452.8985507246377,64.13252418938242,laminar,1954.157607146591,7300.075707146302,14.656182053599434,0.6115966116347099,"{""family"": ""B1"", ""type"": ""channel"", ""channel_width"": 0.002, ""rib_thickness"": 0.0005, ""n_starts"": 12, ""layout"": ""helical""}",0.002,0.0005,12,0.03,20
0.013774380706498156,0.013774380706498156,1961.055796821832,0.3268426328036387,0.2956998167052004,4.4033900077295955,True,333.75627314400356,327.42302996669935,1.0045782387764618e-12,3.0,4.4033900077295955,792.2319447614902,339.6739130434783,48.023058728580935,laminar,1708.3425674902767,6612.149690758393,12.812569256177074,0.6396886930773653,"{""family"": ""B1"", ""type"": ""channel"", ""channel_width"": 0.002, ""rib_thickness"": 0.0005, ""n_starts"": 16, ""layout"": ""helical""}",0.002,0.0005,16,0.04,20
0.01432705475429558,0.01432705475429558,1203.839741200153,0.2006399568666922,0.2956998167052004,4.405657966937913,True,334.1818321608076,327.423029966699,1.0844543156691817e-12,3.0,4.405657966937913,795.2134522174185,271.7391304347826,38.34035713147457,laminar,1546.1802104541107,6136.403884123645,11.59635157840583,0.660156408169884,"{""family"": ""B1"", ""type"": ""channel"", ""channel_width"": 0.002, ""rib_thickness"": 0.0005, ""n_starts"": 20, ""layout"": ""helical""}",0.002,0.0005,20,0.05,20
0.008629182638608509,0.008629182638608509,2182803.067094709,363.8005111824515,0.33319441086652923,2.997812161057253,True,329.79447063172853,327.42302996652427,4.1977314553646887e-11,3.0,2.997812161057253,87.7032578657615,5610.098176718093,756.5365761005165,transitional,8451.264980701812,21935.95111843429,57.25050470798003,0.39491291314880866,"{""family"": ""B1"", ""type"": ""channel"", ""channel_width"": 0.00175, ""rib_thickness"": 0.00075, ""n_starts"": 1, ""layout"": ""helical""}",0.00175,0.00075,1,0.0025,20
0.009346774392615949,0.009346774392615949,377100.1538150655,62.850025635844254,0.33319441086652923,6.807565009035264,True,330.34701628231426,327.423029966694,2.2551334537142383e-12,3.0,6.807565009035264,362.1201457931047,2805.0490883590464,378.25210506382535,laminar,5602.956652204166,16698.942157378955,37.95551280525403,0.4750792488510546,"{""family"": ""B1"", ""type"": ""channel"", ""channel_width"": 0.00175, ""rib_thickness"": 0.00075, ""n_starts"": 2, ""layout"": ""helical""}",0.00175,0.00075,2,0.005,20
0.00984637446721574,0.00984637446721574,137209.25374577238,22.86820895762873,0.33319441086652923,8.187295488856199,True,330.7317083397561,327.4230299666896,3.279348509915343e-12,3.0,8.187295488856199,619.7326719695772,1870.032725572698,252.15009202315642,laminar,4456.139600982118,14300.14334490641,30.18675213568532,0.5227266304371533,"{""family"": ""B1"", ""type"": ""channel"", ""channel_width"": 0.00175, ""rib_thickness"": 0.00075, ""n_starts"": 3, ""layout"": ""helical""}",0.00175,0.00075,3,0.0075,20
0.010245519931254865,0.010245519931254865,68059.8962765972,11.343316046099535,0.33319441086652923,8.694853397946254,True,331.0390503470662,327.4230299666979,1.3372229730450345e-12,3.0,8.694853397946254,779.6003607384054,1402.5245441795232,189.0936969409893,laminar,3803.6846127627687,12819.271027872639,25.76689576387682,0.5562967684051255,"{""family"": ""B1"", ""type"": ""channel"", ""channel_width"": 0.00175, ""rib_thickness"": 0.00075, ""n_starts"": 4, ""layout"": ""helical""}",0.00175,0.00075,4,0.01,20
0.01087728159494254,0.01087728159494254,25934.96754299531,4.322494590499218,0.33319441086652923,9.0359692238023,True,331.52550682810573,327.4230299667147,2.5871876070076337e-12,3.0,9.0359692238023,924.9546190629652,935.016362786349,126.02653855933967,laminar,3064.2499570842883,11002.81478668122,20.757822289925826,0.6022300141945311,"{""family"": ""B1"", ""type"": ""channel"", ""channel_width"": 0.00175, ""rib_thickness"": 0.00075, ""n_starts"": 6, ""layout"": ""helical""}",0.00175,0.00075,6,0.015,20
0.011377494759665296,0.011377494759665296,13295.387787459069,2.2158979645765116,0.33319441086652923,9.143580157250076,True,331.91067096494226,327.42302996672254,4.422860923102247e-12,3.0,9.143580157250076,979.766107483651,701.2622720897616,94.48222022001535,laminar,2643.492308332593,9885.381595297215,17.907528540317568,0.6332324852160964,"{""family"": ""B1"", ""type"": ""channel"", ""channel_width"": 0.00175, ""rib_thickness"": 0.00075, ""n_starts"": 8, ""layout"": ""helical""}",0.00175,0.00075,8,0.02,20
0.012157487930557324,0.012157487930557324,5299.510026259306,0.8832516710432178,0.33319441086652923,9.212983171575765,True,332.5112657065291,327.42302996670355,2.022739839982e-14,3.0,9.212983171575765,1017.9254290962732,467.5081813931745,62.916533572439064,laminar,2166.4850309337876,8524.594712435397,14.676188919228887,0.6739079556207428,"{""family"": ""B1"", ""type"": ""channel"", ""channel_width"": 0.00175, ""rib_thickness"": 0.00075, ""n_starts"": 12, ""layout"": ""helical""}",0.00175,0.00075,12,0.03,20
0.012762838085609622,0.012762838085609622,2799.878934243769,0.4666464890406282,0.33319441086652923,9.234895297357285,True,332.9773853259194,327.4230299667036,6.939326458332408e-15,3.0,9.234895297357285,1030.4719753037655,350.6311360448808,47.112513111532806,laminar,1894.8902276257695,7695.7571681073505,12.836353154884247,0.7002751746853895,"{""family"": ""B1"", ""type"": ""channel"", ""channel_width"": 0.00175, ""rib_thickness"": 0.00075, ""n_starts"": 16, ""layout"": ""helical""}",0.00175,0.00075,16,0.04,20
0.013260129966425081,0.013260129966425081,1720.270963222371,0.2867118272037285,0.33319441086652923,9.244391414695517,True,333.3603000741473,327.4230299666971,1.5366916974111425e-12,3.0,9.244391414695517,1035.987066836906,280.5049088359047,37.61340126763771,laminar,1715.6018015060354,7123.3655004178845,11.621818655363466,0.7191893531379511,"{""family"": ""B1"", ""type"": ""channel"", ""channel_width"": 0.00175, ""rib_thickness"": 0.00075, ""n_starts"": 20, ""layout"": ""helical""}",0.00175,0.00075,20,0.05,20
0.008274469487606342,0.008274469487606342,3223151.363931778,537.1918939886297,0.37068900502785807,3.173967085983517,True,329.52134150545686,327.4230299665703,3.12020170162946e-11,3.0,3.173967085983517,83.09432280486013,5797.101449275363,735.7278457056949,transitional,9935.259396809975,25921.533760342238,59.61155638085985,0.4185509348793222,"{""family"": ""B1"", ""type"": ""channel"", ""channel_width"": 0.0015, ""rib_thickness"": 0.001, ""n_starts"": 1, ""layout"": ""helical""}",0.0015,0.001,1,0.0025,20
0.008956813562690439,0.008956813562690439,566157.964608648,94.359660768108,0.37068900502785807,9.202258571890722,True,330.0467464432716,327.4230299666719,7.429951603460888e-12,3.0,9.202258571890722,371.2608333840634,2898.5507246376815,367.84818498356054,laminar,6290.694193485083,19195.58691875676,37.7441651609105,0.5107137201512589,"{""family"": ""B1"", ""type"": ""channel"", ""channel_width"": 0.0015, ""rib_thickness"": 0.001, ""n_starts"": 2, ""layout"": ""helical""}",0.0015,0.001,2,0.005,20
0.009392915973777892,0.009392915973777892,206219.45747580015,34.36990957930003,0.37068900502785807,12.379449833431789,True,330.38254529980895,327.42302996665387,1.1646847411470078e-11,3.0,12.379449833431789,700.2235840989712,1932.3671497584544,245.2146397929628,laminar,5009.418013825695,16445.02432029094,30.05650808295417,0.5589211109830047,"{""family"": ""B1"", ""type"": ""channel"", ""channel_width"": 0.0015, ""rib_thickness"": 0.001, ""n_starts"": 3, ""layout"": ""helical""}",0.0015,0.001,3,0.0075,20
0.009743527849650638,0.009743527849650638,102404.8914035453,17.067481900590888,0.37068900502785807,13.746016107460767,True,330.65251644423097,327.42302996674937,1.0701917851186516e-11,3.0,13.746016107460767,940.6079482519566,1449.2753623188407,183.89262684959118,laminar,4279.6720948995635,14737.219794593097,25.67803256939738,0.5924040570848023,"{""family"": ""B1"", ""type"": ""channel"", ""channel_width"": 0.0015, ""rib_thickness"": 0.001, ""n_starts"": 4, ""layout"": ""helical""}",0.0015,0.001,4,0.01,20
0.010301656479951335,0.010301656479951335,39098.702332938126,6.516450388823022,0.37068900502785807,14.737099820059754,True,331.0822754895625,327.4230299667144,2.5205996020564015e-12,3.0,14.737099820059754,1189.652815632448,966.1835748792272,122.56014665401894,laminar,3451.7655384659715,12634.660240154164,20.71059323079583,0.6375723282860221,"{""family"": ""B1"", ""type"": ""channel"", ""channel_width"": 0.0015, ""rib_thickness"": 0.001, ""n_starts"": 6, ""layout"": ""helical""}",0.0015,0.001,6,0.015,20
0.010745724749969739,0.010745724749969739,20075.062606311836,3.3458437677186392,0.37068900502785807,15.063273562791474,True,331.4242080574767,327.42302996670486,2.856935467419832e-13,3.0,15.063273562791474,1292.488304107775,724.6376811594204,91.88346279073642,laminar,2980.1538927602537,11338.513263854222,17.880923356561524,0.6676403629830923,"{""family"": ""B1"", ""type"": ""channel"", ""channel_width"": 0.0015, ""rib_thickness"": 0.001, ""n_starts"": 8, ""layout"": ""helical""}",0.0015,0.001,8,0.02,20
0.011440932930060387,0.011440932930060387,8020.356892885427,1.336726148814238,0.37068900502785807,15.27748685635427,True,331.9595183561465,327.423029966699,1.0844543156691817e-12,3.0,15.27748685635427,1367.3875417438667,483.0917874396136,61.18599835993973,laminar,2444.930607461417,9759.23072336497,14.669583644768501,0.7065872283503194,"{""family"": ""B1"", ""type"": ""channel"", ""channel_width"": 0.0015, ""rib_thickness"": 0.001, ""n_starts"": 12, ""layout"": ""helical""}",0.0015,0.001,12,0.03,20
0.011982189185779774,0.011982189185779774,4244.271203559331,0.7073785339265553,0.37068900502785807,15.345838182148007,True,332.3762856730504,327.4230299667109,1.695853270221405e-12,3.0,15.345838182148007,1392.6679204674185,362.3188405797102,45.81667148995055,laminar,2139.8623568750418,8797.76186498049,12.83917414125025,0.7315350240007515,"{""family"": ""B1"", ""type"": ""channel"", ""channel_width"": 0.0015, ""rib_thickness"": 0.001, ""n_starts"": 16, ""layout"": ""helical""}",0.0015,0.001,16,0.04,20
0.012427659711430608,0.012427659711430608,2610.898868756208,0.435149811459368,0.37068900502785807,15.37559254960188,True,332.71929797780155,327.42302996670355,2.022739839982e-14,3.0,15.37559254960188,1403.8950818173753,289.8550724637682,36.57883512644096,laminar,1938.3205738234933,8134.333067990292,11.62992344294096,0.7492891889937167,"{""family"": ""B1"", ""type"": ""channel"", ""channel_width"": 0.0015, ""rib_thickness"": 0.001, ""n_starts"": 20, ""layout"": ""helical""}",0.0015,0.001,20,0.05,20
0.007714860340816317,0.007714860340816317,9294869.451288136,1549.1449085480228,0.44567819335051573,1.9430567762890794,True,329.09044246242854,327.4230299665769,2.96589765734003e-11,3.0,1.9430567762890794,66.35564815217589,6211.180124223602,666.2180562004431,transitional,15129.815655033706,36238.94000684612,64.84206709300159,0.41566674308736784,"{""family"": ""B1"", ""type"": ""channel"", ""channel_width"": 0.001, ""rib_thickness"": 0.0015, ""n_starts"": 1, ""layout"": ""helical""}",0.001,0.0015,1,0.0025,20
0.008321840843861047,0.008321840843861047,1657059.7962462236,276.17663270770396,0.44567819335051573,8.458617232377826,True,329.557817449773,327.4230299667491,1.0635329846235283e-11,3.0,8.458617232377826,339.2665211072092,3105.590062111801,333.0947771068057,laminar,8589.459612656405,25308.85725259251,36.81196976852745,0.5305211851186673,"{""family"": ""B1"", ""type"": ""channel"", ""channel_width"": 0.001, ""rib_thickness"": 0.0015, ""n_starts"": 2, ""layout"": ""helical""}",0.001,0.0015,2,0.005,20
0.008643877009172955,0.008643877009172955,607168.0048483503,101.19466747472507,0.44567819335051573,15.670956920414156,True,329.80578529706315,327.4230299666552,1.1340926466328275e-11,3.0,15.670956920414156,780.554002111233,2070.3933747412007,222.0473530100819,laminar,6864.781508777203,21796.724814479025,29.420492180473722,0.5781566690132474,"{""family"": ""B1"", ""type"": ""channel"", ""channel_width"": 0.001, ""rib_thickness"": 0.0015, ""n_starts"": 3, ""layout"": ""helical""}",0.001,0.0015,3,0.0075,20
0.008903446905166494,0.008903446905166494,303063.2471180676,50.510541186344604,0.44567819335051573,20.793380883678875,True,330.0056541169782,327.4230299667124,2.055074148372953e-12,3.0,20.793380883678875,1252.4035897471372,1552.7950310559006,166.51889570907366,laminar,5879.659275977476,19595.16203887592,25.198539754189177,0.6109799309479785,"{""family"": ""B1"", ""type"": ""channel"", ""channel_width"": 0.001, ""rib_thickness"": 0.0015, ""n_starts"": 4, ""layout"": ""helical""}",0.001,0.0015,4,0.01,20
0.00931750665872996,0.00931750665872996,116652.48947069225,19.442081578448708,0.44567819335051573,25.985220887776833,True,330.32448012722205,327.4230299667169,3.106012993700827e-12,3.0,25.985220887776833,1989.6834463978914,1035.1966873706003,110.9809600765661,laminar,4758.877528855972,16864.012883233852,20.395189409382738,0.6549365624639193,"{""family"": ""B1"", ""type"": ""channel"", ""channel_width"": 0.001, ""rib_thickness"": 0.0015, ""n_starts"": 6, ""layout"": ""helical""}",0.001,0.0015,6,0.015,20
0.009647451476692001,0.009647451476692001,60257.02866556751,10.042838110927919,0.44567819335051573,28.102706366280355,True,330.5785376370528,327.42302996672544,5.10143846358088e-12,3.0,28.102706366280355,2420.8307448638534,776.3975155279503,83.20253519655022,laminar,4118.592615446975,15169.72253261601,17.651111209058463,0.6840061818953868,"{""family"": ""B1"", ""type"": ""channel"", ""channel_width"": 0.001, ""rib_thickness"": 0.0015, ""n_starts"": 8, ""layout"": ""helical""}",0.001,0.0015,8,0.02,20
0.010164510845001879,0.010164510845001879,24277.14905907758,4.046191509846263,0.44567819335051573,29.64162466993384,True,330.9766733506514,327.42302996670156,4.857528520832686e-13,3.0,29.64162466993384,2809.194869846319,517.5983436853002,55.405293046837585,laminar,3389.9120763969963,13095.120728305517,14.528194613129983,0.7214515962598728,"{""family"": ""B1"", ""type"": ""channel"", ""channel_width"": 0.001, ""rib_thickness"": 0.0015, ""n_starts"": 12, ""layout"": ""helical""}",0.001,0.0015,12,0.03,20
0.01056730866586336,0.01056730866586336,12920.07177006759,2.1533452950112655,0.44567819335051573,30.162564616354512,True,331.28682767271476,327.4230299667011,5.922050728589636e-13,3.0,30.162564616354512,2959.036277429482,388.19875776397515,41.48802305060402,laminar,2973.3942752140492,11826.864761121831,12.743118322345925,0.7453257446457129,"{""family"": ""B1"", ""type"": ""channel"", ""channel_width"": 0.001, ""rib_thickness"": 0.0015, ""n_starts"": 16, ""layout"": ""helical""}",0.001,0.0015,16,0.04,20
0.010898901204934468,0.010898901204934468,7980.715315414154,1.3301192192356923,0.44567819335051573,30.394815157903377,True,331.5421539277995,327.4230299666994,9.912901668349743e-13,3.0,30.394815157903377,3029.310749340541,310.55900621118013,33.12295515013337,laminar,2697.6568147369476,10949.48585367036,11.561386348872631,0.762268254577975,"{""family"": ""B1"", ""type"": ""channel"", ""channel_width"": 0.001, ""rib_thickness"": 0.0015, ""n_starts"": 20, ""layout"": ""helical""}",0.001,0.0015,20,0.05,20
0.00865374992811965,0.00865374992811965,3159017.168067671,526.5028613446119,0.2863261681648681,1.096139845810668,True,329.8133874446521,327.42302996662494,1.8418005937120772e-11,3.0,1.096139845810668,55.136628948436716,5683.432793407218,749.0581060019058,transitional,8990.86370099908,21704.151873196537,58.17617688881757,0.2648371686894541,"{""family"": ""B1"", ""type"": ""channel"", ""channel_width"": 0.00165, ""rib_thickness"": 0.00035, ""n_starts"": 1, ""layout"": ""helical""}",0.00165,0.00035,1,0.002,25
0.009416216225852847,0.009416216225852847,549290.2955218162,91.54838258696938,0.2863261681648681,2.214493695222085,True,330.40048649390667,327.42302996678103,1.811149441100379e-11,3.0,2.214493695222085,247.17373804794386,2841.716396703609,374.51879792892623,laminar,5855.154225008778,16319.64974442301,37.88629204417444,0.32703799841052417,"{""family"": ""B1"", ""type"": ""channel"", ""channel_width"": 0.00165, ""rib_thickness"": 0.00035, ""n_starts"": 2, ""layout"": ""helical""}",0.00165,0.00035,2,0.004,25
0.00990828409047413,0.00990828409047413,199840.7014462786,33.30678357437977,0.2863261681648681,2.5646980200766594,True,330.77937874966506,327.4230299666746,6.791385924050513e-12,3.0,2.5646980200766594,463.1966744687682,1894.4775978024059,249.66780534268875,laminar,4658.955511307223,14049.02615409879,30.146182720223205,0.365081394764055,"{""family"": ""B1"", ""type"": ""channel"", ""channel_width"": 0.00165, ""rib_thickness"": 0.00035, ""n_starts"": 3, ""layout"": ""helical""}",0.00165,0.00035,3,0.006,25
0.010290734766075369,0.010290734766075369,99130.78337935095,16.521797229891828,0.2863261681648681,2.687144013149974,True,331.073865769878,327.42302996674084,8.706492381306464e-12,3.0,2.687144013149974,619.1435101893313,1420.8581983518045,187.23889303155224,laminar,3978.1404548317123,12670.170901525813,25.740908825381663,0.3933246841032247,"{""family"": ""B1"", ""type"": ""channel"", ""channel_width"": 0.00165, ""rib_thickness"": 0.00035, ""n_starts"": 4, ""layout"": ""helical""}",0.00165,0.00035,4,0.008,25
0.010878777253884147,0.010878777253884147,37781.344142061316,6.296890690343553,0.2863261681648681,2.7676296083223124,True,331.52665848549077,327.42302996667564,6.551905338616148e-12,3.0,2.7676296083223124,778.8873592897435,947.2387989012029,124.80315429445638,laminar,3206.289245410492,10999.109228349087,20.74657747030318,0.4342465677856575,"{""family"": ""B1"", ""type"": ""channel"", ""channel_width"": 0.00165, ""rib_thickness"": 0.00035, ""n_starts"": 6, ""layout"": ""helical""}",0.00165,0.00035,6,0.012,25
0.011331535375725562,0.011331535375725562,19371.424488500863,3.2285707480834773,0.2863261681648681,2.7927298483973884,True,331.87528223930866,327.42302996671987,3.797730960877153e-12,3.0,2.7927298483973884,844.252544099626,710.4290991759023,93.57846830684073,laminar,2766.942256173197,9978.766478843176,17.90374401053245,0.4635706377277426,"{""family"": ""B1"", ""type"": ""channel"", ""channel_width"": 0.00165, ""rib_thickness"": 0.00035, ""n_starts"": 8, ""layout"": ""helical""}",0.00165,0.00035,8,0.016,25
0.012019413872492321,0.012019413872492321,7722.574030374329,1.287095671729055,0.2863261681648681,2.808848238099699,True,332.40494868181906,327.42302996670907,1.2701920323624192e-12,3.0,2.808848238099699,891.5972859073765,473.61939945060146,62.340193804406894,laminar,2268.742192312213,8738.348359675276,14.680096538490787,0.5044378095114967,"{""family"": ""B1"", ""type"": ""channel"", ""channel_width"": 0.00165, ""rib_thickness"": 0.00035, ""n_starts"": 12, ""layout"": ""helical""}",0.00165,0.00035,12,0.024,25
0.012541136896156446,0.012541136896156446,4079.7311074835025,0.6799551845805838,0.2863261681648681,2.813927012735633,True,332.80667541004044,327.4230299667046,2.1925318703454523e-13,3.0,2.813927012735633,907.5123836263447,355.2145495879511,46.707545962692286,laminar,1985.0502187930026,7980.544015689513,12.844442592190013,0.5325539143489976,"{""family"": ""B1"", ""type"": ""channel"", ""channel_width"": 0.00165, ""rib_thickness"": 0.00035, ""n_starts"": 16, ""layout"": ""helical""}",0.00165,0.00035,16,0.032,25
0.012963361715658237,0.012963361715658237,2505.904712019824,0.41765078533663735,0.2863261681648681,2.816126887178901,True,333.1317885210568,327.4230299667005,7.385215094591214e-13,3.0,2.816126887178901,914.5653480601097,284.1716396703609,37.31724785901056,laminar,1797.7902226672404,7454.597617629017,11.632760264317437,0.5535889383012677,"{""family"": ""B1"", ""type"": ""channel"", ""channel_width"": 0.00165, ""rib_thickness"": 0.00035, ""n_starts"": 20, ""layout"": ""helical""}",0.00165,0.00035,20,0.04,25
0.01331848643191856,0.01331848643191856,1690.5795483817196,0.28176325806361996,0.2863261681648681,2.81726788969649,True,333.40523455257727,327.42302996669747,1.4436751938207294e-12,3.0,2.81726788969649,918.2624376501864,236.80969972530073,31.048229750730894,laminar,1663.1225898033028,7061.552602929883,10.761381463433136,0.5701600612831804,"{""family"": ""B1"", ""type"": ""channel"", ""channel_width"": 0.00165, ""rib_thickness"": 0.00035, ""n_starts"": 24, ""layout"": ""helical""}",0.00165,0.00035,24,0.048,25
0.008316728632003667,0.008316728632003667,4023813.842079546,670.6356403465911,0.31444711378586476,1.4700090397349679,True,329.5538810466428,327.4230299667198,3.784442888935666e-12,3.0,1.4700090397349679,62.432884849240295,5797.101449275363,735.7316230658137,transitional,9935.261741041277,25373.598963563643,59.61157044624766,0.3006488928847004,"{""family"": ""B1"", ""type"": ""channel"", ""channel_width"": 0.0015, ""rib_thickness"": 0.0005, ""n_starts"": 1, ""layout"": ""helical""}",0.0015,0.0005,1,0.002,25
0.00900170080612974,0.00900170080612974,706414.8557461665,117.73580929102776,0.31444711378586476,3.717918731677199,True,330.0813096207199,327.4230299666779,6.019791879981467e-12,3.0,3.717918731677199,290.93177539560077,2898.5507246376815,367.855738908732,laminar,6290.74522589593,18871.665900084565,37.74447135537558,0.3749849043427352,"{""family"": ""B1"", ""type"": ""channel"", ""channel_width"": 0.0015, ""rib_thickness"": 0.0005, ""n_starts"": 2, ""layout"": ""helical""}",0.0015,0.0005,2,0.004,25
0.009421905018143809,0.009421905018143809,257201.8556131021,42.86697593551702,0.31444711378586476,4.687720455673758,True,330.4048668639707,327.4230299667299,6.15222966366496e-12,3.0,4.687720455673758,576.7799933216687,1932.3671497584544,245.2259686935271,laminar,5009.502759156043,16289.322583599609,30.05701655493626,0.416947420291267,"{""family"": ""B1"", ""type"": ""channel"", ""channel_width"": 0.0015, ""rib_thickness"": 0.0005, ""n_starts"": 3, ""layout"": ""helical""}",0.0015,0.0005,3,0.006,25
0.009751035300325544,0.009751035300325544,127682.16795644532,21.28036132607422,0.31444711378586476,5.0687508219504815,True,330.65829718125065,327.4230299667117,1.8820339226460258e-12,3.0,5.0687508219504815,804.7581132404819,1449.2753623188407,183.90772834223853,laminar,4279.793354969749,14704.435524358481,25.678760129818496,0.44763027693005736,"{""family"": ""B1"", ""type"": ""channel"", ""channel_width"": 0.0015, ""rib_thickness"": 0.0005, ""n_starts"": 4, ""layout"": ""helical""}",0.0015,0.0005,4,0.008,25
0.01026184097036256,0.01026184097036256,48726.89940027457,8.121149900045761,0.31444711378586476,5.332931957420244,True,331.05161754717915,327.4230299667152,2.7069278997248163e-12,3.0,5.332931957420244,1060.2185926131015,966.1835748792272,122.58278301384534,laminar,3451.965941806032,12765.058799566898,20.71179565083619,0.4913183055087519,"{""family"": ""B1"", ""type"": ""channel"", ""channel_width"": 0.0015, ""rib_thickness"": 0.0005, ""n_starts"": 6, ""layout"": ""helical""}",0.0015,0.0005,6,0.012,25
0.010659039307329693,0.010659039307329693,25009.42844204307,4.168238073673845,0.31444711378586476,5.417741601330318,True,331.35746026664384,327.4230299667239,4.7422175854293324e-12,3.0,5.417741601330318,1171.9725926733931,724.6376811594204,91.91361500496139,laminar,2980.4394932815985,11570.790806290033,17.88263695968959,0.5220405249724916,"{""family"": ""B1"", ""type"": ""channel"", ""channel_width"": 0.0015, ""rib_thickness"": 0.0005, ""n_starts"": 8, ""layout"": ""helical""}",0.0015,0.0005,8,0.016,25
0.01126853011457205,0.01126853011457205,9985.343581313338,1.6642239302188897,0.31444711378586476,5.472871753964049,True,331.82676818822046,327.4230299667074,8.843950103278963e-13,3.0,5.472871753964049,1255.8251863186072,483.0917874396136,61.23110023434815,laminar,2445.3992584334887,10109.600496626566,14.672395550600934,0.5640218070908338,"{""family"": ""B1"", ""type"": ""channel"", ""channel_width"": 0.0015, ""rib_thickness"": 0.0005, ""n_starts"": 12, ""layout"": ""helical""}",0.0015,0.0005,12,0.024,25
0.011735097345700825,0.011735097345700825,5280.712802094536,0.8801188003490894,0.31444711378586476,5.490366057530299,True,332.1860249561896,327.4230299667023,3.1286027160013556e-13,3.0,5.490366057530299,1284.6062332285944,362.3188405797102,45.8765726252821,laminar,2140.525728021499,9212.853137669548,12.843154368128996,0.5923357006851648,"{""family"": ""B1"", ""type"": ""channel"", ""channel_width"": 0.0015, ""rib_thickness"": 0.0005, ""n_starts"": 16, ""layout"": ""helical""}",0.0015,0.0005,16,0.032,25
0.012115035879344305,0.012115035879344305,3246.1476162007566,0.5410246027001262,0.31444711378586476,5.497966256993358,True,332.4785776270951,327.4230299666981,1.2973587572205718e-12,3.0,5.497966256993358,1297.465591943941,289.8550724637682,36.65333719196044,laminar,1939.1863940887347,8589.229590242168,11.635118364532408,0.6132159184924935,"{""family"": ""B1"", ""type"": ""channel"", ""channel_width"": 0.0015, ""rib_thickness"": 0.0005, ""n_starts"": 20, ""layout"": ""helical""}",0.0015,0.0005,20,0.04,25
0.01243603062866512,0.01243603062866512,2191.3248161860324,0.3652208026976721,0.31444711378586476,5.501914859043652,True,332.7257435840721,327.4230299666999,8.715498741177916e-13,3.0,5.501914859043652,1304.2344099921995,241.5458937198068,30.495851102594447,laminar,1794.3384452967846,8122.7930315172525,10.766030671780708,0.6294835491513361,"{""family"": ""B1"", ""type"": ""channel"", ""channel_width"": 0.0015, ""rib_thickness"": 0.0005, ""n_starts"": 24, ""layout"": ""helical""}",0.0015,0.0005,24,0.048,25
0.007922635478886289,0.007922635478886289,6442484.292019475,1073.747382003246,0.3613153564875258,1.6124242760640808,True,329.2504293187424,327.4230299667743,1.6541877824226518e-11,3.0,1.6124242760640808,59.396183598736556,5997.001499250376,706.665168376332,transitional,12013.12755402196,31583.27480882845,62.13686665873427,0.33401057827921016,"{""family"": ""B1"", ""type"": ""channel"", ""channel_width"": 0.00125, ""rib_thickness"": 0.00075, ""n_starts"": 1, ""layout"": ""helical""}",0.00125,0.00075,1,0.002,25
0.00853014020108704,0.00853014020108704,1144516.9218495374,190.75282030825625,0.3613153564875258,5.521849858961118,True,329.718207954837,327.4230299667231,4.555889287760917e-12,3.0,5.521849858961118,293.4423584775562,2998.500749625188,353.3229095018601,laminar,7227.559096261612,22921.94291533633,37.383926359973856,0.42441065360716534,"{""family"": ""B1"", ""type"": ""channel"", ""channel_width"": 0.00125, ""rib_thickness"": 0.00075, ""n_starts"": 2, ""layout"": ""helical""}",0.00125,0.00075,2,0.004,25
0.008872533559946749,0.008872533559946749,417611.2893603257,69.6018815600543,0.3613153564875258,8.269352700784186,True,329.981850841159,327.42302996669116,2.9202752770075894e-12,3.0,8.269352700784186,638.8131553896053,1999.0004997501248,235.53785786037744,laminar,5764.620860532466,19834.166900886885,29.817004451029998,0.46927858905060305,"{""family"": ""B1"", ""type"": ""channel"", ""channel_width"": 0.00125, ""rib_thickness"": 0.00075, ""n_starts"": 3, ""layout"": ""helical""}",0.00125,0.00075,3,0.006,25
0.009143224847277922,0.009143224847277922,207719.5819578984,34.6199303263164,0.3613153564875258,9.654892575314031,True,330.190283132404,327.4230299666704,7.775736764427155e-12,3.0,9.654892575314031,967.670511840299,1499.250374812594,176.6421093511312,laminar,4930.348694335837,17917.048735836965,25.501803591392257,0.5015054621092933,"{""family"": ""B1"", ""type"": ""channel"", ""channel_width"": 0.00125, ""rib_thickness"": 0.00075, ""n_starts"": 4, ""layout"": ""helical""}",0.00125,0.00075,4,0.008,25
0.00956751838417247,0.00956751838417247,79523.6040338768,13.253934005646135,0.3613153564875258,10.754578968944811,True,330.5169891558128,327.4230299666942,2.215121592645981e-12,3.0,10.754578968944811,1411.46654832304,999.5002498750624,117.73992075744917,laminar,3982.701605927397,15548.879470349371,20.60018072031412,0.5465172580009593,"{""family"": ""B1"", ""type"": ""channel"", ""channel_width"": 0.00125, ""rib_thickness"": 0.00075, ""n_starts"": 6, ""layout"": ""helical""}",0.00125,0.00075,6,0.012,25
0.009900606341912853,0.009900606341912853,40914.97534782251,6.819162557970419,0.3613153564875258,11.136384402982348,True,330.7734668832729,327.42302996670674,7.247905017862509e-13,3.0,11.136384402982348,1637.665803011603,749.625187406297,88.28239562804303,laminar,3442.2275540165933,14079.700529116795,17.804625279396173,0.5775479260001165,"{""family"": ""B1"", ""type"": ""channel"", ""channel_width"": 0.00125, ""rib_thickness"": 0.00075, ""n_starts"": 8, ""layout"": ""helical""}",0.00125,0.00075,8,0.016,25
0.010416214251162282,0.010416214251162282,16392.089635951896,2.732014939325316,0.3613153564875258,11.393233817909657,True,331.17048497339493,327.4230299667266,5.367495192898221e-12,3.0,11.393233817909657,1823.256188450628,499.7501249375312,58.81205102570812,laminar,2828.1800227364306,12273.533836289505,14.628517358981538,0.6191214395606343,"{""family"": ""B1"", ""type"": ""channel"", ""channel_width"": 0.00125, ""rib_thickness"": 0.00075, ""n_starts"": 12, ""layout"": ""helical""}",0.00125,0.00075,12,0.024,25
0.010813921964887197,0.010813921964887197,8689.255061109912,1.4482091768516523,0.3613153564875258,11.476364407332147,True,331.4767199129631,327.42302996670605,5.650383480008112e-13,3.0,11.476364407332147,1890.5535718404897,374.8125937031485,44.064132765806065,laminar,2477.8373861030223,11162.047912658616,12.816400272946666,0.6466256691057212,"{""family"": ""B1"", ""type"": ""channel"", ""channel_width"": 0.00125, ""rib_thickness"": 0.00075, ""n_starts"": 16, ""layout"": ""helical""}",0.00125,0.00075,16,0.032,25
0.011139348126629653,0.011139348126629653,5350.644120929951,0.891774020154992,0.3613153564875258,11.512771739123886,True,331.7272980575048,327.4230299666979,1.3372229730450345e-12,3.0,11.512771739123886,1921.2903774880333,299.85007496251876,35.205278509544506,laminar,2246.253914866666,10388.527901437203,11.618554732068961,0.6666372506673961,"{""family"": ""B1"", ""type"": ""channel"", ""channel_width"": 0.00125, ""rib_thickness"": 0.00075, ""n_starts"": 20, ""layout"": ""helical""}",0.00125,0.00075,20,0.04,25
0.01141521020083636,0.01141521020083636,3616.7794298417384,0.6027965716402899,0.3613153564875258,11.531770292490517,True,331.939711854644,327.4230299666984,1.2307707522693394e-12,3.0,11.531770292490517,1937.6508049350348,249.8750624687656,29.291055431861867,laminar,2079.5255359875287,9810.003977511069,10.756166565452734,0.6820706911458594,"{""family"": ""B1"", ""type"": ""channel"", ""channel_width"": 0.00125, ""rib_thickness"": 0.00075, ""n_starts"": 24, ""layout"": ""helical""}",0.00125,0.00075,24,0.048,25
0.0076239040291687325,0.0076239040291687325,11607042.314184198,1934.5070523640331,0.4081835991891869,1.2917111376572283,True,329.0204061024599,327.4230299666689,8.134957642578703e-12,3.0,1.2917111376572283,44.49645693762737,6211.180124223602,666.221476684703,transitional,15129.817564235767,38733.42085118315,64.84207527529614,0.3433453172489244,"{""family"": ""B1"", ""type"": ""channel"", ""channel_width"": 0.001, ""rib_thickness"": 0.001, ""n_starts"": 1, ""layout"": ""helical""}",0.001,0.001,1,0.002,25
0.008173605267479291,0.008173605267479291,2068436.5056834805,344.7394176139135,0.4081835991891869,5.543328764818417,True,329.44367605595903,327.42302996677796,1.739320029994449e-11,3.0,5.543328764818417,231.60072965566508,3105.590062111801,333.10161735537554,laminar,8589.524170449891,27328.597041484125,36.812246444785245,0.44693657256555464,"{""family"": ""B1"", ""type"": ""channel"", ""channel_width"": 0.001, ""rib_thickness"": 0.001, ""n_starts"": 2, ""layout"": ""helical""}",0.001,0.001,2,0.004,25
0.008456092735808654,0.008456092735808654,757668.9473667768,126.27815789446281,0.4081835991891869,10.113459448924269,True,329.66119140657264,327.42302996670867,1.1770278835282118e-12,3.0,10.113459448924269,548.5941163054438,2070.3933747412007,222.05761158348898,laminar,6864.889029048174,23717.932475174257,29.42095298163503,0.492493709046471,"{""family"": ""B1"", ""type"": ""channel"", ""channel_width"": 0.001, ""rib_thickness"": 0.001, ""n_starts"": 3, ""layout"": ""helical""}",0.001,0.001,3,0.006,25
0.0086803165566515,0.0086803165566515,378096.82477493124,63.016137462488544,0.4081835991891869,13.27901556541863,True,329.83384374862163,327.42302996668053,5.407802344454066e-12,3.0,13.27901556541863,908.79507961038,1552.7950310559006,166.53257044917757,laminar,5879.813440569013,21458.844042147353,25.199200459581483,0.5249298442613709,"{""family"": ""B1"", ""type"": ""channel"", ""channel_width"": 0.001, ""rib_thickness"": 0.001, ""n_starts"": 4, ""layout"": ""helical""}",0.001,0.001,4,0.008,25
0.00903315795627784,0.00903315795627784,145482.29998565582,24.247049997609306,0.4081835991891869,16.424563028103076,True,330.1055316263339,327.42302996668235,4.9821411065950806e-12,3.0,16.424563028103076,1520.6902058821956,1035.1966873706003,111.00145780780059,laminar,4759.1330424363705,18650.972705640746,20.396284467584444,0.5698308928444612,"{""family"": ""B1"", ""type"": ""channel"", ""channel_width"": 0.001, ""rib_thickness"": 0.001, ""n_starts"": 6, ""layout"": ""helical""}",0.001,0.001,6,0.012,25
0.009311127606308187,0.009311127606308187,75127.44262568576,12.521240437614294,0.4081835991891869,17.690240072077703,True,330.3195682568573,327.4230299667261,5.2610429721225255e-12,3.0,17.690240072077703,1909.5570579217567,776.3975155279503,83.22983870241634,laminar,4118.957485746376,16900.41519754999,17.652674938913037,0.6005134594547998,"{""family"": ""B1"", ""type"": ""channel"", ""channel_width"": 0.001, ""rib_thickness"": 0.001, ""n_starts"": 8, ""layout"": ""helical""}",0.001,0.001,8,0.016,25
0.009742697406185524,0.009742697406185524,30252.036967981345,5.0420061613302245,0.4081835991891869,18.603996499245703,True,330.65187700276283,327.42302996670804,1.0307114469280541e-12,3.0,18.603996499245703,2281.7237876027957,517.5983436853002,55.44613380510813,laminar,3390.5124794129483,14740.855016165284,14.530767768912636,0.6412795929657216,"{""family"": ""B1"", ""type"": ""channel"", ""channel_width"": 0.001, ""rib_thickness"": 0.001, ""n_starts"": 12, ""layout"": ""helical""}",0.001,0.001,12,0.024,25
0.010076385577573925,0.010076385577573925,16090.392890884144,2.6817321484806906,0.4081835991891869,18.912140911377172,True,330.9088168947319,327.42302996669747,1.4436751938207294e-12,3.0,18.912140911377172,2431.2582473721086,388.19875776397515,41.54226487137744,laminar,2974.245817813411,13408.622849951238,12.746767790628903,0.6680404978434112,"{""family"": ""B1"", ""type"": ""channel"", ""channel_width"": 0.001, ""rib_thickness"": 0.001, ""n_starts"": 16, ""layout"": ""helical""}",0.001,0.001,16,0.032,25
0.010349818794438968,0.010349818794438968,9932.21304117918,1.6553688401965303,0.4081835991891869,19.049322690551286,True,331.119360471718,327.42302996669804,1.3106468291620593e-12,3.0,19.049322690551286,2502.5771046903956,310.55900621118013,33.19041844048322,laminar,2698.769940718747,12480.348619309214,11.566156888794628,0.6874096899360873,"{""family"": ""B1"", ""type"": ""channel"", ""channel_width"": 0.001, ""rib_thickness"": 0.001, ""n_starts"": 20, ""layout"": ""helical""}",0.001,0.001,20,0.04,25
0.01058182811751867,0.01058182811751867,6726.156430803897,1.1210260718006495,0.4081835991891869,19.12152715322338,True,331.29800765048935,327.42302996669963,9.381378790690239e-13,3.0,19.12152715322338,2541.38885453373,258.7991718426501,27.61467676170537,laminar,2500.262989916261,11785.601637671649,10.715412813926832,0.7022907980216361,"{""family"": ""B1"", ""type"": ""channel"", ""channel_width"": 0.001, ""rib_thickness"": 0.001, ""n_starts"": 24, ""layout"": ""helical""}",0.001,0.001,24,0.048,25
0.00811015365780249,0.00811015365780249,6748417.570698062,1124.7362617830104,0.2994492761213332,0.7749993252536097,True,329.3948183165079,327.42302996656394,3.269205281666674e-11,3.0,0.7749993252536097,31.926437106488464,5942.359116569279,715.3769053915414,transitional,11381.869662483501,28293.56802552186,61.446540091311846,0.23553407944847193,"{""family"": ""B1"", ""type"": ""channel"", ""channel_width"": 0.0013166666666666667, ""rib_thickness"": 0.00035, ""n_starts"": 1, ""layout"": ""helical""}",0.0013166666666666667,0.00035,1,0.0016666666666666668,30
0.00878631691797387,0.00878631691797387,1195477.2025781586,199.24620042969312,0.2994492761213332,2.119860356138947,True,329.91546402683986,327.4230299666326,1.662219683685062e-11,3.0,2.119860356138947,158.96943078013928,2971.1795582846394,357.6816512145533,laminar,6945.7912068391415,20531.987975191874,37.497779408220424,0.3008379158001456,"{""family"": ""B1"", ""type"": ""channel"", ""channel_width"": 0.0013166666666666667, ""rib_thickness"": 0.00035, ""n_starts"": 2, ""layout"": ""helical""}",0.0013166666666666667,0.00035,2,0.0033333333333333335,30
0.009166183112051767,0.009166183112051767,435788.8103352313,72.63146838920522,0.2994492761213332,2.779402907062009,True,330.20796099627984,327.42302996670253,2.5970798383418524e-13,3.0,2.779402907062009,348.91808876526585,1980.7863721897595,238.44687751645264,laminar,5537.367454057251,17771.038216831956,29.8942160959355,0.33601300716540167,"{""family"": ""B1"", ""type"": ""channel"", ""channel_width"": 0.0013166666666666667, ""rib_thickness"": 0.00035, ""n_starts"": 3, ""layout"": ""helical""}",0.0013166666666666667,0.00035,3,0.005,30
0.009459770958167834,0.009459770958167834,216585.3800748006,36.097563345800104,0.2994492761213332,3.0534447957005195,True,330.4340236377892,327.4230299666797,5.607418714063969e-12,3.0,3.0534447957005195,532.5156070543776,1485.5897791423197,178.8272245845463,laminar,4734.490768858566,16090.230787411878,25.559779321628252,0.3622935414853924,"{""family"": ""B1"", ""type"": ""channel"", ""channel_width"": 0.0013166666666666667, ""rib_thickness"": 0.00035, ""n_starts"": 4, ""layout"": ""helical""}",0.0013166666666666667,0.00035,4,0.006666666666666667,30
0.00990837833166748,0.00990837833166748,82812.26139249261,13.802043565415437,0.2994492761213332,3.2489045142350035,True,330.77945131538394,327.42302996673305,6.883959491909543e-12,3.0,3.2489045142350035,784.4009855451048,990.3931860948798,119.20304207167102,laminar,3822.85696510733,14048.650448331964,20.638202750123856,0.4006817685539369,"{""family"": ""B1"", ""type"": ""channel"", ""channel_width"": 0.0013166666666666667, ""rib_thickness"": 0.00035, ""n_starts"": 6, ""layout"": ""helical""}",0.0013166666666666667,0.00035,6,0.01,30
0.010251558225952787,0.010251558225952787,42565.97407409279,7.0943290123487985,0.2994492761213332,3.312696580790337,True,331.0436998339836,327.42302996671316,2.2279667288560858e-12,3.0,3.312696580790337,914.5479591987192,742.7948895711598,89.38642575412685,laminar,3303.1381293299396,12799.161997211804,17.83243135879717,0.42845127186119,"{""family"": ""B1"", ""type"": ""channel"", ""channel_width"": 0.0013166666666666667, ""rib_thickness"": 0.00035, ""n_starts"": 8, ""layout"": ""helical""}",0.0013166666666666667,0.00035,8,0.013333333333333334,30
0.010769558501423764,0.010769558501423764,17029.371727508293,2.8382286212513823,0.2994492761213332,3.3544870134281433,True,331.4425600460963,327.4230299667307,6.338557961333375e-12,3.0,3.3544870134281433,1022.1575761599701,495.1965930474399,59.560779941946436,laminar,2712.934441145841,11276.229260784927,14.646138099124471,0.46756520836726,"{""family"": ""B1"", ""type"": ""channel"", ""channel_width"": 0.0013166666666666667, ""rib_thickness"": 0.00035, ""n_starts"": 12, ""layout"": ""helical""}",0.0013166666666666667,0.00035,12,0.02,30
0.011159980977759922,0.011159980977759922,9017.369326301583,1.5028948877169306,0.2994492761213332,3.367816486640485,True,331.7431853528751,327.42302996671344,2.2944070885635237e-12,3.0,3.367816486640485,1061.3386690088637,371.3974447855799,44.63896352996493,laminar,2376.3730010081117,10342.981086497932,12.829166315237414,0.4947810061401114,"{""family"": ""B1"", ""type"": ""channel"", ""channel_width"": 0.0013166666666666667, ""rib_thickness"": 0.00035, ""n_starts"": 16, ""layout"": ""helical""}",0.0013166666666666667,0.00035,16,0.02666666666666667,30
0.011474560124341449,0.011474560124341449,5547.578808385177,0.9245964680641963,0.2994492761213332,3.3736220247897344,True,331.9854112957429,327.4230299666995,9.64714022951999e-13,3.0,3.3736220247897344,1079.2548267732807,297.11795582846395,35.67872472854707,laminar,2154.0027366797,9693.61827464564,11.628670810776512,0.5153168497122352,"{""family"": ""B1"", ""type"": ""channel"", ""channel_width"": 0.0013166666666666667, ""rib_thickness"": 0.00035, ""n_starts"": 20, ""layout"": ""helical""}",0.0013166666666666667,0.00035,20,0.03333333333333333,30
0.011738265365031256,0.011738265365031256,3746.690096611236,0.6244483494352061,0.2994492761213332,3.3766430994589296,True,332.18846433107404,327.42302996669713,1.523403625469655e-12,3.0,3.3766430994589296,1088.7942103762337,247.59829652371994,29.69932352789514,laminar,1993.978295260982,9207.291577264712,10.764757539336054,0.531603964668366,"{""family"": ""B1"", ""type"": ""channel"", ""channel_width"": 0.0013166666666666667, ""rib_thickness"": 0.00035, ""n_starts"": 24, ""layout"": ""helical""}",0.0013166666666666667,0.00035,24,0.04,30
0.007826488898726362,0.007826488898726362,9254534.648052178,1542.42244134203,0.33319441086652923,0.9019078738520208,True,329.1763964520193,327.42302996729256,1.378237345318655e-10,3.0,0.9019078738520208,33.42715726634115,6066.734074823053,694.6475159288889,transitional,12903.64609481596,33581.18474423099,63.01780650956631,0.26423014576952947,"{""family"": ""B1"", ""type"": ""channel"", ""channel_width"": 0.0011666666666666668, ""rib_thickness"": 0.0005, ""n_starts"": 1, ""layout"": ""helical""}",0.0011666666666666668,0.0005,1,0.0016666666666666668,30
0.00842153561774195,0.00842153561774195,1647330.2862767053,274.55504771278424,0.33319441086652923,3.1097459626221133,True,329.6345824256613,327.4230299666147,2.0812516500976835e-11,3.0,3.1097459626221133,171.07834960985056,3033.3670374115263,347.31715356891993,laminar,7621.440509723351,24108.31481357461,37.220988535858226,0.34211428551133477,"{""family"": ""B1"", ""type"": ""channel"", ""channel_width"": 0.0011666666666666668, ""rib_thickness"": 0.0005, ""n_starts"": 2, ""layout"": ""helical""}",0.0011666666666666668,0.0005,2,0.0033333333333333335,30
0.008738166094200648,0.008738166094200648,601574.4377236906,100.26240628728179,0.33319441086652923,4.685555129376712,True,329.8783878925345,327.4230299668034,2.3352900565701673e-11,3.0,4.685555129376712,394.27182515699496,2022.2446916076844,231.53743138681193,laminar,6082.57173046845,20943.07671399767,29.70558286972964,0.38099008395601996,"{""family"": ""B1"", ""type"": ""channel"", ""channel_width"": 0.0011666666666666668, ""rib_thickness"": 0.0005, ""n_starts"": 3, ""layout"": ""helical""}",0.0011666666666666668,0.0005,3,0.005,30
0.008984319120468053,0.008984319120468053,299443.15659141174,49.907192765235294,0.33319441086652923,5.488625989159878,True,330.0679257227604,327.4230299666483,1.2950554914173804e-11,3.0,5.488625989159878,632.7811531494433,1516.6835187057632,173.64536987690883,laminar,5204.577776280414,18995.818550260334,25.41770541904388,0.40969846287245554,"{""family"": ""B1"", ""type"": ""channel"", ""channel_width"": 0.0011666666666666668, ""rib_thickness"": 0.0005, ""n_starts"": 4, ""layout"": ""helical""}",0.0011666666666666668,0.0005,4,0.006666666666666667,30
0.009363355178361003,0.009363355178361003,114773.33216027968,19.12888869337995,0.33319441086652923,6.130596305525399,True,330.35978348733795,327.42302996668553,4.237270851652804e-12,3.0,6.130596305525399,1004.018397592804,1011.1223458038422,115.7489100391529,laminar,4206.812810615536,16606.8205739189,20.544899772773547,0.45105576430203453,"{""family"": ""B1"", ""type"": ""channel"", ""channel_width"": 0.0011666666666666668, ""rib_thickness"": 0.0005, ""n_starts"": 6, ""layout"": ""helical""}",0.0011666666666666668,0.0005,6,0.01,30
0.009655835679386389,0.009655835679386389,59101.697351198316,9.850282891866387,0.33319441086652923,6.354600676290874,True,330.5849934731275,327.4230299666712,7.589556112002535e-12,3.0,6.354600676290874,1219.7458364471415,758.3417593528816,86.79628618131295,laminar,3637.501034258726,15130.99624549612,17.764539934751916,0.48051706541681727,"{""family"": ""B1"", ""type"": ""channel"", ""channel_width"": 0.0011666666666666668, ""rib_thickness"": 0.0005, ""n_starts"": 8, ""layout"": ""helical""}",0.0011666666666666668,0.0005,8,0.013333333333333334,30
0.010101379924041393,0.010101379924041393,23705.009663329256,3.9508349438882093,0.33319441086652923,6.505721204111424,True,330.92806254151185,327.42302996671305,2.2013905849731108e-12,3.0,6.505721204111424,1412.74536961037,505.5611729019211,57.83489447540318,laminar,2990.436304604241,13318.232075330927,14.604456371323035,0.5213344920803328,"{""family"": ""B1"", ""type"": ""channel"", ""channel_width"": 0.0011666666666666668, ""rib_thickness"": 0.0005, ""n_starts"": 12, ""layout"": ""helical""}",0.0011666666666666668,0.0005,12,0.02,30
0.010440199749216051,0.010440199749216051,12573.716098779922,2.0956193497966535,0.33319441086652923,6.554737875314548,True,331.18895380689634,327.42302996672544,5.10143846358088e-12,3.0,6.554737875314548,1486.7229230430967,379.1708796764408,43.3454657202819,laminar,2621.133956653435,12200.451428868604,12.800886765051656,0.5492564282096314,"{""family"": ""B1"", ""type"": ""channel"", ""channel_width"": 0.0011666666666666668, ""rib_thickness"": 0.0005, ""n_starts"": 16, ""layout"": ""helical""}",0.0011666666666666668,0.0005,16,0.02666666666666667,30
0.010714895491568618,0.010714895491568618,7745.092592178835,1.2908487653631393,0.33319441086652923,6.576230653624592,True,331.4004695285078,327.42302996670793,1.004135303045079e-12,3.0,6.576230653624592,1521.2788548556532,303.3367037411527,34.6448666673562,laminar,2376.979003499004,11420.076267776943,11.608502110111417,0.5700624704583093,"{""family"": ""B1"", ""type"": ""channel"", ""channel_width"": 0.0011666666666666668, ""rib_thickness"": 0.0005, ""n_starts"": 20, ""layout"": ""helical""}",0.0011666666666666668,0.0005,20,0.03333333333333333,30
0.01094622355522434,0.01094622355522434,5235.811888010071,0.8726353146683452,0.33319441086652923,6.587455383726036,True,331.5785921375227,327.4230299667038,3.292488936613036e-14,3.0,6.587455383726036,1539.878511713942,252.78058645096056,28.83872984707161,laminar,2201.1913316056134,10834.489668493581,10.75000417760881,0.5864031447001441,"{""family"": ""B1"", ""type"": ""channel"", ""channel_width"": 0.0011666666666666668, ""rib_thickness"": 0.0005, ""n_starts"": 24, ""layout"": ""helical""}",0.0011666666666666668,0.0005,24,0.04,30
0.007489307441448483,0.007489307441448483,17571049.92728382,2928.5083212139702,0.3894363021085224,0.7771965396785974,True,328.9167667299153,327.42302996670924,1.3100562481868821e-12,3.0,0.7771965396785974,26.61847321886488,6286.013619696176,649.4225282019229,transitional,16546.347574538024,43119.40862246372,65.78668312768131,0.2855524233035192,"{""family"": ""B1"", ""type"": ""channel"", ""channel_width"": 0.0009166666666666668, ""rib_thickness"": 0.00075, ""n_starts"": 1, ""layout"": ""helical""}",0.0009166666666666668,0.00075,1,0.0016666666666666668,30
0.007997224428050145,0.007997224428050145,3124229.8251669067,520.7049708611512,0.3894363021085224,3.474514806452558,True,329.3078628095986,327.4230299665896,2.66923406898413e-11,3.0,3.474514806452558,142.30009398846673,3143.006809848088,324.7050896842387,laminar,9195.05091806727,30188.245541237866,36.55863618026747,0.3795968275674566,"{""family"": ""B1"", ""type"": ""channel"", ""channel_width"": 0.0009166666666666668, ""rib_thickness"": 0.00075, ""n_starts"": 2, ""layout"": ""helical""}",0.0009166666666666668,0.00075,2,0.0033333333333333335,30
0.00824321805902003,0.00824321805902003,1146348.4946366814,191.0580824394469,0.3894363021085224,6.617166370672269,True,329.4972779054454,327.42302996677,1.5530803194723107e-11,3.0,6.617166370672269,351.34901434874536,2095.3378732320593,216.46319984824598,laminar,7354.885685919249,26341.973601909915,29.242316582570513,0.4210501741973024,"{""family"": ""B1"", ""type"": ""channel"", ""channel_width"": 0.0009166666666666668, ""rib_thickness"": 0.00075, ""n_starts"": 3, ""layout"": ""helical""}",0.0009166666666666668,0.00075,3,0.005,30
0.008435673476480894,0.008435673476480894,572850.2999336603,95.47504998894338,0.3894363021085224,8.966824716471407,True,329.64546857689027,327.4230299667472,1.019638053643481e-11,3.0,8.966824716471407,612.0696551468242,1571.503404924044,162.34019776954668,laminar,6303.184204840222,23947.085303199714,25.060852862617754,0.4512783919332109,"{""family"": ""B1"", ""type"": ""channel"", ""channel_width"": 0.0009166666666666668, ""rib_thickness"": 0.00075, ""n_starts"": 4, ""layout"": ""helical""}",0.0009166666666666668,0.00075,4,0.006666666666666667,30
0.008734224142687277,0.008734224142687277,220876.24178099955,36.812706963499934,0.3894363021085224,11.462220625775364,True,329.8753525898692,327.4230299666742,6.88455007288472e-12,3.0,11.462220625775364,1123.936610341283,1047.6689366160297,108.21308371588387,laminar,5106.012183806605,20977.44763386236,20.301012297062407,0.4942196973640161,"{""family"": ""B1"", ""type"": ""channel"", ""channel_width"": 0.0009166666666666668, ""rib_thickness"": 0.00075, ""n_starts"": 6, ""layout"": ""helical""}",0.0009166666666666668,0.00075,6,0.01,30
0.008966352209141883,0.008966352209141883,114228.26706903246,19.03804451150541,0.3894363021085224,12.516650014950587,True,330.0540912010392,327.42302996669457,2.122105089055568e-12,3.0,12.516650014950587,1505.3967645011192,785.751702462022,81.14541881724115,laminar,4421.749116885627,19125.844666755005,17.58044829605129,0.5243614577743893,"{""family"": ""B1"", ""type"": ""channel"", ""channel_width"": 0.0009166666666666668, ""rib_thickness"": 0.00075, ""n_starts"": 8, ""layout"": ""helical""}",0.0009166666666666668,0.00075,8,0.013333333333333334,30
0.00932256950967758,0.00932256950967758,46084.21880316918,7.68070313386153,0.3894363021085224,13.297868118569323,True,330.3283785224517,327.42302996671634,2.972984629042157e-12,3.0,13.297868118569323,1922.2614877993267,523.8344683080148,54.06955690078753,laminar,3642.7339792964135,16835.230477938727,14.48315919479297,0.5654988988437994,"{""family"": ""B1"", ""type"": ""channel"", ""channel_width"": 0.0009166666666666668, ""rib_thickness"": 0.00075, ""n_starts"": 12, ""layout"": ""helical""}",0.0009166666666666668,0.00075,12,0.02,30
0.00959526641913283,0.00959526641913283,24538.32358374643,4.089720597291072,0.3894363021085224,13.565485374133617,True,330.53835514273226,327.4230299667094,1.3499204640113448e-12,3.0,13.565485374133617,2106.714831617976,392.875851231011,40.523461595502084,laminar,3197.3640407683693,15415.180535591207,12.712411246428458,0.5932243516776685,"{""family"": ""B1"", ""type"": ""channel"", ""channel_width"": 0.0009166666666666668, ""rib_thickness"": 0.00075, ""n_starts"": 16, ""layout"": ""helical""}",0.0009166666666666668,0.00075,16,0.02666666666666667,30
0.00981731685697715,0.00981731685697715,15156.651200196136,2.5261085333660227,0.3894363021085224,13.68539431472011,True,330.7093339798724,327.42302996669895,1.0977423876106692e-12,3.0,13.68539431472011,2198.575846583374,314.3006809848089,32.38931455796962,laminar,2902.552615089319,14421.047733405536,11.540269433487655,0.6136669212603751,"{""family"": ""B1"", ""type"": ""channel"", ""channel_width"": 0.0009166666666666668, ""rib_thickness"": 0.00075, ""n_starts"": 20, ""layout"": ""helical""}",0.0009166666666666668,0.00075,20,0.03333333333333333,30
0.010004889753828189,0.010004889753828189,10267.548098930018,1.7112580164883362,0.3894363021085224,13.748723219353577,True,330.8537651104477,327.42302996670475,2.59117402859008e-13,3.0,13.748723219353577,2249.696735598745,261.9172341540074,26.961185951084207,laminar,2690.0854068920085,13673.906201372794,10.695520292462204,0.6295937666111621,"{""family"": ""B1"", ""type"": ""channel"", ""channel_width"": 0.0009166666666666668, ""rib_thickness"": 0.00075, ""n_starts"": 24, ""layout"": ""helical""}",0.0009166666666666668,0.00075,24,0.04,30
0.007742521541713108,0.007742521541713108,13275123.069476953,2212.5205115794924,0.3125723840777983,0.5173202075800822,True,329.11174158711907,327.423029966957,5.929713516742561e-11,3.0,0.5173202075800822,19.18138695737193,6142.236651603563,680.4146532708571,transitional,13994.645392187396,35542.29010920691,63.97148700969616,0.2124650445646317,"{""family"": ""B1"", ""type"": ""channel"", ""channel_width"": 0.0010785714285714285, ""rib_thickness"": 0.00035, ""n_starts"": 1, ""layout"": ""helical""}",0.0010785714285714285,0.00035,1,0.0014285714285714286,35
0.008339468416282338,0.008339468416282338,2365274.9521650625,394.21249202751045,0.3125723840777983,1.8097867459053119,True,329.5713906805374,327.4230299666355,1.594376694161578e-11,3.0,1.8097867459053119,100.75783481833004,3071.1183258017813,340.2025737930351,laminar,8098.65220513358,25088.093319269083,37.02007516574683,0.2789060630943219,"{""family"": ""B1"", ""type"": ""channel"", ""channel_width"": 0.0010785714285714285, ""rib_thickness"": 0.00035, ""n_starts"": 2, ""layout"": ""helical""}",0.0010785714285714285,0.00035,2,0.002857142857142857,35
0.008642503257978908,0.008642503257978908,864807.944124708,144.13465735411802,0.3125723840777983,2.756729010611785,True,329.80472750864374,327.4230299666888,3.4789648795252454e-12,3.0,2.756729010611785,242.74006530474873,2047.4122172011873,226.79643522112568,laminar,6468.082461737076,21809.667230049537,29.56651216111902,0.31153460954448864,"{""family"": ""B1"", ""type"": ""channel"", ""channel_width"": 0.0010785714285714285, ""rib_thickness"": 0.00035, ""n_starts"": 3, ""layout"": ""helical""}",0.0010785714285714285,0.00035,3,0.004285714285714286,35
0.008875660109497432,0.008875660109497432,430919.46673995716,71.81991112332621,0.3125723840777983,3.2480098663789976,True,329.984258284313,327.42302996673317,6.910535635792518e-12,3.0,3.2480098663789976,409.6743935155511,1535.5591629008907,170.09178220762203,laminar,5537.254982380718,19809.73465553114,25.311569192920935,0.33601631119280256,"{""family"": ""B1"", ""type"": ""channel"", ""channel_width"": 0.0010785714285714285, ""rib_thickness"": 0.00035, ""n_starts"": 4, ""layout"": ""helical""}",0.0010785714285714285,0.00035,4,0.005714285714285714,35
0.009230097191288984,0.009230097191288984,165433.2721307281,27.57221202178802,0.3125723840777983,3.645429956102555,True,330.2571748372925,327.4230299666857,4.1972589905845465e-12,3.0,3.645429956102555,707.3016323521375,1023.7061086005937,113.38396306629876,laminar,4478.886699748379,17376.558133587016,20.47361932377412,0.3719833482190802,"{""family"": ""B1"", ""type"": ""channel"", ""channel_width"": 0.0010785714285714285, ""rib_thickness"": 0.00035, ""n_starts"": 6, ""layout"": ""helical""}",0.0010785714285714285,0.00035,6,0.008571428571428572,35
0.009499742024461978,0.009499742024461978,85288.75774176721,14.214792956961205,0.3125723840777983,3.7852241272477656,True,330.4648013588357,327.42302996666615,8.773523321989079e-12,3.0,3.7852241272477656,905.999773491971,767.7795814504453,85.02688968925695,laminar,3874.673956898193,15885.165796526753,17.711678127899912,0.3981836402246838,"{""family"": ""B1"", ""type"": ""channel"", ""channel_width"": 0.0010785714285714285, ""rib_thickness"": 0.00035, ""n_starts"": 8, ""layout"": ""helical""}",0.0010785714285714285,0.00035,8,0.011428571428571429,35
0.009904385319451906,0.009904385319451906,34262.16105553994,5.710360175923324,0.3125723840777983,3.8799478314947007,True,330.77637669597794,327.4230299667072,8.310950773181516e-13,3.0,3.8799478314947007,1103.3431465381525,511.85305430029683,56.66349929866829,laminar,3187.6027429911096,14064.586347131844,14.570979238899822,0.4353901220015951,"{""family"": ""B1"", ""type"": ""channel"", ""channel_width"": 0.0010785714285714285, ""rib_thickness"": 0.00035, ""n_starts"": 12, ""layout"": ""helical""}",0.0010785714285714285,0.00035,12,0.017142857142857144,35
0.010207615823348648,0.010207615823348648,18191.120895023276,3.0318534825038794,0.3125723840777983,3.9107697783851187,True,331.00986418397844,327.42302996672606,5.247754900181038e-12,3.0,3.9107697783851187,1184.610761581831,383.88979072522267,42.47550559707613,laminar,2795.2861418870416,12946.918989036214,12.777645028000299,0.46151157110741853,"{""family"": ""B1"", ""type"": ""channel"", ""channel_width"": 0.0010785714285714285, ""rib_thickness"": 0.00035, ""n_starts"": 16, ""layout"": ""helical""}",0.0010785714285714285,0.00035,16,0.022857142857142857,35
0.010450934010793032,0.010450934010793032,11212.146018102338,1.8686910030170565,0.3125723840777983,3.924307292150085,True,331.1972191883106,327.4230299667169,3.106012993700827e-12,3.0,3.924307292150085,1223.7532488860468,307.11183258017815,33.957694178992845,laminar,2535.841291421312,12168.018172352711,11.591686226174108,0.4813588948631318,"{""family"": ""B1"", ""type"": ""channel"", ""channel_width"": 0.0010785714285714285, ""rib_thickness"": 0.00035, ""n_starts"": 20, ""layout"": ""helical""}",0.0010785714285714285,0.00035,20,0.02857142857142857,35
0.010654259151736638,0.010654259151736638,7582.43315632162,1.2637388593869368,0.3125723840777983,3.93138512206952,True,331.3537795468372,327.4230299666941,2.2285573098312633e-12,3.0,3.93138512206952,1245.1513645145626,255.92652715014842,28.274999071795236,laminar,2349.0115520293243,11583.868552110207,10.737661282232935,0.4971880934472627,"{""family"": ""B1"", ""type"": ""channel"", ""channel_width"": 0.0010785714285714285, ""rib_thickness"": 0.00035, ""n_starts"": 24, ""layout"": ""helical""}",0.0010785714285714285,0.00035,24,0.03428571428571429,35
0.010981663686773604,0.010981663686773604,4119.747150285693,0.6866245250476156,0.3125723840777983,3.9381610623488372,True,331.60588103881565,327.4230299667081,1.0439995188695417e-12,3.0,3.9381610623488372,1266.2741038158547,191.94489536261133,21.162379009786182,laminar,2094.0258416439415,10749.891881541664,9.572085835163525,0.5212619514297195,"{""family"": ""B1"", ""type"": ""channel"", ""channel_width"": 0.0010785714285714285, ""rib_thickness"": 0.00035, ""n_starts"": 32, ""layout"": ""helical""}",0.0010785714285714285,0.00035,32,0.045714285714285714,35
0.007496749083719357,0.007496749083719357,19792247.505684,3298.707917614,0.3519417079471936,0.530003210339822,True,328.9224967944639,327.4230299668812,4.1551210380056516e-11,3.0,0.530003210339822,18.42571975907749,6275.212909009412,651.9431713477155,transitional,16328.427762990388,42851.33624882431,65.65037966563145,0.23504040425413392,"{""family"": ""B1"", ""type"": ""channel"", ""channel_width"": 0.0009285714285714286, ""rib_thickness"": 0.0005, ""n_starts"": 1, ""layout"": ""helical""}",0.0009285714285714286,0.0005,1,0.0014285714285714286,35
0.008012800953532455,0.008012800953532455,3519939.893184222,586.656648864037,0.3519417079471936,2.262433641348612,True,329.31985673421997,327.4230299666,2.4257965910160774e-11,3.0,2.262433641348612,99.02621022688837,3137.606454504706,325.96703171087654,laminar,9102.402344820388,29912.15502238007,36.59728777814382,0.3138312464540018,"{""family"": ""B1"", ""type"": ""channel"", ""channel_width"": 0.0009285714285714286, ""rib_thickness"": 0.0005, ""n_starts"": 2, ""layout"": ""helical""}",0.0009285714285714286,0.0005,2,0.002857142857142857,35
0.008259613881654916,0.008259613881654916,1290985.2717422443,215.16421195704075,0.3519417079471936,4.095678443426833,True,329.50990268887426,327.4230299668132,2.5640958908782043e-11,3.0,4.095678443426833,247.06585428801745,2091.737636336471,217.30629479779657,laminar,7279.908912970984,26119.731311587988,29.269736866584363,0.34975238953047655,"{""family"": ""B1"", ""type"": ""channel"", ""channel_width"": 0.0009285714285714286, ""rib_thickness"": 0.0005, ""n_starts"": 3, ""layout"": ""helical""}",0.0009285714285714286,0.0005,3,0.004285714285714286,35
0.008450260162221536,0.008450260162221536,644909.1575633053,107.48485959388424,0.3519417079471936,5.352116416395404,True,329.65670032491056,327.4230299667348,7.296332657827041e-12,3.0,5.352116416395404,435.98953401833484,1568.803227252353,162.9744088836947,laminar,6238.410327943903,23782.946455440095,25.08226832884662,0.3764691473431409,"{""family"": ""B1"", ""type"": ""channel"", ""channel_width"": 0.0009285714285714286, ""rib_thickness"": 0.0005, ""n_starts"": 4, ""layout"": ""helical""}",0.0009285714285714286,0.0005,4,0.005714285714285714,35
0.008741755939826651,0.008741755939826651,248534.92305858267,41.42248717643045,0.3519417079471936,6.592174423383509,True,329.8811520736665,327.42302996672856,5.833020646581669e-12,3.0,6.592174423383509,821.2772985031017,1045.8688181682355,108.63948932620842,laminar,5052.974993252892,20911.871939760356,20.316085024418843,0.4153007979901383,"{""family"": ""B1"", ""type"": ""channel"", ""channel_width"": 0.0009285714285714286, ""rib_thickness"": 0.0005, ""n_starts"": 6, ""layout"": ""helical""}",0.0009285714285714286,0.0005,6,0.008571428571428572,35
0.008965066468665081,0.008965066468665081,128484.80527932737,21.41413421322123,0.3519417079471936,7.0894465493013294,True,330.0531011808721,327.4230299666603,1.0143671184400242e-11,3.0,7.0894465493013294,1121.426452528312,784.4016136261765,81.46899812838113,laminar,4375.499914694405,19135.216442949408,17.5922161518641,0.4432457192923068,"{""family"": ""B1"", ""type"": ""channel"", ""channel_width"": 0.0009285714285714286, ""rib_thickness"": 0.0005, ""n_starts"": 8, ""layout"": ""helical""}",0.0009285714285714286,0.0005,8,0.011428571428571429,35
0.009302808521352868,0.009302808521352868,51807.70045696038,8.634616742826731,0.3519417079471936,7.448219139740156,True,330.3131625614417,327.4230299667199,3.811019032818641e-12,3.0,7.448219139740156,1462.9082002867992,522.9344090841178,54.292454248082414,laminar,3604.3198486873043,16948.119866669476,14.491595267918026,0.48240103206071017,"{""family"": ""B1"", ""type"": ""channel"", ""channel_width"": 0.0009285714285714286, ""rib_thickness"": 0.0005, ""n_starts"": 12, ""layout"": ""helical""}",0.0009285714285714286,0.0005,12,0.017142857142857144,35
0.00955792238247723,0.00955792238247723,27573.99235865191,4.595665393108653,0.3519417079471936,7.569266396549692,True,330.50960023450745,327.42302996671623,2.9462608399153873e-12,3.0,7.569266396549692,1618.6891396328954,392.20080681308826,40.69814735828752,laminar,3163.5099843792796,15595.644426251582,12.719266947504318,0.5095065066838605,"{""family"": ""B1"", ""type"": ""channel"", ""channel_width"": 0.0009285714285714286, ""rib_thickness"": 0.0005, ""n_starts"": 16, ""layout"": ""helical""}",0.0009285714285714286,0.0005,16,0.022857142857142857,35
0.009763802516167212,0.009763802516167212,17024.965558416076,2.8374942597360127,0.3519417079471936,7.623193833299341,True,330.66812793744873,327.4230299667138,2.374283165456244e-12,3.0,7.623193833299341,1697.3694659783082,313.76064545047063,32.53675788474773,laminar,2871.7700311350372,14649.007895045292,11.546291877759426,0.5298854695148306,"{""family"": ""B1"", ""type"": ""channel"", ""channel_width"": 0.0009285714285714286, ""rib_thickness"": 0.0005, ""n_starts"": 20, ""layout"": ""helical""}",0.0009285714285714286,0.0005,20,0.02857142857142857,35
0.009936588183521278,0.009936588183521278,11528.654515088783,1.9214424191814639,0.3519417079471936,7.65159632336184,True,330.80117290131136,327.42302996670327,8.666775810725794e-14,3.0,7.65159632336184,1741.473516854298,261.4672045420589,27.09185123528179,laminar,2661.555951997869,13937.061292220196,10.70110125030071,0.5460040123852797,"{""family"": ""B1"", ""type"": ""channel"", ""channel_width"": 0.0009285714285714286, ""rib_thickness"": 0.0005, ""n_starts"": 24, ""layout"": ""helical""}",0.0009285714285714286,0.0005,24,0.03428571428571429,35
0.010216124684105305,0.010216124684105305,6275.6309013295295,1.0459384835549217,0.3519417079471936,7.678939666040781,True,331.01641600676106,327.42302996669986,8.848379460592792e-13,3.0,7.678939666040781,1785.8219523277435,196.10040340654413,20.276853854601217,laminar,2374.4568138799596,12918.049253765812,9.54678512797097,0.570288441903697,"{""family"": ""B1"", ""type"": ""channel"", ""channel_width"": 0.0009285714285714286, ""rib_thickness"": 0.0005, ""n_starts"": 32, ""layout"": ""helical""}",0.0009285714285714286,0.0005,32,0.045714285714285714,35
0.00747958495475678,0.00747958495475678,24594443.20175193,4099.073866958655,0.3256954920342634,0.3392754600483177,True,328.9092804151627,327.4230299670283,7.597883303752533e-11,3.0,0.3392754600483177,11.902057280573619,6301.197227473221,645.826294239209,transitional,16861.117806469836,43474.70453218566,65.97828706879501,0.19358332332500017,"{""family"": ""B1"", ""type"": ""channel"", ""channel_width"": 0.0009, ""rib_thickness"": 0.00035, ""n_starts"": 1, ""layout"": ""helical""}",0.0009,0.00035,1,0.00125,40
0.00800758758692593,0.00800758758692593,4368880.217613983,728.1467029356638,0.3256954920342634,1.4168406313706234,True,329.31584244193294,327.4230299666833,4.756096238345997e-12,3.0,1.4168406313706234,64.59019916729046,3150.5986137366103,322.90969318058853,laminar,9328.65117138123,30004.00373591953,36.503417627143946,0.26003418644414716,"{""family"": ""B1"", ""type"": ""channel"", ""channel_width"": 0.0009, ""rib_thickness"": 0.00035, ""n_starts"": 2, ""layout"": ""helical""}",0.0009,0.00035,2,0.0025,40
0.008255247991608976,0.008255247991608976,1603346.6184179154,267.22443640298593,0.3256954920342634,2.5041348412515205,True,329.5065409535389,327.4230299667401,8.533452155579536e-12,3.0,2.5041348412515205,163.64290714453858,2100.3990758244067,215.26929124123117,laminar,7463.079518066922,26178.548298850914,29.203354635914042,0.29038966359157375,"{""family"": ""B1"", ""type"": ""channel"", ""channel_width"": 0.0009, ""rib_thickness"": 0.00035, ""n_starts"": 3, ""layout"": ""helical""}",0.0009,0.00035,3,0.00375,40
0.00844510949693252,0.00844510949693252,801354.3295015048,133.5590549169175,0.3256954920342634,3.220687202682501,True,329.652734312638,327.4230299668257,2.8567582931272786e-11,3.0,3.220687202682501,294.705754529558,1575.2993068683052,161.4479392663804,laminar,6396.731512179022,23840.651633719983,25.03068852591791,0.313229708737591,"{""family"": ""B1"", ""type"": ""channel"", ""channel_width"": 0.0009, ""rib_thickness"": 0.00035, ""n_starts"": 4, ""layout"": ""helical""}",0.0009,0.00035,4,0.005,40
0.00873250043926547,0.00873250043926547,309058.8185054084,51.50980308423474,0.3256954920342634,3.9067109919491325,True,329.8740253382344,327.42302996670105,6.054931448004512e-13,3.0,3.9067109919491325,579.7068482058824,1050.1995379122034,107.6242860197635,laminar,5182.760760771572,20992.51188302684,20.28036819432354,0.3469218460490453,"{""family"": ""B1"", ""type"": ""channel"", ""channel_width"": 0.0009, ""rib_thickness"": 0.00035, ""n_starts"": 6, ""layout"": ""helical""}",0.0009,0.00035,6,0.0075,40
0.008950107275071869,0.008950107275071869,159858.3872505932,26.643064541765536,0.3256954920342634,4.176251409074709,True,330.0415826018053,327.42302996668053,5.407802344454066e-12,3.0,4.176251409074709,820.0583720775685,787.6496534341526,80.71015941664841,laminar,4488.835671496689,19244.919393948017,17.56500914933487,0.3715922235170267,"{""family"": ""B1"", ""type"": ""channel"", ""channel_width"": 0.0009, ""rib_thickness"": 0.00035, ""n_starts"": 8, ""layout"": ""helical""}",0.0009,0.00035,8,0.01,40
0.009274981537868808,0.009274981537868808,64501.90931142736,10.750318218571227,0.3256954920342634,4.368876120125695,True,330.29173578415896,327.4230299667165,3.0128488448666195e-12,3.0,4.368876120125695,1115.7003894430152,525.0997689561017,53.79143875444436,laminar,3698.78514086559,17109.62119985137,14.473507072952309,0.4068479961506411,"{""family"": ""B1"", ""type"": ""channel"", ""channel_width"": 0.0009, ""rib_thickness"": 0.00035, ""n_starts"": 12, ""layout"": ""helical""}",0.0009,0.00035,12,0.015,40
0.009517156595332118,0.009517156595332118,34343.68308344761,5.723947180574602,0.3256954920342634,4.433546109846151,True,330.4782105784057,327.4230299667078,9.775591591621037e-13,3.0,4.433546109846151,1259.2824322987894,393.8248267170763,40.32749467252773,laminar,3247.1160807326337,15797.411588354904,12.706106402866826,0.4317769880123967,"{""family"": ""B1"", ""type"": ""channel"", ""channel_width"": 0.0009, ""rib_thickness"": 0.00035, ""n_starts"": 16, ""layout"": ""helical""}",0.0009,0.00035,16,0.02,40
0.009710733181414116,0.009710733181414116,21209.383898413267,3.534897316402212,0.3256954920342634,4.462312363473624,True,330.62726454968885,327.4230299667049,2.9898161868347076e-13,3.0,4.462312363473624,1334.0522812662532,315.059861373661,32.24547438259153,laminar,2948.1634026441398,14882.118481417441,11.536291575564025,0.45082590020529145,"{""family"": ""B1"", ""type"": ""channel"", ""channel_width"": 0.0009, ""rib_thickness"": 0.00035, ""n_starts"": 20, ""layout"": ""helical""}",0.0009,0.00035,20,0.025,40
0.009872008055003567,0.009872008055003567,14363.633841483088,2.3939389735805148,0.3256954920342634,4.477453979046339,True,330.7514462023527,327.4230299667084,1.1105875238207739e-12,3.0,4.477453979046339,1376.6555359170845,262.54988447805084,26.854430035069683,laminar,2732.743914194869,14195.115077583398,10.693345751197313,0.4660890544485035,"{""family"": ""B1"", ""type"": ""channel"", ""channel_width"": 0.0009, ""rib_thickness"": 0.00035, ""n_starts"": 24, ""layout"": ""helical""}",0.0009,0.00035,24,0.03,40
0.010130828644345937,0.010130828644345937,7818.507756336267,1.3030846260560447,0.3256954920342634,4.492026950018829,True,330.95073805614635,327.4230299667007,6.85369221693171e-13,3.0,4.492026950018829,1420.012521566107,196.91241335853815,20.108858757663338,laminar,2438.537631342566,13213.243477870094,9.542103774818736,0.4894282504621507,"{""family"": ""B1"", ""type"": ""channel"", ""channel_width"": 0.0009, ""rib_thickness"": 0.00035, ""n_starts"": 32, ""layout"": ""helical""}",0.0009,0.00035,32,0.04,40
0.010333951671924376,0.010333951671924376,4903.8931469689105,0.8173155244948185,0.3256954920342634,4.498546984190687,True,331.10714278738175,327.42302996669844,1.2174826803278519e-12,3.0,4.498546984190687,1440.2112067998353,157.5299306868305,16.054388176993463,laminar,2243.691979473448,12530.780102603572,8.779664267504797,0.506759709426573,"{""family"": ""B1"", ""type"": ""channel"", ""channel_width"": 0.0009, ""rib_thickness"": 0.00035, ""n_starts"": 40, ""layout"": ""helical""}",0.0009,0.00035,40,0.05,40
