thermal_resistance,R_active,delta_p,pump_power,mass,min_structural_margin,manufacturable,T_wall_max,T_out,energy_balance_error,flow_lpm,lattice_margin,outer_wall_margin,reynolds,U_eff,design,gradient_max,rho_min,rho_max,rho_0,rho_1,rho_2,rho_3,amp_z,objective,feasible_cap
0.02436891174130337,0.016808329572263102,1833.244790344269,0.3055407983907115,0.3435312079471936,12.693400575674648,True,341.91406204080357,327.4230299667002,8.051095144103536e-13,3.0,21.04704985249263,12.693400575674648,195.12469806561947,12475.690237786599,"{""family"": ""B3"", ""type"": ""graded_density_lattice"", ""rho_path"": [0.35, 0.35, 0.35, 0.35], ""amp_z"": 0.0, ""L"": 0.004, ""w"": 0.0, ""a_z"": 1.0}",0.0,0.35,0.35,0.35,0.35,0.35,0.35,0.0,0.02436891174130337,True
0.02482554910498688,0.01724969282381076,2441.4451043880276,0.4069075173980046,0.3576587531406189,12.655265448688036,False,342.2656728108399,327.42302996669963,9.379902338252296e-13,3.0,13.618161574984363,12.655265448688036,185.40499182925123,13521.49408418803,"{""family"": ""B3"", ""type"": ""graded_density_lattice"", ""rho_path"": [0.455176, 0.47941, 0.308815, 0.309365], ""amp_z"": -0.075011, ""L"": 0.004, ""w"": 0.0, ""a_z"": 1.0}",0.03240475200000006,0.24477592125,0.5165653621590909,0.455176,0.47941,0.308815,0.309365,-0.075011,0.3554426911547002,False
0.02362748189845274,0.016052047698695573,1766.5410623709824,0.2944235103951638,0.33658256622822114,9.493079965777984,False,341.3431610618086,327.4230299666895,3.305924653798318e-12,3.0,9.493079965777984,12.697596995629103,201.97095340966467,12064.514800208248,"{""family"": ""B3"", ""type"": ""graded_density_lattice"", ""rho_path"": [0.210026, 0.285533, 0.388425, 0.423599], ""amp_z"": 0.046794, ""L"": 0.004, ""w"": 0.0, ""a_z"": 1.0}",0.02021500800000009,0.18744800306818182,0.4632495990909091,0.210026,0.285533,0.388425,0.423599,0.046794,0.25990230088298016,False
0.026528313297917862,0.01916336420492427,1528.1341262684991,0.2546890210447499,0.328408862039524,8.713459016921732,False,343.57680123939673,327.42302996669855,1.1907588912010824e-12,3.0,8.713459016921732,12.712618199535527,210.0167973026779,11468.404210798866,"{""family"": ""B3"", ""type"": ""graded_density_lattice"", ""rho_path"": [0.323237, 0.39533, 0.251248, 0.225795], ""amp_z"": 0.100628, ""L"": 0.004, ""w"": 0.0, ""a_z"": 1.0}",0.04347129600000006,0.17607528397727273,0.4810363453409091,0.323237,0.39533,0.251248,0.225795,0.100628,0.2918114462770965,False
0.022686303819061438,0.014958140245045631,2285.167846573866,0.38086130776231103,0.34995117159839195,9.140971354416267,False,340.6184539406773,327.4230299666876,3.758457326027868e-12,3.0,9.140971354416267,12.665042389836442,194.9703962859155,13052.028343118644,"{""family"": ""B3"", ""type"": ""graded_density_lattice"", ""rho_path"": [0.415738, 0.200282, 0.45273, 0.487832], ""amp_z"": -0.024446, ""L"": 0.004, ""w"": 0.0, ""a_z"": 1.0}",0.013829694740254764,0.18002331840909092,0.4996641627272727,0.415738,0.200282,0.45273,0.487832,-0.024446,0.305474572565155,False
0.023305604109492607,0.015614171644754949,2101.517649712494,0.35025294161874904,0.35260276508838095,12.676551148183236,True,341.0953151643093,327.42302996669133,2.8805587064269208e-12,3.0,18.696988304863318,12.676551148183236,187.7171199175935,13100.226100704436,"{""family"": ""B3"", ""type"": ""graded_density_lattice"", ""rho_path"": [0.382206, 0.366346, 0.354914, 0.430026], ""amp_z"": -0.047658, ""L"": 0.004, ""w"": 0.0, ""a_z"": 1.0}",0.020588256000000006,0.31438836886363636,0.45303612340909094,0.382206,0.366346,0.354914,0.430026,-0.047658,0.05741049335662535,False
0.026027893936084817,0.018623409580322988,1337.3327416286252,0.22288879027143754,0.3210972802376283,10.577596655552908,True,343.1914783307853,327.4230299666968,1.603279702362375e-12,3.0,10.577596655552908,12.724665568604342,211.8366071550009,10991.025257861345,"{""family"": ""B3"", ""type"": ""graded_density_lattice"", ""rho_path"": [0.287059, 0.250839, 0.340788, 0.246688], ""amp_z"": 0.077423, ""L"": 0.004, ""w"": 0.0, ""a_z"": 1.0}",0.03344673600000005,0.20906882488636364,0.4066205567045454,0.287059,0.250839,0.340788,0.246688,0.077423,0.026027893936084817,True
0.02413040472639471,0.016564656632190294,2642.9098356763448,0.4404849726127241,0.3640867206909699,12.642683761743896,False,341.7304116393239,327.42302996668195,5.075305255429287e-12,3.0,13.442727889976089,12.642683761743896,192.93087119204745,14001.545546922689,"{""family"": ""B3"", ""type"": ""graded_density_lattice"", ""rho_path"": [0.251476, 0.43109, 0.485138, 0.367696], ""amp_z"": 0.023618, ""L"": 0.004, ""w"": 0.0, ""a_z"": 1.0}",0.010202976000000063,0.24128636863636366,0.5049682254545454,0.251476,0.43109,0.485138,0.367696,0.023618,0.37200802765018975,False
0.024627849651668525,0.01701546013430392,1668.373082669892,0.278062180444982,0.33131770801658955,6.430529041646963,False,342.11344423178474,327.42302996667667,6.312572398425577e-12,3.0,6.430529041646963,12.703777922390527,192.3102314029707,11693.653446343154,"{""family"": ""B3"", ""type"": ""graded_density_lattice"", ""rho_path"": [0.49398, 0.316754, 0.217888, 0.327181], ""amp_z"": -0.098195, ""L"": 0.004, ""w"": 0.0, ""a_z"": 1.0}",0.042420240000000047,0.13436451022727275,0.5411988198863635,0.49398,0.316754,0.217888,0.327181,-0.098195,0.2709063461683538,False
0.02548896435846864,0.01802468864285415,2686.7381825152074,0.44778969708586797,0.3665992697323982,12.639949947317493,True,342.77650255602083,327.42302996669,3.1861843610811354e-12,3.0,14.404530091356968,12.639949947317493,192.7779468718743,14162.86482519735,"{""family"": ""B3"", ""type"": ""graded_density_lattice"", ""rho_path"": [0.465729, 0.416804, 0.464218, 0.266863], ""amp_z"": 0.029399, ""L"": 0.004, ""w"": 0.0, ""a_z"": 1.0}",0.01270036800000005,0.2539557490909092,0.4904114218181818,0.465729,0.416804,0.464218,0.266863,0.029399,0.14415649183660864,False
0.023061210146307878,0.01533946452046147,1349.8632983706582,0.2249772163951097,0.317814167092738,9.321808026365982,False,340.90713181265704,327.42302996673646,7.682277325105359e-12,3.0,9.321808026365982,12.723873677607653,203.3759833408523,10836.496143588818,"{""family"": ""B3"", ""type"": ""graded_density_lattice"", ""rho_path"": [0.260867, 0.236999, 0.23445, 0.45613], ""amp_z"": -0.053345, ""L"": 0.004, ""w"": 0.0, ""a_z"": 1.0}",0.02304504000000005,0.18894291363636365,0.4807131380681817,0.260867,0.236999,0.23445,0.45613,-0.053345,0.25367331160938666,False
0.024549513026901032,0.01699846467815705,2366.967681040874,0.3944946135068124,0.35809057904608366,12.65992298530675,True,342.0531250307138,327.42302996663676,1.565098642317167e-11,3.0,17.400865292839455,12.65992298530675,192.09281424425802,13539.500382042504,"{""family"": ""B3"", ""type"": ""graded_density_lattice"", ""rho_path"": [0.296495, 0.483305, 0.375888, 0.334027], ""amp_z"": -0.002983, ""L"": 0.004, ""w"": 0.0, ""a_z"": 1.0}",0.010233890838616278,0.2955403944318182,0.48425460352272726,0.296495,0.483305,0.375888,0.334027,-0.002983,0.096021894276385,False
0.02440561621087621,0.016914866113644955,1651.0227116166416,0.27517045193610695,0.33635533440079235,12.704870975417323,True,341.94232448237466,327.42302996674186,8.945825321497034e-12,3.0,14.333261045714783,12.704870975417323,203.96672569242816,11968.051657922784,"{""family"": ""B3"", ""type"": ""graded_density_lattice"", ""rho_path"": [0.353983, 0.302329, 0.324244, 0.370803], ""amp_z"": 0.083029, ""L"": 0.004, ""w"": 0.0, ""a_z"": 1.0}",0.03586852800000004,0.26127260306818184,0.44129219909090905,0.353983,0.302329,0.324244,0.370803,0.083029,0.02440561621087621,True
0.02412484895653137,0.016593056693962164,2127.897127427743,0.3546495212379571,0.3506735973681461,12.674896746177021,False,341.72613369652913,327.4230299666913,2.893699133124614e-12,3.0,13.239031822098953,12.674896746177021,198.26934578373843,13005.530061633328,"{""family"": ""B3"", ""type"": ""graded_density_lattice"", ""rho_path"": [0.387524, 0.456189, 0.267517, 0.387593], ""amp_z"": 0.054129, ""L"": 0.004, ""w"": 0.0, ""a_z"": 1.0}",0.023383728000000038,0.24099660875000006,0.5022065627272727,0.387524,0.456189,0.267517,0.387593,0.054129,0.3041485373620002,False
0.02521697716829058,0.01770117744099989,1976.9996014711994,0.3294999335785333,0.34738242293004273,12.68436619351274,True,342.5670724195837,327.4230299666725,7.28363516686073e-12,3.0,14.032681878453952,12.68436619351274,192.10700456853377,12756.473753450911,"{""family"": ""B3"", ""type"": ""graded_density_lattice"", ""rho_path"": [0.332664, 0.345378, 0.431517, 0.27915], ""amp_z"": -0.03189, ""L"": 0.004, ""w"": 0.0, ""a_z"": 1.0}",0.013776480000000025,0.2532224948863637,0.4469095517045454,0.332664,0.345378,0.431517,0.27915,-0.03189,0.044990996487003464,False
0.022777528860425108,0.014997041561195539,1791.993090976768,0.2986655151627947,0.33908180847460945,7.304327965903522,False,340.6886972225273,327.4230299667032,9.980818480495124e-14,3.0,7.304327965903522,12.695995447435802,190.13836141782417,12189.903372068995,"{""family"": ""B3"", ""type"": ""graded_density_lattice"", ""rho_path"": [0.219426, 0.371524, 0.292565, 0.475704], ""amp_z"": -0.082223, ""L"": 0.004, ""w"": 0.0, ""a_z"": 1.0}",0.03552033600000009,0.1505244035227273,0.51494632,0.219426,0.371524,0.292565,0.475704,-0.082223,0.25055281746467617,False
0.02636467431753224,0.01895024791226808,1722.139036874648,0.2870231728124414,0.3365387489503441,11.038414837431528,True,343.4507992244998,327.42302996670617,5.917621371275806e-13,3.0,11.038414837431528,12.700391924476447,197.3883951974459,12044.22103029643,"{""family"": ""B3"", ""type"": ""graded_density_lattice"", ""rho_path"": [0.426915, 0.261885, 0.409692, 0.210376], ""amp_z"": 0.000527, ""L"": 0.004, ""w"": 0.0, ""a_z"": 1.0}",0.010918998910066199,0.21181319215909097,0.4259584205681818,0.426915,0.261885,0.409692,0.210376,0.000527,0.02636467431753224,True
0.024365310609298658,0.016794183035998812,1801.9378067269413,0.3003229677878236,0.3381756074464326,11.013714136593991,True,341.91128916915994,327.4230299666933,2.414737962255884e-12,3.0,11.013714136593991,12.69536979404881,198.11237701691982,12174.800208352026,"{""family"": ""B3"", ""type"": ""graded_density_lattice"", ""rho_path"": [0.437206, 0.383377, 0.22554, 0.353264], ""amp_z"": -0.017494, ""L"": 0.004, ""w"": 0.0, ""a_z"": 1.0}",0.008646681806619977,0.21096734977272733,0.4454286276136364,0.437206,0.383377,0.22554,0.353264,-0.017494,0.024365310609298658,True
0.025044944932165646,0.017589333556117394,1875.733567128925,0.31262226118815417,0.33953086873042027,9.48916733004852,False,342.4346075977675,327.42302996666115,9.943907169546546e-12,3.0,9.48916733004852,12.690728996212528,205.06565818681622,12249.945838076852,"{""family"": ""B3"", ""type"": ""graded_density_lattice"", ""rho_path"": [0.23206, 0.269032, 0.474043, 0.314074], ""amp_z"": 0.091814, ""L"": 0.004, ""w"": 0.0, ""a_z"": 1.0}",0.039663648000000155,0.18681240477272726,0.5519747451136363,0.23206,0.269032,0.474043,0.314074,0.091814,0.28129901500284354,False
0.023506364194987302,0.015918685992221158,2240.183784789435,0.37336396413157247,0.35580808937851993,12.667859461294274,True,341.2499004301402,327.4230299667258,5.181166895229805e-12,3.0,17.330911152102797,12.667859461294274,195.48287239322977,13346.91435706315,"{""family"": ""B3"", ""type"": ""graded_density_lattice"", ""rho_path"": [0.344127, 0.449297, 0.315627, 0.436248], ""amp_z"": 0.041468, ""L"": 0.004, ""w"": 0.0, ""a_z"": 1.0}",0.017914176000000028,0.29539117829545464,0.48440152659090907,0.344127,0.449297,0.315627,0.436248,0.041468,0.07568519082497392,False
0.025681975491949505,0.01819037360554219,1839.8879978972075,0.30664799964953465,0.3429871916841505,9.695892162347324,False,342.9251211288011,327.4230299666849,4.383587288252962e-12,3.0,9.695892162347324,12.692982794554108,189.67034162767487,12433.298530336477,"{""family"": ""B3"", ""type"": ""graded_density_lattice"", ""rho_path"": [0.40133, 0.333781, 0.386008, 0.249255], ""amp_z"": -0.071082, ""L"": 0.004, ""w"": 0.0, ""a_z"": 1.0}",0.03070742400000004,0.18973425102272734,0.43602874079545456,0.40133,0.333781,0.386008,0.249255,-0.071082,0.2834323791412875,False
0.025915017588405084,0.01843299803348343,2720.013385869606,0.453335564311601,0.3654080330127669,7.6001360512327585,False,343.1045635430719,327.42302996667115,7.602991829187816e-12,3.0,7.6001360512327585,12.637875179770562,183.4757816178909,14058.045738890269,"{""family"": ""B3"", ""type"": ""graded_density_lattice"", ""rho_path"": [0.360172, 0.499889, 0.440387, 0.23261], ""amp_z"": -0.094291, ""L"": 0.004, ""w"": 0.0, ""a_z"": 1.0}",0.04073371200000007,0.1538798854545455,0.5462839854545454,0.360172,0.499889,0.440387,0.23261,-0.094291,0.41042010445283184,False
0.022881565257840186,0.015225953266726955,1668.7923843548242,0.27813206405913743,0.33305300305525265,12.70375150920371,False,340.7688052485369,327.42302996671435,2.507311530114914e-12,3.0,13.438232837434194,12.70375150920371,201.9723181839275,11823.315256395394,"{""family"": ""B3"", ""type"": ""graded_density_lattice"", ""rho_path"": [0.305029, 0.304831, 0.257659, 0.490978], ""amp_z"": 0.018264, ""L"": 0.004, ""w"": 0.0, ""a_z"": 1.0}",0.012781763163507924,0.24925832806818193,0.5045823757954545,0.305029,0.304831,0.257659,0.490978,0.018264,0.25169721783624205,False
0.025251936005933256,0.017794018631730586,2097.553681388181,0.3495922802313635,0.35087318882834984,12.676799787745159,True,342.5939907245686,327.42302996665626,1.1088305454196216e-11,3.0,12.68811204252069,12.676799787745159,198.83136439105851,12994.679266034693,"{""family"": ""B3"", ""type"": ""graded_density_lattice"", ""rho_path"": [0.265884, 0.414633, 0.418268, 0.294354], ""amp_z"": 0.068639, ""L"": 0.004, ""w"": 0.0, ""a_z"": 1.0}",0.029652047999999986,0.23308964340909094,0.47681691272727267,0.265884,0.414633,0.418268,0.294354,0.068639,0.06165902816074945,False
0.023590314225376746,0.015932563222098635,1638.7262502162762,0.27312104170271273,0.33122597787008323,9.38626886393086,False,341.3145419535401,327.4230299666839,4.623215518931121e-12,3.0,9.38626886393086,12.705645751961743,199.96152952929276,11710.085755260516,"{""family"": ""B3"", ""type"": ""graded_density_lattice"", ""rho_path"": [0.47309, 0.220747, 0.282414, 0.409899], ""amp_z"": -0.040675, ""L"": 0.004, ""w"": 0.0, ""a_z"": 1.0}",0.017571600000000045,0.18673760227272734,0.4911243181818181,0.47309,0.220747,0.282414,0.409899,-0.040675,0.25949345647914424,False
0.0233522055522443,0.01581473694473054,2921.1556144077026,0.48685926906795046,0.3741033089153206,12.625348095692273,False,341.1311982752281,327.42302996668235,4.9821411065950806e-12,3.0,22.609377646065937,12.625348095692273,195.73223603078372,14642.841010804088,"{""family"": ""B3"", ""type"": ""graded_density_lattice"", ""rho_path"": [0.482517, 0.437986, 0.397348, 0.470212], ""amp_z"": 0.089068, ""L"": 0.004, ""w"": 0.0, ""a_z"": 1.0}",0.03847737600000007,0.353355005,0.5581792794318181,0.482517,0.437986,0.397348,0.470212,0.089068,0.39545432043091716,False
0.026534272398248945,0.019131433978290122,1332.8302774566578,0.22213837957610963,0.3200374480708709,10.032220995128597,True,343.58138974665167,327.42302996667905,5.753735150664126e-12,3.0,10.032220995128597,12.724950133971769,204.45162365071803,10951.218561129037,"{""family"": ""B3"", ""type"": ""graded_density_lattice"", ""rho_path"": [0.23767, 0.328356, 0.298976, 0.205907], ""amp_z"": -0.007218, ""L"": 0.004, ""w"": 0.0, ""a_z"": 1.0}",0.005098538549644525,0.20053783420454552,0.3316803018181818,0.23767,0.328356,0.298976,0.205907,-0.007218,0.026534272398248945,True
0.023531372697065213,0.01584608711868224,2303.883269558234,0.3839805449263724,0.3559631039485963,12.215042553453781,True,341.2691569767402,327.423029966708,1.0175710202303607e-12,3.0,12.215042553453781,12.663870728563262,187.39803461814557,13378.364519038098,"{""family"": ""B3"", ""type"": ""graded_density_lattice"", ""rho_path"": [0.276768, 0.354488, 0.461361, 0.403634], ""amp_z"": -0.06101, ""L"": 0.004, ""w"": 0.0, ""a_z"": 1.0}",0.0263563200000001,0.22534309886363638,0.4914732153409091,0.276768,0.354488,0.461361,0.403634,-0.06101,0.08394212372330455,False
0.025321272486691325,0.01785912389353995,1263.3922593860457,0.210565376564341,0.31608369800856895,11.232099030539521,True,342.6473798147523,327.42302996670634,6.314787077082492e-13,3.0,11.232099030539521,12.729340377559692,210.24899909742072,10701.77955463329,"{""family"": ""B3"", ""type"": ""graded_density_lattice"", ""rho_path"": [0.369572, 0.243686, 0.241115, 0.29182], ""amp_z"": 0.038519, ""L"": 0.004, ""w"": 0.0, ""a_z"": 1.0}",0.01664020800000001,0.22203646613636363,0.4013847042045454,0.369572,0.243686,0.241115,0.29182,0.038519,0.025321272486691325,True
0.02440964936750447,0.016859214375595576,2055.951315842507,0.3426585526404179,0.35048623824064773,12.679409880916307,True,341.9454300129784,327.4230299666783,5.926480085903465e-12,3.0,19.613510518579517,12.679409880916307,193.56848042850342,12969.793457621137,"{""family"": ""B3"", ""type"": ""graded_density_lattice"", ""rho_path"": [0.410721, 0.397499, 0.331896, 0.34948], ""amp_z"": 0.009616, ""L"": 0.004, ""w"": 0.0, ""a_z"": 1.0}",0.004154111999999976,0.3271740145454546,0.4188179725,0.410721,0.397499,0.331896,0.34948,0.009616,0.05406301714413576,False
0.02381140590104594,0.016130626992046607,1551.252475261349,0.2585420792102249,0.32961666526806865,6.688687371183308,False,341.48478254380535,327.4230299667246,4.901969739214772e-12,3.0,6.688687371183308,12.711160035715952,192.23817503555694,11552.556915519142,"{""family"": ""B3"", ""type"": ""graded_density_lattice"", ""rho_path"": [0.315876, 0.216531, 0.364795, 0.382889], ""amp_z"": -0.089918, ""L"": 0.004, ""w"": 0.0, ""a_z"": 1.0}",0.03884457600000006,0.14004573761363637,0.42735659727272723,0.315876,0.216531,0.364795,0.382889,-0.089918,0.26192546491150537,False
0.025632215202310137,0.018148373389184503,1573.0418734219093,0.26217364557031825,0.32658860004247936,8.643315147998331,False,342.8868057057788,327.4230299666977,1.3902276155671904e-12,3.0,8.643315147998331,12.70978600015779,204.23366625756648,11429.7963539725,"{""family"": ""B3"", ""type"": ""graded_density_lattice"", ""rho_path"": [0.203837, 0.462833, 0.209289, 0.261955], ""amp_z"": -0.036098, ""L"": 0.004, ""w"": 0.0, ""a_z"": 1.0}",0.01559433600000002,0.1752256847727273,0.48001084840909086,0.203837,0.462833,0.209289,0.261955,-0.036098,0.2819543672254115,False
0.0233335287289323,0.015751104309247636,2672.3769626199387,0.44539616043665653,0.36430149242362,12.640845605144076,False,341.11681712127785,327.42302996674243,9.078853686155704e-12,3.0,14.35269450875597,12.640845605144076,195.84850418038383,14002.601752822067,"{""family"": ""B3"", ""type"": ""graded_density_lattice"", ""rho_path"": [0.446643, 0.283037, 0.495311, 0.452249], ""amp_z"": 0.060195, ""L"": 0.004, ""w"": 0.0, ""a_z"": 1.0}",0.026004240000000147,0.2536300210227273,0.5465801460227273,0.446643,0.283037,0.495311,0.452249,0.060195,0.3634735087264711,False
0.02343192310703318,0.015701420216647693,2349.1588861866403,0.39152648103110677,0.36043245844493543,12.661037187967919,True,341.1925807924155,327.4230299667222,4.343132491453321e-12,3.0,16.659525269517612,12.661037187967919,181.15169318290705,13617.447168943283,"{""family"": ""B3"", ""type"": ""graded_density_lattice"", ""rho_path"": [0.449488, 0.390939, 0.37202, 0.412812], ""amp_z"": -0.101957, ""L"": 0.004, ""w"": 0.0, ""a_z"": 1.0}",0.04404542400000011,0.28509009761363635,0.4995851640909091,0.449488,0.390939,0.37202,0.412812,-0.101957,0.08937434109335567,False
0.02508354644180769,0.017590617393890163,1226.768132184,0.204461355364,0.312990231359753,9.578757080769465,False,342.4643307601919,327.423029966675,6.698221775216306e-12,3.0,9.578757080769465,12.731657171620013,209.11375783273763,10516.870657794963,"{""family"": ""B3"", ""type"": ""graded_density_lattice"", ""rho_path"": [0.206832, 0.205257, 0.329898, 0.300816], ""amp_z"": 0.020256, ""L"": 0.004, ""w"": 0.0, ""a_z"": 1.0}",0.008750592000000034,0.19520943443181815,0.3471089406818182,0.206832,0.205257,0.329898,0.300816,0.020256,0.2759190108598846,False
0.022973543289134937,0.015391291475805615,3240.9950876576936,0.540165847942949,0.37879206943181554,12.60547964010445,False,340.8396283326339,327.4230299666542,1.1567266625064947e-11,3.0,16.758355897162225,12.60547964010445,196.58544024131095,15047.58316898519,"{""family"": ""B3"", ""type"": ""graded_density_lattice"", ""rho_path"": [0.317714, 0.474438, 0.469138, 0.498578], ""amp_z"": 0.073861, ""L"": 0.004, ""w"": 0.0, ""a_z"": 1.0}",0.03190795200000007,0.28239619465909094,0.5613859196590909,0.317714,0.474438,0.469138,0.498578,0.073861,0.42912301846203443,False
0.026059822067164996,0.01860695651387837,1357.9971784080053,0.22633286306800088,0.31939538837811166,9.176977258877288,False,343.216062991717,327.42302996669594,1.802748426728483e-12,3.0,9.176977258877288,12.723359695230226,202.7459128958406,10925.236233494947,"{""family"": ""B3"", ""type"": ""graded_density_lattice"", ""rho_path"": [0.412415, 0.289927, 0.230143, 0.234385], ""amp_z"": -0.05162, ""L"": 0.004, ""w"": 0.0, ""a_z"": 1.0}",0.022299840000000026,0.1860844761363636,0.4369874931818181,0.412415,0.289927,0.230143,0.234385,-0.05162,0.28665804273881496,False
0.02574274065644133,0.01827536062083272,1860.4089412886328,0.31006815688143885,0.34092338630972896,12.526373569388268,True,342.9719103054598,327.4230299666743,6.871114355699438e-12,3.0,12.526373569388268,12.691692437605157,197.73990559142095,12353.22951141448,"{""family"": ""B3"", ""type"": ""graded_density_lattice"", ""rho_path"": [0.375937, 0.426702, 0.286866, 0.252165], ""amp_z"": -0.022722, ""L"": 0.004, ""w"": 0.0, ""a_z"": 1.0}",0.009815904000000054,0.23306183965909089,0.43783357375,0.375937,0.426702,0.286866,0.252165,-0.022722,0.02955717774960151,False
0.02367818601914003,0.016168886038176115,2061.2680367458697,0.34354467279097833,0.3491289929520608,12.63660934129806,False,341.3822032347378,327.42302996666433,9.199184559848064e-12,3.0,12.63660934129806,12.679076254961114,202.59606418349415,12854.763468467116,"{""family"": ""B3"", ""type"": ""graded_density_lattice"", ""rho_path"": [0.283277, 0.321732, 0.413514, 0.442713], ""amp_z"": 0.102766, ""L"": 0.004, ""w"": 0.0, ""a_z"": 1.0}",0.0443949120000001,0.2326071139772727,0.5302006173863636,0.283277,0.321732,0.413514,0.442713,0.102766,0.2899115241223984,False
0.024920253002356618,0.017433998720287405,1478.9653532906095,0.24649422554843495,0.3279137285624534,11.524717237915647,True,342.3385948118146,327.42302996669355,2.3615856744899335e-12,3.0,11.524717237915647,12.71572057718131,205.90256772815383,11441.03285131702,"{""family"": ""B3"", ""type"": ""graded_density_lattice"", ""rho_path"": [0.245371, 0.361367, 0.27178, 0.321672], ""amp_z"": 0.049139, ""L"": 0.004, ""w"": 0.0, ""a_z"": 1.0}",0.021228047999999954,0.2219743735227273,0.4029898871590909,0.245371,0.361367,0.27178,0.321672,0.049139,0.024920253002356618,True
0.02414020306085499,0.016504926384421744,2095.020330477782,0.34917005507963034,0.34991821932379963,10.00416268418535,False,341.7379563568583,327.42302996669633,1.7097319231380699e-12,3.0,10.00416268418535,12.676958697065295,187.88953615196846,12937.240376788124,"{""family"": ""B3"", ""type"": ""graded_density_lattice"", ""rho_path"": [0.49007, 0.255226, 0.42655, 0.355041], ""amp_z"": -0.073081, ""L"": 0.004, ""w"": 0.0, ""a_z"": 1.0}",0.03157099200000006,0.1935002667045455,0.5243349348863636,0.49007,0.255226,0.42655,0.355041,-0.073081,0.3000128877166545,False
0.02330505216624244,0.015665770414038254,2653.6732711795585,0.4422788785299264,0.36184117919762804,12.64201227768412,True,341.09489016800666,327.42302996670713,8.179546506204583e-13,3.0,14.342452887641993,12.64201227768412,190.24769243102145,13878.14900272554,"{""family"": ""B3"", ""type"": ""graded_density_lattice"", ""rho_path"": [0.480789, 0.487699, 0.255547, 0.445823], ""amp_z"": 0.004286, ""L"": 0.004, ""w"": 0.0, ""a_z"": 1.0}",0.012717832160839368,0.2539606293181819,0.49133854181818176,0.480789,0.487699,0.255547,0.445823,0.004286,0.1276016995383964,False
0.02547747242080286,0.017962110477251946,1791.158990720176,0.2985264984533627,0.3390484525415546,9.885621513574518,False,342.7676537640182,327.42302996670475,2.5926504810280233e-13,3.0,9.885621513574518,12.696047926112831,190.6822944837404,12191.129374600598,"{""family"": ""B3"", ""type"": ""graded_density_lattice"", ""rho_path"": [0.273439, 0.297356, 0.447799, 0.259006], ""amp_z"": -0.078864, ""L"": 0.004, ""w"": 0.0, ""a_z"": 1.0}",0.03406924800000013,0.19328489125000006,0.4863989162499999,0.273439,0.297356,0.447799,0.259006,-0.078864,0.28025219662883144,False
0.02394621859286739,0.01633026941274194,1929.9193705878417,0.32165322843130695,0.34602385018522164,12.687323570462432,True,341.58858831650787,327.42302996668417,4.556479868736094e-12,3.0,15.85766525801694,12.687323570462432,192.56136025674138,12659.114072510816,"{""family"": ""B3"", ""type"": ""graded_density_lattice"", ""rho_path"": [0.311391, 0.421779, 0.303153, 0.381151], ""amp_z"": -0.028324, ""L"": 0.004, ""w"": 0.0, ""a_z"": 1.0}",0.012235967999999976,0.2791929702272728,0.43552118272727275,0.311391,0.421779,0.303153,0.381151,-0.028324,0.0365740500918542,False
0.02461806913270716,0.01711674120679104,1669.0421229966516,0.27817368716610863,0.3352185704638291,10.526772326896713,True,342.1059132321845,327.42302996662096,1.9349352134975258e-11,3.0,10.526772326896713,12.703735777400682,203.43674110263433,11932.608823530838,"{""family"": ""B3"", ""type"": ""graded_density_lattice"", ""rho_path"": [0.366683, 0.232608, 0.392283, 0.341843], ""amp_z"": 0.058094, ""L"": 0.004, ""w"": 0.0, ""a_z"": 1.0}",0.025096608000000045,0.20415974738636367,0.4417374570454545,0.366683,0.232608,0.392283,0.341843,0.058094,0.02461806913270716,True
0.025372630842733015,0.01792795389814725,2489.878212647262,0.41497970210787705,0.3622447930956566,12.652238463601494,False,342.6869257489044,327.4230299667035,3.351547034130759e-14,3.0,13.822738918034776,12.652238463601494,198.0346224320621,13793.759787490053,"{""family"": ""B3"", ""type"": ""graded_density_lattice"", ""rho_path"": [0.40317, 0.375911, 0.490094, 0.285391], ""amp_z"": 0.081301, ""L"": 0.004, ""w"": 0.0, ""a_z"": 1.0}",0.03512203200000013,0.2467900065909092,0.5589231861363635,0.40317,0.375911,0.490094,0.285391,0.081301,0.3699788780040799,False
0.023814985218044576,0.01621009772468871,1344.6835772588408,0.22411392954314016,0.3194105047640542,10.585097049740101,True,341.4875386178943,327.4230299666657,8.879975542764774e-12,3.0,10.585097049740101,12.724201007418111,207.58025017881653,10927.472586346108,"{""family"": ""B3"", ""type"": ""graded_density_lattice"", ""rho_path"": [0.345819, 0.256905, 0.213618, 0.400687], ""amp_z"": -0.005124, ""L"": 0.004, ""w"": 0.0, ""a_z"": 1.0}",0.01024807946731404,0.20977483102272734,0.40163544693181813,0.345819,0.256905,0.213618,0.400687,-0.005124,0.023814985218044576,True
0.026488165057962865,0.01907139601703605,1910.9634775510262,0.3184939129251711,0.34142586975336997,7.74218787696688,False,343.5458870946314,327.42302996673544,7.442796739670994e-12,3.0,7.74218787696688,12.688514687301176,194.29824249779563,12394.960629098954,"{""family"": ""B3"", ""type"": ""graded_density_lattice"", ""rho_path"": [0.234908, 0.461167, 0.351082, 0.204167], ""amp_z"": -0.055686, ""L"": 0.004, ""w"": 0.0, ""a_z"": 1.0}",0.024056352000000027,0.15787719397727276,0.48815839624999996,0.234908,0.461167,0.351082,0.204167,-0.055686,0.3025992238740889,False
0.023162470260842987,0.015535805707779732,2183.4703567981132,0.3639117261330189,0.353912472200376,12.671412856307697,True,340.9851021008491,327.4230299666956,1.882624503621203e-12,3.0,19.768212875609954,12.671412856307697,194.88182890286203,13217.933147221775,"{""family"": ""B3"", ""type"": ""graded_density_lattice"", ""rho_path"": [0.440198, 0.34099, 0.346479, 0.462577], ""amp_z"": 0.027471, ""L"": 0.004, ""w"": 0.0, ""a_z"": 1.0}",0.011867472000000046,0.327435485,0.4850408946590909,0.440198,0.34099,0.346479,0.462577,0.027471,0.06741236700295057,False
0.02455475919819716,0.016974675167509227,2807.082936934771,0.4678471561557952,0.37061301075977804,12.632449461386445,True,342.0571645826118,327.4230299667114,1.815741208182382e-12,3.0,17.16724166736535,12.632449461386445,186.79121251058757,14437.82156204662,"{""family"": ""B3"", ""type"": ""graded_density_lattice"", ""rho_path"": [0.433423, 0.444895, 0.457639, 0.324234], ""amp_z"": -0.042402, ""L"": 0.004, ""w"": 0.0, ""a_z"": 1.0}",0.01831766400000001,0.28917026693181824,0.4784999697727273,0.433423,0.444895,0.457639,0.324234,-0.042402,0.15499211984689615,False
0.024496655625857,0.016999081394634265,1391.816945347544,0.2319694908912574,0.3234897675157508,9.692979646897596,False,342.01242483190987,327.42302996669457,2.122105089055568e-12,3.0,9.692979646897596,12.72122305896512,209.60543228477022,11152.663800921053,"{""family"": ""B3"", ""type"": ""graded_density_lattice"", ""rho_path"": [0.22579, 0.338762, 0.246623, 0.361268], ""amp_z"": 0.066498, ""L"": 0.004, ""w"": 0.0, ""a_z"": 1.0}",0.02872713600000001,0.19375319704545457,0.41706357943181815,0.22579,0.338762,0.246623,0.361268,0.066498,0.269463211884427,False
0.02592132374033012,0.01848055098295303,1939.5577759331397,0.32325962932219,0.34591580364328145,12.56824055123494,True,343.10941928005417,327.42302996672174,4.236680270677627e-12,3.0,12.56824055123494,12.686718015173186,195.48103601456242,12663.329657048433,"{""family"": ""B3"", ""type"": ""graded_density_lattice"", ""rho_path"": [0.340215, 0.378393, 0.402415, 0.239054], ""amp_z"": 0.015923, ""L"": 0.004, ""w"": 0.0, ""a_z"": 1.0}",0.008949299509057599,0.23254449250000003,0.41566803965909094,0.340215,0.378393,0.402415,0.239054,0.015923,0.0409535405602817,False
0.023297342433939352,0.015559269002297866,1662.6775918629098,0.2771129319771517,0.335350795877017,9.735770557929643,False,341.0889536741333,327.4230299667417,8.905961105672572e-12,3.0,9.735770557929643,12.704136710894353,189.03309996188528,11913.70106508251,"{""family"": ""B3"", ""type"": ""graded_density_lattice"", ""rho_path"": [0.395224, 0.273432, 0.294522, 0.428285], ""amp_z"": -0.09622, ""L"": 0.004, ""w"": 0.0, ""a_z"": 1.0}",0.04156704000000006,0.19158374886363638,0.4748941494318182,0.395224,0.273432,0.294522,0.428285,-0.09622,0.2562707667733329,False
0.0227405735182526,0.014972180592585484,1894.7019131849609,0.3157836521974935,0.34179467500632554,7.123213891101434,False,340.6602416090545,327.4230299667116,1.8685982054607436e-12,3.0,7.123213891101434,12.689536680926281,192.26114534121797,12400.320154473333,"{""family"": ""B3"", ""type"": ""graded_density_lattice"", ""rho_path"": [0.356978, 0.410237, 0.203738, 0.484883], ""amp_z"": -0.067323, ""L"": 0.004, ""w"": 0.0, ""a_z"": 1.0}",0.029083536,0.14705969613636377,0.515895916590909,0.356978,0.410237,0.203738,0.484883,-0.067323,0.25776978717752136,False
0.026226449796316005,0.0188130405707591,1822.7971885574818,0.303799531426247,0.33580073185955617,10.249241272190506,False,343.3443663431633,327.4230299667172,3.1723057081644707e-12,3.0,10.249241272190506,12.694057664944948,202.4624799057118,12046.960008956492,"{""family"": ""B3"", ""type"": ""graded_density_lattice"", ""rho_path"": [0.299342, 0.225735, 0.498986, 0.219369], ""amp_z"": 0.044826, ""L"": 0.004, ""w"": 0.0, ""a_z"": 1.0}",0.01936483200000012,0.19950719693181823,0.5364618310227272,0.299342,0.225735,0.498986,0.219369,0.044826,0.28849094775947604,False
0.023949142351616885,0.016444415857222117,2340.7687791744984,0.39012812986241646,0.35758103926401597,11.6700594053576,False,341.590839610745,327.4230299666496,1.2644486323788208e-11,3.0,11.6700594053576,12.661562180818011,199.70381315478136,13451.42971590378,"{""family"": ""B3"", ""type"": ""graded_density_lattice"", ""rho_path"": [0.262562, 0.494902, 0.336304, 0.415962], ""amp_z"": 0.095379, ""L"": 0.004, ""w"": 0.0, ""a_z"": 1.0}",0.04120372800000016,0.21721034170454553,0.5756717644318181,0.262562,0.494902,0.336304,0.415962,0.095379,0.32974248211691365,False
0.024896588931076255,0.017368350272936768,1903.466153981132,0.3172443589968554,0.3442981359830601,12.688985852566658,True,342.3203734769287,327.42302996671145,1.8290292801238697e-12,3.0,17.071146680629663,12.688985852566658,195.084335621201,12551.993614866109,"{""family"": ""B3"", ""type"": ""graded_density_lattice"", ""rho_path"": [0.467568, 0.309229, 0.359681, 0.307627], ""amp_z"": -0.013527, ""L"": 0.004, ""w"": 0.0, ""a_z"": 1.0}",0.008674182546414435,0.29652196579545453,0.4729312936363636,0.467568,0.309229,0.359681,0.307627,-0.013527,0.034433080914333426,False
0.02647622291468472,0.019090117260520265,1931.6308286667086,0.3219384714444514,0.3417747873501388,9.516154760561866,False,343.5366916443072,327.4230299666892,3.3725126587495502e-12,3.0,9.516154760561866,12.68721603989709,202.06704989660477,12415.766314422825,"{""family"": ""B3"", ""type"": ""graded_density_lattice"", ""rho_path"": [0.495673, 0.358888, 0.320072, 0.216841], ""amp_z"": 0.061919, ""L"": 0.004, ""w"": 0.0, ""a_z"": 1.0}",0.026749008000000175,0.18699350590909097,0.547370565,0.495673,0.358888,0.320072,0.216841,0.061919,0.30544763294145383,False
0.02278995649113444,0.015062393236288486,1822.5210453099032,0.3037535075516506,0.3360126628039501,10.912373221600332,True,340.6982664981735,327.42302996663756,1.5464953415990846e-11,3.0,10.912373221600332,12.694075033563129,200.58948573393803,12066.21148978042,"{""family"": ""B3"", ""type"": ""graded_density_lattice"", ""rho_path"": [0.253318, 0.238702, 0.38093, 0.478614], ""amp_z"": -0.03396, ""L"": 0.004, ""w"": 0.0, ""a_z"": 1.0}",0.014670720000000026,0.20975017272727273,0.4946341159090909,0.253318,0.238702,0.38093,0.478614,-0.03396,0.02278995649113444,True
0.025306522429990937,0.01776738269829865,1639.276829370362,0.2732128048950604,0.33169497556216254,6.982790773059474,False,342.636022271093,327.42302996667024,7.815748625495411e-12,3.0,6.982790773059474,12.705611059000136,193.2610105142394,11712.155655856111,"{""family"": ""B3"", ""type"": ""graded_density_lattice"", ""rho_path"": [0.290052, 0.442967, 0.220025, 0.280927], ""amp_z"": -0.087574, ""L"": 0.004, ""w"": 0.0, ""a_z"": 1.0}",0.03783196800000006,0.14543171454545456,0.4859911798863636,0.290052,0.442967,0.220025,0.280927,-0.087574,0.2783717467299003,False
0.023778382641080644,0.016177855803990813,2431.4394866324424,0.4052399144387404,0.36011643596977183,12.65589096293126,True,341.4593546336321,327.42302996670844,1.1238755957622616e-12,3.0,19.25460130476357,12.65589096293126,191.89608564125774,13682.563953970533,"{""family"": ""B3"", ""type"": ""graded_density_lattice"", ""rho_path"": [0.385055, 0.323953, 0.477755, 0.395191], ""amp_z"": 0.011548, ""L"": 0.004, ""w"": 0.0, ""a_z"": 1.0}",0.00842563502361131,0.3183958902272727,0.4873795481818181,0.385055,0.323953,0.477755,0.395191,0.011548,0.10136814292363426,False
0.024089622611120597,0.016533629069892395,2834.12006148104,0.4723533435801734,0.3716924600663627,12.630765597205663,True,341.69900941056284,327.4230299667069,7.64802362854508e-13,3.0,23.13545387086168,12.630765597205663,192.61547131295856,14513.19063882717,"{""family"": ""B3"", ""type"": ""graded_density_lattice"", ""rho_path"": [0.423291, 0.467231, 0.423372, 0.377265], ""amp_z"": 0.034756, ""L"": 0.004, ""w"": 0.0, ""a_z"": 1.0}",0.015014591999999993,0.36041029238636363,0.49677910545454546,0.423291,0.467231,0.423372,0.377265,0.034756,0.1556089248313114,False
0.024480979166359964,0.016885729565474586,1406.1442193978987,0.2343573698996498,0.3248420202773781,11.52182634420302,True,342.00035395809715,327.4230299666916,2.8139707014756886e-12,3.0,11.52182634420302,12.720318119099817,195.7177808172804,11231.652986400133,"{""family"": ""B3"", ""type"": ""graded_density_lattice"", ""rho_path"": [0.330935, 0.278051, 0.277997, 0.33694], ""amp_z"": -0.064372, ""L"": 0.004, ""w"": 0.0, ""a_z"": 1.0}",0.027808704000000083,0.22304017204545454,0.36838224988636364,0.330935,0.278051,0.277997,0.33694,-0.064372,0.024480979166359964,True
0.02303880198671777,0.015356337382644221,2432.2877024044205,0.4053812837340701,0.3583224417171117,11.104996248064484,True,340.88987752977266,327.4230299666978,1.3637991169280097e-12,3.0,11.104996248064484,12.65583793321725,190.92157027853975,13589.985743692863,"{""family"": ""B3"", ""type"": ""graded_density_lattice"", ""rho_path"": [0.216536, 0.402487, 0.436701, 0.457904], ""amp_z"": -0.01078, ""L"": 0.004, ""w"": 0.0, ""a_z"": 1.0}",0.010186832799804658,0.20891738465909096,0.4630728676136363,0.216536,0.402487,0.436701,0.457904,-0.01078,0.09832187986694375,False
0.025713536635472652,0.0183045842166076,1366.2362052783394,0.22770603421305657,0.3193197799552424,8.285258324273935,False,342.9494232093139,327.42302996664785,1.3056859489705706e-11,3.0,8.285258324273935,12.722839110923811,212.9415979610563,10907.459432604062,"{""family"": ""B3"", ""type"": ""graded_density_lattice"", ""rho_path"": [0.461537, 0.212135, 0.263203, 0.274464], ""amp_z"": 0.085105, ""L"": 0.004, ""w"": 0.0, ""a_z"": 1.0}",0.03676536000000014,0.1706101721590909,0.5320698085227272,0.461537,0.212135,0.263203,0.274464,0.085105,0.28284890299019916,False
0.022790020791097067,0.015062508261471654,1824.9455420329773,0.3041575903388296,0.3361685814203147,10.914842359837413,True,340.6983160091447,327.4230299666979,1.3370753278012402e-12,3.0,10.914842359837413,12.693922541296928,200.3982400508105,12075.779122473712,"{""family"": ""B3"", ""type"": ""graded_density_lattice"", ""rho_path"": [0.255984, 0.238702, 0.38093, 0.478614], ""amp_z"": -0.03396, ""L"": 0.004, ""w"": 0.0, ""a_z"": 1.0}",0.014670720000000026,0.2097577465909091,0.4946341159090909,0.255984,0.238702,0.38093,0.478614,-0.03396,0.022790020791097067,True
0.022789993787110635,0.015062465144651704,1826.4003273879857,0.30440005456466435,0.33623900723977695,11.040825324753554,True,340.69829521607517,327.4230299666786,5.8601873714398215e-12,3.0,11.040825324753554,12.693831042203744,200.3695117080876,12080.32135952612,"{""family"": ""B3"", ""type"": ""graded_density_lattice"", ""rho_path"": [0.253318, 0.240637, 0.38093, 0.478614], ""amp_z"": -0.03396, ""L"": 0.004, ""w"": 0.0, ""a_z"": 1.0}",0.014670720000000026,0.21167967556818182,0.4946341159090909,0.253318,0.240637,0.38093,0.478614,-0.03396,0.022789993787110635,True
0.022785560960509408,0.015057308719457076,1857.5352430826392,0.3095892071804399,0.33707092539357575,10.928549574343187,True,340.6948819395922,327.4230299666723,7.33678745462668e-12,3.0,10.928549574343187,12.69187311995494,200.4403493094369,12141.377543146002,"{""family"": ""B3"", ""type"": ""graded_density_lattice"", ""rho_path"": [0.253318, 0.238702, 0.389977, 0.478614], ""amp_z"": -0.03396, ""L"": 0.004, ""w"": 0.0, ""a_z"": 1.0}",0.014670720000000026,0.20975017272727273,0.49471122102272724,0.253318,0.238702,0.389977,0.478614,-0.03396,0.025804642724950564,False
0.02264709278408018,0.014905502875805794,1864.8884401030634,0.3108147400171773,0.3368274048311727,10.925501148995115,False,340.5882614437417,327.4230299666763,6.392153184830708e-12,3.0,10.925501148995115,12.691410801597694,200.59233183376045,12130.112794396047,"{""family"": ""B3"", ""type"": ""graded_density_lattice"", ""rho_path"": [0.253318, 0.238702, 0.38093, 0.492545], ""amp_z"": -0.03396, ""L"": 0.004, ""w"": 0.0, ""a_z"": 1.0}",0.014670720000000026,0.20975017272727273,0.5084463857954545,0.253318,0.238702,0.38093,0.492545,-0.03396,0.25302713672268246,False
0.02279844677318195,0.015075666556876362,1822.9547027250842,0.30382578378751407,0.3360111231602563,11.10704081608923,True,340.7048040153501,327.4230299666901,3.173043934383442e-12,3.0,11.10704081608923,12.694047757776909,201.35941232971126,12067.377568275962,"{""family"": ""B3"", ""type"": ""graded_density_lattice"", ""rho_path"": [0.253318, 0.238702, 0.38093, 0.478614], ""amp_z"": -0.03045, ""L"": 0.004, ""w"": 0.0, ""a_z"": 1.0}",0.013154400000000033,0.21274683522727272,0.4928922784090909,0.253318,0.238702,0.38093,0.478614,-0.03045,0.02279844677318195,True
0.022938617080970662,0.015226675356306313,1799.1569479169125,0.2998594913194854,0.3357735151771096,11.035617585095686,True,340.8127351523474,327.4230299666702,7.828889052193105e-12,3.0,11.035617585095686,12.695544740423571,200.8011145874357,12042.744477954733,"{""family"": ""B3"", ""type"": ""graded_density_lattice"", ""rho_path"": [0.254384, 0.239476, 0.384549, 0.464683], ""amp_z"": -0.032556, ""L"": 0.004, ""w"": 0.0, ""a_z"": 1.0}",0.014064192000000064,0.21172366727272726,0.48015595477272727,0.254384,0.239476,0.384549,0.464683,-0.032556,0.022938617080970662,True
0.022856787875334128,0.0151380814498848,1781.9535111304313,0.2969922518550719,0.33501104204721693,11.074695076903982,True,340.74972666400726,327.42302996676983,1.549108662414244e-11,3.0,11.074695076903982,12.69662713157705,201.02884517055446,11992.14606334415,"{""family"": ""B3"", ""type"": ""graded_density_lattice"", ""rho_path"": [0.254811, 0.239785, 0.373331, 0.473042], ""amp_z"": -0.031994, ""L"": 0.004, ""w"": 0.0, ""a_z"": 1.0}",0.013821408000000002,0.21251281,0.4880692128409091,0.254811,0.239785,0.373331,0.473042,-0.031994,0.022856787875334128,True
0.02267471221768689,0.01493698825402378,1834.018750481216,0.30566979174686937,0.3360034516692201,10.984322868268643,False,340.6095284076189,327.4230299666779,6.019791879981467e-12,3.0,10.984322868268643,12.693351901094866,200.82798745329544,12070.352101017223,"{""family"": ""B3"", ""type"": ""graded_density_lattice"", ""rho_path"": [0.253915, 0.239135, 0.374272, 0.490316], ""amp_z"": -0.033174, ""L"": 0.004, ""w"": 0.0, ""a_z"": 1.0}",0.014331168000000005,0.21085468613636363,0.5057895861363636,0.253915,0.239135,0.374272,0.490316,-0.033174,0.24951756259989788,False
0.02287139582383057,0.01515302196135474,1807.1475764525046,0.30119126274208413,0.3358310575677491,11.022837948122177,True,340.7609747843495,327.4230299667909,2.042627654321093e-11,3.0,11.022837948122177,12.695042055641116,200.81889092054212,12049.473113523838,"{""family"": ""B3"", ""type"": ""graded_density_lattice"", ""rho_path"": [0.254267, 0.239391, 0.38198, 0.471091], ""amp_z"": -0.03271, ""L"": 0.004, ""w"": 0.0, ""a_z"": 1.0}",0.014130720000000041,0.21150709886363633,0.4865638687499999,0.254267,0.239391,0.38198,0.471091,-0.03271,0.02287139582383057,True
0.022739379401945762,0.015008114508583133,1824.5648025036812,0.30409413375061356,0.3359459088399356,10.997157384610638,True,340.6593221394982,327.42302996669065,3.0401632149685663e-12,3.0,10.997157384610638,12.693946488223796,200.82722034071372,12063.28530248154,"{""family"": ""B3"", ""type"": ""graded_density_lattice"", ""rho_path"": [0.254032, 0.23922, 0.376841, 0.483908], ""amp_z"": -0.033019, ""L"": 0.004, ""w"": 0.0, ""a_z"": 1.0}",0.014264208000000033,0.21107210829545453,0.49938117590909087,0.254032,0.23922,0.376841,0.483908,-0.033019,0.022739379401945762,True
0.02270722883961468,0.014971208703793808,1868.4084407463886,0.31140140679106476,0.3371398242846092,10.912973873103159,False,340.6345662065033,327.4230299666576,1.0768948791869132e-11,3.0,10.912973873103159,12.691189500134373,200.4564176995504,12149.672880189346,"{""family"": ""B3"", ""type"": ""graded_density_lattice"", ""rho_path"": [0.253177, 0.238599, 0.386894, 0.486304], ""amp_z"": -0.034145, ""L"": 0.004, ""w"": 0.0, ""a_z"": 1.0}",0.014750640000000105,0.2094891210227273,0.5024012119318182,0.253177,0.238599,0.386894,0.486304,-0.034145,0.2541350133523886,False
0.022819017568192167,0.015096006782170645,1802.8718763767722,0.3004786460627954,0.33554326696252557,11.034686101611891,True,340.72064352750795,327.4230299666692,8.055081565685983e-12,3.0,11.034686101611891,12.695311031953366,200.92532671593455,12031.290788551989,"{""family"": ""B3"", ""type"": ""graded_density_lattice"", ""rho_path"": [0.254402, 0.239489, 0.376722, 0.476357], ""amp_z"": -0.032532, ""L"": 0.004, ""w"": 0.0, ""a_z"": 1.0}",0.01405382400000006,0.21175717147727274,0.49165184306818177,0.254402,0.239489,0.376722,0.476357,-0.032532,0.022819017568192167,True
0.02274422721910844,0.015012559044544549,1846.0863755515218,0.30768106259192035,0.3366075998136099,10.953790804152783,True,340.6630549587135,327.4230299667154,2.7467921155492792e-12,3.0,10.953790804152783,12.692593012902488,200.5987079286323,12110.053572575778,"{""family"": ""B3"", ""type"": ""graded_density_lattice"", ""rho_path"": [0.253585, 0.238896, 0.383503, 0.482988], ""amp_z"": -0.033608, ""L"": 0.004, ""w"": 0.0, ""a_z"": 1.0}",0.014518656000000041,0.21024490011363636,0.49881808647727266,0.253585,0.238896,0.383503,0.482988,-0.033608,0.024337423792450144,False
0.022800220639807727,0.01507505129116131,1813.5015220996515,0.3022502536832753,0.3358093794173477,11.014579135979142,True,340.7061698926519,327.4230299666869,3.917766544081924e-12,3.0,11.014579135979142,12.694642361831725,200.83728759003526,12050.923816720879,"{""family"": ""B3"", ""type"": ""graded_density_lattice"", ""rho_path"": [0.254198, 0.239341, 0.378417, 0.478015], ""amp_z"": -0.032801, ""L"": 0.004, ""w"": 0.0, ""a_z"": 1.0}",0.014170032000000044,0.21137935363636365,0.49344364965909093,0.254198,0.239341,0.378417,0.478015,-0.032801,0.022800220639807727,True
0.02276281884554544,0.01503332028089,1835.1102621528378,0.3058517103588063,0.336341604326992,10.974099377178186,True,340.67737051106997,327.4230299666863,4.064230625925876e-12,3.0,10.974099377178186,12.693283256240491,200.6786799919825,12090.310249321137,"{""family"": ""B3"", ""type"": ""graded_density_lattice"", ""rho_path"": [0.25379, 0.239044, 0.381808, 0.481331], ""amp_z"": -0.033339, ""L"": 0.004, ""w"": 0.0, ""a_z"": 1.0}",0.014402448000000057,0.21062272079545455,0.49702727136363634,0.25379,0.239044,0.381808,0.481331,-0.033339,0.02299444856059264,False
0.022790846955869824,0.015064597455954027,1818.8594928266323,0.30314324880443877,0.33594237693850204,11.004462599409228,True,340.69895215601974,327.42302996667246,7.297070884046013e-12,3.0,11.004462599409228,12.694305339204924,200.79193979587336,12060.752348429945,"{""family"": ""B3"", ""type"": ""graded_density_lattice"", ""rho_path"": [0.254096, 0.239266, 0.379265, 0.478844], ""amp_z"": -0.032935, ""L"": 0.004, ""w"": 0.0, ""a_z"": 1.0}",0.014227920000000083,0.2111898744318182,0.49433930909090906,0.254096,0.239266,0.379265,0.478844,-0.032935,0.022790846955869824,True
0.022761767246412865,0.015028484902120453,1823.8706404515565,0.3039784400752594,0.336112221730138,10.841115281269452,True,340.6765607797379,327.4230299667301,6.192093879489423e-12,3.0,10.841115281269452,12.693990148351391,199.63822216382061,12071.035163122984,"{""family"": ""B3"", ""type"": ""graded_density_lattice"", ""rho_path"": [0.254981, 0.239909, 0.378628, 0.480823], ""amp_z"": -0.036684, ""L"": 0.004, ""w"": 0.0, ""a_z"": 1.0}",0.015847488000000087,0.20863285318181818,0.4981564548863636,0.254981,0.239909,0.378628,0.480823,-0.036684,0.022761767246412865,True
0.022757539078757612,0.015024911935932415,1830.0184090124078,0.3050030681687346,0.3362488822094531,10.877911371651694,True,340.67330509064334,327.4230299667101,1.5093773273091959e-12,3.0,10.877911371651694,12.69360348776363,199.90647138990866,12081.87352432602,"{""family"": ""B3"", ""type"": ""graded_density_lattice"", ""rho_path"": [0.254557, 0.239601, 0.380039, 0.481385], ""amp_z"": -0.035698, ""L"": 0.004, ""w"": 0.0, ""a_z"": 1.0}",0.015421536000000026,0.20916632113636363,0.49823638818181815,0.254557,0.239601,0.380039,0.481385,-0.035698,0.022757539078757612,True
0.022745385837973343,0.015011973274027998,1826.012155181025,0.3043353591968375,0.3360550908249183,10.952800177223098,True,340.66394709523945,327.4230299667004,7.516619361568146e-13,3.0,10.952800177223098,12.693855456263945,200.12329263761228,12069.331483574828,"{""family"": ""B3"", ""type"": ""graded_density_lattice"", ""rho_path"": [0.252099, 0.240526, 0.378018, 0.482724], ""amp_z"": -0.035369, ""L"": 0.004, ""w"": 0.0, ""a_z"": 1.0}",0.01527940800000005,0.21036259409090907,0.49938348556818174,0.252099,0.240526,0.378018,0.482724,-0.035369,0.022745385837973343,True
0.0227276680609649,0.014991904076015465,1824.4766460530552,0.3040794410088426,0.33591109817745857,10.79215260527929,False,340.65030440694295,327.4230299667013,5.521932117907065e-13,3.0,10.79215260527929,12.693952032909383,200.0454084648248,12060.413650224536,"{""family"": ""B3"", ""type"": ""graded_density_lattice"", ""rho_path"": [0.254277, 0.238547, 0.376853, 0.484368], ""amp_z"": -0.035932, ""L"": 0.004, ""w"": 0.0, ""a_z"": 1.0}",0.015522624000000018,0.2079147425,0.5012829339772727,0.254277,0.238547,0.376853,0.484368,-0.035932,0.2500043486706139,False
0.022774354255137692,0.01504477666554306,1825.8717096447883,0.30431195160746477,0.3361569861097046,10.978465075588698,True,340.686252776456,327.4230299666491,1.276422661650539e-11,3.0,10.978465075588698,12.693864289597952,200.27218696126192,12075.332076699762,"{""family"": ""B3"", ""type"": ""graded_density_lattice"", ""rho_path"": [0.253558, 0.240114, 0.379911, 0.480052], ""amp_z"": -0.034453, ""L"": 0.004, ""w"": 0.0, ""a_z"": 1.0}",0.014883696000000014,0.2107379444318182,0.49629582681818174,0.253558,0.240114,0.379911,0.480052,-0.034453,0.022774354255137692,True
0.02272153446074247,0.014984994946815561,1829.7162149329024,0.30495270248881706,0.33619513675626406,10.946644734283183,False,340.6455815347717,327.42302996668786,3.691574030589047e-12,3.0,10.946644734283183,12.69362249354679,199.71412578634167,12078.162239879544,"{""family"": ""B3"", ""type"": ""graded_density_lattice"", ""rho_path"": [0.254373, 0.241047, 0.376445, 0.484943], ""amp_z"": -0.036129, ""L"": 0.004, ""w"": 0.0, ""a_z"": 1.0}",0.015607728000000032,0.21023972420454545,0.5019473173863637,0.254373,0.241047,0.376445,0.484943,-0.036129,0.24993687906816717,False
0.022772776034484913,0.015042979263975074,1824.271426973054,0.3040452378288424,0.33605828118236736,10.92093152872469,True,340.68503754655336,327.42302996671367,2.3477070215732684e-12,3.0,10.92093152872469,12.69396494038151,200.35576265644454,12069.19309093866,"{""family"": ""B3"", ""type"": ""graded_density_lattice"", ""rho_path"": [0.253582, 0.239288, 0.379809, 0.480196], ""amp_z"": -0.034502, ""L"": 0.004, ""w"": 0.0, ""a_z"": 1.0}",0.014904864000000063,0.20987252545454546,0.4964620464772727,0.253582,0.239288,0.379809,0.480196,-0.034502,0.022772776034484913,True
0.022736366968082733,0.015001771387204968,1825.6381761139055,0.30427302935231765,0.3360112263791172,10.857572643225705,False,340.6570025654237,327.42302996663574,1.589031936336224e-11,3.0,10.857572643225705,12.69387897773656,199.99544367503506,12066.571011436436,"{""family"": ""B3"", ""type"": ""graded_density_lattice"", ""rho_path"": [0.254143, 0.239304, 0.377423, 0.483562], ""amp_z"": -0.035656, ""L"": 0.004, ""w"": 0.0, ""a_z"": 1.0}",0.015403392000000028,0.20890484625,0.50035169625,0.254143,0.239304,0.377423,0.483562,-0.035656,0.25010003664891006,False
0.022764827923790726,0.015033998407234144,1825.799270325302,0.30429987838755035,0.33612061939467885,10.948224295885518,True,340.67891750131884,327.4230299666851,4.343575427184705e-12,3.0,10.948224295885518,12.693868845679951,200.20480773654157,12073.14376019218,"{""family"": ""B3"", ""type"": ""graded_density_lattice"", ""rho_path"": [0.253704, 0.239912, 0.379289, 0.48093], ""amp_z"": -0.034754, ""L"": 0.004, ""w"": 0.0, ""a_z"": 1.0}",0.015013728000000049,0.2102799543181818,0.4973104139772727,0.253704,0.239912,0.379289,0.48093,-0.034754,0.022764827923790726,True
0.022734772864330736,0.014999983840510675,1827.8508576837419,0.304641809613957,0.33613483114660325,10.925927796534884,False,340.65577510553464,327.42302996669395,2.26856917089952e-12,3.0,10.925927796534884,12.693739812046866,199.89994904882053,12074.286392853752,"{""family"": ""B3"", ""type"": ""graded_density_lattice"", ""rho_path"": [0.254168, 0.240379, 0.377317, 0.483712], ""amp_z"": -0.035707, ""L"": 0.004, ""w"": 0.0, ""a_z"": 1.0}",0.015425424000000021,0.20993332204545456,0.5005248231818181,0.254168,0.240379,0.377317,0.483712,-0.035707,0.2500825015076381,False
0.02276325167097723,0.015032210290691147,1825.1515166104646,0.30419191943507745,0.33607741856518114,10.922209594299137,True,340.67770378665244,327.4230299667456,9.823871586341775e-12,3.0,10.922209594299137,12.693909586393577,200.2397337542671,12070.464620556855,"{""family"": ""B3"", ""type"": ""graded_density_lattice"", ""rho_path"": [0.253728, 0.239561, 0.379186, 0.481075], ""amp_z"": -0.034803, ""L"": 0.004, ""w"": 0.0, ""a_z"": 1.0}",0.015034896000000053,0.2098881859090909,0.49747761659090906,0.253728,0.239561,0.379186,0.481075,-0.034803,0.02276325167097723,True
0.022742046546485883,0.015008208496192162,1826.041115656845,0.30434018594280754,0.33605524831045547,10.888203631764176,True,340.6613758407941,327.4230299666989,1.1111781047959512e-12,3.0,10.888203631764176,12.69385363479387,200.01555409200785,12069.263724455604,"{""family"": ""B3"", ""type"": ""graded_density_lattice"", ""rho_path"": [0.254055, 0.239615, 0.377796, 0.483036], ""amp_z"": -0.035476, ""L"": 0.004, ""w"": 0.0, ""a_z"": 1.0}",0.015325632000000011,0.2093683877272727,0.49974403318181815,0.254055,0.239615,0.377796,0.483036,-0.035476,0.022742046546485883,True
0.022735162192315278,0.015000417714928035,1827.0522856377863,0.3045087142729644,0.33608961560441597,10.900684210594186,False,340.65607488808274,327.4230299667145,2.547175745939377e-12,3.0,10.900684210594186,12.693790037552604,199.93281039989972,12071.465187906775,"{""family"": ""B3"", ""type"": ""graded_density_lattice"", ""rho_path"": [0.254162, 0.239988, 0.377343, 0.483675], ""amp_z"": -0.035695, ""L"": 0.004, ""w"": 0.0, ""a_z"": 1.0}",0.015420240000000042,0.20955366079545454,0.5004824051136363,0.254162,0.239988,0.377343,0.483675,-0.035695,0.25008678411546803,False
0.022756216172744464,0.015024250783780302,1825.6176901104134,0.3042696150184023,0.3360804385829388,10.916842664472867,True,340.6722864530132,327.4230299666818,5.115169471253751e-12,3.0,10.916842664472867,12.693880266209511,200.14824148514919,12070.711612488818,"{""family"": ""B3"", ""type"": ""graded_density_lattice"", ""rho_path"": [0.253836, 0.239668, 0.378725, 0.481725], ""amp_z"": -0.035026, ""L"": 0.004, ""w"": 0.0, ""a_z"": 1.0}",0.015131232000000062,0.20980480249999997,0.4982288115909091,0.253836,0.239668,0.378725,0.481725,-0.035026,0.022756216172744464,True
0.022734591543849533,0.015002656698145263,1829.0439910021753,0.30484066516702923,0.33604194720171277,11.012196613784134,True,340.6556354887641,327.4230299667242,4.80865794513677e-12,3.0,11.012196613784134,12.69366477168793,200.8608420203261,12070.728822569012,"{""family"": ""B3"", ""type"": ""graded_density_lattice"", ""rho_path"": [0.252451, 0.239543, 0.377939, 0.484288], ""amp_z"": -0.033151, ""L"": 0.004, ""w"": 0.0, ""a_z"": 1.0}",0.014321231999999995,0.21127700420454545,0.49983280022727267,0.252451,0.239543,0.377939,0.484288,-0.033151,0.022734591543849533,True
0.02272127665735002,0.014990066115498845,1831.6795186048926,0.3052799197674821,0.3360067804789588,11.097996753913447,False,340.6453830261595,327.42302996670094,6.322169339272207e-13,3.0,11.097996753913447,12.693499017213878,201.2555090833768,12070.543351821105,"{""family"": ""B3"", ""type"": ""graded_density_lattice"", ""rho_path"": [0.251185, 0.23936, 0.377595, 0.48602], ""amp_z"": -0.031384, ""L"": 0.004, ""w"": 0.0, ""a_z"": 1.0}",0.013557888000000018,0.21259950375,0.5006702332954546,0.251185,0.23936,0.377595,0.48602,-0.031384,0.24993404323085022,False
0.022729583192735492,0.014997257415097994,1822.5484734008455,0.30375807890014095,0.33582248923906455,11.02898095786917,False,340.6517790584063,327.4230299666365,1.5717574428122904e-11,3.0,11.02898095786917,12.694073308412758,200.88243145743812,12055.469059941648,"{""family"": ""B3"", ""type"": ""graded_density_lattice"", ""rho_path"": [0.252032, 0.239828, 0.375688, 0.484887], ""amp_z"": -0.033118, ""L"": 0.004, ""w"": 0.0, ""a_z"": 1.0}",0.014306976000000039,0.21158817795454546,0.5003911342045454,0.252032,0.239828,0.375688,0.484887,-0.033118,0.2500254151200904,False
0.022750498144223207,0.015017937956582284,1828.1299335045057,0.304688322250751,0.3361424448038013,10.915689184734683,True,340.66788357105185,327.4230299667007,6.85369221693171e-13,3.0,10.915689184734683,12.69372225990556,200.13098810913104,12075.27885944078,"{""family"": ""B3"", ""type"": ""graded_density_lattice"", ""rho_path"": [0.253926, 0.239658, 0.378952, 0.482261], ""amp_z"": -0.035053, ""L"": 0.004, ""w"": 0.0, ""a_z"": 1.0}",0.01514289600000005,0.2097720353409091,0.4987755768181818,0.253926,0.239658,0.378952,0.482261,-0.035053,0.022750498144223207,True
0.022728573190936047,0.014995335758409402,1827.9135998691836,0.30465226664486394,0.3360156769586835,10.98958292517745,False,340.65100135702073,327.42302996670975,1.4297965409040648e-12,3.0,10.98958292517745,12.693735865947625,200.61217398839483,12068.44544247941,"{""family"": ""B3"", ""type"": ""graded_density_lattice"", ""rho_path"": [0.252788, 0.239757, 0.377093, 0.484761], ""amp_z"": -0.033801, ""L"": 0.004, ""w"": 0.0, ""a_z"": 1.0}",0.014602032000000075,0.21093641613636366,0.5006171212499999,0.252788,0.239757,0.377093,0.484761,-0.033801,0.25001430510029654,False
0.02274927909629947,0.015016992205305866,1826.1804811596965,0.3043634135266161,0.33606421904306905,10.934988016867747,True,340.66694490415057,327.4230299666882,3.6118455989401212e-12,3.0,10.934988016867747,12.69384486940332,200.2707314685175,12070.141695259035,"{""family"": ""B3"", ""type"": ""graded_density_lattice"", ""rho_path"": [0.253574, 0.23969, 0.378317, 0.482484], ""amp_z"": -0.03472, ""L"": 0.004, ""w"": 0.0, ""a_z"": 1.0}",0.014999040000000009,0.21008724318181815,0.4988260130681818,0.253574,0.23969,0.378317,0.482484,-0.03472,0.02274927909629947,True
0.022733770325912287,0.015001234969595064,1824.6249724135864,0.3041041620689311,0.3359226729485652,10.998446994123334,False,340.65500315095244,327.42302996665427,1.155368326263587e-11,3.0,10.998446994123334,12.693942703781653,200.69251043095966,12061.843324399139,"{""family"": ""B3"", ""type"": ""graded_density_lattice"", ""rho_path"": [0.252559, 0.23978, 0.376613, 0.484315], ""amp_z"": -0.033641, ""L"": 0.004, ""w"": 0.0, ""a_z"": 1.0}",0.014532912000000042,0.21109530022727271,0.5000914314772728,0.252559,0.23978,0.376613,0.484315,-0.033641,0.2500714735850352,False
0.022746306191407054,0.015013750205904503,1827.2420433373816,0.3045403405562303,0.33608737024651414,10.936340955570795,True,340.6646557673834,327.42302996670423,1.393771101418254e-13,3.0,10.936340955570795,12.693778102868405,200.27779852352234,12071.909709762003,"{""family"": ""B3"", ""type"": ""graded_density_lattice"", ""rho_path"": [0.253584, 0.239688, 0.378367, 0.482774], ""amp_z"": -0.0347, ""L"": 0.004, ""w"": 0.0, ""a_z"": 1.0}",0.014990400000000027,0.21010235227272728,0.4991040426136363,0.253584,0.239688,0.378367,0.482774,-0.0347,0.022746306191407054,True
0.022733784809857698,0.015000865006188647,1826.9828041292335,0.30449713402153894,0.33600996033793085,10.979673667203093,False,340.6550143035904,327.4230299667039,5.950103324910555e-14,3.0,10.979673667203093,12.693794407551447,200.55269156324448,12067.67207503171,"{""family"": ""B3"", ""type"": ""graded_density_lattice"", ""rho_path"": [0.252914, 0.239747, 0.377267, 0.484208], ""amp_z"": -0.033966, ""L"": 0.004, ""w"": 0.0, ""a_z"": 1.0}",0.014673312000000039,0.21078593375,0.5001521985227273,0.252914,0.239747,0.377267,0.484208,-0.033966,0.2500716329084347,False
0.022745397916853843,0.015012952338251843,1826.3789815599657,0.304396496926661,0.33605068339092914,10.946168366105573,True,340.66395639597744,327.423029966701,6.190765072295274e-13,3.0,10.946168366105573,12.693832384745466,200.3327372537834,12069.526302332113,"{""family"": ""B3"", ""type"": ""graded_density_lattice"", ""rho_path"": [0.253409, 0.239704, 0.378055, 0.482915], ""amp_z"": -0.034531, ""L"": 0.004, ""w"": 0.0, ""a_z"": 1.0}",0.014917391999999996,0.2102620934090909,0.49915731556818177,0.253409,0.239704,0.378055,0.482915,-0.034531,0.022745397916853843,True
0.022736391000447522,0.015003784798727129,1825.5750650061095,0.3042625108343516,0.3359721576127005,10.982243770066376,True,340.65702107034457,327.4230299667719,1.5969604859279784e-11,3.0,10.982243770066376,12.69388294712827,200.56398220813372,12064.952655416782,"{""family"": ""B3"", ""type"": ""graded_density_lattice"", ""rho_path"": [0.252834, 0.239755, 0.377093, 0.483974], ""amp_z"": -0.033918, ""L"": 0.004, ""w"": 0.0, ""a_z"": 1.0}",0.014652576000000028,0.21083466375,0.49989488988636366,0.252834,0.239755,0.377093,0.483974,-0.033918,0.022736391000447522,True
0.02273369359645467,0.015000912025052398,1826.117780544864,0.30435296342414403,0.3359775044279112,10.986877204318066,False,340.6549440692701,327.42302996670674,7.246428565424566e-13,3.0,10.986877204318066,12.693848812955755,200.5975420291452,12065.510839810217,"{""family"": ""B3"", ""type"": ""graded_density_lattice"", ""rho_path"": [0.252779, 0.23976, 0.37702, 0.484257], ""amp_z"": -0.033842, ""L"": 0.004, ""w"": 0.0, ""a_z"": 1.0}",0.014619744000000035,0.21090437829545455,0.5001371407954545,0.252779,0.23976,0.37702,0.484257,-0.033842,0.25007062956100135,False
0.02274246065790775,0.01500992946491636,1826.312270994071,0.30438537849901187,0.3360324180004709,10.95633032917752,True,340.66169470658895,327.423029966722,4.30297298514127e-12,3.0,10.95633032917752,12.693836580495429,200.40416574420672,12068.524032906162,"{""family"": ""B3"", ""type"": ""graded_density_lattice"", ""rho_path"": [0.253252, 0.239718, 0.377796, 0.483251], ""amp_z"": -0.034359, ""L"": 0.004, ""w"": 0.0, ""a_z"": 1.0}",0.014843088000000027,0.21042245261363635,0.4994028895454545,0.253252,0.239718,0.377796,0.483251,-0.034359,0.02274246065790775,True
0.022732610028423205,0.015001161107782731,1826.6182114906114,0.3044363685817686,0.33596420376075886,10.981620236731208,True,340.65410972188585,327.42302996676955,1.5424203328703616e-11,3.0,10.981620236731208,12.693817338441525,200.98779326293106,12065.377895783757,"{""family"": ""B3"", ""type"": ""graded_density_lattice"", ""rho_path"": [0.254551, 0.238615, 0.376969, 0.484659], ""amp_z"": -0.032601, ""L"": 0.004, ""w"": 0.0, ""a_z"": 1.0}",0.014083632000000046,0.21082716897727272,0.4999194337499999,0.254551,0.238615,0.376969,0.484659,-0.032601,0.022732610028423205,True
0.022726350341241052,0.014995905958691142,1826.9368104051525,0.3044894684008588,0.33591861401275946,10.996005670215688,False,340.6492897627556,327.4230299667713,1.583672413986491e-11,3.0,10.996005670215688,12.693797300301478,201.1818529132558,12063.371001538271,"{""family"": ""B3"", ""type"": ""graded_density_lattice"", ""rho_path"": [0.255777, 0.237659, 0.376444, 0.485626], ""amp_z"": -0.031217, ""L"": 0.004, ""w"": 0.0, ""a_z"": 1.0}",0.013485744000000022,0.2110589578409091,0.5001869078409091,0.255777,0.237659,0.376444,0.485626,-0.031217,0.24998985375365157,False
0.022731539307718342,0.014999632583134468,1826.4254386974449,0.3044042397829075,0.3359593098033865,10.988190647429942,False,340.6532852669431,327.42302996666257,9.611410080521768e-12,3.0,10.988190647429942,12.69382946283316,200.90844847074717,12064.92073026914,"{""family"": ""B3"", ""type"": ""graded_density_lattice"", ""rho_path"": [0.253917, 0.238981, 0.376859, 0.484695], ""amp_z"": -0.032907, ""L"": 0.004, ""w"": 0.0, ""a_z"": 1.0}",0.014215824000000056,0.2109290805681818,0.5001060419318182,0.253917,0.238981,0.376859,0.484695,-0.032907,0.2500469323849018,False
0.022739719074952782,0.015007341962891278,1826.3393097007693,0.30438988495012825,0.33601418481710865,10.964310911913458,True,340.6595836877136,327.4230299666933,2.414737962255884e-12,3.0,10.964310911913458,12.693834879900125,200.5330998457705,12067.62716973696,"{""family"": ""B3"", ""type"": ""graded_density_lattice"", ""rho_path"": [0.253418, 0.239534, 0.377562, 0.483612], ""amp_z"": -0.033996, ""L"": 0.004, ""w"": 0.0, ""a_z"": 1.0}",0.014686272000000012,0.21054935818181816,0.4995786797727272,0.253418,0.239534,0.377562,0.483612,-0.033996,0.022739719074952782,True
0.0227311846131929,0.015001196613163549,1826.804848861204,0.3044674748102007,0.33592001900560187,11.08699402629007,True,340.6530121521585,327.42302996667314,7.137023439772984e-12,3.0,11.08699402629007,12.693805599957667,201.25824318274377,12063.475615511841,"{""family"": ""B3"", ""type"": ""graded_density_lattice"", ""rho_path"": [0.252859, 0.239052, 0.376765, 0.48514], ""amp_z"": -0.031198, ""L"": 0.004, ""w"": 0.0, ""a_z"": 1.0}",0.01347753600000008,0.2124559319318182,0.4996983569318182,0.252859,0.239052,0.376765,0.48514,-0.031198,0.0227311846131929,True
0.022726006577505734,0.014997986229676435,1827.1826374431437,0.30453043957385734,0.33585240479182005,11.186569296700645,True,340.6490250646794,327.4230299666743,6.871409646187027e-12,3.0,11.186569296700645,12.693781839160165,201.70220545336548,12060.515188580583,"{""family"": ""B3"", ""type"": ""graded_density_lattice"", ""rho_path"": [0.252262, 0.23877, 0.37625, 0.486191], ""amp_z"": -0.02906, ""L"": 0.004, ""w"": 0.0, ""a_z"": 1.0}",0.012553920000000041,0.21399835454545457,0.499675027840909,0.252262,0.23877,0.37625,0.486191,-0.02906,0.022726006577505734,True
0.022727875013095537,0.01499814316925595,1826.8551563362596,0.30447585938937666,0.3358964642411205,11.099536023779823,True,340.65046376008354,327.4230299666711,7.615984610641715e-12,3.0,11.099536023779823,12.693802435892566,201.3682391926195,12062.31870616911,"{""family"": ""B3"", ""type"": ""graded_density_lattice"", ""rho_path"": [0.253034, 0.238827, 0.376475, 0.485596], ""amp_z"": -0.030704, ""L"": 0.004, ""w"": 0.0, ""a_z"": 1.0}",0.013264128000000009,0.21265382079545456,0.49990285147727276,0.253034,0.238827,0.376475,0.485596,-0.030704,0.022727875013095537,True
0.02272356508389317,0.014993327758092439,1829.559700083809,0.30492661668063487,0.335944915150575,11.107699512827047,False,340.6471451145977,327.4230299666981,1.297506402464366e-12,3.0,11.107699512827047,12.69363233720107,201.37981305538523,12066.290684930233,"{""family"": ""B3"", ""type"": ""graded_density_lattice"", ""rho_path"": [0.25202, 0.238984, 0.377049, 0.485976], ""amp_z"": -0.030754, ""L"": 0.004, ""w"": 0.0, ""a_z"": 1.0}",0.013285728000000052,0.2127648065909091,0.5003093173863636,0.25202,0.238984,0.377049,0.485976,-0.030754,0.24995921592282488,False
0.022735398758845952,0.015004385401502972,1825.807587047813,0.3043012645079689,0.3359456605272567,11.024752219935733,True,340.65625704431136,327.42302996669554,1.8960602208064847e-12,3.0,11.024752219935733,12.69386832259826,201.00885365295386,12064.039427650803,"{""family"": ""B3"", ""type"": ""graded_density_lattice"", ""rho_path"": [0.253529, 0.239161, 0.376893, 0.484425], ""amp_z"": -0.032453, ""L"": 0.004, ""w"": 0.0, ""a_z"": 1.0}",0.014019696000000038,0.21149506943181817,0.49961333534090907,0.253529,0.239161,0.376893,0.484425,-0.032453,0.022735398758845952,True
0.022726306307117295,0.014998071486929995,1828.6244956347878,0.3047707492724646,0.335908114334313,11.139667154936541,True,340.6492558564803,327.42302996670156,4.857528520832686e-13,3.0,11.139667154936541,12.693691155128732,201.63909134788747,12064.209186838849,"{""family"": ""B3"", ""type"": ""graded_density_lattice"", ""rho_path"": [0.253496, 0.238211, 0.376718, 0.48609], ""amp_z"": -0.029269, ""L"": 0.004, ""w"": 0.0, ""a_z"": 1.0}",0.012644208000000035,0.21326601454545455,0.4996825935227272,0.253496,0.238211,0.376718,0.48609,-0.029269,0.022726306307117295,True
0.0227235490399682,0.014994814508059796,1829.5252125878776,0.3049208687646463,0.33591948792871806,11.143028539163113,True,340.6471327607755,327.42302996664233,1.434742656571174e-11,3.0,11.143028539163113,12.693634506217684,201.60709883195653,12065.22040603759,"{""family"": ""B3"", ""type"": ""graded_density_lattice"", ""rho_path"": [0.252788, 0.238425, 0.376847, 0.486305], ""amp_z"": -0.029461, ""L"": 0.004, ""w"": 0.0, ""a_z"": 1.0}",0.012727152000000031,0.21331347522727273,0.4999921405681818,0.252788,0.238425,0.376847,0.486305,-0.029461,0.0227235490399682,True
0.022717767691725968,0.01499020062824368,1831.3924371662872,0.3052320728610479,0.3359063719487526,11.202335473445013,False,340.64268112262897,327.42302996671054,1.6161248385724796e-12,3.0,11.202335473445013,12.69351707222462,202.00773269325413,12065.780004887489,"{""family"": ""B3"", ""type"": ""graded_density_lattice"", ""rho_path"": [0.252417, 0.238057, 0.376824, 0.487245], ""amp_z"": -0.027964, ""L"": 0.004, ""w"": 0.0, ""a_z"": 1.0}",0.012080448000000034,0.21422353045454545,0.5001810469318181,0.252417,0.238057,0.376824,0.487245,-0.027964,0.24989544460898566,False
0.022720204242967293,0.014993716941255673,1826.4849802208307,0.3044141633701385,0.3357741820159579,11.208053690663824,True,340.6445572670848,327.4230299667601,1.3215873417272174e-11,3.0,11.208053690663824,12.693825717983003,202.08124997441678,12056.25946389177,"{""family"": ""B3"", ""type"": ""graded_density_lattice"", ""rho_path"": [0.254001, 0.237596, 0.375364, 0.487248], ""amp_z"": -0.027286, ""L"": 0.004, ""w"": 0.0, ""a_z"": 1.0}",0.011787552000000012,0.21434718261363636,0.4998351206818181,0.254001,0.237596,0.375364,0.487248,-0.027286,0.022720204242967293,True
0.022713473742572446,0.014989793875498855,1825.2248024683267,0.30420413374472116,0.3356404166106072,11.306187234839369,True,340.63937478178076,327.4230299667716,1.5903312144816142e-11,3.0,11.306187234839369,12.693904977038851,202.59959253747948,12048.917849732074,"{""family"": ""B3"", ""type"": ""graded_density_lattice"", ""rho_path"": [0.254777, 0.236623, 0.374076, 0.488729], ""amp_z"": -0.024354, ""L"": 0.004, ""w"": 0.0, ""a_z"": 1.0}",0.01052092800000004,0.21588234636363635,0.49983751625,0.254777,0.236623,0.374076,0.488729,-0.024354,0.022713473742572446,True
0.02271468125684801,0.014990843662929796,1828.3327734671602,0.3047221289111934,0.3357227384700677,11.369026153660464,True,340.64030456777294,327.42302996667866,5.846899299498334e-12,3.0,11.369026153660464,12.693709502558196,202.73647630796353,12054.989310623014,"{""family"": ""B3"", ""type"": ""graded_density_lattice"", ""rho_path"": [0.251992, 0.237728, 0.375178, 0.488506], ""amp_z"": -0.024538, ""L"": 0.004, ""w"": 0.0, ""a_z"": 1.0}",0.010600416000000034,0.21681920522727272,0.49971711886363634,0.251992,0.237728,0.375178,0.488506,-0.024538,0.02271468125684801,True
0.022713937921180597,0.014990703243141782,1828.6826974012215,0.3047804495668703,0.3357207305176305,11.358361100609315,True,340.63973219930904,327.42302996670753,9.109711542108715e-13,3.0,11.358361100609315,12.69368749462202,202.67341327269884,12055.155796153447,"{""family"": ""B3"", ""type"": ""graded_density_lattice"", ""rho_path"": [0.253092, 0.237075, 0.375153, 0.488732], ""amp_z"": -0.023969, ""L"": 0.004, ""w"": 0.0, ""a_z"": 1.0}",0.010354608000000055,0.2166569690909091,0.49965861340909085,0.253092,0.237075,0.375153,0.488732,-0.023969,0.022713937921180597,True
0.022710480706915736,0.014987737762255737,1826.9544909884041,0.304492415164734,0.3356341619904921,11.405692786134976,True,340.6370701443251,327.42302996675687,1.2457862735632204e-11,3.0,11.405692786134976,12.693796188290742,202.73339618415702,12049.679435118414,"{""family"": ""B3"", ""type"": ""graded_density_lattice"", ""rho_path"": [0.252468, 0.237237, 0.374284, 0.489295], ""amp_z"": -0.023284, ""L"": 0.004, ""w"": 0.0, ""a_z"": 1.0}",0.010058687999999982,0.21740155488636365,0.4998694776136363,0.252468,0.237237,0.374284,0.489295,-0.023284,0.022710480706915736,True
0.022703090111416073,0.014983193682983537,1826.130297320477,0.30435504955341286,0.33549721484131023,11.539117694630079,True,340.63137938579035,327.4230299666799,5.554266426298018e-12,3.0,11.539117694630079,12.693848025713502,202.5152298937386,12042.290546296677,"{""family"": ""B3"", ""type"": ""graded_density_lattice"", ""rho_path"": [0.251954, 0.23675, 0.373067, 0.490898], ""amp_z"": -0.020291, ""L"": 0.004, ""w"": 0.0, ""a_z"": 1.0}",0.008765712000000026,0.21946975193181817,0.4999631672727272,0.251954,0.23675,0.373067,0.490898,-0.020291,0.022703090111416073,True
0.022701984155760448,0.014982345558218917,1827.9779360046405,0.3046629893341068,0.3355477841202805,11.499866537314803,True,340.6305277999355,327.42302996673266,6.790795343075335e-12,3.0,11.499866537314803,12.693731819601235,202.5044001167097,12045.993777059346,"{""family"": ""B3"", ""type"": ""graded_density_lattice"", ""rho_path"": [0.253579, 0.235871, 0.373478, 0.491076], ""amp_z"": -0.019986, ""L"": 0.004, ""w"": 0.0, ""a_z"": 1.0}",0.008633952000000056,0.2188582593181818,0.4999917968181818,0.253579,0.235871,0.373478,0.491076,-0.019986,0.022701984155760448,True
0.022691211370286367,0.014976006330915106,1828.3983090412626,0.30473305150687713,0.3353955907555472,11.657125612950319,False,340.6222327551205,327.4230299666786,5.860335016683616e-12,3.0,11.657125612950319,12.693705380791654,202.1846712152372,12038.442764876669,"{""family"": ""B3"", ""type"": ""graded_density_lattice"", ""rho_path"": [0.254238, 0.234422, 0.372092, 0.493519], ""amp_z"": -0.015449, ""L"": 0.004, ""w"": 0.0, ""a_z"": 1.0}",0.007541886150378924,0.22128871170454545,0.5001506770454545,0.254238,0.234422,0.372092,0.493519,-0.015449,0.24960332507315003,False
0.02269690224056417,0.014981817669097189,1825.0058206264523,0.30416763677107544,0.33533193757773305,11.68681063093705,True,340.6266147252344,327.4230299667557,1.217866557961717e-11,3.0,11.68681063093705,12.693918750033339,202.18823662682126,12033.298891172528,"{""family"": ""B3"", ""type"": ""graded_density_lattice"", ""rho_path"": [0.253369, 0.235193, 0.371534, 0.492871], ""amp_z"": -0.015795, ""L"": 0.004, ""w"": 0.0, ""a_z"": 1.0}",0.007469080406979105,0.22175965511363638,0.49967514659090906,0.253369,0.235193,0.371534,0.492871,-0.015795,0.02269690224056417,True
0.02268628188675203,0.014978553255253381,1822.7513498129913,0.3037918916354986,0.33503830861532813,11.960268192055725,True,340.61843705279904,327.42302996679365,2.1064842222621305e-11,3.0,11.960268192055725,12.694060548067203,202.13800392991115,12016.658403497904,"{""family"": ""B3"", ""type"": ""graded_density_lattice"", ""rho_path"": [0.25366, 0.233578, 0.368877, 0.496155], ""amp_z"": -0.008962, ""L"": 0.004, ""w"": 0.0, ""a_z"": 1.0}",0.007411997198083292,0.22598374363636364,0.4995176368181818,0.25366,0.233578,0.368877,0.496155,-0.008962,0.02268628188675203,True
0.022692612019331322,0.014978734299729296,1824.0068770125458,0.3040011461687577,0.33525503180177063,11.696090618844888,True,340.6233112548851,327.4230299666474,1.316360700096899e-11,3.0,11.696090618844888,12.693981579571146,202.24778034179843,12028.69022549305,"{""family"": ""B3"", ""type"": ""graded_density_lattice"", ""rho_path"": [0.254833, 0.234231, 0.370682, 0.49373], ""amp_z"": -0.014487, ""L"": 0.004, ""w"": 0.0, ""a_z"": 1.0}",0.007475106465499911,0.2219212521590909,0.4998704692045454,0.254833,0.234231,0.370682,0.49373,-0.014487,0.022692612019331322,True
0.022685568523990635,0.014974983987458959,1821.8171468278697,0.30363619113797835,0.3350708420635421,11.842258668939303,False,340.61788776347277,327.42302996669287,2.521337828275373e-12,3.0,11.842258668939303,12.694119306973572,202.1931230245073,12017.781078287358,"{""family"": ""B3"", ""type"": ""graded_density_lattice"", ""rho_path"": [0.254429, 0.233746, 0.36892, 0.495503], ""amp_z"": -0.011263, ""L"": 0.004, ""w"": 0.0, ""a_z"": 1.0}",0.0074051494043097296,0.22418897227272727,0.5000134313636364,0.254429,0.233746,0.36892,0.495503,-0.011263,0.249541253763897,False
0.022706229605189535,0.014986034619413682,1826.9416971148476,0.30449028285247465,0.3355582001364966,11.479063107719792,True,340.6337967959959,327.42302996667826,5.939915803088747e-12,3.0,11.479063107719792,12.693796992954491,202.56260180834636,12045.94703676828,"{""family"": ""B3"", ""type"": ""graded_density_lattice"", ""rho_path"": [0.253426, 0.236243, 0.373594, 0.490425], ""amp_z"": -0.020793, ""L"": 0.004, ""w"": 0.0, ""a_z"": 1.0}",0.00898257600000001,0.21853979159090908,0.4997478075,0.253426,0.236243,0.373594,0.490425,-0.020793,0.022706229605189535,True
0.022684007186045126,0.014975437191301368,1825.8745186118763,0.3043124197686461,0.33511818723319414,11.96482594377527,True,340.6166855332547,327.423029966672,7.40322781433412e-12,3.0,11.96482594377527,12.693864112927606,202.00942357927457,12022.552188822865,"{""family"": ""B3"", ""type"": ""graded_density_lattice"", ""rho_path"": [0.252204, 0.234046, 0.369803, 0.496185], ""amp_z"": -0.009453, ""L"": 0.004, ""w"": 0.0, ""a_z"": 1.0}",0.00743708751446932,0.22602708647727274,0.4997989319318181,0.252204,0.234046,0.369803,0.496185,-0.009453,0.022684007186045126,True
0.02267272868120225,0.014972437983478016,1826.1682524439916,0.304361375407332,0.33485721854108486,12.296604012602092,True,340.6080010845257,327.42302996666945,8.001929277920033e-12,3.0,12.296604012602092,12.69384563852767,202.16081368446896,12008.500805043463,"{""family"": ""B3"", ""type"": ""graded_density_lattice"", ""rho_path"": [0.250918, 0.232758, 0.367667, 0.499913], ""amp_z"": -0.002002, ""L"": 0.004, ""w"": 0.0, ""a_z"": 1.0}",0.00739063208151003,0.2311003834090909,0.49977939590909093,0.250918,0.232758,0.367667,0.499913,-0.002002,0.02267272868120225,True
0.02267690393112178,0.014972621022723042,1823.8932470615362,0.30398220784358937,0.3349199882884692,12.117781031862474,True,340.61121602696375,327.4230299667626,1.3801434454160393e-11,3.0,12.117781031862474,12.693988726477698,202.2277465412222,12010.812212042089,"{""family"": ""B3"", ""type"": ""graded_density_lattice"", ""rho_path"": [0.252552, 0.233032, 0.367914, 0.498284], ""amp_z"": -0.005499, ""L"": 0.004, ""w"": 0.0, ""a_z"": 1.0}",0.007389152958054748,0.22839268329545453,0.4999017707954545,0.252552,0.233032,0.367914,0.498284,-0.005499,0.02267690393112178,True
0.022678990063430722,0.014981702478135727,1821.3498231977364,0.30355830386628946,0.3347054707709459,12.288929505574053,True,340.61282234884163,327.42302996674476,9.624107571488079e-12,3.0,12.288929505574053,12.694148700602744,202.472796079719,11997.81791798937,"{""family"": ""B3"", ""type"": ""graded_density_lattice"", ""rho_path"": [0.254263, 0.231038, 0.366381, 0.5], ""amp_z"": -8.3e-05, ""L"": 0.004, ""w"": 0.0, ""a_z"": 1.0}",0.007414407621491542,0.23103311886363637,0.4989023904545454,0.254263,0.231038,0.366381,0.5,-8.3e-05,0.022678990063430722,True
0.022707199680519572,0.015021962012876693,1805.988286746103,0.30099804779101724,0.33411946949474725,11.964274089938444,False,340.63454375400005,327.4230299666935,2.3750213916752153e-12,3.0,11.964274089938444,12.695114983266814,202.95586786809758,11958.125462403556,"{""family"": ""B3"", ""type"": ""graded_density_lattice"", ""rho_path"": [0.252911, 0.229984, 0.36313, 0.5], ""amp_z"": 0.007573, ""L"": 0.004, ""w"": 0.0, ""a_z"": 1.0}",0.007498060270227964,0.22629103227272726,0.5052989430681818,0.252911,0.229984,0.36313,0.5,0.007573,0.24977919648571528,False
0.022689767059483758,0.01497728213320193,1826.0548758623052,0.3043424793103842,0.3352559443687819,11.785279603439959,True,340.62112063580247,327.4230299666936,2.3481499573046513e-12,3.0,11.785279603439959,12.69385276934548,202.07683513537103,12029.90947866706,"{""family"": ""B3"", ""type"": ""graded_density_lattice"", ""rho_path"": [0.253412, 0.234399, 0.370891, 0.494423], ""amp_z"": -0.013096, ""L"": 0.004, ""w"": 0.0, ""a_z"": 1.0}",0.007477352541857575,0.22327230420454544,0.49986906045454543,0.253412,0.234399,0.370891,0.494423,-0.013096,0.022689767059483758,True
0.02268842827845445,0.014995321409869073,1818.345917062463,0.30305765284374386,0.3345515218440849,12.246919553770416,False,340.6200897744099,327.4230299666618,9.797590732946389e-12,3.0,12.246919553770416,12.694337642945873,202.43001257079217,11988.003955865299,"{""family"": ""B3"", ""type"": ""graded_density_lattice"", ""rho_path"": [0.251089, 0.231691, 0.366009, 0.5], ""amp_z"": 0.00263, ""L"": 0.004, ""w"": 0.0, ""a_z"": 1.0}",0.007358255712548875,0.23044097045454548,0.5011033937499999,0.251089,0.231691,0.366009,0.5,0.00263,0.24957271106299894,False
0.02268542123460495,0.014976081756572796,1824.275061067711,0.3040458435112852,0.3351096831247552,11.89259553403979,True,340.6177743506458,327.42302996662596,1.8178525351686407e-11,3.0,11.89259553403979,12.693964711811036,202.1954447058589,12021.224789935608,"{""family"": ""B3"", ""type"": ""graded_density_lattice"", ""rho_path"": [0.253897, 0.233596, 0.369514, 0.495819], ""amp_z"": -0.010208, ""L"": 0.004, ""w"": 0.0, ""a_z"": 1.0}",0.007445907472849745,0.22493859329545457,0.49980825693181813,0.253897,0.233596,0.369514,0.495819,-0.010208,0.02268542123460495,True
0.022687976330820668,0.01499457223820552,1816.0591775594996,0.30267652959325,0.334499976388698,12.22134527384127,False,340.6197417747319,327.4230299666847,4.436739576018912e-12,3.0,12.22134527384127,12.694481480078906,202.50209850080913,11984.02807271357,"{""family"": ""B3"", ""type"": ""graded_density_lattice"", ""rho_path"": [0.252704, 0.231201, 0.36525, 0.5], ""amp_z"": 0.002395, ""L"": 0.004, ""w"": 0.0, ""a_z"": 1.0}",0.007381921687829474,0.23007356931818182,0.50089629375,0.252704,0.231201,0.36525,0.5,0.002395,0.24956773963902734,False
0.022683707212707217,0.01497540888246525,1825.1180715724447,0.3041863452620741,0.3350955656153308,11.94812785329931,True,340.61645455378454,327.42302996668076,5.35479770193191e-12,3.0,11.94812785329931,12.693911689938927,202.1684791242207,12020.931710682806,"{""family"": ""B3"", ""type"": ""graded_density_lattice"", ""rho_path"": [0.253235, 0.2336, 0.369481, 0.496305], ""amp_z"": -0.009223, ""L"": 0.004, ""w"": 0.0, ""a_z"": 1.0}",0.007443880525892686,0.225781645,0.4998010273863636,0.253235,0.2336,0.369481,0.496305,-0.009223,0.022683707212707217,True
0.022672509584491195,0.014972413970489375,1825.66762578315,0.304277937630525,0.33483848778234493,12.257365723372937,True,340.6078323800582,327.423029966698,1.3240825463473413e-12,3.0,12.257365723372937,12.69387712549179,202.23758392715985,12007.21259752584,"{""family"": ""B3"", ""type"": ""graded_density_lattice"", ""rho_path"": [0.252286, 0.232032, 0.367506, 0.5], ""amp_z"": -0.001844, ""L"": 0.004, ""w"": 0.0, ""a_z"": 1.0}",0.007421584109366099,0.23051522477272726,0.49978587477272723,0.252286,0.232032,0.367506,0.5,-0.001844,0.022672509584491195,True
0.02268491600579198,0.01499035060808537,1820.9833011574908,0.3034972168595818,0.3346260831925121,12.250154254254145,False,340.6173853244598,327.42302996665256,1.1952916001855676e-11,3.0,12.250154254254145,12.694171754128721,202.42271659195285,11993.40412289381,"{""family"": ""B3"", ""type"": ""graded_density_lattice"", ""rho_path"": [0.251599, 0.231259, 0.36682, 0.5], ""amp_z"": 0.001715, ""L"": 0.004, ""w"": 0.0, ""a_z"": 1.0}",0.007426350173832583,0.2304657153409091,0.5003291244318182,0.251599,0.231259,0.36682,0.5,0.001715,0.24953407606371178,False
0.022688813342105804,0.014995886338568482,1818.2479103182961,0.30304131838638276,0.3345410004692544,12.222942844747166,False,340.62038627342145,327.42302996672174,4.236532625433833e-12,3.0,12.222942844747166,12.69434380755544,202.47320753283327,11987.387066047366,"{""family"": ""B3"", ""type"": ""graded_density_lattice"", ""rho_path"": [0.251404, 0.231388, 0.366065, 0.5], ""amp_z"": 0.002747, ""L"": 0.004, ""w"": 0.0, ""a_z"": 1.0}",0.007377922576266249,0.23008166488636367,0.5012037597727272,0.251404,0.231388,0.366065,0.5,0.002747,0.24957694676316383,False
0.022679848370268315,0.014973993839957718,1824.6917764232596,0.30411529607054333,0.33500263205598324,12.037104488659116,True,340.6134832451066,327.42302996670816,1.0571399455672349e-12,3.0,12.037104488659116,12.69393850208431,202.17224251373318,12015.70785450769,"{""family"": ""B3"", ""type"": ""graded_density_lattice"", ""rho_path"": [0.253274, 0.233044, 0.368652, 0.497464], ""amp_z"": -0.006969, ""L"": 0.004, ""w"": 0.0, ""a_z"": 1.0}",0.007428924944291421,0.2271516878409091,0.49982453670454546,0.253274,0.233044,0.368652,0.497464,-0.006969,0.022679848370268315,True
0.02268867154541235,0.01499564400742246,1817.3230805887627,0.30288718009812715,0.33451939435223477,12.210331501402791,False,340.6202770899675,327.4230299666823,4.995281533292774e-12,3.0,12.210331501402791,12.694401979502082,202.50746435768906,11985.738590987541,"{""family"": ""B3"", ""type"": ""graded_density_lattice"", ""rho_path"": [0.252082, 0.231162, 0.365767, 0.5], ""amp_z"": 0.002665, ""L"": 0.004, ""w"": 0.0, ""a_z"": 1.0}",0.0073739782470527,0.22989892556818184,0.5011312124999999,0.252082,0.231162,0.365767,0.5,0.002665,0.24957538699953585,False
0.022678685449442827,0.014973613532783236,1825.0667237932798,0.30417778729888,0.3349861746244236,12.07381296262375,True,340.61258779607095,327.4230299666724,7.3103589559875e-12,3.0,12.07381296262375,12.693914919489076,202.1238053871681,12015.011306072583,"{""family"": ""B3"", ""type"": ""graded_density_lattice"", ""rho_path"": [0.252947, 0.23299, 0.368552, 0.497823], ""amp_z"": -0.006251, ""L"": 0.004, ""w"": 0.0, ""a_z"": 1.0}",0.007426404956182599,0.2277099047727273,0.4998233172727273,0.252947,0.23299,0.368552,0.497823,-0.006251,0.022678685449442827,True
0.022681555801409486,0.01498544714209198,1821.145393752327,0.3035242322920545,0.3346650717363001,12.313197681416618,True,340.6147979670853,327.42302996668064,5.381226200571091e-12,3.0,12.313197681416618,12.694161558808332,202.40307338197982,11995.574536513303,"{""family"": ""B3"", ""type"": ""graded_density_lattice"", ""rho_path"": [0.251912, 0.231696, 0.366556, 0.5], ""amp_z"": 0.000697, ""L"": 0.004, ""w"": 0.0, ""a_z"": 1.0}",0.007387947746350801,0.23140754556818183,0.49945775693181815,0.251912,0.231696,0.366556,0.5,0.000697,0.022681555801409486,True
0.022676756236001204,0.014973010734815545,1824.8953415525223,0.30414922359208707,0.33493821407762847,12.122077906377633,True,340.6111023017209,327.4230299666606,1.0077230824692805e-11,3.0,12.122077906377633,12.693925698692398,202.1750620763055,12012.310113656076,"{""family"": ""B3"", ""type"": ""graded_density_lattice"", ""rho_path"": [0.252934, 0.232707, 0.368128, 0.498439], ""amp_z"": -0.005052, ""L"": 0.004, ""w"": 0.0, ""a_z"": 1.0}",0.007418680644806265,0.22845131806818184,0.4998354498863636,0.252934,0.232707,0.368128,0.498439,-0.005052,0.022676756236001204,True
0.022678827819920835,0.014971349660839536,1826.8602371437107,0.3044767061906185,0.3350724195775189,12.057294408288842,False,340.612697421339,327.4230299666765,6.3524366142500395e-12,3.0,12.057294408288842,12.693802116337649,202.03714739759118,12020.582655780478,"{""family"": ""B3"", ""type"": ""graded_density_lattice"", ""rho_path"": [0.250391, 0.23437, 0.369526, 0.497131], ""amp_z"": -0.008177, ""L"": 0.004, ""w"": 0.0, ""a_z"": 1.0}",0.007404163322006388,0.22743440045454547,0.5001012936363636,0.250391,0.23437,0.369526,0.497131,-0.008177,0.2494671060191292,False
0.022673178032558795,0.014972828685189267,1824.5506082166642,0.3040917680361107,0.3348307630054662,12.231739782561661,True,340.60834708507025,327.42302996667263,7.256911377733961e-12,3.0,12.231739782561661,12.69394738098694,202.3100314165634,12006.218575410181,"{""family"": ""B3"", ""type"": ""graded_density_lattice"", ""rho_path"": [0.253295, 0.231871, 0.367167, 0.499857], ""amp_z"": -0.002106, ""L"": 0.004, ""w"": 0.0, ""a_z"": 1.0}",0.007411832851032526,0.23013386613636364,0.4997712218181818,0.253295,0.231871,0.367167,0.499857,-0.002106,0.022673178032558795,True
0.02267780035145828,0.014980015232896965,1822.530224003772,0.30375503733396203,0.33472232199485585,12.335553715756417,True,340.61190627062285,327.4230299667331,6.8972475638510304e-12,3.0,12.335553715756417,12.694074456248849,202.39057785029613,11999.365909545997,"{""family"": ""B3"", ""type"": ""graded_density_lattice"", ""rho_path"": [0.251847, 0.23197, 0.3668, 0.5], ""amp_z"": -0.00035, ""L"": 0.004, ""w"": 0.0, ""a_z"": 1.0}",0.00738630427584511,0.23172765625000002,0.4990384602272727,0.251847,0.23197,0.3668,0.5,-0.00035,0.02267780035145828,True
0.022672691735099733,0.014972642295323016,1824.8997491847524,0.30414995819745877,0.3348201150151884,12.270763144593605,True,340.6079726360268,327.4230299667144,2.5205996020564015e-12,3.0,12.270763144593605,12.693925421471125,202.24604583927737,12005.823700457036,"{""family"": ""B3"", ""type"": ""graded_density_lattice"", ""rho_path"": [0.252122, 0.232225, 0.367238, 0.5], ""amp_z"": -0.001825, ""L"": 0.004, ""w"": 0.0, ""a_z"": 1.0}",0.0073963294459294835,0.2307234318181818,0.4997741619318182,0.252122,0.232225,0.367238,0.5,-0.001825,0.022672691735099733,True
0.022680237832231612,0.0149836274406392,1823.3793952343697,0.30389656587239494,0.33473540036283134,12.319544708104237,True,340.6137831308183,327.4230299666833,4.7558009478584085e-12,3.0,12.319544708104237,12.694021045970716,202.287707565146,12000.517160001804,"{""family"": ""B3"", ""type"": ""graded_density_lattice"", ""rho_path"": [0.25207, 0.231605, 0.367168, 0.5], ""amp_z"": 0.000367, ""L"": 0.004, ""w"": 0.0, ""a_z"": 1.0}",0.0074264597385327955,0.23148101545454544,0.4991812353409091,0.25207,0.231605,0.367168,0.5,0.000367,0.022680237832231612,True
0.022674787777405576,0.01497214620334402,1824.689490486658,0.3041149150811097,0.3348906845049118,12.176754663592895,True,340.60958658860227,327.42302996668656,3.997790266218439e-12,3.0,12.176754663592895,12.69393864586027,202.23577465272191,12009.605062257293,"{""family"": ""B3"", ""type"": ""graded_density_lattice"", ""rho_path"": [0.252431, 0.232675, 0.367727, 0.499003], ""amp_z"": -0.004032, ""L"": 0.004, ""w"": 0.0, ""a_z"": 1.0}",0.0073984659575867555,0.22928880499999998,0.49988505045454534,0.252431,0.232675,0.367727,0.499003,-0.004032,0.022674787777405576,True
0.022680256874686056,0.014983602144046803,1822.0763691195377,0.3036793948532563,0.3346940688585669,12.34052058968154,True,340.61379779350824,327.4230299666795,5.647282929888431e-12,3.0,12.34052058968154,12.694103002519885,202.29880641616816,11997.621616304205,"{""family"": ""B3"", ""type"": ""graded_density_lattice"", ""rho_path"": [0.251487, 0.231917, 0.366794, 0.5], ""amp_z"": 0.000328, ""L"": 0.004, ""w"": 0.0, ""a_z"": 1.0}",0.00738887904630377,0.2318098265909091,0.49914475159090904,0.251487,0.231917,0.366794,0.5,0.000328,0.022680256874686056,True
0.022674532947270454,0.01497227454422518,1825.1698759831174,0.3041949793305196,0.3348950446604093,12.184330324427464,True,340.6093903693982,327.42302996665137,1.2232260803114504e-11,3.0,12.184330324427464,12.693908431670325,202.2288842025131,12010.079337612922,"{""family"": ""B3"", ""type"": ""graded_density_lattice"", ""rho_path"": [0.252572, 0.232509, 0.367794, 0.499137], ""amp_z"": -0.003707, ""L"": 0.004, ""w"": 0.0, ""a_z"": 1.0}",0.0074112302451805525,0.22940114590909091,0.4998571981818181,0.252572,0.232509,0.367794,0.499137,-0.003707,0.022674532947270454,True
0.02267684499383557,0.014978676924719493,1824.1006459589955,0.30401677432649926,0.334773122596038,12.318862941992402,True,340.61117064525337,327.4230299667694,1.5384634403366744e-11,3.0,12.318862941992402,12.69397568185489,202.32010549401764,12002.910202197476,"{""family"": ""B3"", ""type"": ""graded_density_lattice"", ""rho_path"": [0.252046, 0.231883, 0.367221, 0.5], ""amp_z"": -0.000562, ""L"": 0.004, ""w"": 0.0, ""a_z"": 1.0}",0.007414133709740564,0.23146047375,0.4991472532954545,0.252046,0.231883,0.367221,0.5,-0.000562,0.02267684499383557,True
0.02267355037982834,0.014971887185571508,1825.1180970106948,0.30418634950178247,0.33487187987233924,12.212459775401026,True,340.6086337924678,327.42302996670475,2.5926504810280233e-13,3.0,12.212459775401026,12.693911688338972,202.26611765043407,12008.778346337525,"{""family"": ""B3"", ""type"": ""graded_density_lattice"", ""rho_path"": [0.252335, 0.232477, 0.367601, 0.499432], ""amp_z"": -0.003165, ""L"": 0.004, ""w"": 0.0, ""a_z"": 1.0}",0.007402410286800305,0.22983129602272726,0.49987907159090905,0.252335,0.232477,0.367601,0.499432,-0.003165,0.02267355037982834,True
0.022676661562661224,0.014978404764660395,1823.6505335369443,0.3039417555894907,0.33476030351252895,12.322485463481433,True,340.6110294032491,327.4230299667216,4.196963700096958e-12,3.0,12.322485463481433,12.694003992293855,202.29410626782618,12001.987063005661,"{""family"": ""B3"", ""type"": ""graded_density_lattice"", ""rho_path"": [0.25181, 0.232035, 0.367077, 0.5], ""amp_z"": -0.00067, ""L"": 0.004, ""w"": 0.0, ""a_z"": 1.0}",0.007397918134084977,0.23151916647727272,0.49919962102272725,0.25181,0.232035,0.367077,0.5,-0.00067,0.022676661562661224,True
0.02267332603534548,0.014971914609376264,1825.3543753758834,0.30422572922931396,0.3348717842785591,12.219095100361438,True,340.608461047216,327.4230299667073,8.578188664449211e-13,3.0,12.219095100361438,12.693896827487071,202.2577856556088,12008.886481841306,"{""family"": ""B3"", ""type"": ""graded_density_lattice"", ""rho_path"": [0.252382, 0.232391, 0.367615, 0.499529], ""amp_z"": -0.002948, ""L"": 0.004, ""w"": 0.0, ""a_z"": 1.0}",0.007407888521819155,0.22993093761363634,0.49986767795454545,0.252382,0.232391,0.367615,0.499529,-0.002948,0.02267332603534548,True
0.022675026956749975,0.014976051654344381,1824.6162102767823,0.3041027017127971,0.3347985193168921,12.297293131666137,True,340.60977075669746,327.42302996672385,4.728781868244051e-12,3.0,12.297293131666137,12.69394325488421,202.269269978833,12004.533265837219,"{""family"": ""B3"", ""type"": ""graded_density_lattice"", ""rho_path"": [0.252066, 0.232033, 0.367276, 0.5], ""amp_z"": -0.001126, ""L"": 0.004, ""w"": 0.0, ""a_z"": 1.0}",0.007408929386472693,0.23112858943181816,0.4994276070454545,0.252066,0.232033,0.367276,0.5,-0.001126,0.022675026956749975,True
0.02267282317347077,0.01497173693423967,1825.3508494087794,0.3042251415681299,0.33486013370775114,12.233818572326102,True,340.60807384357247,327.4230299666826,4.92898881882913e-12,3.0,12.233818572326102,12.69389704925437,202.27397100273564,12008.241098780587,"{""family"": ""B3"", ""type"": ""graded_density_lattice"", ""rho_path"": [0.252268, 0.232366, 0.36752, 0.499686], ""amp_z"": -0.002655, ""L"": 0.004, ""w"": 0.0, ""a_z"": 1.0}",0.007404053757305996,0.23015583352272725,0.4998771289772727,0.252268,0.232366,0.36752,0.499686,-0.002655,0.02267282317347077,True
0.02267471371041212,0.014975587755078816,1824.4885627505475,0.3040814271250913,0.3347959895781884,12.29663396121215,True,340.6095295570173,327.4230299667036,6.939326458332408e-15,3.0,12.29663396121215,12.693951283396837,202.27785213487817,12004.329455817026,"{""family"": ""B3"", ""type"": ""graded_density_lattice"", ""rho_path"": [0.251974, 0.232109, 0.367224, 0.5], ""amp_z"": -0.001225, ""L"": 0.004, ""w"": 0.0, ""a_z"": 1.0}",0.007401917245648545,0.23111959090909093,0.49947629261363635,0.251974,0.232109,0.367224,0.5,-0.001225,0.02267471371041212,True
0.02267266602558434,0.014971739245051031,1825.466973607458,0.304244495601243,0.33485890322082057,12.238653859322667,True,340.6079528396999,327.42302996667235,7.323499382685193e-12,3.0,12.238653859322667,12.693889745574387,202.30071779668614,12008.22821695506,"{""family"": ""B3"", ""type"": ""graded_density_lattice"", ""rho_path"": [0.25228, 0.232321, 0.367517, 0.49975], ""amp_z"": -0.002517, ""L"": 0.004, ""w"": 0.0, ""a_z"": 1.0}",0.007406354616013856,0.23022881295454548,0.4998720754545455,0.25228,0.232321,0.367517,0.49975,-0.002517,0.02267266602558434,True
0.022671050157582938,0.014970321572299586,1826.8495360013117,0.3044749226668853,0.33487001115681336,12.287328621575087,True,340.60670862133884,327.423029966703,1.531081178146959e-13,3.0,12.287328621575087,12.693802789380825,202.2097747421394,12009.525956021182,"{""family"": ""B3"", ""type"": ""graded_density_lattice"", ""rho_path"": [0.250654, 0.23281, 0.367812, 0.5], ""amp_z"": -0.002231, ""L"": 0.004, ""w"": 0.0, ""a_z"": 1.0}",0.007395726840077509,0.23095597693181819,0.49998053147727267,0.250654,0.23281,0.367812,0.5,-0.002231,0.022671050157582938,True
0.02267067580542202,0.014969816069286221,1827.7826601365505,0.30463044335609174,0.33488548308055593,12.314998115172969,False,340.60642037017493,327.4230299667024,2.861364824733661e-13,3.0,12.314998115172969,12.69374410125774,202.14748153266237,12010.854370256504,"{""family"": ""B3"", ""type"": ""graded_density_lattice"", ""rho_path"": [0.249334, 0.233279, 0.368135, 0.5], ""amp_z"": -0.002294, ""L"": 0.004, ""w"": 0.0, ""a_z"": 1.0}",0.0073877286169500185,0.23136610829545454,0.5000145480681818,0.249334,0.233279,0.368135,0.5,-0.002294,0.2493774338596422,False
0.022673576410345165,0.014973976360424373,1825.69695080597,0.30428282513432836,0.3348272336135528,12.306196881809957,True,340.60865383596575,327.4230299666991,1.0580258170300008e-12,3.0,12.306196881809957,12.693875281087228,202.24653125180333,12006.642382804142,"{""family"": ""B3"", ""type"": ""graded_density_lattice"", ""rho_path"": [0.251036, 0.232492, 0.367576, 0.5], ""amp_z"": -0.001513, ""L"": 0.004, ""w"": 0.0, ""a_z"": 1.0}",0.007400218992792838,0.23125295806818183,0.4996222126136363,0.251036,0.232492,0.367576,0.5,-0.001513,0.022673576410345165,True
0.02267214266976993,0.014971353342723315,1825.7211403276674,0.3042868567212779,0.3348570843050883,12.252015430793897,True,340.6075498557228,327.4230299667971,2.187615283727102e-11,3.0,12.252015430793897,12.693873759681681,202.2818454093261,12008.252034735578,"{""family"": ""B3"", ""type"": ""graded_density_lattice"", ""rho_path"": [0.25196, 0.232397, 0.367534, 0.499854], ""amp_z"": -0.002369, ""L"": 0.004, ""w"": 0.0, ""a_z"": 1.0}",0.007403122457352849,0.23043004295454544,0.4999018889772727,0.25196,0.232397,0.367534,0.499854,-0.002369,0.02267214266976993,True
0.02267100038225882,0.01497019430819844,1825.502302325399,0.3042503837208998,0.33484477468659074,12.225923263006324,False,340.60667029433927,327.4230299667392,8.32069535927194e-12,3.0,12.225923263006324,12.693887523561582,202.33174124135513,12007.445055863584,"{""family"": ""B3"", ""type"": ""graded_density_lattice"", ""rho_path"": [0.252802, 0.231956, 0.367376, 0.5], ""amp_z"": -0.002313, ""L"": 0.004, ""w"": 0.0, ""a_z"": 1.0}",0.00741862586245607,0.2300404978409091,0.5000175080681818,0.252802,0.231956,0.367376,0.5,-0.002313,0.249381004204847,False
0.0226720418131671,0.01497160010186418,1826.0824239902477,0.3043470706650413,0.33485555516440285,12.278910091476726,True,340.60747219613864,327.42302996671276,2.134950225265673e-12,3.0,12.278910091476726,12.693851036705794,202.20549263773233,12008.35218374999,"{""family"": ""B3"", ""type"": ""graded_density_lattice"", ""rho_path"": [0.251389, 0.232557, 0.367594, 0.499961], ""amp_z"": -0.00208, ""L"": 0.004, ""w"": 0.0, ""a_z"": 1.0}",0.007397644222334,0.23083470000000003,0.4998650721590909,0.251389,0.232557,0.367594,0.499961,-0.00208,0.0226720418131671,True
0.022671389281883756,0.01497023942976795,1827.0444235583964,0.30450740392639947,0.33489245121170197,12.254986552419494,True,340.60696974705047,327.42302996663557,1.5930478869674294e-11,3.0,12.254986552419494,12.693790532033338,202.2250539894022,12010.847120279132,"{""family"": ""B3"", ""type"": ""graded_density_lattice"", ""rho_path"": [0.251306, 0.232622, 0.367947, 0.499835], ""amp_z"": -0.002591, ""L"": 0.004, ""w"": 0.0, ""a_z"": 1.0}",0.007413421539188021,0.23046301329545454,0.49999673829545443,0.251306,0.232622,0.367947,0.499835,-0.002591,0.022671389281883756,True
0.022672053006863722,0.01497178969361288,1826.730484993016,0.3044550808321694,0.3348601695604033,12.293510864912967,True,340.60748081528504,327.42302996668315,4.79596045417046e-12,3.0,12.293510864912967,12.693810277041242,202.14720821006546,12008.944235128045,"{""family"": ""B3"", ""type"": ""graded_density_lattice"", ""rho_path"": [0.250758, 0.232647, 0.36784, 0.5], ""amp_z"": -0.001929, ""L"": 0.004, ""w"": 0.0, ""a_z"": 1.0}",0.007406190268963447,0.23105156795454546,0.49983090261363633,0.250758,0.232647,0.36784,0.5,-0.001929,0.022672053006863722,True
0.022672577282703263,0.014971461959601055,1826.7775730995684,0.3044629288499281,0.3348859830412919,12.289120331817486,True,340.6078845076815,327.4230299665955,2.530905240073244e-11,3.0,12.289120331817486,12.69380731545459,202.16104091912308,12010.393415543816,"{""family"": ""B3"", ""type"": ""graded_density_lattice"", ""rho_path"": [0.250141, 0.233182, 0.367985, 0.499693], ""amp_z"": -0.002637, ""L"": 0.004, ""w"": 0.0, ""a_z"": 1.0}",0.007384825152390007,0.23097884022727272,0.4998790998863636,0.250141,0.233182,0.367985,0.499693,-0.002637,0.022672577282703263,True
0.02267178330362953,0.014971369017027867,1826.1844525409088,0.3043640754234848,0.33485471854595117,12.265379291019885,True,340.6072731437947,327.4230299667061,5.781787746985044e-13,3.0,12.265379291019885,12.693844619623555,202.20843435862423,12008.353232450707,"{""family"": ""B3"", ""type"": ""graded_density_lattice"", ""rho_path"": [0.25175, 0.232319, 0.367625, 0.5], ""amp_z"": -0.002042, ""L"": 0.004, ""w"": 0.0, ""a_z"": 1.0}",0.007412380674534483,0.23063084420454547,0.4998851464772727,0.25175,0.232319,0.367625,0.5,-0.002042,0.02267178330362953,True
0.02267180771310153,0.014971451813408828,1827.2298457942009,0.30453830763236683,0.3348721828148906,12.299899367691646,True,340.60729193908816,327.42302996662636,1.808550884809599e-11,3.0,12.299899367691646,12.693778870024088,202.12569810127164,12009.852413538634,"{""family"": ""B3"", ""type"": ""graded_density_lattice"", ""rho_path"": [0.250383, 0.232784, 0.367993, 0.5], ""amp_z"": -0.00198, ""L"": 0.004, ""w"": 0.0, ""a_z"": 1.0}",0.007407066786566398,0.2311435721590909,0.49985751534090905,0.250383,0.232784,0.367993,0.5,-0.00198,0.02267180771310153,True
0.022671913955352018,0.014971004189605874,1826.3836159917166,0.3043972693319528,0.33487337677896667,12.260982962491708,True,340.60737374562103,327.42302996669883,1.1244661767374387e-12,3.0,12.260982962491708,12.693832093263755,202.25986810991415,12009.47872921128,"{""family"": ""B3"", ""type"": ""graded_density_lattice"", ""rho_path"": [0.251434, 0.23259, 0.367749, 0.499842], ""amp_z"": -0.002441, ""L"": 0.004, ""w"": 0.0, ""a_z"": 1.0}",0.0074043276690569735,0.2305595303409091,0.4999275536363636,0.251434,0.23259,0.367749,0.499842,-0.002441,0.022671913955352018,True
0.022670262078575924,0.014969204978629629,1827.683309032511,0.3046138848387519,0.3348948397019812,12.268632591685675,False,340.60610180050344,327.4230299666601,1.0183535400224707e-11,3.0,12.268632591685675,12.69375034984302,202.22227737915273,12011.289495938576,"{""family"": ""B3"", ""type"": ""graded_density_lattice"", ""rho_path"": [0.250821, 0.232693, 0.368057, 0.5], ""amp_z"": -0.002434, ""L"": 0.004, ""w"": 0.0, ""a_z"": 1.0}",0.007415558050845472,0.23066647250000002,0.5000833582954545,0.250821,0.232693,0.368057,0.5,-0.002434,0.24937288286433515,False
0.022671418309393437,0.014970806782533031,1826.5413266342744,0.3044235544390458,0.3348664730964515,12.276336843831766,True,340.6069920982329,327.4230299666465,1.3376216152032791e-11,3.0,12.276336843831766,12.693822174090572,202.2194342677575,12009.172727880128,"{""family"": ""B3"", ""type"": ""graded_density_lattice"", ""rho_path"": [0.251247, 0.232591, 0.36771, 0.499989], ""amp_z"": -0.002169, ""L"": 0.004, ""w"": 0.0, ""a_z"": 1.0}",0.007402136375049328,0.23079221625,0.4999379884090909,0.251247,0.232591,0.36771,0.499989,-0.002169,0.022671418309393437,True
0.02267191055711823,0.014971588003967416,1826.8758343273769,0.3044793057212295,0.33486375321604744,12.292402143580619,True,340.607371128981,327.42302996668354,4.702796305336252e-12,3.0,12.292402143580619,12.693801135360452,202.14306764741502,12009.212588412774,"{""family"": ""B3"", ""type"": ""graded_density_lattice"", ""rho_path"": [0.250701, 0.23266, 0.367886, 0.5], ""amp_z"": -0.001965, ""L"": 0.004, ""w"": 0.0, ""a_z"": 1.0}",0.007407998086519367,0.2310336340909091,0.4998491596590909,0.250701,0.23266,0.367886,0.5,-0.001965,0.02267191055711823,True
0.02267152854441735,0.014971026186601101,1826.8810591509948,0.30448017652516585,0.33486860082229075,12.284632700377784,True,340.60707697920134,327.4230299666586,1.0542903923620048e-11,3.0,12.284632700377784,12.693800806747772,202.17693701882996,12009.46995609491,"{""family"": ""B3"", ""type"": ""graded_density_lattice"", ""rho_path"": [0.250885, 0.232643, 0.367852, 0.5], ""amp_z"": -0.002084, ""L"": 0.004, ""w"": 0.0, ""a_z"": 1.0}",0.007407066786566398,0.23091560886363635,0.49990792363636366,0.250885,0.232643,0.367852,0.5,-0.002084,0.02267152854441735,True
0.022672043291189523,0.014971121006874455,1825.8455392864898,0.3043075898810817,0.3348626251547465,12.247365943027093,True,340.6074733342159,327.42302996677324,1.628925681209446e-11,3.0,12.247365943027093,12.693865935586231,202.2939078436567,12008.61680038018,"{""family"": ""B3"", ""type"": ""graded_density_lattice"", ""rho_path"": [0.251954, 0.232409, 0.367585, 0.499828], ""amp_z"": -0.002467, ""L"": 0.004, ""w"": 0.0, ""a_z"": 1.0}",0.0074052589690103,0.23035832431818182,0.4999251777272727,0.251954,0.232409,0.367585,0.499828,-0.002467,0.022672043291189523,True
0.022671449078505296,0.014970915270615765,1827.0206770475613,0.3045034461745936,0.33487235219323364,12.286852752237564,True,340.60701579044905,327.4230299667162,2.9329727679738998e-12,3.0,12.286852752237564,12.693792025556029,202.17598341707412,12009.744707491838,"{""family"": ""B3"", ""type"": ""graded_density_lattice"", ""rho_path"": [0.250775, 0.232691, 0.367891, 0.5], ""amp_z"": -0.002102, ""L"": 0.004, ""w"": 0.0, ""a_z"": 1.0}",0.007406573745414638,0.2309477925,0.49991718852272726,0.250775,0.232691,0.367891,0.5,-0.002102,0.022671449078505296,True
0.02267099484478992,0.014970002136490402,1827.5336246300874,0.3045889374383479,0.334892792445735,12.29060509078954,False,340.6066660304882,327.4230299667164,2.98612505573985e-12,3.0,12.29060509078954,12.693759764100834,202.19352818411085,12011.118678458426,"{""family"": ""B3"", ""type"": ""graded_density_lattice"", ""rho_path"": [0.250197, 0.233023, 0.368059, 0.499925], ""amp_z"": -0.002429, ""L"": 0.004, ""w"": 0.0, ""a_z"": 1.0}",0.007397589439983804,0.23099803102272728,0.5000065332954545,0.250197,0.233023,0.368059,0.499925,-0.002429,0.24938094329268912,False
0.022671403391095794,0.014970828434355456,1826.581755526168,0.3044302925876947,0.3348653483313316,12.27169433990976,True,340.60698061114374,327.423029966671,7.642708399768485e-12,3.0,12.27169433990976,12.693819631327575,202.21665710612672,12009.132420149455,"{""family"": ""B3"", ""type"": ""graded_density_lattice"", ""rho_path"": [0.251361, 0.232495, 0.367734, 0.5], ""amp_z"": -0.002139, ""L"": 0.004, ""w"": 0.0, ""a_z"": 1.0}",0.00740871025707191,0.2307224253409091,0.49993421170454544,0.251361,0.232495,0.367734,0.5,-0.002139,0.022671403391095794,True
0.022671605247365265,0.014970706522989775,1826.5884045080793,0.30443140075134656,0.33487546866846696,12.266203708125161,True,340.60713604047123,327.4230299666497,1.2618205470392822e-11,3.0,12.266203708125161,12.693819213141953,202.24624190736498,12009.693291077405,"{""family"": ""B3"", ""type"": ""graded_density_lattice"", ""rho_path"": [0.251253, 0.232641, 0.367786, 0.499883], ""amp_z"": -0.002409, ""L"": 0.004, ""w"": 0.0, ""a_z"": 1.0}",0.007403560716154236,0.23063719124999998,0.49995263954545455,0.251253,0.232641,0.367786,0.499883,-0.002409,0.022671605247365265,True
0.022671265547245044,0.014970640120870703,1826.898229799084,0.30448303829984735,0.33487191136029315,12.28004175547771,True,340.60687447137866,327.42302996673965,8.42729522529143e-12,3.0,12.28004175547771,12.693799726808535,202.20281939808916,12009.65310660177,"{""family"": ""B3"", ""type"": ""graded_density_lattice"", ""rho_path"": [0.250977, 0.232642, 0.367835, 0.5], ""amp_z"": -0.002165, ""L"": 0.004, ""w"": 0.0, ""a_z"": 1.0}",0.007406190268963268,0.23084571931818182,0.49994797499999993,0.250977,0.232642,0.367835,0.5,-0.002165,0.022671265547245044,True
0.02267162195320055,0.014970719214152224,1826.3924016978679,0.30439873361631137,0.3348712601472642,12.261240675704627,True,340.6071489039644,327.4230299666166,2.0373567191176362e-11,3.0,12.261240675704627,12.693831540688459,202.25883350036742,12009.363075216386,"{""family"": ""B3"", ""type"": ""graded_density_lattice"", ""rho_path"": [0.251442, 0.232573, 0.367724, 0.499882], ""amp_z"": -0.002416, ""L"": 0.004, ""w"": 0.0, ""a_z"": 1.0}",0.007403889410255409,0.23056394511363637,0.4999545934090909,0.251442,0.232573,0.367724,0.499882,-0.002416,0.02267162195320055,True
0.02267120844743623,0.014970558592081669,1826.95576839338,0.3044926280655633,0.3348737311340567,12.280480762388436,True,340.6068305045259,327.4230299667171,3.1457295642814953e-12,3.0,12.280480762388436,12.693796107949055,202.20422906239378,12009.78068362239,"{""family"": ""B3"", ""type"": ""graded_density_lattice"", ""rho_path"": [0.250942, 0.232661, 0.367849, 0.5], ""amp_z"": -0.00218, ""L"": 0.004, ""w"": 0.0, ""a_z"": 1.0}",0.00740591635721229,0.23085175965909094,0.49995553806818177,0.250942,0.232661,0.367849,0.5,-0.00218,0.02267120844743623,True
0.022670573531271814,0.014969646675664146,1827.3666974408743,0.30456111624014576,0.3348861484648068,12.27351202510997,False,340.6063416190793,327.4230299667606,1.333576135523315e-11,3.0,12.27351202510997,12.693770262843758,202.21515818250214,12010.658705307109,"{""family"": ""B3"", ""type"": ""graded_density_lattice"", ""rho_path"": [0.250849, 0.232701, 0.367961, 0.5], ""amp_z"": -0.002354, ""L"": 0.004, ""w"": 0.0, ""a_z"": 1.0}",0.007409860686426018,0.2307428293181818,0.5000428401136363,0.250849,0.232701,0.367961,0.5,-0.002354,0.24937630884398995,False
0.022671127985232967,0.014970431134209575,1826.7761647232517,0.30446269412054194,0.33487199129517453,12.275690837592125,True,340.60676854862936,327.42302996676574,1.4533016637161183e-11,3.0,12.275690837592125,12.693807404033809,202.22441379125462,12009.58974373439,"{""family"": ""B3"", ""type"": ""graded_density_lattice"", ""rho_path"": [0.251148, 0.232619, 0.367773, 0.5], ""amp_z"": -0.002215, ""L"": 0.004, ""w"": 0.0, ""a_z"": 1.0}",0.007404053757305996,0.23078058295454545,0.49997225909090903,0.251148,0.232619,0.367773,0.5,-0.002215,0.022671127985232967,True
0.02267102149616208,0.01497005658528959,1827.2254895270444,0.3045375815878408,0.3348865849482294,12.2796631036016,False,340.6066865520448,327.4230299667027,2.1969612276592814e-13,3.0,12.2796631036016,12.693779144008396,202.2150184488495,12010.619541390193,"{""family"": ""B3"", ""type"": ""graded_density_lattice"", ""rho_path"": [0.250649, 0.232846, 0.367953, 0.499933], ""amp_z"": -0.002414, ""L"": 0.004, ""w"": 0.0, ""a_z"": 1.0}",0.007401478986847158,0.23083562420454545,0.5000061179545454,0.250649,0.232846,0.367953,0.499933,-0.002414,0.24938123645778287,False
0.02267114475879497,0.014970457944103267,1826.797270097444,0.3044662116829074,0.33487169569086284,12.273711494502017,True,340.6067814642721,327.42302996668747,3.785033469910843e-12,3.0,12.273711494502017,12.693806076620605,202.22393688747655,12009.58536704849,"{""family"": ""B3"", ""type"": ""graded_density_lattice"", ""rho_path"": [0.251183, 0.232583, 0.367789, 0.5], ""amp_z"": -0.002208, ""L"": 0.004, ""w"": 0.0, ""a_z"": 1.0}",0.007406902439515812,0.2307507609090909,0.49996892170454543,0.251183,0.232583,0.367789,0.5,-0.002208,0.02267114475879497,True
0.022672532382293407,0.014972466294484149,1826.140115093296,0.3043566858488827,0.33484163490200164,12.303740400950643,True,340.6078499343659,327.4230299666742,6.884697718128514e-12,3.0,12.303740400950643,12.693847408225025,202.16676788441407,12007.643646947301,"{""family"": ""B3"", ""type"": ""graded_density_lattice"", ""rho_path"": [0.250656, 0.232704, 0.367676, 0.5], ""amp_z"": -0.001808, ""L"": 0.004, ""w"": 0.0, ""a_z"": 1.0}",0.0073940833695718185,0.23121142,0.4997694586363636,0.250656,0.232704,0.367676,0.5,-0.001808,0.022672532382293407,True
0.02267103467141194,0.014970099515261456,1827.0254853680574,0.3045042475613429,0.3348834758205252,12.26718004474879,False,340.60669669698717,327.4230299667344,7.203168508992834e-12,3.0,12.26718004474879,12.693791723139537,202.2353643835691,12010.342763140898,"{""family"": ""B3"", ""type"": ""graded_density_lattice"", ""rho_path"": [0.251143, 0.232642, 0.367879, 0.499942], ""amp_z"": -0.002396, ""L"": 0.004, ""w"": 0.0, ""a_z"": 1.0}",0.007408600692371698,0.2306489746590909,0.5000054780681817,0.251143,0.232642,0.367879,0.499942,-0.002396,0.24938138138553134,False
0.02267108929897962,0.014970376617688097,1826.8099438483478,0.3044683239747247,0.3348708842521253,12.281474095477595,True,340.6067387602143,327.42302996670907,1.2701920323624192e-12,3.0,12.281474095477595,12.693805279510762,202.2171783746874,12009.550100912504,"{""family"": ""B3"", ""type"": ""graded_density_lattice"", ""rho_path"": [0.250901, 0.232714, 0.367792, 0.5], ""amp_z"": -0.002223, ""L"": 0.004, ""w"": 0.0, ""a_z"": 1.0}",0.0073998902986916635,0.23086778136363637,0.49997639102272723,0.250901,0.232714,0.367792,0.5,-0.002223,0.02267108929897962,True
0.022671099368085527,0.014970392480649537,1826.8209300861117,0.304470155014352,0.3348707654726981,12.280513234606804,True,340.60674651342583,327.42302996669525,1.962205290026334e-12,3.0,12.280513234606804,12.693804588536382,202.21679867071384,12009.54970293769,"{""family"": ""B3"", ""type"": ""graded_density_lattice"", ""rho_path"": [0.250919, 0.232696, 0.3678, 0.5], ""amp_z"": -0.002219, ""L"": 0.004, ""w"": 0.0, ""a_z"": 1.0}",0.007401314639796572,0.2308532986363636,0.4999744742045454,0.250919,0.232696,0.3678,0.5,-0.002219,0.022671099368085527,True
0.022671127391353376,0.014970437363808077,1826.9054491708062,0.3044842415284677,0.33487198833862614,12.283911593998871,True,340.6067680913421,327.42302996671464,2.5736042445785576e-12,3.0,12.283911593998871,12.693799272749853,202.20705655860968,12009.661061276338,"{""family"": ""B3"", ""type"": ""graded_density_lattice"", ""rho_path"": [0.250798, 0.232736, 0.367831, 0.5], ""amp_z"": -0.002206, ""L"": 0.004, ""w"": 0.0, ""a_z"": 1.0}",0.007400821598644811,0.23090394,0.49996828715909086,0.250798,0.232736,0.367831,0.5,-0.002206,0.022671127391353376,True
0.022671157606542286,0.014970480560978118,1826.8752608315601,0.3044792101385934,0.3348709905034365,12.28368569394398,True,340.60679135703754,327.4230299666813,5.221621692029446e-12,3.0,12.28368569394398,12.693801171430184,202.20625143153546,12009.591851159108,"{""family"": ""B3"", ""type"": ""graded_density_lattice"", ""rho_path"": [0.250815, 0.232726, 0.367824, 0.5], ""amp_z"": -0.002198, ""L"": 0.004, ""w"": 0.0, ""a_z"": 1.0}",0.007400985945695398,0.23090084670454544,0.49996425749999995,0.250815,0.232726,0.367824,0.5,-0.002198,0.022671157606542286,True
0.022671011278562116,0.01497005403838765,1827.0135083808536,0.304502251396809,0.3348824301055199,12.271182509792563,False,340.6066786844928,327.4230299667037,1.9636817424642772e-14,3.0,12.271182509792563,12.693792476425129,202.2319830674515,12010.281801208941,"{""family"": ""B3"", ""type"": ""graded_density_lattice"", ""rho_path"": [0.25098, 0.232716, 0.367879, 0.499939], ""amp_z"": -0.002411, ""L"": 0.004, ""w"": 0.0, ""a_z"": 1.0}",0.007404546798457757,0.23070949511363636,0.5000099473863636,0.25098,0.232716,0.367879,0.499939,-0.002411,0.24938112406418328,False
0.02267178896000194,0.014971390775052404,1826.4948753089081,0.30441581255148475,0.33485582324873,12.295505983048399,True,340.6072774992015,327.4230299667146,2.5604638178808644e-12,3.0,12.295505983048399,12.693825095633972,202.15713154289006,12008.585046939228,"{""family"": ""B3"", ""type"": ""graded_density_lattice"", ""rho_path"": [0.250655, 0.232757, 0.367744, 0.5], ""amp_z"": -0.00202, ""L"": 0.004, ""w"": 0.0, ""a_z"": 1.0}",0.0073949051048245755,0.23108327159090908,0.49987524318181814,0.250655,0.232757,0.367744,0.5,-0.00202,0.02267178896000194,True
0.022671445671463876,0.014970894567515242,1826.6743218202757,0.3044457203033793,0.3348634108210554,12.289447603682516,True,340.60701316702716,327.4230299667069,7.64802362854508e-13,3.0,12.289447603682516,12.693813809402172,202.18613590480794,12009.082726890107,"{""family"": ""B3"", ""type"": ""graded_density_lattice"", ""rho_path"": [0.250736, 0.232747, 0.367778, 0.5], ""amp_z"": -0.002118, ""L"": 0.004, ""w"": 0.0, ""a_z"": 1.0}",0.007397315528232825,0.23098986261363638,0.49992416545454543,0.250736,0.232747,0.367778,0.5,-0.002118,0.022671445671463876,True
0.022670830971490627,0.014969981507970437,1827.0098390388016,0.30450163983980033,0.3348781176485798,12.277312339033342,False,340.60653984804776,327.42302996672834,5.780016004059513e-12,3.0,12.277312339033342,12.693792707206264,202.2210403810705,12010.041795669747,"{""family"": ""B3"", ""type"": ""graded_density_lattice"", ""rho_path"": [0.250899, 0.232726, 0.367846, 0.499993], ""amp_z"": -0.002313, ""L"": 0.004, ""w"": 0.0, ""a_z"": 1.0}",0.007402191157399523,0.2308029040909091,0.500014573409091,0.250899,0.232726,0.367846,0.499993,-0.002313,0.24937914068639688,False
0.022671274137168552,0.014970646591984786,1826.762554988281,0.30446042583138017,0.3348671168754006,12.286350892916497,True,340.60688108561976,327.42302996669565,1.8693364316797154e-12,3.0,12.286350892916497,12.69380826001223,202.19890618974586,12009.3260604327,"{""family"": ""B3"", ""type"": ""graded_density_lattice"", ""rho_path"": [0.250777, 0.232741, 0.367795, 0.5], ""amp_z"": -0.002167, ""L"": 0.004, ""w"": 0.0, ""a_z"": 1.0}",0.007398575522287147,0.23094216238636364,0.49994862659090905,0.250777,0.232741,0.367795,0.5,-0.002167,0.022671274137168552,True
0.02267093125613025,0.01497015084251773,1826.9419856137742,0.3044903309356291,0.33487470444772605,12.280293004136437,True,340.60661706722027,327.4230299666817,5.128457543195238e-12,3.0,12.280293004136437,12.693796974809505,202.22428533796804,12009.823580675806,"{""family"": ""B3"", ""type"": ""graded_density_lattice"", ""rho_path"": [0.250858, 0.232731, 0.367829, 0.5], ""amp_z"": -0.002265, ""L"": 0.004, ""w"": 0.0, ""a_z"": 1.0}",0.007400985945695398,0.23084875340909092,0.49999754886363634,0.250858,0.232731,0.367829,0.5,-0.002265,0.02267093125613025,True
0.022670959878057482,0.014970188843419352,1826.857722699224,0.30447628711653735,0.3348724213235382,12.281714373994054,True,340.60663910610424,327.4230299666856,4.223687489223728e-12,3.0,12.281714373994054,12.693802274482413,202.22384594235774,12009.6570396936,"{""family"": ""B3"", ""type"": ""graded_density_lattice"", ""rho_path"": [0.250837, 0.232749, 0.367802, 0.5], ""amp_z"": -0.00226, ""L"": 0.004, ""w"": 0.0, ""a_z"": 1.0}",0.0073985207399369516,0.23087091136363636,0.4999948375,0.250837,0.232749,0.367802,0.5,-0.00226,0.022670959878057482,True
0.0226709252766876,0.01497013576935913,1826.8079772149615,0.3044679962024936,0.3348716081182126,12.280696536817333,False,340.60661246304943,327.42302996671225,2.0149146420609016e-12,3.0,12.280696536817333,12.693805403201276,202.22770950013683,12009.586589561179,"{""family"": ""B3"", ""type"": ""graded_density_lattice"", ""rho_path"": [0.250869, 0.232745, 0.367783, 0.5], ""amp_z"": -0.002273, ""L"": 0.004, ""w"": 0.0, ""a_z"": 1.0}",0.007397699004684017,0.23085591488636364,0.5000011268181819,0.250869,0.232745,0.367783,0.5,-0.002273,0.2493801780435636,False
0.022671076015597407,0.01497036073305064,1826.8808189864712,0.30448013649774525,0.33487187877074237,12.283076880186188,True,340.60672853201,327.4230299666897,3.2662080832176494e-12,3.0,12.283076880186188,12.6938008218528,202.21277268567115,12009.641529062555,"{""family"": ""B3"", ""type"": ""graded_density_lattice"", ""rho_path"": [0.250816, 0.232738, 0.367819, 0.5], ""amp_z"": -0.002223, ""L"": 0.004, ""w"": 0.0, ""a_z"": 1.0}",0.007400054645742251,0.23089147170454546,0.4999766211363636,0.250816,0.232738,0.367819,0.5,-0.002223,0.022671076015597407,True
0.02267094622500613,0.0149701711868333,1826.9109536823773,0.3044851589470629,0.3348730069997071,12.285030412035189,True,340.6066285932547,327.42302996666444,9.172460770721294e-12,3.0,12.285030412035189,12.693798926546442,202.21823844335523,12009.717406815642,"{""family"": ""B3"", ""type"": ""graded_density_lattice"", ""rho_path"": [0.250707, 0.2328, 0.367821, 0.5], ""amp_z"": -0.002261, ""L"": 0.004, ""w"": 0.0, ""a_z"": 1.0}",0.00739676770473087,0.23092054340909093,0.49999549568181817,0.250707,0.2328,0.367821,0.5,-0.002261,0.02267094622500613,True
0.022670896214089884,0.014970100769046188,1826.965548335933,0.30449425805598884,0.33487388973455856,12.285489347368618,False,340.6065900848492,327.423029966687,3.891338045442744e-12,3.0,12.285489347368618,12.693795492844941,202.21616190808916,12009.793731226779,"{""family"": ""B3"", ""type"": ""graded_density_lattice"", ""rho_path"": [0.250648, 0.232817, 0.367841, 0.5], ""amp_z"": -0.002273, ""L"": 0.004, ""w"": 0.0, ""a_z"": 1.0}",0.007396932051781635,0.2309270825,0.5000016211363636,0.250648,0.232817,0.367841,0.5,-0.002273,0.24937985835498871,False
0.02267104281368917,0.014970310231700966,1826.848601324093,0.30447476688734887,0.3348716500244367,12.282522943582242,True,340.60670296654064,327.4230299667163,2.9595489118568748e-12,3.0,12.282522943582242,12.6938028481669,202.21735039804435,12009.611661565947,"{""family"": ""B3"", ""type"": ""graded_density_lattice"", ""rho_path"": [0.250838, 0.23274, 0.367804, 0.5], ""amp_z"": -0.002235, ""L"": 0.004, ""w"": 0.0, ""a_z"": 1.0}",0.007399123345789103,0.23088328352272727,0.4999824482954545,0.250838,0.23274,0.367804,0.5,-0.002235,0.02267104281368917,True
0.02267089555727754,0.01497009548906491,1826.8822987434244,0.3044803831239041,0.33487283889674235,12.283667426210862,False,340.6065895791037,327.42302996669736,1.4702513377037046e-12,3.0,12.283667426210862,12.693800728784227,202.22074876331052,12009.6925113614,"{""family"": ""B3"", ""type"": ""graded_density_lattice"", ""rho_path"": [0.250742, 0.232794, 0.367808, 0.5], ""amp_z"": -0.002278, ""L"": 0.004, ""w"": 0.0, ""a_z"": 1.0}",0.007396384228279678,0.23090014613636364,0.5000038211363635,0.250742,0.232794,0.367808,0.5,-0.002278,0.24937985113005295,False
0.022671030161130784,0.014970293308611464,1826.8798142743906,0.30447996904573177,0.33487206042638534,12.283209155952159,True,340.6066932240707,327.42302996671856,3.4916623704915557e-12,3.0,12.283209155952159,12.693800885043666,202.21584742273683,12009.65043143755,"{""family"": ""B3"", ""type"": ""graded_density_lattice"", ""rho_path"": [0.250797, 0.232752, 0.367816, 0.5], ""amp_z"": -0.002237, ""L"": 0.004, ""w"": 0.0, ""a_z"": 1.0}",0.007399123345789103,0.23089342545454544,0.49998354306818177,0.250797,0.232752,0.367816,0.5,-0.002237,0.022671030161130784,True
0.02267094357702146,0.014970156586185026,1826.9178918309683,0.3044863153051614,0.33487540907823643,12.277801423347128,True,340.6066265543065,327.42302996668207,5.048581466302518e-12,3.0,12.277801423347128,12.6937984901752,202.22897040264252,12009.848062736799,"{""family"": ""B3"", ""type"": ""graded_density_lattice"", ""rho_path"": [0.250961, 0.232699, 0.367817, 0.499997], ""amp_z"": -0.002272, ""L"": 0.004, ""w"": 0.0, ""a_z"": 1.0}",0.0074020815926991316,0.23081116068181817,0.4999979459090909,0.250961,0.232699,0.367817,0.499997,-0.002272,0.02267094357702146,True
0.02267087338345757,0.014970066378759027,1826.9597087336012,0.30449328478893356,0.3348755308123994,12.280795465955695,False,340.6065725052623,327.423029966771,1.5770136134913677e-11,3.0,12.280795465955695,12.693795860123512,202.22224168397338,12009.876830380304,"{""family"": ""B3"", ""type"": ""graded_density_lattice"", ""rho_path"": [0.250826, 0.232753, 0.36783, 0.5], ""amp_z"": -0.002282, ""L"": 0.004, ""w"": 0.0, ""a_z"": 1.0}",0.007399835516341646,0.23085608624999998,0.5000059936363637,0.250826,0.232753,0.36783,0.5,-0.002282,0.24937960721803326,False
0.022670999387330526,0.014970247779063374,1826.877752911139,0.30447962548518986,0.33487264957455576,12.282061061226342,True,340.6066695282445,327.42302996664176,1.4480307285126615e-11,3.0,12.282061061226342,12.69380101469208,202.21985600078085,12009.680251100037,"{""family"": ""B3"", ""type"": ""graded_density_lattice"", ""rho_path"": [0.250835, 0.232743, 0.367811, 0.5], ""amp_z"": -0.002247, ""L"": 0.004, ""w"": 0.0, ""a_z"": 1.0}",0.007399342475189885,0.23087602147727274,0.49998846295454535,0.250835,0.232743,0.367811,0.5,-0.002247,0.022670999387330526,True
