model,split,fold,id,w,rho,a_z,quantity,true,pred,std
gp,band,0,edge-00,0.5,0.2,0.6875,K_star,0.00789495057,0.0065063254,0.000165682751
gp,band,0,edge-01,0.5,0.2,1.5,K_star,0.0132991909,0.0111581422,0.000247495362
gp,band,0,edge-02,0.5,0.5,0.6875,K_star,0.00104821758,0.00126367523,2.82609844e-05
gp,band,0,edge-03,0.5,0.5,1.5,K_star,0.00178250916,0.00207618188,4.03127804e-05
gp,band,0,sobol-0001,0.588520205,0.488736002,1.15625,K_star,0.00148664495,0.00172923921,2.47125186e-05
gp,band,0,sobol-0003,0.3417177,0.379705568,1.46875,K_star,0.00490733219,0.00481980375,4.42816706e-05
gp,band,0,sobol-0004,0.447481494,0.286280112,1.21875,K_star,0.00705017318,0.0064408252,9.78510449e-05
gp,band,0,sobol-0006,0.700647862,0.24523731,1.34375,K_star,0.00687369772,0.00676176077,4.55092793e-05
gp,band,0,sobol-0009,0.666016369,0.360170461,0.90625,K_star,0.00276992932,0.00284221539,2.07941814e-05
gp,band,0,sobol-0011,0.419242935,0.471398161,0.8125,K_star,0.00190520979,0.00187176772,2.84435764e-05
gp,band,0,sobol-0012,0.307242115,0.264960088,1.09375,K_star,0.00757964712,0.00755012657,4.01127931e-05
gp,band,0,sobol-0014,0.560377501,0.303512655,0.78125,K_star,0.00431613507,0.00380489606,5.8006053e-05
gp,band,0,sobol-0017,0.529507734,0.416456273,1.40625,K_star,0.00307845938,0.00311065419,4.98327965e-05
gp,band,0,sobol-0019,0.274877344,0.452610168,1.3125,K_star,0.00325988156,0.00324252434,1.12545672e-05
gp,band,0,sobol-0020,0.389323624,0.20874733,1.4375,K_star,0.0125608642,0.0113160851,0.000186557542
gp,band,0,sobol-0022,0.634662374,0.322227236,1.125,K_star,0.00405640728,0.00412397519,3.96463163e-05
gp,band,0,sobol-0025,0.732980684,0.432594493,0.6875,K_star,0.00151561796,0.00153550771,7.76426128e-06
gp,band,0,sobol-0027,0.478379395,0.398344896,1.03125,K_star,0.00310785635,0.0030606004,4.72768385e-05
gp,band,0,sobol-0028,0.373107458,0.342641177,0.84375,K_star,0.00412328884,0.00403888116,4.2880015e-05
gp,band,0,sobol-0030,0.618415197,0.226378068,0.9375,K_star,0.00774191901,0.00633997095,8.02123838e-05
gp,band,0,sobol-0033,0.606218239,0.38339115,0.78125,K_star,0.00221307848,0.00235836781,3.00696472e-05
gp,band,0,sobol-0035,0.355019773,0.485079053,0.90625,K_star,0.00205551737,0.00202219895,2.05850948e-05
gp,band,0,sobol-0036,0.496436682,0.241881129,0.75,K_star,0.00655103266,0.00553518358,0.000105081647
gp,band,0,sobol-0038,0.745208041,0.28968052,1.0625,K_star,0.00445356528,0.00446162585,1.30805267e-05
gp,band,0,sobol-0041,0.652714773,0.465653893,1.46875,K_star,0.00204083878,0.00214816123,1.92958923e-05
gp,band,0,sobol-0043,0.401548238,0.365870288,1.15625,K_star,0.00442915233,0.00430271946,5.39476875e-05
gp,band,0,sobol-0044,0.262683366,0.309513101,1.34375,K_star,0.00693416136,0.00691803455,2.43099509e-05
gp,band,0,sobol-0046,0.511424698,0.258930507,1.25,K_star,0.0082932309,0.00708566341,0.000120449793
gp,band,0,sobol-0049,0.539391361,0.446865793,1.03125,K_star,0.00185921206,0.00216019087,3.34863351e-05
gp,band,0,sobol-0051,0.29599001,0.422155992,0.71875,K_star,0.00251050083,0.00249426199,1.37892701e-05
gp,band,0,sobol-0052,0.430464404,0.328228148,0.96875,K_star,0.00467581411,0.00453230804,6.40401261e-05
gp,band,0,sobol-0054,0.687033146,0.202718215,0.84375,K_star,0.00734142598,0.00640610523,6.42394314e-05
gp,band,0,sobol-0057,0.711864681,0.402030371,1.28125,K_star,0.00275129246,0.00278213171,1.12948765e-05
gp,band,0,sobol-0059,0.468495291,0.428937436,1.40625,K_star,0.00318328281,0.00313483978,5.06674325e-05
gp,band,0,sobol-0060,0.320734303,0.223022352,1.09375,K_star,0.00953032914,0.0092991737,7.55183344e-05
gp,band,0,sobol-0062,0.577272987,0.346042051,1.40625,K_star,0.00451424417,0.0043653399,6.1842409e-05
gp,band,0,sobol-0065,0.563183321,0.395461963,1.09375,K_star,0.00267251382,0.00290255793,4.07352179e-05
gp,band,0,sobol-0067,0.320301357,0.436651255,0.75,K_star,0.00238169382,0.00235363029,1.68130564e-05
gp,band,0,sobol-0068,0.453303281,0.229334269,0.90625,K_star,0.00827266781,0.00715908442,0.000126666424
gp,band,0,sobol-0070,0.710329183,0.338511194,0.78125,K_star,0.00278847585,0.00281357075,1.40410008e-05
gp,band,0,sobol-0073,0.671959332,0.453151388,1.25,K_star,0.00200994161,0.00208393673,1.41832166e-05
gp,band,0,sobol-0075,0.429047341,0.414745299,1.34375,K_star,0.00359058791,0.00348404102,4.99246805e-05
gp,band,0,sobol-0076,0.281782267,0.321612819,1.15625,K_star,0.00595242977,0.00593465958,2.59125454e-05
gp,band,0,sobol-0078,0.5388401,0.210531597,1.46875,K_star,0.0120434336,0.0100052503,0.0001998563
gp,band,0,sobol-0081,0.504033744,0.472010586,0.84375,K_star,0.00159264807,0.00171587614,3.06671215e-05
gp,band,0,sobol-0083,0.253354442,0.358384207,0.9375,K_star,0.00436467164,0.00435055296,1.31595394e-05
gp,band,0,sobol-0084,0.395251999,0.302973447,0.71875,K_star,0.00437054885,0.00427599215,5.77531883e-05
gp,band,0,sobol-0086,0.644480771,0.266673079,1,K_star,0.00555318283,0.00514222882,4.6531068e-05
gp,band,0,sobol-0089,0.738786095,0.376747354,1.4375,K_star,0.00338241896,0.00340487554,1.04296964e-05
gp,band,0,sobol-0091,0.488076735,0.492863968,1.09375,K_star,0.0017453195,0.00184925108,3.2577494e-05
gp,band,0,sobol-0092,0.347754645,0.248122236,1.40625,K_star,0.00951011328,0.00930860349,9.0855997e-05
gp,band,0,sobol-0094,0.597015379,0.282225338,1.28125,K_star,0.00666479776,0.00576963074,7.68959506e-05
gp,band,0,sobol-0097,0.616036711,0.440044096,1.34375,K_star,0.00224598368,0.00242613155,2.72895336e-05
gp,band,0,sobol-0099,0.360948193,0.39209821,1.25,K_star,0.00419087288,0.00408565945,3.94222217e-05
gp,band,0,sobol-0100,0.474913824,0.334862128,1.46875,K_star,0.00566196435,0.0053329821,8.99665358e-05
gp,band,0,sobol-0102,0.719734126,0.233027729,1.15625,K_star,0.00663096664,0.00652871139,3.13241225e-05
gp,band,0,sobol-0105,0.63131488,0.408708122,0.75,K_star,0.00182901862,0.00195227856,2.24949326e-05
gp,band,0,sobol-0107,0.37619538,0.459144243,1.0625,K_star,0.00260330944,0.00254138904,2.63600246e-05
gp,band,0,sobol-0108,0.272380662,0.216239276,0.78125,K_star,0.00775861573,0.00770607302,5.80523301e-05
gp,band,0,sobol-0110,0.517230034,0.315876409,0.875,K_star,0.00454273213,0.00406482217,6.50395949e-05
gp,band,0,sobol-0113,0.549072728,0.352346636,1.09375,K_star,0.00401201975,0.00373872526,5.49789492e-05
gp,band,0,sobol-0115,0.301811871,0.478003047,1.40625,K_star,0.00289581609,0.0028646098,1.8944935e-05
gp,band,0,sobol-0116,0.409048134,0.272380937,1.28125,K_star,0.00791888313,0.00742437982,9.92326879e-05
gp,band,0,sobol-0118,0.661696306,0.297237215,1.375,K_star,0.00518077537,0.00525023767,4.62838802e-05
gp,band,0,sobol-0121,0.690327235,0.496256415,0.96875,K_star,0.00132056275,0.00138258699,1.06761961e-05
gp,band,0,sobol-0123,0.443035368,0.373383208,0.84375,K_star,0.00323628577,0.00318708903,4.71850301e-05
gp,band,0,sobol-0124,0.330538633,0.27857645,1.03125,K_star,0.0067447418,0.00669077727,4.70262734e-05
gp,band,0,sobol-0126,0.583215905,0.251815875,0.71875,K_star,0.00557664499,0.00463406612,7.21571106e-05
gp,band,0,sobol-0129,0.579925117,0.365049765,1.5,K_star,0.00394005962,0.0040614617,5.82784576e-05
gp,band,0,sobol-0131,0.334571227,0.467103879,1.1875,K_star,0.00275289792,0.00271264717,2.02499796e-05
gp,band,0,sobol-0132,0.438760749,0.25986093,1.3125,K_star,0.00868180789,0.00782557422,0.000121912963
gp,band,0,sobol-0134,0.693375761,0.308026532,1.21875,K_star,0.00445944952,0.0045121791,2.58468121e-05
gp,band,0,sobol-0137,0.65766466,0.483709213,0.8125,K_star,0.0012423822,0.0013391838,1.46793565e-05
gp,band,0,sobol-0139,0.412341782,0.384145334,0.90625,K_star,0.0033801861,0.0032888115,4.2554245e-05
gp,band,0,sobol-0140,0.298764301,0.2912335,0.71875,K_star,0.00489592582,0.00486509122,3.11170256e-05
gp,band,0,sobol-0142,0.553350213,0.240870633,1.0625,K_star,0.00818129013,0.00676750981,0.000108660121
gp,band,0,sobol-0145,0.520773637,0.427350123,1.25,K_star,0.00273222355,0.0027717488,4.35855748e-05
gp,band,0,sobol-0147,0.267622409,0.403006533,1.375,K_star,0.00435789879,0.00433699321,1.48861849e-05
gp,band,0,sobol-0148,0.380707555,0.34737298,1.125,K_star,0.00487992352,0.00476495377,5.33388083e-05
gp,band,0,sobol-0150,0.627525438,0.222229258,1.4375,K_star,0.0102631545,0.00850638364,0.000114811017
gp,band,0,sobol-0153,0.724489519,0.421264481,1,K_star,0.00211399559,0.00213131052,7.41495235e-06
gp,band,0,sobol-0155,0.471369273,0.448391273,0.6875,K_star,0.00173133843,0.00174713143,3.24974695e-05
gp,band,0,sobol-0156,0.364734769,0.203573071,0.96875,K_star,0.0102094198,0.00926433255,0.000130885839
gp,band,0,sobol-0158,0.611523581,0.326812496,0.875,K_star,0.00346610075,0.00346105208,3.99101733e-05
gp,band,0,sobol-0161,0.60128237,0.470458582,0.9375,K_star,0.00146649297,0.00166009304,2.24652904e-05
gp,band,0,sobol-0163,0.344698489,0.361647875,0.8125,K_star,0.00369620117,0.00364682674,3.04268629e-05
gp,band,0,sobol-0164,0.491375155,0.304342333,1.0625,K_star,0.00568998044,0.00510056113,8.11491938e-05
gp,band,0,sobol-0166,0.734761128,0.263519258,0.75,K_star,0.00403430665,0.00403543509,1.44320881e-05
gp,band,0,sobol-0169,0.647535969,0.378143432,1.1875,K_star,0.00299285357,0.00311498519,2.58147919e-05
gp,band,0,sobol-0171,0.390982145,0.489737342,1.5,K_star,0.00259333679,0.00253182066,3.79610025e-05
gp,band,0,sobol-0172,0.257378457,0.246616306,1.1875,K_star,0.00887689189,0.00887856722,2.78089752e-05
gp,band,0,sobol-0174,0.500732469,0.285535084,1.3125,K_star,0.00723415916,0.00636840212,0.000106468182
gp,band,0,sobol-0177,0.534320298,0.397004811,0.6875,K_star,0.00215909182,0.00214357447,3.76278145e-05
gp,band,0,sobol-0179,0.285564078,0.433378431,1,K_star,0.00305944515,0.0030435807,1.08128341e-05
gp,band,0,sobol-0180,0.425511369,0.227974538,0.84375,K_star,0.00796676262,0.00701540736,0.000119928898
gp,band,0,sobol-0182,0.676725212,0.34167417,0.96875,K_star,0.00320737194,0.00326740366,2.07715582e-05
gp,band,0,sobol-0185,0.706550235,0.451746156,1.375,K_star,0.00216735311,0.00219672134,9.96703519e-06
gp,band,0,sobol-0187,0.457824043,0.417862769,1.28125,K_star,0.00328313251,0.00321745217,4.92259279e-05
gp,band,0,sobol-0188,0.315538332,0.323127904,1.46875,K_star,0.00664428626,0.00658479953,4.81399133e-05
gp,band,0,sobol-0190,0.566720244,0.207231006,1.15625,K_star,0.0105688389,0.00860042515,0.000151450814
gp,band,0,sobol-0193,0.573981424,0.458396961,0.75,K_star,0.00134003674,0.00156280272,2.59495616e-05
gp,band,0,sobol-0195,0.324768029,0.410084864,1.03125,K_star,0.00346601212,0.00341801116,2.15533079e-05
gp,band,0,sobol-0196,0.46421942,0.316880073,0.8125,K_star,0.00438286274,0.00407453496,6.51199334e-05
gp,band,0,sobol-0198,0.714913862,0.214679464,0.90625,K_star,0.00658560551,0.00617062768,3.60761663e-05
gp,band,0,sobol-0201,0.683002274,0.390655128,1.3125,K_star,0.00296886161,0.00303309485,1.77134813e-05
gp,band,0,sobol-0203,0.433756919,0.440871522,1.21875,K_star,0.00293733902,0.0028425971,4.0432042e-05
gp,band,0,sobol-0204,0.292943692,0.234507469,1.5,K_star,0.0106358417,0.0106025241,7.16620838e-05
gp,band,0,sobol-0206,0.543668191,0.333924875,1.1875,K_star,0.00480700754,0.0043806062,6.62812572e-05
gp,band,0,sobol-0209,0.514967049,0.371869137,0.96875,K_star,0.00338201733,0.00323532188,5.06127639e-05
gp,band,0,sobol-0211,0.257925769,0.497159337,0.875,K_star,0.00198262652,0.00198179136,9.2404805e-06
gp,band,0,sobol-0212,0.406059639,0.253220048,1,K_star,0.00768284802,0.00705320441,9.57407032e-05
gp,band,0,sobol-0214,0.648926463,0.277710115,0.6875,K_star,0.00380921824,0.00366394728,3.76064458e-05
gp,band,0,sobol-0217,0.749964686,0.477038291,1.125,K_star,0.00167175713,0.00167941891,4.63748497e-06
gp,band,0,sobol-0219,0.492891475,0.353945357,1.4375,K_star,0.00489503666,0.00465251141,7.81155484e-05
gp,band,0,sobol-0220,0.358807124,0.298018829,1.25,K_star,0.00675573127,0.00668116569,6.2985757e-05
gp,band,0,sobol-0222,0.601703976,0.271038527,1.34375,K_star,0.00734005511,0.00629529156,8.53121775e-05
gp,band,0,sobol-0225,0.62268344,0.41373248,1.21875,K_star,0.00247583056,0.0026441212,2.74297163e-05
gp,band,0,sobol-0227,0.370050646,0.454702046,1.3125,K_star,0.00303680363,0.00295971677,3.1138556e-05
gp,band,0,sobol-0228,0.481678589,0.211288034,1.1875,K_star,0.0109701317,0.00926050977,0.000179083036
gp,band,0,sobol-0230,0.728954585,0.320245232,1.5,K_star,0.00469119366,0.00472414822,2.14555338e-05
gp,band,0,sobol-0233,0.637716319,0.435162361,1.0625,K_star,0.00200051775,0.00212934377,2.01567767e-05
gp,band,0,sobol-0235,0.385054425,0.39639006,0.75,K_star,0.00281348899,0.00275091443,3.22344263e-05
gp,band,0,sobol-0236,0.278900584,0.339963431,0.9375,K_star,0.0047586805,0.00472312145,1.95780304e-05
gp,band,0,sobol-0238,0.526207591,0.228515998,0.8125,K_star,0.00746722038,0.0061604859,0.000115234808
gp,band,0,sobol-0241,0.555858473,0.49145064,1.46875,K_star,0.00167878378,0.00201468286,3.4267319e-05
gp,band,0,sobol-0243,0.311022794,0.377604534,1.125,K_star,0.00436493666,0.00431817962,2.56894122e-05
gp,band,0,sobol-0244,0.415708215,0.283748563,1.375,K_star,0.00765785242,0.0072233341,0.000101283309
gp,band,0,sobol-0246,0.670781594,0.247228469,1.28125,K_star,0.00706913536,0.00662044207,5.62024075e-05
gp,band,0,sobol-0249,0.696868138,0.357593438,0.875,K_star,0.00273482538,0.00276951,1.46509279e-05
gp,band,0,sobol-0251,0.452003389,0.473343841,0.96875,K_star,0.00203865102,0.0020089825,3.19607635e-05
gp,band,0,sobol-0252,0.336953424,0.267646989,0.6875,K_star,0.00522077962,0.0051692379,5.51842776e-05
gp,band,0,sobol-0254,0.592057784,0.30138388,1,K_star,0.00501936313,0.00444478829,5.63970762e-05
gp,band,0,edge-00,0.5,0.2,0.6875,E_star,0.00686155782,0.00841277231,0.00213299186
gp,band,0,edge-01,0.5,0.2,1.5,E_star,0.00704503502,0.00563936963,0.00137636953
gp,band,0,edge-02,0.5,0.5,0.6875,E_star,0.183173681,0.198421222,0.0439729032
gp,band,0,edge-03,0.5,0.5,1.5,E_star,0.184628825,0.197729701,0.0412798886
gp,band,0,sobol-0001,0.588520205,0.488736002,1.15625,E_star,0.16659036,0.176149468,0.0283859248
gp,band,0,sobol-0003,0.3417177,0.379705568,1.46875,E_star,0.111132212,0.108883724,0.0103582758
gp,band,0,sobol-0004,0.447481494,0.286280112,1.21875,E_star,0.0175565068,0.040259849,0.00712629997
gp,band,0,sobol-0006,0.700647862,0.24523731,1.34375,E_star,0.0134389341,0.0233212181,0.0013919055
gp,band,0,sobol-0009,0.666016369,0.360170461,0.90625,E_star,0.078801706,0.0833108318,0.00618375122
gp,band,0,sobol-0011,0.419242935,0.471398161,0.8125,E_star,0.170555046,0.176334832,0.0281104776
gp,band,0,sobol-0012,0.307242115,0.264960088,1.09375,E_star,0.0432156168,0.043310595,0.00219211571
gp,band,0,sobol-0014,0.560377501,0.303512655,0.78125,E_star,0.0150975361,0.0501958043,0.00864774722
gp,band,0,sobol-0017,0.529507734,0.416456273,1.40625,E_star,0.0910790644,0.121299958,0.0220223325
gp,band,0,sobol-0019,0.274877344,0.452610168,1.3125,E_star,0.166688808,0.168009211,0.00372029715
gp,band,0,sobol-0020,0.389323624,0.20874733,1.4375,E_star,0.00992023077,0.0133987653,0.00242701181
gp,band,0,sobol-0022,0.634662374,0.322227236,1.125,E_star,0.0452495348,0.0601640425,0.00639112631
gp,band,0,sobol-0025,0.732980684,0.432594493,0.6875,E_star,0.134436141,0.134326455,0.00479260471
gp,band,0,sobol-0027,0.478379395,0.398344896,1.03125,E_star,0.0838531096,0.109530798,0.0195967908
gp,band,0,sobol-0028,0.373107458,0.342641177,0.84375,E_star,0.0782648813,0.080313342,0.00938925417
gp,band,0,sobol-0030,0.618415197,0.226378068,0.9375,E_star,0.00705792687,0.0123079581,0.00175235111
gp,band,0,sobol-0033,0.606218239,0.38339115,0.78125,E_star,0.0827829094,0.0973025964,0.0133545246
gp,band,0,sobol-0035,0.355019773,0.485079053,0.90625,E_star,0.186320927,0.19326028,0.0190798868
gp,band,0,sobol-0036,0.496436682,0.241881129,0.75,E_star,0.0110893805,0.0205016973,0.00427378727
gp,band,0,sobol-0038,0.745208041,0.28968052,1.0625,E_star,0.0520113029,0.0524187031,0.0010304326
gp,band,0,sobol-0041,0.652714773,0.465653893,1.46875,E_star,0.154390183,0.157097062,0.0148840931
gp,band,0,sobol-0043,0.401548238,0.365870288,1.15625,E_star,0.0890589168,0.092087739,0.0130664238
gp,band,0,sobol-0044,0.262683366,0.309513101,1.34375,E_star,0.0712102611,0.0694232498,0.001946522
gp,band,0,sobol-0046,0.511424698,0.258930507,1.25,E_star,0.012073671,0.0233508519,0.0045952605
gp,band,0,sobol-0049,0.539391361,0.446865793,1.03125,E_star,0.117612719,0.142820977,0.0255267243
gp,band,0,sobol-0051,0.29599001,0.422155992,0.71875,E_star,0.14129175,0.143374683,0.00627577094
gp,band,0,sobol-0052,0.430464404,0.328228148,0.96875,E_star,0.0238243126,0.0662595071,0.0108006148
gp,band,0,sobol-0054,0.687033146,0.202718215,0.84375,E_star,0.0047619218,0.00843394776,0.000828161406
gp,band,0,sobol-0057,0.711864681,0.402030371,1.28125,E_star,0.109903503,0.110716602,0.00377448996
gp,band,0,sobol-0059,0.468495291,0.428937436,1.40625,E_star,0.125715424,0.135372789,0.0246129663
gp,band,0,sobol-0060,0.320734303,0.223022352,1.09375,E_star,0.0131068222,0.0246825962,0.00213164876
gp,band,0,sobol-0062,0.577272987,0.346042051,1.40625,E_star,0.0440303777,0.0723963861,0.0113503676
gp,band,0,sobol-0065,0.563183321,0.395461963,1.09375,E_star,0.07031733,0.103279926,0.0166791547
gp,band,0,sobol-0067,0.320301357,0.436651255,0.75,E_star,0.150894821,0.153390053,0.00948871655
gp,band,0,sobol-0068,0.453303281,0.229334269,0.90625,E_star,0.0104420024,0.0164181358,0.00329023664
gp,band,0,sobol-0070,0.710329183,0.338511194,0.78125,E_star,0.073787976,0.0757260819,0.00339570044
gp,band,0,sobol-0073,0.671959332,0.453151388,1.25,E_star,0.142986757,0.144394334,0.0103918673
gp,band,0,sobol-0075,0.429047341,0.414745299,1.34375,E_star,0.122437677,0.126736974,0.0203784064
gp,band,0,sobol-0076,0.281782267,0.321612819,1.15625,E_star,0.0749053293,0.0735809532,0.00272222561
gp,band,0,sobol-0078,0.5388401,0.210531597,1.46875,E_star,0.00738392957,0.00648891128,0.00143981264
gp,band,0,sobol-0081,0.504033744,0.472010586,0.84375,E_star,0.142500046,0.168437452,0.0330901713
gp,band,0,sobol-0083,0.253354442,0.358384207,0.9375,E_star,0.0979092395,0.0972691857,0.00179725215
gp,band,0,sobol-0084,0.395251999,0.302973447,0.71875,E_star,0.0218848863,0.0569157736,0.00822937687
gp,band,0,sobol-0086,0.644480771,0.266673079,1,E_star,0.00924963443,0.0311878125,0.00310320546
gp,band,0,sobol-0089,0.738786095,0.376747354,1.4375,E_star,0.0992012155,0.0994218672,0.00140259674
gp,band,0,sobol-0091,0.488076735,0.492863968,1.09375,E_star,0.175395623,0.188395606,0.0372380676
gp,band,0,sobol-0092,0.347754645,0.248122236,1.40625,E_star,0.0158059422,0.0317409099,0.00338711243
gp,band,0,sobol-0094,0.597015379,0.282225338,1.28125,E_star,0.0120512849,0.0353034686,0.00528063387
gp,band,0,sobol-0097,0.616036711,0.440044096,1.34375,E_star,0.129378729,0.135685149,0.017121627
gp,band,0,sobol-0099,0.360948193,0.39209821,1.25,E_star,0.114660328,0.114429956,0.0119631026
gp,band,0,sobol-0100,0.474913824,0.334862128,1.46875,E_star,0.0237407824,0.0673279473,0.0127814192
gp,band,0,sobol-0102,0.719734126,0.233027729,1.15625,E_star,0.0130238532,0.0200344571,0.000814475973
gp,band,0,sobol-0105,0.63131488,0.408708122,0.75,E_star,0.106829338,0.114240101,0.0135832523
gp,band,0,sobol-0107,0.37619538,0.459144243,1.0625,E_star,0.163113505,0.167054333,0.0183848113
gp,band,0,sobol-0108,0.272380662,0.216239276,0.78125,E_star,0.0272729378,0.0270903214,0.00144729573
gp,band,0,sobol-0110,0.517230034,0.315876409,0.875,E_star,0.0181172409,0.0558933624,0.01035975
gp,band,0,sobol-0113,0.549072728,0.352346636,1.09375,E_star,0.0390703014,0.0756868042,0.0128606602
gp,band,0,sobol-0115,0.301811871,0.478003047,1.40625,E_star,0.188500211,0.191829053,0.0104746898
gp,band,0,sobol-0116,0.409048134,0.272380937,1.28125,E_star,0.01744737,0.0362451567,0.00557929807
gp,band,0,sobol-0118,0.661696306,0.297237215,1.375,E_star,0.0400882348,0.0486658631,0.00443454456
gp,band,0,sobol-0121,0.690327235,0.496256415,0.96875,E_star,0.175156048,0.178567828,0.0127821741
gp,band,0,sobol-0123,0.443035368,0.373383208,0.84375,E_star,0.0768455785,0.0956626497,0.0161213347
gp,band,0,sobol-0124,0.330538633,0.27857645,1.03125,E_star,0.046687085,0.0473425904,0.00339515108
gp,band,0,sobol-0126,0.583215905,0.251815875,0.71875,E_star,0.00960738005,0.0248105729,0.00417526033
gp,band,0,sobol-0129,0.579925117,0.365049765,1.5,E_star,0.0575043073,0.0850160425,0.0132001769
gp,band,0,sobol-0131,0.334571227,0.467103879,1.1875,E_star,0.173497454,0.177500231,0.0125655014
gp,band,0,sobol-0132,0.438760749,0.25986093,1.3125,E_star,0.0146666852,0.027716287,0.00498161592
gp,band,0,sobol-0134,0.693375761,0.308026532,1.21875,E_star,0.0544540827,0.0572077969,0.00322530664
gp,band,0,sobol-0137,0.65766466,0.483709213,0.8125,E_star,0.16727692,0.169627827,0.0183594039
gp,band,0,sobol-0139,0.412341782,0.384145334,0.90625,E_star,0.0990444088,0.104697896,0.015308007
gp,band,0,sobol-0140,0.298764301,0.2912335,0.71875,E_star,0.058674526,0.058042567,0.00322794882
gp,band,0,sobol-0142,0.553350213,0.240870633,1.0625,E_star,0.00934073263,0.0159633438,0.00297201051
gp,band,0,sobol-0145,0.520773637,0.427350123,1.25,E_star,0.0981385457,0.129075878,0.0234446495
gp,band,0,sobol-0147,0.267622409,0.403006533,1.375,E_star,0.13034634,0.130385215,0.00339199625
gp,band,0,sobol-0148,0.380707555,0.34737298,1.125,E_star,0.0798565513,0.0814373518,0.0101959945
gp,band,0,sobol-0150,0.627525438,0.222229258,1.4375,E_star,0.00681873736,0.00893049891,0.00128369856
gp,band,0,sobol-0153,0.724489519,0.421264481,1,E_star,0.122567111,0.121782827,0.00334579951
gp,band,0,sobol-0155,0.471369273,0.448391273,0.6875,E_star,0.143479867,0.153910024,0.0297732205
gp,band,0,sobol-0156,0.364734769,0.203573071,0.96875,E_star,0.00989186846,0.0146934785,0.00223083428
gp,band,0,sobol-0158,0.611523581,0.326812496,0.875,E_star,0.0373483108,0.0631027802,0.0081532894
gp,band,0,sobol-0161,0.60128237,0.470458582,0.9375,E_star,0.149079445,0.159067659,0.0237393456
gp,band,0,sobol-0163,0.344698489,0.361647875,0.8125,E_star,0.0932966751,0.0950321785,0.00834073396
gp,band,0,sobol-0164,0.491375155,0.304342333,1.0625,E_star,0.0181232789,0.0484007414,0.00903016633
gp,band,0,sobol-0166,0.734761128,0.263519258,0.75,E_star,0.0387578972,0.0416185152,0.000938298135
gp,band,0,sobol-0169,0.647535969,0.378143432,1.1875,E_star,0.0875286353,0.0926737248,0.00808048481
gp,band,0,sobol-0171,0.390982145,0.489737342,1.5,E_star,0.195635439,0.198671128,0.02984822
gp,band,0,sobol-0172,0.257378457,0.246616306,1.1875,E_star,0.0403712011,0.0403435398,0.0010007865
gp,band,0,sobol-0174,0.500732469,0.285535084,1.3125,E_star,0.0155744982,0.0367892433,0.00710579322
gp,band,0,sobol-0177,0.534320298,0.397004811,0.6875,E_star,0.0761075262,0.110058174,0.0207501436
gp,band,0,sobol-0179,0.285564078,0.433378431,1,E_star,0.14657354,0.149235205,0.00396217024
gp,band,0,sobol-0180,0.425511369,0.227974538,0.84375,E_star,0.0109632479,0.0181541928,0.00340729719
gp,band,0,sobol-0182,0.676725212,0.34167417,0.96875,E_star,0.0689798105,0.0734354472,0.0047219597
gp,band,0,sobol-0185,0.706550235,0.451746156,1.375,E_star,0.145393334,0.145209853,0.00608952914
gp,band,0,sobol-0187,0.457824043,0.417862769,1.28125,E_star,0.118205771,0.126380834,0.0220703449
gp,band,0,sobol-0188,0.315538332,0.323127904,1.46875,E_star,0.0761212834,0.0734766836,0.0053411388
gp,band,0,sobol-0190,0.566720244,0.207231006,1.15625,E_star,0.00648244471,0.00607236294,0.00123452003
gp,band,0,sobol-0193,0.573981424,0.458396961,0.75,E_star,0.137910283,0.152924133,0.0269838269
gp,band,0,sobol-0195,0.324768029,0.410084864,1.03125,E_star,0.127760032,0.129562659,0.00810463856
gp,band,0,sobol-0196,0.46421942,0.316880073,0.8125,E_star,0.0211390118,0.0591433351,0.0107984836
gp,band,0,sobol-0198,0.714913862,0.214679464,0.90625,E_star,0.00483857928,0.013542745,0.000727154243
gp,band,0,sobol-0201,0.683002274,0.390655128,1.3125,E_star,0.100855055,0.102610821,0.00563675953
gp,band,0,sobol-0203,0.433756919,0.440871522,1.21875,E_star,0.142807304,0.146899847,0.0236041532
gp,band,0,sobol-0204,0.292943692,0.234507469,1.5,E_star,0.0329127032,0.0327516863,0.00216372253
gp,band,0,sobol-0206,0.543668191,0.333924875,1.1875,E_star,0.0191671633,0.0643318828,0.0112456595
gp,band,0,sobol-0209,0.514967049,0.371869137,0.96875,E_star,0.0504553692,0.0895151202,0.0162176319
gp,band,0,sobol-0211,0.257925769,0.497159337,0.875,E_star,0.202210283,0.208306547,0.00681669665
gp,band,0,sobol-0212,0.406059639,0.253220048,1,E_star,0.0147767511,0.0284767943,0.00440736109
gp,band,0,sobol-0214,0.648926463,0.277710115,0.6875,E_star,0.0149528129,0.0424369687,0.00430265892
gp,band,0,sobol-0217,0.749964686,0.477038291,1.125,E_star,0.163385533,0.162669445,0.00216810185
gp,band,0,sobol-0219,0.492891475,0.353945357,1.4375,E_star,0.0252677023,0.0788108277,0.0149259474
gp,band,0,sobol-0220,0.358807124,0.298018829,1.25,E_star,0.0516441972,0.0543633906,0.00567417918
gp,band,0,sobol-0222,0.601703976,0.271038527,1.34375,E_star,0.0109832761,0.0292541795,0.00436935804
gp,band,0,sobol-0225,0.62268344,0.41373248,1.21875,E_star,0.10862921,0.115361136,0.0133421186
gp,band,0,sobol-0227,0.370050646,0.454702046,1.3125,E_star,0.162586557,0.165127899,0.0180543191
gp,band,0,sobol-0228,0.481678589,0.211288034,1.1875,E_star,0.00807732313,0.00883963564,0.0019756525
gp,band,0,sobol-0230,0.728954585,0.320245232,1.5,E_star,0.0693273718,0.0694311218,0.0024678845
gp,band,0,sobol-0233,0.637716319,0.435162361,1.0625,E_star,0.12388038,0.12983318,0.0135873671
gp,band,0,sobol-0235,0.385054425,0.39639006,0.75,E_star,0.1145961,0.117703696,0.0147143359
gp,band,0,sobol-0236,0.278900584,0.339963431,0.9375,E_star,0.0859291432,0.0843693649,0.00277458333
gp,band,0,sobol-0238,0.526207591,0.228515998,0.8125,E_star,0.0088088546,0.0140754067,0.00294550584
gp,band,0,sobol-0241,0.555858473,0.49145064,1.46875,E_star,0.172382224,0.184087375,0.0344790717
gp,band,0,sobol-0243,0.311022794,0.377604534,1.125,E_star,0.106448617,0.107098957,0.00622178957
gp,band,0,sobol-0244,0.415708215,0.283748563,1.375,E_star,0.018892973,0.0413640293,0.00662524836
gp,band,0,sobol-0246,0.670781594,0.247228469,1.28125,E_star,0.00742372492,0.0215662713,0.00181009537
gp,band,0,sobol-0249,0.696868138,0.357593438,0.875,E_star,0.0823595801,0.0836848888,0.00405580117
gp,band,0,sobol-0251,0.452003389,0.473343841,0.96875,E_star,0.16763262,0.173598986,0.0307819726
gp,band,0,sobol-0252,0.336953424,0.267646989,0.6875,E_star,0.0405382431,0.043678005,0.00434080862
gp,band,0,sobol-0254,0.592057784,0.30138388,1,E_star,0.0136265029,0.0470395833,0.00688546893
ensemble,band,0,edge-00,0.5,0.2,0.6875,K_star,0.00789495057,0.00630370157,0.000288262903
ensemble,band,0,edge-01,0.5,0.2,1.5,K_star,0.0132991909,0.0110257927,0.000458420655
ensemble,band,0,edge-02,0.5,0.5,0.6875,K_star,0.00104821758,0.00129535684,1.80070236e-05
ensemble,band,0,edge-03,0.5,0.5,1.5,K_star,0.00178250916,0.00204069065,3.79379207e-05
ensemble,band,0,sobol-0001,0.588520205,0.488736002,1.15625,K_star,0.00148664495,0.00173953859,3.47687425e-05
ensemble,band,0,sobol-0003,0.3417177,0.379705568,1.46875,K_star,0.00490733219,0.00483683248,2.90131563e-05
ensemble,band,0,sobol-0004,0.447481494,0.286280112,1.21875,K_star,0.00705017318,0.00661383262,0.000126766202
ensemble,band,0,sobol-0006,0.700647862,0.24523731,1.34375,K_star,0.00687369772,0.00674194763,9.03239347e-05
ensemble,band,0,sobol-0009,0.666016369,0.360170461,0.90625,K_star,0.00276992932,0.00287716874,5.01972541e-05
ensemble,band,0,sobol-0011,0.419242935,0.471398161,0.8125,K_star,0.00190520979,0.0018862037,3.0038052e-05
ensemble,band,0,sobol-0012,0.307242115,0.264960088,1.09375,K_star,0.00757964712,0.00762078323,5.68483969e-05
ensemble,band,0,sobol-0014,0.560377501,0.303512655,0.78125,K_star,0.00431613507,0.0038844159,8.71707767e-05
ensemble,band,0,sobol-0017,0.529507734,0.416456273,1.40625,K_star,0.00307845938,0.00313965873,4.02449508e-05
ensemble,band,0,sobol-0019,0.274877344,0.452610168,1.3125,K_star,0.00325988156,0.00324418032,1.47572352e-05
ensemble,band,0,sobol-0020,0.389323624,0.20874733,1.4375,K_star,0.0125608642,0.0112243933,0.000284469302
ensemble,band,0,sobol-0022,0.634662374,0.322227236,1.125,K_star,0.00405640728,0.00413855766,0.000102308961
ensemble,band,0,sobol-0025,0.732980684,0.432594493,0.6875,K_star,0.00151561796,0.00155029625,9.61738011e-06
ensemble,band,0,sobol-0027,0.478379395,0.398344896,1.03125,K_star,0.00310785635,0.00310291591,7.99272635e-05
ensemble,band,0,sobol-0028,0.373107458,0.342641177,0.84375,K_star,0.00412328884,0.00410609123,5.17880668e-05
ensemble,band,0,sobol-0030,0.618415197,0.226378068,0.9375,K_star,0.00774191901,0.00634741569,0.00018209828
ensemble,band,0,sobol-0033,0.606218239,0.38339115,0.78125,K_star,0.00221307848,0.0024093022,3.59525688e-05
ensemble,band,0,sobol-0035,0.355019773,0.485079053,0.90625,K_star,0.00205551737,0.00202103368,2.67927466e-05
ensemble,band,0,sobol-0036,0.496436682,0.241881129,0.75,K_star,0.00655103266,0.00556737708,0.000114041984
ensemble,band,0,sobol-0038,0.745208041,0.28968052,1.0625,K_star,0.00445356528,0.00445641676,5.57047253e-05
ensemble,band,0,sobol-0041,0.652714773,0.465653893,1.46875,K_star,0.00204083878,0.00215746199,2.01417203e-05
ensemble,band,0,sobol-0043,0.401548238,0.365870288,1.15625,K_star,0.00442915233,0.00436422149,8.0170329e-05
ensemble,band,0,sobol-0044,0.262683366,0.309513101,1.34375,K_star,0.00693416136,0.0069409307,3.10826173e-05
ensemble,band,0,sobol-0046,0.511424698,0.258930507,1.25,K_star,0.0082932309,0.00722167916,0.000179892542
ensemble,band,0,sobol-0049,0.539391361,0.446865793,1.03125,K_star,0.00185921206,0.00217417581,5.3845509e-05
ensemble,band,0,sobol-0051,0.29599001,0.422155992,0.71875,K_star,0.00251050083,0.00249895423,1.4204261e-05
ensemble,band,0,sobol-0052,0.430464404,0.328228148,0.96875,K_star,0.00467581411,0.00464343153,0.000115792168
ensemble,band,0,sobol-0054,0.687033146,0.202718215,0.84375,K_star,0.00734142598,0.00639805455,0.000104451804
ensemble,band,0,sobol-0057,0.711864681,0.402030371,1.28125,K_star,0.00275129246,0.0027958752,1.72443058e-05
ensemble,band,0,sobol-0059,0.468495291,0.428937436,1.40625,K_star,0.00318328281,0.00315671624,4.16696478e-05
ensemble,band,0,sobol-0060,0.320734303,0.223022352,1.09375,K_star,0.00953032914,0.00933036968,5.56458954e-05
ensemble,band,0,sobol-0062,0.577272987,0.346042051,1.40625,K_star,0.00451424417,0.00440151982,5.82378891e-05
ensemble,band,0,sobol-0065,0.563183321,0.395461963,1.09375,K_star,0.00267251382,0.00293145649,6.74805571e-05
ensemble,band,0,sobol-0067,0.320301357,0.436651255,0.75,K_star,0.00238169382,0.00236053757,1.32482e-05
ensemble,band,0,sobol-0068,0.453303281,0.229334269,0.90625,K_star,0.00827266781,0.00724834282,0.00018792186
ensemble,band,0,sobol-0070,0.710329183,0.338511194,0.78125,K_star,0.00278847585,0.00284237444,3.12948143e-05
ensemble,band,0,sobol-0073,0.671959332,0.453151388,1.25,K_star,0.00200994161,0.00210049708,1.62757554e-05
ensemble,band,0,sobol-0075,0.429047341,0.414745299,1.34375,K_star,0.00359058791,0.00352071531,4.51594229e-05
ensemble,band,0,sobol-0076,0.281782267,0.321612819,1.15625,K_star,0.00595242977,0.0059532178,4.04939257e-05
ensemble,band,0,sobol-0078,0.5388401,0.210531597,1.46875,K_star,0.0120434336,0.00997169913,0.000376176278
ensemble,band,0,sobol-0081,0.504033744,0.472010586,0.84375,K_star,0.00159264807,0.00173695925,4.16738313e-05
ensemble,band,0,sobol-0083,0.253354442,0.358384207,0.9375,K_star,0.00436467164,0.00435194149,2.63499627e-05
ensemble,band,0,sobol-0084,0.395251999,0.302973447,0.71875,K_star,0.00437054885,0.0043463271,3.52606394e-05
ensemble,band,0,sobol-0086,0.644480771,0.266673079,1,K_star,0.00555318283,0.00513694367,0.000148828357
ensemble,band,0,sobol-0089,0.738786095,0.376747354,1.4375,K_star,0.00338241896,0.00341309019,1.38601983e-05
ensemble,band,0,sobol-0091,0.488076735,0.492863968,1.09375,K_star,0.0017453195,0.00184910782,5.15996001e-05
ensemble,band,0,sobol-0092,0.347754645,0.248122236,1.40625,K_star,0.00951011328,0.00937932743,0.000100895931
ensemble,band,0,sobol-0094,0.597015379,0.282225338,1.28125,K_star,0.00666479776,0.00580367935,0.00013712824
ensemble,band,0,sobol-0097,0.616036711,0.440044096,1.34375,K_star,0.00224598368,0.00244418913,2.4696484e-05
ensemble,band,0,sobol-0099,0.360948193,0.39209821,1.25,K_star,0.00419087288,0.00412393139,4.72620299e-05
ensemble,band,0,sobol-0100,0.474913824,0.334862128,1.46875,K_star,0.00566196435,0.00540177569,7.97419049e-05
ensemble,band,0,sobol-0102,0.719734126,0.233027729,1.15625,K_star,0.00663096664,0.00649193694,0.000102722287
ensemble,band,0,sobol-0105,0.63131488,0.408708122,0.75,K_star,0.00182901862,0.00199221111,2.19234552e-05
ensemble,band,0,sobol-0107,0.37619538,0.459144243,1.0625,K_star,0.00260330944,0.00254009761,4.04781362e-05
ensemble,band,0,sobol-0108,0.272380662,0.216239276,0.78125,K_star,0.00775861573,0.00767159013,6.80121013e-05
ensemble,band,0,sobol-0110,0.517230034,0.315876409,0.875,K_star,0.00454273213,0.00416946273,0.000131957825
ensemble,band,0,sobol-0113,0.549072728,0.352346636,1.09375,K_star,0.00401201975,0.00379229529,0.000116633716
ensemble,band,0,sobol-0115,0.301811871,0.478003047,1.40625,K_star,0.00289581609,0.00284007954,1.86996756e-05
ensemble,band,0,sobol-0116,0.409048134,0.272380937,1.28125,K_star,0.00791888313,0.00759619921,9.42730577e-05
ensemble,band,0,sobol-0118,0.661696306,0.297237215,1.375,K_star,0.00518077537,0.0052529695,6.16230691e-05
ensemble,band,0,sobol-0121,0.690327235,0.496256415,0.96875,K_star,0.00132056275,0.00140508784,2.09116141e-05
ensemble,band,0,sobol-0123,0.443035368,0.373383208,0.84375,K_star,0.00323628577,0.00325805259,6.43346929e-05
ensemble,band,0,sobol-0124,0.330538633,0.27857645,1.03125,K_star,0.0067447418,0.0067811666,6.68741231e-05
ensemble,band,0,sobol-0126,0.583215905,0.251815875,0.71875,K_star,0.00557664499,0.00465649042,8.49517851e-05
ensemble,band,0,sobol-0129,0.579925117,0.365049765,1.5,K_star,0.00394005962,0.00409545094,4.65020524e-05
ensemble,band,0,sobol-0131,0.334571227,0.467103879,1.1875,K_star,0.00275289792,0.00270696269,2.89391431e-05
ensemble,band,0,sobol-0132,0.438760749,0.25986093,1.3125,K_star,0.00868180789,0.0079921244,0.000119050178
ensemble,band,0,sobol-0134,0.693375761,0.308026532,1.21875,K_star,0.00445944952,0.00450310798,6.02355215e-05
ensemble,band,0,sobol-0137,0.65766466,0.483709213,0.8125,K_star,0.0012423822,0.00136689194,1.71412508e-05
ensemble,band,0,sobol-0139,0.412341782,0.384145334,0.90625,K_star,0.0033801861,0.00334361299,6.26212434e-05
ensemble,band,0,sobol-0140,0.298764301,0.2912335,0.71875,K_star,0.00489592582,0.00488091239,2.53738848e-05
ensemble,band,0,sobol-0142,0.553350213,0.240870633,1.0625,K_star,0.00818129013,0.00684206587,0.0002602546
ensemble,band,0,sobol-0145,0.520773637,0.427350123,1.25,K_star,0.00273222355,0.00279554661,4.94359751e-05
ensemble,band,0,sobol-0147,0.267622409,0.403006533,1.375,K_star,0.00435789879,0.00435046761,1.70952636e-05
ensemble,band,0,sobol-0148,0.380707555,0.34737298,1.125,K_star,0.00487992352,0.00483196448,8.14989386e-05
ensemble,band,0,sobol-0150,0.627525438,0.222229258,1.4375,K_star,0.0102631545,0.00852224941,0.00019821955
ensemble,band,0,sobol-0153,0.724489519,0.421264481,1,K_star,0.00211399559,0.00214450297,1.85455998e-05
ensemble,band,0,sobol-0155,0.471369273,0.448391273,0.6875,K_star,0.00173133843,0.00178247525,2.88431258e-05
ensemble,band,0,sobol-0156,0.364734769,0.203573071,0.96875,K_star,0.0102094198,0.00926644324,0.000174373187
ensemble,band,0,sobol-0158,0.611523581,0.326812496,0.875,K_star,0.00346610075,0.00351817058,9.91033377e-05
ensemble,band,0,sobol-0161,0.60128237,0.470458582,0.9375,K_star,0.00146649297,0.00167977153,3.6285677e-05
ensemble,band,0,sobol-0163,0.344698489,0.361647875,0.8125,K_star,0.00369620117,0.00368712206,3.34178709e-05
ensemble,band,0,sobol-0164,0.491375155,0.304342333,1.0625,K_star,0.00568998044,0.0052295007,0.00017989759
ensemble,band,0,sobol-0166,0.734761128,0.263519258,0.75,K_star,0.00403430665,0.00403928365,3.54862142e-05
ensemble,band,0,sobol-0169,0.647535969,0.378143432,1.1875,K_star,0.00299285357,0.00313002279,4.20916298e-05
ensemble,band,0,sobol-0171,0.390982145,0.489737342,1.5,K_star,0.00259333679,0.00247828856,3.41349452e-05
ensemble,band,0,sobol-0172,0.257378457,0.246616306,1.1875,K_star,0.00887689189,0.00890612436,3.91237052e-05
ensemble,band,0,sobol-0174,0.500732469,0.285535084,1.3125,K_star,0.00723415916,0.00650067416,0.000146639585
ensemble,band,0,sobol-0177,0.534320298,0.397004811,0.6875,K_star,0.00215909182,0.00221105731,4.15100342e-05
ensemble,band,0,sobol-0179,0.285564078,0.433378431,1,K_star,0.00305944515,0.00304160356,2.03729767e-05
ensemble,band,0,sobol-0180,0.425511369,0.227974538,0.84375,K_star,0.00796676262,0.0070722137,0.000146748681
ensemble,band,0,sobol-0182,0.676725212,0.34167417,0.96875,K_star,0.00320737194,0.00329716049,6.26859863e-05
ensemble,band,0,sobol-0185,0.706550235,0.451746156,1.375,K_star,0.00216735311,0.00221166248,1.13238535e-05
ensemble,band,0,sobol-0187,0.457824043,0.417862769,1.28125,K_star,0.00328313251,0.00325225306,5.3235753e-05
ensemble,band,0,sobol-0188,0.315538332,0.323127904,1.46875,K_star,0.00664428626,0.0065900462,6.40937368e-05
ensemble,band,0,sobol-0190,0.566720244,0.207231006,1.15625,K_star,0.0105688389,0.00863040048,0.00041622281
ensemble,band,0,sobol-0193,0.573981424,0.458396961,0.75,K_star,0.00134003674,0.00159764581,2.38906999e-05
ensemble,band,0,sobol-0195,0.324768029,0.410084864,1.03125,K_star,0.00346601212,0.00342735542,3.64673883e-05
ensemble,band,0,sobol-0196,0.46421942,0.316880073,0.8125,K_star,0.00438286274,0.00418678627,8.31732529e-05
ensemble,band,0,sobol-0198,0.714913862,0.214679464,0.90625,K_star,0.00658560551,0.00616137556,7.97825333e-05
ensemble,band,0,sobol-0201,0.683002274,0.390655128,1.3125,K_star,0.00296886161,0.0030476356,2.20903344e-05
ensemble,band,0,sobol-0203,0.433756919,0.440871522,1.21875,K_star,0.00293733902,0.00285887213,5.17460484e-05
ensemble,band,0,sobol-0204,0.292943692,0.234507469,1.5,K_star,0.0106358417,0.0105805965,9.2192836e-05
ensemble,band,0,sobol-0206,0.543668191,0.333924875,1.1875,K_star,0.00480700754,0.004438672,0.00012464814
ensemble,band,0,sobol-0209,0.514967049,0.371869137,0.96875,K_star,0.00338201733,0.00329951492,9.782179e-05
ensemble,band,0,sobol-0211,0.257925769,0.497159337,0.875,K_star,0.00198262652,0.00197879728,9.70717149e-06
ensemble,band,0,sobol-0212,0.406059639,0.253220048,1,K_star,0.00768284802,0.00720738128,0.000113144621
ensemble,band,0,sobol-0214,0.648926463,0.277710115,0.6875,K_star,0.00380921824,0.00370039412,5.12145561e-05
ensemble,band,0,sobol-0217,0.749964686,0.477038291,1.125,K_star,0.00167175713,0.0016899175,9.01718639e-06
ensemble,band,0,sobol-0219,0.492891475,0.353945357,1.4375,K_star,0.00489503666,0.00471568481,6.08145208e-05
ensemble,band,0,sobol-0220,0.358807124,0.298018829,1.25,K_star,0.00675573127,0.0067973249,7.08449121e-05
ensemble,band,0,sobol-0222,0.601703976,0.271038527,1.34375,K_star,0.00734005511,0.00633502798,0.000136095088
ensemble,band,0,sobol-0225,0.62268344,0.41373248,1.21875,K_star,0.00247583056,0.00266295832,3.2618829e-05
ensemble,band,0,sobol-0227,0.370050646,0.454702046,1.3125,K_star,0.00303680363,0.00296183529,3.37795383e-05
ensemble,band,0,sobol-0228,0.481678589,0.211288034,1.1875,K_star,0.0109701317,0.0092758312,0.000360972244
ensemble,band,0,sobol-0230,0.728954585,0.320245232,1.5,K_star,0.00469119366,0.00472730171,2.81882689e-05
ensemble,band,0,sobol-0233,0.637716319,0.435162361,1.0625,K_star,0.00200051775,0.0021454877,3.10803368e-05
ensemble,band,0,sobol-0235,0.385054425,0.39639006,0.75,K_star,0.00281348899,0.00279007002,3.10243683e-05
ensemble,band,0,sobol-0236,0.278900584,0.339963431,0.9375,K_star,0.0047586805,0.00473424643,3.51621532e-05
ensemble,band,0,sobol-0238,0.526207591,0.228515998,0.8125,K_star,0.00746722038,0.00617675625,0.000178786387
ensemble,band,0,sobol-0241,0.555858473,0.49145064,1.46875,K_star,0.00167878378,0.00200077495,3.26598197e-05
ensemble,band,0,sobol-0243,0.311022794,0.377604534,1.125,K_star,0.00436493666,0.00433201652,4.22171683e-05
ensemble,band,0,sobol-0244,0.415708215,0.283748563,1.375,K_star,0.00765785242,0.00736554135,9.81656706e-05
ensemble,band,0,sobol-0246,0.670781594,0.247228469,1.28125,K_star,0.00706913536,0.00660323155,0.000111869062
ensemble,band,0,sobol-0249,0.696868138,0.357593438,0.875,K_star,0.00273482538,0.00279907045,3.89951226e-05
ensemble,band,0,sobol-0251,0.452003389,0.473343841,0.96875,K_star,0.00203865102,0.00201427483,5.24516154e-05
ensemble,band,0,sobol-0252,0.336953424,0.267646989,0.6875,K_star,0.00522077962,0.00517728786,2.70934299e-05
ensemble,band,0,sobol-0254,0.592057784,0.30138388,1,K_star,0.00501936313,0.00449278246,0.00017251748
ensemble,band,0,edge-00,0.5,0.2,0.6875,E_star,0.00686155782,0.0152283695,0.00188742152
ensemble,band,0,edge-01,0.5,0.2,1.5,E_star,0.00704503502,0.0088556506,0.0036424769
ensemble,band,0,edge-02,0.5,0.5,0.6875,E_star,0.183173681,0.199847426,0.00444243432
ensemble,band,0,edge-03,0.5,0.5,1.5,E_star,0.184628825,0.199198187,0.00254312651
ensemble,band,0,sobol-0001,0.588520205,0.488736002,1.15625,E_star,0.16659036,0.174462925,0.00256275705
ensemble,band,0,sobol-0003,0.3417177,0.379705568,1.46875,E_star,0.111132212,0.109751491,0.00188916665
ensemble,band,0,sobol-0004,0.447481494,0.286280112,1.21875,E_star,0.0175565068,0.0413108628,0.0046546545
ensemble,band,0,sobol-0006,0.700647862,0.24523731,1.34375,E_star,0.0134389341,0.0256325568,0.00351827848
ensemble,band,0,sobol-0009,0.666016369,0.360170461,0.90625,E_star,0.078801706,0.0849563823,0.00130370976
ensemble,band,0,sobol-0011,0.419242935,0.471398161,0.8125,E_star,0.170555046,0.176304982,0.00169130051
ensemble,band,0,sobol-0012,0.307242115,0.264960088,1.09375,E_star,0.0432156168,0.0452633448,0.00135911
ensemble,band,0,sobol-0014,0.560377501,0.303512655,0.78125,E_star,0.0150975361,0.0519207537,0.00277621902
ensemble,band,0,sobol-0017,0.529507734,0.416456273,1.40625,E_star,0.0910790644,0.123625545,0.00297361441
ensemble,band,0,sobol-0019,0.274877344,0.452610168,1.3125,E_star,0.166688808,0.167209984,0.000908895889
ensemble,band,0,sobol-0020,0.389323624,0.20874733,1.4375,E_star,0.00992023077,0.0159687053,0.00342910364
ensemble,band,0,sobol-0022,0.634662374,0.322227236,1.125,E_star,0.0452495348,0.0607162017,0.00297807488
ensemble,band,0,sobol-0025,0.732980684,0.432594493,0.6875,E_star,0.134436141,0.137855947,0.000886687609
ensemble,band,0,sobol-0027,0.478379395,0.398344896,1.03125,E_star,0.0838531096,0.111712432,0.00259883215
ensemble,band,0,sobol-0028,0.373107458,0.342641177,0.84375,E_star,0.0782648813,0.0832923484,0.00216009094
ensemble,band,0,sobol-0030,0.618415197,0.226378068,0.9375,E_star,0.00705792687,0.0153818963,0.00304457911
ensemble,band,0,sobol-0033,0.606218239,0.38339115,0.78125,E_star,0.0827829094,0.101567893,0.00159926429
ensemble,band,0,sobol-0035,0.355019773,0.485079053,0.90625,E_star,0.186320927,0.189308769,0.00150450242
ensemble,band,0,sobol-0036,0.496436682,0.241881129,0.75,E_star,0.0110893805,0.0253581844,0.00196861928
ensemble,band,0,sobol-0038,0.745208041,0.28968052,1.0625,E_star,0.0520113029,0.0524025371,0.000960738613
ensemble,band,0,sobol-0041,0.652714773,0.465653893,1.46875,E_star,0.154390183,0.159467257,0.00123733424
ensemble,band,0,sobol-0043,0.401548238,0.365870288,1.15625,E_star,0.0890589168,0.0942036402,0.00289891456
ensemble,band,0,sobol-0044,0.262683366,0.309513101,1.34375,E_star,0.0712102611,0.0711182208,0.000886612103
ensemble,band,0,sobol-0046,0.511424698,0.258930507,1.25,E_star,0.012073671,0.0238356576,0.00502188596
ensemble,band,0,sobol-0049,0.539391361,0.446865793,1.03125,E_star,0.117612719,0.142730011,0.00218195983
ensemble,band,0,sobol-0051,0.29599001,0.422155992,0.71875,E_star,0.14129175,0.143941439,0.00132506412
ensemble,band,0,sobol-0052,0.430464404,0.328228148,0.96875,E_star,0.0238243126,0.069980727,0.00324682412
ensemble,band,0,sobol-0054,0.687033146,0.202718215,0.84375,E_star,0.0047619218,0.0134858095,0.00194131377
ensemble,band,0,sobol-0057,0.711864681,0.402030371,1.28125,E_star,0.109903503,0.111268025,0.000860181942
ensemble,band,0,sobol-0059,0.468495291,0.428937436,1.40625,E_star,0.125715424,0.137114218,0.00236641167
ensemble,band,0,sobol-0060,0.320734303,0.223022352,1.09375,E_star,0.0131068222,0.0264079465,0.00144577146
ensemble,band,0,sobol-0062,0.577272987,0.346042051,1.40625,E_star,0.0440303777,0.0741974478,0.00451597729
ensemble,band,0,sobol-0065,0.563183321,0.395461963,1.09375,E_star,0.07031733,0.104705427,0.00252553904
ensemble,band,0,sobol-0067,0.320301357,0.436651255,0.75,E_star,0.150894821,0.153796864,0.00159399376
ensemble,band,0,sobol-0068,0.453303281,0.229334269,0.90625,E_star,0.0104420024,0.019811638,0.00292739048
ensemble,band,0,sobol-0070,0.710329183,0.338511194,0.78125,E_star,0.073787976,0.0761077873,0.00119343507
ensemble,band,0,sobol-0073,0.671959332,0.453151388,1.25,E_star,0.142986757,0.144718176,0.00123454045
ensemble,band,0,sobol-0075,0.429047341,0.414745299,1.34375,E_star,0.122437677,0.127556459,0.00240748825
ensemble,band,0,sobol-0076,0.281782267,0.321612819,1.15625,E_star,0.0749053293,0.0758369062,0.0013721307
ensemble,band,0,sobol-0078,0.5388401,0.210531597,1.46875,E_star,0.00738392957,0.00964112288,0.00397874093
ensemble,band,0,sobol-0081,0.504033744,0.472010586,0.84375,E_star,0.142500046,0.168928853,0.00190239806
ensemble,band,0,sobol-0083,0.253354442,0.358384207,0.9375,E_star,0.0979092395,0.0978278799,0.00144171194
ensemble,band,0,sobol-0084,0.395251999,0.302973447,0.71875,E_star,0.0218848863,0.0603289376,0.00185510834
ensemble,band,0,sobol-0086,0.644480771,0.266673079,1,E_star,0.00924963443,0.0313993628,0.00298141896
ensemble,band,0,sobol-0089,0.738786095,0.376747354,1.4375,E_star,0.0992012155,0.100545195,0.000790328887
ensemble,band,0,sobol-0091,0.488076735,0.492863968,1.09375,E_star,0.175395623,0.184384287,0.00298865315
ensemble,band,0,sobol-0092,0.347754645,0.248122236,1.40625,E_star,0.0158059422,0.033694601,0.00272957189
ensemble,band,0,sobol-0094,0.597015379,0.282225338,1.28125,E_star,0.0120512849,0.0355030104,0.00514170627
ensemble,band,0,sobol-0097,0.616036711,0.440044096,1.34375,E_star,0.129378729,0.137061599,0.00167236481
ensemble,band,0,sobol-0099,0.360948193,0.39209821,1.25,E_star,0.114660328,0.114881122,0.00180294441
ensemble,band,0,sobol-0100,0.474913824,0.334862128,1.46875,E_star,0.0237407824,0.069768512,0.00508801202
ensemble,band,0,sobol-0102,0.719734126,0.233027729,1.15625,E_star,0.0130238532,0.0219042997,0.00270989903
ensemble,band,0,sobol-0105,0.63131488,0.408708122,0.75,E_star,0.106829338,0.119059171,0.00125999824
ensemble,band,0,sobol-0107,0.37619538,0.459144243,1.0625,E_star,0.163113505,0.164172605,0.00199134881
ensemble,band,0,sobol-0108,0.272380662,0.216239276,0.78125,E_star,0.0272729378,0.0281115168,0.000643215392
ensemble,band,0,sobol-0110,0.517230034,0.315876409,0.875,E_star,0.0181172409,0.0585653166,0.00308077404
ensemble,band,0,sobol-0113,0.549072728,0.352346636,1.09375,E_star,0.0390703014,0.077760325,0.00377083777
ensemble,band,0,sobol-0115,0.301811871,0.478003047,1.40625,E_star,0.188500211,0.190260013,0.00108203165
ensemble,band,0,sobol-0116,0.409048134,0.272380937,1.28125,E_star,0.01744737,0.037829575,0.00396761153
ensemble,band,0,sobol-0118,0.661696306,0.297237215,1.375,E_star,0.0400882348,0.0499495484,0.00342571714
ensemble,band,0,sobol-0121,0.690327235,0.496256415,0.96875,E_star,0.175156048,0.176910856,0.00104699857
ensemble,band,0,sobol-0123,0.443035368,0.373383208,0.84375,E_star,0.0768455785,0.0995221144,0.00259416379
ensemble,band,0,sobol-0124,0.330538633,0.27857645,1.03125,E_star,0.046687085,0.0499982009,0.00188983586
ensemble,band,0,sobol-0126,0.583215905,0.251815875,0.71875,E_star,0.00960738005,0.0288978592,0.00157648651
ensemble,band,0,sobol-0129,0.579925117,0.365049765,1.5,E_star,0.0575043073,0.0884209423,0.00401452307
ensemble,band,0,sobol-0131,0.334571227,0.467103879,1.1875,E_star,0.173497454,0.174576132,0.00199985122
ensemble,band,0,sobol-0132,0.438760749,0.25986093,1.3125,E_star,0.0146666852,0.029189341,0.00454246195
ensemble,band,0,sobol-0134,0.693375761,0.308026532,1.21875,E_star,0.0544540827,0.0574073202,0.00183656611
ensemble,band,0,sobol-0137,0.65766466,0.483709213,0.8125,E_star,0.16727692,0.169647726,0.000998967053
ensemble,band,0,sobol-0139,0.412341782,0.384145334,0.90625,E_star,0.0990444088,0.107599162,0.00234743221
ensemble,band,0,sobol-0140,0.298764301,0.2912335,0.71875,E_star,0.058674526,0.0595767933,0.000847214138
ensemble,band,0,sobol-0142,0.553350213,0.240870633,1.0625,E_star,0.00934073263,0.0173221987,0.00413116521
ensemble,band,0,sobol-0145,0.520773637,0.427350123,1.25,E_star,0.0981385457,0.129456424,0.00232842749
ensemble,band,0,sobol-0147,0.267622409,0.403006533,1.375,E_star,0.13034634,0.12964117,0.00090356811
ensemble,band,0,sobol-0148,0.380707555,0.34737298,1.125,E_star,0.0798565513,0.0841244652,0.00278168426
ensemble,band,0,sobol-0150,0.627525438,0.222229258,1.4375,E_star,0.00681873736,0.0118148071,0.00432651308
ensemble,band,0,sobol-0153,0.724489519,0.421264481,1,E_star,0.122567111,0.122634141,0.000872306641
ensemble,band,0,sobol-0155,0.471369273,0.448391273,0.6875,E_star,0.143479867,0.159439695,0.00239876366
ensemble,band,0,sobol-0156,0.364734769,0.203573071,0.96875,E_star,0.00989186846,0.0173536015,0.00184361093
ensemble,band,0,sobol-0158,0.611523581,0.326812496,0.875,E_star,0.0373483108,0.064678334,0.00192053185
ensemble,band,0,sobol-0161,0.60128237,0.470458582,0.9375,E_star,0.149079445,0.158957717,0.00185695784
ensemble,band,0,sobol-0163,0.344698489,0.361647875,0.8125,E_star,0.0932966751,0.0970116782,0.0018246755
ensemble,band,0,sobol-0164,0.491375155,0.304342333,1.0625,E_star,0.0181232789,0.0500836559,0.00444208965
ensemble,band,0,sobol-0166,0.734761128,0.263519258,0.75,E_star,0.0387578972,0.0408621084,0.000666726891
ensemble,band,0,sobol-0169,0.647535969,0.378143432,1.1875,E_star,0.0875286353,0.0935287126,0.00185134581
ensemble,band,0,sobol-0171,0.390982145,0.489737342,1.5,E_star,0.195635439,0.198245056,0.00183036949
ensemble,band,0,sobol-0172,0.257378457,0.246616306,1.1875,E_star,0.0403712011,0.0409430468,0.000591105366
ensemble,band,0,sobol-0174,0.500732469,0.285535084,1.3125,E_star,0.0155744982,0.0373663576,0.00570942174
ensemble,band,0,sobol-0177,0.534320298,0.397004811,0.6875,E_star,0.0761075262,0.116779879,0.00220192526
ensemble,band,0,sobol-0179,0.285564078,0.433378431,1,E_star,0.14657354,0.148317353,0.00136918771
ensemble,band,0,sobol-0180,0.425511369,0.227974538,0.84375,E_star,0.0109632479,0.021969425,0.00230371488
ensemble,band,0,sobol-0182,0.676725212,0.34167417,0.96875,E_star,0.0689798105,0.0743489877,0.0014209995
ensemble,band,0,sobol-0185,0.706550235,0.451746156,1.375,E_star,0.145393334,0.146042794,0.000939095017
ensemble,band,0,sobol-0187,0.457824043,0.417862769,1.28125,E_star,0.118205771,0.126866398,0.00250354595
ensemble,band,0,sobol-0188,0.315538332,0.323127904,1.46875,E_star,0.0761212834,0.0753597661,0.00184133368
ensemble,band,0,sobol-0190,0.566720244,0.207231006,1.15625,E_star,0.00648244471,0.00850747949,0.00337267045
ensemble,band,0,sobol-0193,0.573981424,0.458396961,0.75,E_star,0.137910283,0.15714268,0.00126035162
ensemble,band,0,sobol-0195,0.324768029,0.410084864,1.03125,E_star,0.127760032,0.129193696,0.0016490197
ensemble,band,0,sobol-0196,0.46421942,0.316880073,0.8125,E_star,0.0211390118,0.0624701187,0.00293174923
ensemble,band,0,sobol-0198,0.714913862,0.214679464,0.90625,E_star,0.00483857928,0.0173498562,0.00224188248
ensemble,band,0,sobol-0201,0.683002274,0.390655128,1.3125,E_star,0.100855055,0.103720144,0.00132604345
ensemble,band,0,sobol-0203,0.433756919,0.440871522,1.21875,E_star,0.142807304,0.146012751,0.0017779043
ensemble,band,0,sobol-0204,0.292943692,0.234507469,1.5,E_star,0.0329127032,0.0338205137,0.00167126109
ensemble,band,0,sobol-0206,0.543668191,0.333924875,1.1875,E_star,0.0191671633,0.0654853799,0.00487688305
ensemble,band,0,sobol-0209,0.514967049,0.371869137,0.96875,E_star,0.0504553692,0.0931910473,0.00275229267
ensemble,band,0,sobol-0211,0.257925769,0.497159337,0.875,E_star,0.202210283,0.204765224,0.00127714422
ensemble,band,0,sobol-0212,0.406059639,0.253220048,1,E_star,0.0147767511,0.0309890887,0.00309328895
ensemble,band,0,sobol-0214,0.648926463,0.277710115,0.6875,E_star,0.0149528129,0.0433611961,0.00155072443
ensemble,band,0,sobol-0217,0.749964686,0.477038291,1.125,E_star,0.163385533,0.162384545,0.000967620904
ensemble,band,0,sobol-0219,0.492891475,0.353945357,1.4375,E_star,0.0252677023,0.0810578571,0.00474675032
ensemble,band,0,sobol-0220,0.358807124,0.298018829,1.25,E_star,0.0516441972,0.0565992535,0.0026312974
ensemble,band,0,sobol-0222,0.601703976,0.271038527,1.34375,E_star,0.0109832761,0.0301225697,0.00534519051
ensemble,band,0,sobol-0225,0.62268344,0.41373248,1.21875,E_star,0.10862921,0.116166971,0.00177238158
ensemble,band,0,sobol-0227,0.370050646,0.454702046,1.3125,E_star,0.162586557,0.163834574,0.00127063731
ensemble,band,0,sobol-0228,0.481678589,0.211288034,1.1875,E_star,0.00807732313,0.0112598911,0.00343375407
ensemble,band,0,sobol-0230,0.728954585,0.320245232,1.5,E_star,0.0693273718,0.0707369923,0.0010872781
ensemble,band,0,sobol-0233,0.637716319,0.435162361,1.0625,E_star,0.12388038,0.130669406,0.00145131412
ensemble,band,0,sobol-0235,0.385054425,0.39639006,0.75,E_star,0.1145961,0.120525813,0.00224562371
ensemble,band,0,sobol-0236,0.278900584,0.339963431,0.9375,E_star,0.0859291432,0.0860464096,0.00157125325
ensemble,band,0,sobol-0238,0.526207591,0.228515998,0.8125,E_star,0.0088088546,0.0185646745,0.00251773786
ensemble,band,0,sobol-0241,0.555858473,0.49145064,1.46875,E_star,0.172382224,0.186000118,0.00181766306
ensemble,band,0,sobol-0243,0.311022794,0.377604534,1.125,E_star,0.106448617,0.107669706,0.00161365227
ensemble,band,0,sobol-0244,0.415708215,0.283748563,1.375,E_star,0.018892973,0.043196624,0.0044951382
ensemble,band,0,sobol-0246,0.670781594,0.247228469,1.28125,E_star,0.00742372492,0.0229951794,0.00381985735
ensemble,band,0,sobol-0249,0.696868138,0.357593438,0.875,E_star,0.0823595801,0.0847621886,0.00109635112
ensemble,band,0,sobol-0251,0.452003389,0.473343841,0.96875,E_star,0.16763262,0.170946825,0.00218833225
ensemble,band,0,sobol-0252,0.336953424,0.267646989,0.6875,E_star,0.0405382431,0.0465380797,0.00109131306
ensemble,band,0,sobol-0254,0.592057784,0.30138388,1,E_star,0.0136265029,0.0477406561,0.00328713267
cnn,band,0,edge-00,0.5,0.2,0.6875,K_star,0.00789495057,0.00684498093,0.000273514
cnn,band,0,edge-01,0.5,0.2,1.5,K_star,0.0132991909,0.0115638385,0.000494034515
cnn,band,0,edge-02,0.5,0.5,0.6875,K_star,0.00104821758,0.00139740262,4.8812948e-05
cnn,band,0,edge-03,0.5,0.5,1.5,K_star,0.00178250916,0.00236983238,9.89671981e-05
cnn,band,0,sobol-0001,0.588520205,0.488736002,1.15625,K_star,0.00148664495,0.00185629827,5.67011391e-05
cnn,band,0,sobol-0003,0.3417177,0.379705568,1.46875,K_star,0.00490733219,0.00502508124,9.41813151e-05
cnn,band,0,sobol-0004,0.447481494,0.286280112,1.21875,K_star,0.00705017318,0.00658003893,0.000167482596
cnn,band,0,sobol-0006,0.700647862,0.24523731,1.34375,K_star,0.00687369772,0.00723888214,0.000169736757
cnn,band,0,sobol-0009,0.666016369,0.360170461,0.90625,K_star,0.00276992932,0.00287683454,7.96488368e-05
cnn,band,0,sobol-0011,0.419242935,0.471398161,0.8125,K_star,0.00190520979,0.00205704742,4.06227778e-05
cnn,band,0,sobol-0012,0.307242115,0.264960088,1.09375,K_star,0.00757964712,0.00745371337,0.000123684385
cnn,band,0,sobol-0014,0.560377501,0.303512655,0.78125,K_star,0.00431613507,0.00407321809,0.00010131899
cnn,band,0,sobol-0017,0.529507734,0.416456273,1.40625,K_star,0.00307845938,0.00336017316,0.000101381697
cnn,band,0,sobol-0019,0.274877344,0.452610168,1.3125,K_star,0.00325988156,0.00333032607,5.49899466e-05
cnn,band,0,sobol-0020,0.389323624,0.20874733,1.4375,K_star,0.0125608642,0.0113915345,0.000351172562
cnn,band,0,sobol-0022,0.634662374,0.322227236,1.125,K_star,0.00405640728,0.00426107133,0.000106297281
cnn,band,0,sobol-0025,0.732980684,0.432594493,0.6875,K_star,0.00151561796,0.00157328146,3.64404054e-05
cnn,band,0,sobol-0027,0.478379395,0.398344896,1.03125,K_star,0.00310785635,0.00328223351,7.57176309e-05
cnn,band,0,sobol-0028,0.373107458,0.342641177,0.84375,K_star,0.00412328884,0.00413932672,7.24654375e-05
cnn,band,0,sobol-0030,0.618415197,0.226378068,0.9375,K_star,0.00774191901,0.00686805219,0.000234231336
cnn,band,0,sobol-0033,0.606218239,0.38339115,0.78125,K_star,0.00221307848,0.00239091613,6.23723576e-05
cnn,band,0,sobol-0035,0.355019773,0.485079053,0.90625,K_star,0.00205551737,0.00213237217,3.41992473e-05
cnn,band,0,sobol-0036,0.496436682,0.241881129,0.75,K_star,0.00655103266,0.00581833806,0.000168403449
cnn,band,0,sobol-0038,0.745208041,0.28968052,1.0625,K_star,0.00445356528,0.00450317952,0.00011972797
cnn,band,0,sobol-0041,0.652714773,0.465653893,1.46875,K_star,0.00204083878,0.00228698783,7.20830777e-05
cnn,band,0,sobol-0043,0.401548238,0.365870288,1.15625,K_star,0.00442915233,0.00448507445,7.97955273e-05
cnn,band,0,sobol-0044,0.262683366,0.309513101,1.34375,K_star,0.00693416136,0.00695866045,0.000110045925
cnn,band,0,sobol-0046,0.511424698,0.258930507,1.25,K_star,0.0082932309,0.00742361936,0.000183618253
cnn,band,0,sobol-0049,0.539391361,0.446865793,1.03125,K_star,0.00185921206,0.00227207194,7.92153576e-05
cnn,band,0,sobol-0051,0.29599001,0.422155992,0.71875,K_star,0.00251050083,0.00259975224,4.19598474e-05
cnn,band,0,sobol-0052,0.430464404,0.328228148,0.96875,K_star,0.00467581411,0.00462567618,0.000100691508
cnn,band,0,sobol-0054,0.687033146,0.202718215,0.84375,K_star,0.00734142598,0.00699379553,0.000285377937
cnn,band,0,sobol-0057,0.711864681,0.402030371,1.28125,K_star,0.00275129246,0.00286307306,7.94173506e-05
cnn,band,0,sobol-0059,0.468495291,0.428937436,1.40625,K_star,0.00318328281,0.00349249679,9.57549363e-05
cnn,band,0,sobol-0060,0.320734303,0.223022352,1.09375,K_star,0.00953032914,0.00915466157,0.000188793261
cnn,band,0,sobol-0062,0.577272987,0.346042051,1.40625,K_star,0.00451424417,0.00463618177,0.000116589792
cnn,band,0,sobol-0065,0.563183321,0.395461963,1.09375,K_star,0.00267251382,0.0030422962,8.0810234e-05
cnn,band,0,sobol-0067,0.320301357,0.436651255,0.75,K_star,0.00238169382,0.00246523916,4.22744889e-05
cnn,band,0,sobol-0068,0.453303281,0.229334269,0.90625,K_star,0.00827266781,0.0072682284,0.00022753734
cnn,band,0,sobol-0070,0.710329183,0.338511194,0.78125,K_star,0.00278847585,0.00284548411,8.82370733e-05
cnn,band,0,sobol-0073,0.671959332,0.453151388,1.25,K_star,0.00200994161,0.00219020997,5.71648687e-05
cnn,band,0,sobol-0075,0.429047341,0.414745299,1.34375,K_star,0.00359058791,0.0038113398,8.43682634e-05
cnn,band,0,sobol-0076,0.281782267,0.321612819,1.15625,K_star,0.00595242977,0.0059287236,9.578787e-05
cnn,band,0,sobol-0078,0.5388401,0.210531597,1.46875,K_star,0.0120434336,0.0105341943,0.000399942772
cnn,band,0,sobol-0081,0.504033744,0.472010586,0.84375,K_star,0.00159264807,0.00187235527,5.61625377e-05
cnn,band,0,sobol-0083,0.253354442,0.358384207,0.9375,K_star,0.00436467164,0.00433088206,6.89138232e-05
cnn,band,0,sobol-0084,0.395251999,0.302973447,0.71875,K_star,0.00437054885,0.00437210224,0.000107976751
cnn,band,0,sobol-0086,0.644480771,0.266673079,1,K_star,0.00555318283,0.0055428495,0.00011422453
cnn,band,0,sobol-0089,0.738786095,0.376747354,1.4375,K_star,0.00338241896,0.00346812188,0.000101768093
cnn,band,0,sobol-0091,0.488076735,0.492863968,1.09375,K_star,0.0017453195,0.00206466088,5.48281523e-05
cnn,band,0,sobol-0092,0.347754645,0.248122236,1.40625,K_star,0.00951011328,0.00932844542,0.000176081524
cnn,band,0,sobol-0094,0.597015379,0.282225338,1.28125,K_star,0.00666479776,0.00624398196,0.000148764084
cnn,band,0,sobol-0097,0.616036711,0.440044096,1.34375,K_star,0.00224598368,0.00253329456,8.43356421e-05
cnn,band,0,sobol-0099,0.360948193,0.39209821,1.25,K_star,0.00419087288,0.00425424454,7.56525534e-05
cnn,band,0,sobol-0100,0.474913824,0.334862128,1.46875,K_star,0.00566196435,0.00561088282,0.000143542053
cnn,band,0,sobol-0102,0.719734126,0.233027729,1.15625,K_star,0.00663096664,0.00694374256,0.000182325072
cnn,band,0,sobol-0105,0.63131488,0.408708122,0.75,K_star,0.00182901862,0.00199453315,5.41769108e-05
cnn,band,0,sobol-0107,0.37619538,0.459144243,1.0625,K_star,0.00260330944,0.00271471331,4.88184376e-05
cnn,band,0,sobol-0108,0.272380662,0.216239276,0.78125,K_star,0.00775861573,0.00771347351,0.00014304498
cnn,band,0,sobol-0110,0.517230034,0.315876409,0.875,K_star,0.00454273213,0.00425520058,0.000103920583
cnn,band,0,sobol-0113,0.549072728,0.352346636,1.09375,K_star,0.00401201975,0.00396332659,8.82883235e-05
cnn,band,0,sobol-0115,0.301811871,0.478003047,1.40625,K_star,0.00289581609,0.00299379241,5.15585627e-05
cnn,band,0,sobol-0116,0.409048134,0.272380937,1.28125,K_star,0.00791888313,0.00748353693,0.000183212993
cnn,band,0,sobol-0118,0.661696306,0.297237215,1.375,K_star,0.00518077537,0.00548219997,0.000130999816
cnn,band,0,sobol-0121,0.690327235,0.496256415,0.96875,K_star,0.00132056275,0.00147092025,2.94754575e-05
cnn,band,0,sobol-0123,0.443035368,0.373383208,0.84375,K_star,0.00323628577,0.00335715612,6.32672956e-05
cnn,band,0,sobol-0124,0.330538633,0.27857645,1.03125,K_star,0.0067447418,0.0066418373,0.000118581677
cnn,band,0,sobol-0126,0.583215905,0.251815875,0.71875,K_star,0.00557664499,0.00505115148,0.00012915378
cnn,band,0,sobol-0129,0.579925117,0.365049765,1.5,K_star,0.00394005962,0.00427920971,0.000108143966
cnn,band,0,sobol-0131,0.334571227,0.467103879,1.1875,K_star,0.00275289792,0.00285178309,4.62166797e-05
cnn,band,0,sobol-0132,0.438760749,0.25986093,1.3125,K_star,0.00868180789,0.00797237675,0.000196931423
cnn,band,0,sobol-0134,0.693375761,0.308026532,1.21875,K_star,0.00445944952,0.00457085074,0.000124385008
cnn,band,0,sobol-0137,0.65766466,0.483709213,0.8125,K_star,0.0012423822,0.00141132602,2.89865879e-05
cnn,band,0,sobol-0139,0.412341782,0.384145334,0.90625,K_star,0.0033801861,0.00346673902,6.5634767e-05
cnn,band,0,sobol-0140,0.298764301,0.2912335,0.71875,K_star,0.00489592582,0.00493636002,9.15031977e-05
cnn,band,0,sobol-0142,0.553350213,0.240870633,1.0625,K_star,0.00818129013,0.0071472948,0.000194535204
cnn,band,0,sobol-0145,0.520773637,0.427350123,1.25,K_star,0.00273222355,0.00300147489,8.87818276e-05
cnn,band,0,sobol-0147,0.267622409,0.403006533,1.375,K_star,0.00435789879,0.00443515956,8.03749434e-05
cnn,band,0,sobol-0148,0.380707555,0.34737298,1.125,K_star,0.00487992352,0.00488969622,8.81721305e-05
cnn,band,0,sobol-0150,0.627525438,0.222229258,1.4375,K_star,0.0102631545,0.00928637439,0.000316188812
cnn,band,0,sobol-0153,0.724489519,0.421264481,1,K_star,0.00211399559,0.00219495172,5.62460251e-05
cnn,band,0,sobol-0155,0.471369273,0.448391273,0.6875,K_star,0.00173133843,0.00195264873,5.48413152e-05
cnn,band,0,sobol-0156,0.364734769,0.203573071,0.96875,K_star,0.0102094198,0.00915662703,0.00027393256
cnn,band,0,sobol-0158,0.611523581,0.326812496,0.875,K_star,0.00346610075,0.00363236442,8.61911682e-05
cnn,band,0,sobol-0161,0.60128237,0.470458582,0.9375,K_star,0.00146649297,0.00174619522,4.65172912e-05
cnn,band,0,sobol-0163,0.344698489,0.361647875,0.8125,K_star,0.00369620117,0.00373028644,6.08346775e-05
cnn,band,0,sobol-0164,0.491375155,0.304342333,1.0625,K_star,0.00568998044,0.00529277371,0.000130072316
cnn,band,0,sobol-0166,0.734761128,0.263519258,0.75,K_star,0.00403430665,0.0041544721,9.71053969e-05
cnn,band,0,sobol-0169,0.647535969,0.378143432,1.1875,K_star,0.00299285357,0.00317059695,8.85954676e-05
cnn,band,0,sobol-0171,0.390982145,0.489737342,1.5,K_star,0.00259333679,0.00280701706,5.97023613e-05
cnn,band,0,sobol-0172,0.257378457,0.246616306,1.1875,K_star,0.00887689189,0.00879515213,0.000128965387
cnn,band,0,sobol-0174,0.500732469,0.285535084,1.3125,K_star,0.00723415916,0.00668404608,0.000173577338
cnn,band,0,sobol-0177,0.534320298,0.397004811,0.6875,K_star,0.00215909182,0.0022902084,5.49682607e-05
cnn,band,0,sobol-0179,0.285564078,0.433378431,1,K_star,0.00305944515,0.00310833878,5.01886601e-05
cnn,band,0,sobol-0180,0.425511369,0.227974538,0.84375,K_star,0.00796676262,0.00709348675,0.00021777208
cnn,band,0,sobol-0182,0.676725212,0.34167417,0.96875,K_star,0.00320737194,0.00330141365,9.50995766e-05
cnn,band,0,sobol-0185,0.706550235,0.451746156,1.375,K_star,0.00216735311,0.00230178055,6.05955757e-05
cnn,band,0,sobol-0187,0.457824043,0.417862769,1.28125,K_star,0.00328313251,0.00354235706,8.76286654e-05
cnn,band,0,sobol-0188,0.315538332,0.323127904,1.46875,K_star,0.00664428626,0.00675812741,0.000122316093
cnn,band,0,sobol-0190,0.566720244,0.207231006,1.15625,K_star,0.0105688389,0.00904816714,0.000385866784
cnn,band,0,sobol-0193,0.573981424,0.458396961,0.75,K_star,0.00134003674,0.00162282839,5.02479361e-05
cnn,band,0,sobol-0195,0.324768029,0.410084864,1.03125,K_star,0.00346601212,0.00351289478,5.86024856e-05
cnn,band,0,sobol-0196,0.46421942,0.316880073,0.8125,K_star,0.00438286274,0.00420249683,9.8303835e-05
cnn,band,0,sobol-0198,0.714913862,0.214679464,0.90625,K_star,0.00658560551,0.00665302666,0.000217989931
cnn,band,0,sobol-0201,0.683002274,0.390655128,1.3125,K_star,0.00296886161,0.0031037325,8.7147652e-05
cnn,band,0,sobol-0203,0.433756919,0.440871522,1.21875,K_star,0.00293733902,0.00314308462,7.18049944e-05
cnn,band,0,sobol-0204,0.292943692,0.234507469,1.5,K_star,0.0106358417,0.0106803034,0.000171012596
cnn,band,0,sobol-0206,0.543668191,0.333924875,1.1875,K_star,0.00480700754,0.00463679324,0.000113616398
cnn,band,0,sobol-0209,0.514967049,0.371869137,0.96875,K_star,0.00338201733,0.00342909007,7.27148801e-05
cnn,band,0,sobol-0211,0.257925769,0.497159337,0.875,K_star,0.00198262652,0.00198722514,3.1828667e-05
cnn,band,0,sobol-0212,0.406059639,0.253220048,1,K_star,0.00768284802,0.00702909253,0.000159467934
cnn,band,0,sobol-0214,0.648926463,0.277710115,0.6875,K_star,0.00380921824,0.00396826473,8.05130386e-05
cnn,band,0,sobol-0217,0.749964686,0.477038291,1.125,K_star,0.00167175713,0.00174216782,3.58695726e-05
cnn,band,0,sobol-0219,0.492891475,0.353945357,1.4375,K_star,0.00489503666,0.00492462137,0.000119726782
cnn,band,0,sobol-0220,0.358807124,0.298018829,1.25,K_star,0.00675573127,0.00673878276,0.000136565691
cnn,band,0,sobol-0222,0.601703976,0.271038527,1.34375,K_star,0.00734005511,0.00683325741,0.000157262992
cnn,band,0,sobol-0225,0.62268344,0.41373248,1.21875,K_star,0.00247583056,0.00271979755,8.15756369e-05
cnn,band,0,sobol-0227,0.370050646,0.454702046,1.3125,K_star,0.00303680363,0.0031791429,6.10204315e-05
cnn,band,0,sobol-0228,0.481678589,0.211288034,1.1875,K_star,0.0109701317,0.0094453716,0.000363968548
cnn,band,0,sobol-0230,0.728954585,0.320245232,1.5,K_star,0.00469119366,0.00475763164,0.000138573286
cnn,band,0,sobol-0233,0.637716319,0.435162361,1.0625,K_star,0.00200051775,0.00220463461,5.87154447e-05
cnn,band,0,sobol-0235,0.385054425,0.39639006,0.75,K_star,0.00281348899,0.00291566848,5.33109089e-05
cnn,band,0,sobol-0236,0.278900584,0.339963431,0.9375,K_star,0.0047586805,0.00470732696,7.56507024e-05
cnn,band,0,sobol-0238,0.526207591,0.228515998,0.8125,K_star,0.00746722038,0.00649450851,0.000216870414
cnn,band,0,sobol-0241,0.555858473,0.49145064,1.46875,K_star,0.00167878378,0.00221024583,9.89669837e-05
cnn,band,0,sobol-0243,0.311022794,0.377604534,1.125,K_star,0.00436493666,0.00437324319,7.30498162e-05
cnn,band,0,sobol-0244,0.415708215,0.283748563,1.375,K_star,0.00765785242,0.00737369892,0.000184145428
cnn,band,0,sobol-0246,0.670781594,0.247228469,1.28125,K_star,0.00706913536,0.00717290675,0.00016617144
cnn,band,0,sobol-0249,0.696868138,0.357593438,0.875,K_star,0.00273482538,0.00281246595,8.2756838e-05
cnn,band,0,sobol-0251,0.452003389,0.473343841,0.96875,K_star,0.00203865102,0.00222829728,5.03635076e-05
cnn,band,0,sobol-0252,0.336953424,0.267646989,0.6875,K_star,0.00522077962,0.00527333296,0.000113253906
cnn,band,0,sobol-0254,0.592057784,0.30138388,1,K_star,0.00501936313,0.00477329936,0.000108605541
cnn,band,0,edge-00,0.5,0.2,0.6875,E_star,0.00686155782,0.0265945103,0.00336750408
cnn,band,0,edge-01,0.5,0.2,1.5,E_star,0.00704503502,0.0261307311,0.00373059969
cnn,band,0,edge-02,0.5,0.5,0.6875,E_star,0.183173681,0.196680346,0.00412803724
cnn,band,0,edge-03,0.5,0.5,1.5,E_star,0.184628825,0.197581129,0.0042615129
cnn,band,0,sobol-0001,0.588520205,0.488736002,1.15625,E_star,0.16659036,0.17676493,0.00372138173
cnn,band,0,sobol-0003,0.3417177,0.379705568,1.46875,E_star,0.111132212,0.115238349,0.00345157206
cnn,band,0,sobol-0004,0.447481494,0.286280112,1.21875,E_star,0.0175565068,0.0598100068,0.00361987401
cnn,band,0,sobol-0006,0.700647862,0.24523731,1.34375,E_star,0.0134389341,0.0406934998,0.00368739535
cnn,band,0,sobol-0009,0.666016369,0.360170461,0.90625,E_star,0.078801706,0.095923341,0.00364987073
cnn,band,0,sobol-0011,0.419242935,0.471398161,0.8125,E_star,0.170555046,0.177744143,0.00305567658
cnn,band,0,sobol-0012,0.307242115,0.264960088,1.09375,E_star,0.0432156168,0.052004192,0.00259861721
cnn,band,0,sobol-0014,0.560377501,0.303512655,0.78125,E_star,0.0150975361,0.0660852751,0.00434620395
cnn,band,0,sobol-0017,0.529507734,0.416456273,1.40625,E_star,0.0910790644,0.13481377,0.00421284489
cnn,band,0,sobol-0019,0.274877344,0.452610168,1.3125,E_star,0.166688808,0.16885131,0.00324242502
cnn,band,0,sobol-0020,0.389323624,0.20874733,1.4375,E_star,0.00992023077,0.0292126813,0.00342206864
cnn,band,0,sobol-0022,0.634662374,0.322227236,1.125,E_star,0.0452495348,0.076183203,0.00470373556
cnn,band,0,sobol-0025,0.732980684,0.432594493,0.6875,E_star,0.134436141,0.135505814,0.00367919126
cnn,band,0,sobol-0027,0.478379395,0.398344896,1.03125,E_star,0.0838531096,0.122336598,0.00482200664
cnn,band,0,sobol-0028,0.373107458,0.342641177,0.84375,E_star,0.0782648813,0.0902724186,0.0034231716
cnn,band,0,sobol-0030,0.618415197,0.226378068,0.9375,E_star,0.00705792687,0.0337149215,0.00338507064
cnn,band,0,sobol-0033,0.606218239,0.38339115,0.78125,E_star,0.0827829094,0.110122191,0.00359621248
cnn,band,0,sobol-0035,0.355019773,0.485079053,0.90625,E_star,0.186320927,0.19118589,0.00290014787
cnn,band,0,sobol-0036,0.496436682,0.241881129,0.75,E_star,0.0110893805,0.0395190712,0.00328891297
cnn,band,0,sobol-0038,0.745208041,0.28968052,1.0625,E_star,0.0520113029,0.0601268835,0.00354800123
cnn,band,0,sobol-0041,0.652714773,0.465653893,1.46875,E_star,0.154390183,0.159888517,0.00398421159
cnn,band,0,sobol-0043,0.401548238,0.365870288,1.15625,E_star,0.0890589168,0.103844029,0.0040981677
cnn,band,0,sobol-0044,0.262683366,0.309513101,1.34375,E_star,0.0712102611,0.0746962624,0.00269906776
cnn,band,0,sobol-0046,0.511424698,0.258930507,1.25,E_star,0.012073671,0.0466666195,0.00343527911
cnn,band,0,sobol-0049,0.539391361,0.446865793,1.03125,E_star,0.117612719,0.151325483,0.00423131102
cnn,band,0,sobol-0051,0.29599001,0.422155992,0.71875,E_star,0.14129175,0.143429198,0.00270891983
cnn,band,0,sobol-0052,0.430464404,0.328228148,0.96875,E_star,0.0238243126,0.0813294241,0.00440305776
cnn,band,0,sobol-0054,0.687033146,0.202718215,0.84375,E_star,0.0047619218,0.0266826758,0.00369122806
cnn,band,0,sobol-0057,0.711864681,0.402030371,1.28125,E_star,0.109903503,0.117572696,0.0039308685
cnn,band,0,sobol-0059,0.468495291,0.428937436,1.40625,E_star,0.125715424,0.145689055,0.00422724261
cnn,band,0,sobol-0060,0.320734303,0.223022352,1.09375,E_star,0.0131068222,0.0345334312,0.00307908987
cnn,band,0,sobol-0062,0.577272987,0.346042051,1.40625,E_star,0.0440303777,0.0904806181,0.0052403634
cnn,band,0,sobol-0065,0.563183321,0.395461963,1.09375,E_star,0.07031733,0.118660385,0.0044724776
cnn,band,0,sobol-0067,0.320301357,0.436651255,0.75,E_star,0.150894821,0.153551397,0.00288369433
cnn,band,0,sobol-0068,0.453303281,0.229334269,0.90625,E_star,0.0104420024,0.0354212647,0.00331733706
cnn,band,0,sobol-0070,0.710329183,0.338511194,0.78125,E_star,0.073787976,0.0840073201,0.00343131191
cnn,band,0,sobol-0073,0.671959332,0.453151388,1.25,E_star,0.142986757,0.149941911,0.00360362481
cnn,band,0,sobol-0075,0.429047341,0.414745299,1.34375,E_star,0.122437677,0.136727964,0.00408289111
cnn,band,0,sobol-0076,0.281782267,0.321612819,1.15625,E_star,0.0749053293,0.080455737,0.00279378534
cnn,band,0,sobol-0078,0.5388401,0.210531597,1.46875,E_star,0.00738392957,0.029071767,0.00367898281
cnn,band,0,sobol-0081,0.504033744,0.472010586,0.84375,E_star,0.142500046,0.1727443,0.0036804557
cnn,band,0,sobol-0083,0.253354442,0.358384207,0.9375,E_star,0.0979092395,0.101340071,0.00284510329
cnn,band,0,sobol-0084,0.395251999,0.302973447,0.71875,E_star,0.0218848863,0.068410777,0.00345738008
cnn,band,0,sobol-0086,0.644480771,0.266673079,1,E_star,0.00924963443,0.048665377,0.00385921144
cnn,band,0,sobol-0089,0.738786095,0.376747354,1.4375,E_star,0.0992012155,0.10410484,0.00427736216
cnn,band,0,sobol-0091,0.488076735,0.492863968,1.09375,E_star,0.175395623,0.191413248,0.00320981628
cnn,band,0,sobol-0092,0.347754645,0.248122236,1.40625,E_star,0.0158059422,0.0443035323,0.00291937781
cnn,band,0,sobol-0094,0.597015379,0.282225338,1.28125,E_star,0.0120512849,0.0565007945,0.00385087541
cnn,band,0,sobol-0097,0.616036711,0.440044096,1.34375,E_star,0.129378729,0.143723454,0.00413998848
cnn,band,0,sobol-0099,0.360948193,0.39209821,1.25,E_star,0.114660328,0.122107319,0.00365283677
cnn,band,0,sobol-0100,0.474913824,0.334862128,1.46875,E_star,0.0237407824,0.085915769,0.0044779106
cnn,band,0,sobol-0102,0.719734126,0.233027729,1.15625,E_star,0.0130238532,0.0360800874,0.00367528414
cnn,band,0,sobol-0105,0.63131488,0.408708122,0.75,E_star,0.106829338,0.123386441,0.00376156308
cnn,band,0,sobol-0107,0.37619538,0.459144243,1.0625,E_star,0.163113505,0.169895403,0.00335090969
cnn,band,0,sobol-0108,0.272380662,0.216239276,0.78125,E_star,0.0272729378,0.0331520881,0.00277960473
cnn,band,0,sobol-0110,0.517230034,0.315876409,0.875,E_star,0.0181172409,0.0732604314,0.00474294812
cnn,band,0,sobol-0113,0.549072728,0.352346636,1.09375,E_star,0.0390703014,0.0935596923,0.00557701702
cnn,band,0,sobol-0115,0.301811871,0.478003047,1.40625,E_star,0.188500211,0.189853462,0.00315343841
cnn,band,0,sobol-0116,0.409048134,0.272380937,1.28125,E_star,0.01744737,0.0539980791,0.00318778311
cnn,band,0,sobol-0118,0.661696306,0.297237215,1.375,E_star,0.0400882348,0.063894689,0.00422128515
cnn,band,0,sobol-0121,0.690327235,0.496256415,0.96875,E_star,0.175156048,0.179397047,0.00271532744
cnn,band,0,sobol-0123,0.443035368,0.373383208,0.84375,E_star,0.0768455785,0.107203347,0.00441683467
cnn,band,0,sobol-0124,0.330538633,0.27857645,1.03125,E_star,0.046687085,0.0579458555,0.00277200354
cnn,band,0,sobol-0126,0.583215905,0.251815875,0.71875,E_star,0.00960738005,0.042563663,0.00342540456
cnn,band,0,sobol-0129,0.579925117,0.365049765,1.5,E_star,0.0575043073,0.101874914,0.00510491137
cnn,band,0,sobol-0131,0.334571227,0.467103879,1.1875,E_star,0.173497454,0.178288683,0.00316516117
cnn,band,0,sobol-0132,0.438760749,0.25986093,1.3125,E_star,0.0146666852,0.0480298299,0.0031910141
cnn,band,0,sobol-0134,0.693375761,0.308026532,1.21875,E_star,0.0544540827,0.0695120936,0.00395037385
cnn,band,0,sobol-0137,0.65766466,0.483709213,0.8125,E_star,0.16727692,0.171338474,0.00307175728
cnn,band,0,sobol-0139,0.412341782,0.384145334,0.90625,E_star,0.0990444088,0.114590153,0.00415672903
cnn,band,0,sobol-0140,0.298764301,0.2912335,0.71875,E_star,0.058674526,0.064181201,0.00255591813
cnn,band,0,sobol-0142,0.553350213,0.240870633,1.0625,E_star,0.00934073263,0.0391165382,0.0034421305
cnn,band,0,sobol-0145,0.520773637,0.427350123,1.25,E_star,0.0981385457,0.141239073,0.00415360043
cnn,band,0,sobol-0147,0.267622409,0.403006533,1.375,E_star,0.13034634,0.131953648,0.0032781115
cnn,band,0,sobol-0148,0.380707555,0.34737298,1.125,E_star,0.0798565513,0.0932535999,0.00362161093
cnn,band,0,sobol-0150,0.627525438,0.222229258,1.4375,E_star,0.00681873736,0.0325569232,0.00355738282
cnn,band,0,sobol-0153,0.724489519,0.421264481,1,E_star,0.122567111,0.127634093,0.0035990622
cnn,band,0,sobol-0155,0.471369273,0.448391273,0.6875,E_star,0.143479867,0.158134445,0.00322259213
cnn,band,0,sobol-0156,0.364734769,0.203573071,0.96875,E_star,0.00989186846,0.0279266556,0.00338012823
cnn,band,0,sobol-0158,0.611523581,0.326812496,0.875,E_star,0.0373483108,0.0780998414,0.00483155561
cnn,band,0,sobol-0161,0.60128237,0.470458582,0.9375,E_star,0.149079445,0.163021826,0.00362283532
cnn,band,0,sobol-0163,0.344698489,0.361647875,0.8125,E_star,0.0932966751,0.10204115,0.00308962128
cnn,band,0,sobol-0164,0.491375155,0.304342333,1.0625,E_star,0.0181232789,0.0678774797,0.00428098581
cnn,band,0,sobol-0166,0.734761128,0.263519258,0.75,E_star,0.0387578972,0.0476397538,0.00318892776
cnn,band,0,sobol-0169,0.647535969,0.378143432,1.1875,E_star,0.0875286353,0.106209606,0.00397160686
cnn,band,0,sobol-0171,0.390982145,0.489737342,1.5,E_star,0.195635439,0.197744599,0.00306416296
cnn,band,0,sobol-0172,0.257378457,0.246616306,1.1875,E_star,0.0403712011,0.0446908818,0.00251694769
cnn,band,0,sobol-0174,0.500732469,0.285535084,1.3125,E_star,0.0155744982,0.0589212395,0.00368327144
cnn,band,0,sobol-0177,0.534320298,0.397004811,0.6875,E_star,0.0761075262,0.121010674,0.00369965298
cnn,band,0,sobol-0179,0.285564078,0.433378431,1,E_star,0.14657354,0.15170239,0.00313268
cnn,band,0,sobol-0180,0.425511369,0.227974538,0.84375,E_star,0.0109632479,0.035224436,0.00321135198
cnn,band,0,sobol-0182,0.676725212,0.34167417,0.96875,E_star,0.0689798105,0.0862301465,0.00389731636
cnn,band,0,sobol-0185,0.706550235,0.451746156,1.375,E_star,0.145393334,0.148774239,0.00365723095
cnn,band,0,sobol-0187,0.457824043,0.417862769,1.28125,E_star,0.118205771,0.137229627,0.00438914115
cnn,band,0,sobol-0188,0.315538332,0.323127904,1.46875,E_star,0.0761212834,0.0818216476,0.00290785212
cnn,band,0,sobol-0190,0.566720244,0.207231006,1.15625,E_star,0.00648244471,0.0280276531,0.00364536411
cnn,band,0,sobol-0193,0.573981424,0.458396961,0.75,E_star,0.137910283,0.156978024,0.00404030014
cnn,band,0,sobol-0195,0.324768029,0.410084864,1.03125,E_star,0.127760032,0.134158939,0.00343617533
cnn,band,0,sobol-0196,0.46421942,0.316880073,0.8125,E_star,0.0211390118,0.0744905211,0.0045929665
cnn,band,0,sobol-0198,0.714913862,0.214679464,0.90625,E_star,0.00483857928,0.0298552771,0.00378101664
cnn,band,0,sobol-0201,0.683002274,0.390655128,1.3125,E_star,0.100855055,0.11219446,0.00403267359
cnn,band,0,sobol-0203,0.433756919,0.440871522,1.21875,E_star,0.142807304,0.15484119,0.00376787345
cnn,band,0,sobol-0204,0.292943692,0.234507469,1.5,E_star,0.0329127032,0.0398684701,0.00280149541
cnn,band,0,sobol-0206,0.543668191,0.333924875,1.1875,E_star,0.0191671633,0.0835095181,0.00519515807
cnn,band,0,sobol-0209,0.514967049,0.371869137,0.96875,E_star,0.0504553692,0.105267653,0.00520765637
cnn,band,0,sobol-0211,0.257925769,0.497159337,0.875,E_star,0.202210283,0.203912565,0.00280914165
cnn,band,0,sobol-0212,0.406059639,0.253220048,1,E_star,0.0147767511,0.0451039623,0.00326380204
cnn,band,0,sobol-0214,0.648926463,0.277710115,0.6875,E_star,0.0149528129,0.0527586359,0.00377165089
cnn,band,0,sobol-0217,0.749964686,0.477038291,1.125,E_star,0.163385533,0.164891477,0.0029321455
cnn,band,0,sobol-0219,0.492891475,0.353945357,1.4375,E_star,0.0252677023,0.0963843538,0.00509366229
cnn,band,0,sobol-0220,0.358807124,0.298018829,1.25,E_star,0.0516441972,0.0674546875,0.0029611264
cnn,band,0,sobol-0222,0.601703976,0.271038527,1.34375,E_star,0.0109832761,0.0514298514,0.00371284581
cnn,band,0,sobol-0225,0.62268344,0.41373248,1.21875,E_star,0.10862921,0.126990016,0.00395704503
cnn,band,0,sobol-0227,0.370050646,0.454702046,1.3125,E_star,0.162586557,0.16855134,0.0034137748
cnn,band,0,sobol-0228,0.481678589,0.211288034,1.1875,E_star,0.00807732313,0.0295174818,0.00350526218
cnn,band,0,sobol-0230,0.728954585,0.320245232,1.5,E_star,0.0693273718,0.0762540783,0.00431638234
cnn,band,0,sobol-0233,0.637716319,0.435162361,1.0625,E_star,0.12388038,0.138435187,0.00374538449
cnn,band,0,sobol-0235,0.385054425,0.39639006,0.75,E_star,0.1145961,0.123547568,0.00337346558
cnn,band,0,sobol-0236,0.278900584,0.339963431,0.9375,E_star,0.0859291432,0.0903233568,0.00281697684
cnn,band,0,sobol-0238,0.526207591,0.228515998,0.8125,E_star,0.0088088546,0.0347527766,0.00331867872
cnn,band,0,sobol-0241,0.555858473,0.49145064,1.46875,E_star,0.172382224,0.182523867,0.00471300423
cnn,band,0,sobol-0243,0.311022794,0.377604534,1.125,E_star,0.106448617,0.112914815,0.00324394626
cnn,band,0,sobol-0244,0.415708215,0.283748563,1.375,E_star,0.018892973,0.0595785608,0.00327508894
cnn,band,0,sobol-0246,0.670781594,0.247228469,1.28125,E_star,0.00742372492,0.0411605401,0.00364784
cnn,band,0,sobol-0249,0.696868138,0.357593438,0.875,E_star,0.0823595801,0.0938336297,0.00364379026
cnn,band,0,sobol-0251,0.452003389,0.473343841,0.96875,E_star,0.16763262,0.177885577,0.0034066299
cnn,band,0,sobol-0252,0.336953424,0.267646989,0.6875,E_star,0.0405382431,0.0524252391,0.00270105698
cnn,band,0,sobol-0254,0.592057784,0.30138388,1,E_star,0.0136265029,0.0649917393,0.00452809613
gp,sparse,0,edge-00,0.5,0.2,0.6875,K_star,0.00789495057,0.00824785965,0.000329673094
gp,sparse,0,edge-02,0.5,0.5,0.6875,K_star,0.00104821758,0.00125323269,2.62807943e-05
gp,sparse,0,edge-03,0.5,0.5,1.5,K_star,0.00178250916,0.00212602084,6.45011962e-05
gp,sparse,0,sobol-0000,0.126983422,0.235261397,0.6875,K_star,0.00643633572,0.00642986872,0.000150045119
gp,sparse,0,sobol-0001,0.588520205,0.488736002,1.15625,K_star,0.00148664495,0.00161653126,3.07845142e-05
gp,sparse,0,sobol-0002,0.880164234,0.332627441,1,K_star,0.00339848317,0.00342897778,5.90043776e-05
gp,sparse,0,sobol-0003,0.3417177,0.379705568,1.46875,K_star,0.00490733219,0.00487672167,8.96327429e-05
gp,sparse,0,sobol-0005,0.768167221,0.389649241,0.875,K_star,0.00229793852,0.00229236087,3.53330096e-05
gp,sparse,0,sobol-0008,0.111949125,0.313490678,1.375,K_star,0.00703478761,0.00702140449,6.53290196e-05
gp,sparse,0,sobol-0009,0.666016369,0.360170461,0.90625,K_star,0.00276992932,0.00272668553,2.65509045e-05
gp,sparse,0,sobol-0010,0.865161872,0.218614869,1.25,K_star,0.00704992583,0.00701730703,0.00010379144
gp,sparse,0,sobol-0011,0.419242935,0.471398161,0.8125,K_star,0.00190520979,0.00192949567,3.16753354e-05
gp,sparse,0,sobol-0012,0.307242115,0.264960088,1.09375,K_star,0.00757964712,0.00759554783,8.45901508e-05
gp,sparse,0,sobol-0013,0.970944732,0.46145202,1.4375,K_star,0.00216886295,0.00216335679,1.87213596e-05
gp,sparse,0,sobol-0014,0.560377501,0.303512655,0.78125,K_star,0.00431613507,0.00418467219,6.50903441e-05
gp,sparse,0,sobol-0015,0.224065346,0.406401078,1.125,K_star,0.00387924638,0.00388170807,3.65511011e-05
gp,sparse,0,sobol-0016,0.193930593,0.294629907,0.90625,K_star,0.00592833755,0.00591997229,6.94013681e-05
gp,sparse,0,sobol-0017,0.529507734,0.416456273,1.40625,K_star,0.00307845938,0.00307237195,5.14858758e-05
gp,sparse,0,sobol-0018,0.939314023,0.274973243,0.8125,K_star,0.00393004449,0.0039348207,4.85274566e-05
gp,sparse,0,sobol-0019,0.274877344,0.452610168,1.3125,K_star,0.00325988156,0.00325202737,3.10022098e-05
gp,sparse,0,sobol-0020,0.389323624,0.20874733,1.4375,K_star,0.0125608642,0.0122890044,0.000267193139
gp,sparse,0,sobol-0022,0.634662374,0.322227236,1.125,K_star,0.00405640728,0.00426830371,4.55654335e-05
gp,sparse,0,sobol-0024,0.0529194809,0.253973287,1.1875,K_star,0.00872569601,0.00868358964,0.000132563446
gp,sparse,0,sobol-0025,0.732980684,0.432594493,0.6875,K_star,0.00151561796,0.00146570742,3.4806997e-05
gp,sparse,0,sobol-0026,0.798334875,0.276413154,1.5,K_star,0.00585290754,0.00582010835,6.73067247e-05
gp,sparse,0,sobol-0027,0.478379395,0.398344896,1.03125,K_star,0.00310785635,0.00308927411,3.72254955e-05
gp,sparse,0,sobol-0028,0.373107458,0.342641177,0.84375,K_star,0.00412328884,0.00408094393,5.09631528e-05
gp,sparse,0,sobol-0029,0.912769718,0.370864278,1.21875,K_star,0.00317640794,0.00318931488,3.64351458e-05
gp,sparse,0,sobol-0031,0.158093187,0.498790634,1.34375,K_star,0.00264807335,0.00266557677,4.30486808e-05
gp,sparse,0,sobol-0032,0.176172289,0.335991424,1.28125,K_star,0.00601752549,0.00603201025,5.61480736e-05
gp,sparse,0,sobol-0033,0.606218239,0.38339115,0.78125,K_star,0.00221307848,0.00215315762,3.55654964e-05
gp,sparse,0,sobol-0035,0.355019773,0.485079053,0.90625,K_star,0.00205551737,0.00208756833,3.67581213e-05
gp,sparse,0,sobol-0036,0.496436682,0.241881129,0.75,K_star,0.00655103266,0.0066694665,0.00016816652
gp,sparse,0,sobol-0037,0.786114194,0.438809544,1.125,K_star,0.00208871328,0.00208905051,2.17366881e-05
gp,sparse,0,sobol-0038,0.745208041,0.28968052,1.0625,K_star,0.00445356528,0.00450233114,5.50838241e-05
gp,sparse,0,sobol-0039,0.0348707773,0.393298399,1.46875,K_star,0.00488975523,0.00487755641,5.37366219e-05
gp,sparse,0,sobol-0040,0.067152882,0.21262207,1,K_star,0.00966058488,0.0096176009,0.000217602118
gp,sparse,0,sobol-0042,0.815969667,0.319527906,0.6875,K_star,0.00278492898,0.00281005012,7.07086591e-05
gp,sparse,0,sobol-0043,0.401548238,0.365870288,1.15625,K_star,0.00442915233,0.00439565157,5.03002528e-05
gp,sparse,0,sobol-0044,0.262683366,0.309513101,1.34375,K_star,0.00693416136,0.00694256674,8.82237131e-05
gp,sparse,0,sobol-0045,0.957390383,0.412137687,0.96875,K_star,0.0022097649,0.00221159419,1.74739947e-05
gp,sparse,0,sobol-0046,0.511424698,0.258930507,1.25,K_star,0.0082932309,0.00839834041,8.97725078e-05
gp,sparse,0,sobol-0048,0.235308868,0.268980552,1.5,K_star,0.00904135013,0.00906116307,0.000133828657
gp,sparse,0,sobol-0049,0.539391361,0.446865793,1.03125,K_star,0.00185921206,0.00205260278,3.64259286e-05
gp,sparse,0,sobol-0050,0.991924196,0.300667243,1.1875,K_star,0.00445556847,0.00447919204,4.38235223e-05
gp,sparse,0,sobol-0051,0.29599001,0.422155992,0.71875,K_star,0.00251050083,0.00252097754,4.86899925e-05
gp,sparse,0,sobol-0053,0.844151772,0.355998744,1.3125,K_star,0.00358181498,0.00360861675,5.06934476e-05
gp,sparse,0,sobol-0055,0.10073624,0.474385302,1.21875,K_star,0.00289626837,0.00288866056,2.54380602e-05
gp,sparse,0,sobol-0058,0.756957077,0.250580789,0.9375,K_star,0.00504543462,0.00509549609,6.55228787e-05
gp,sparse,0,sobol-0059,0.468495291,0.428937436,1.40625,K_star,0.00318328281,0.00320915648,3.97308117e-05
gp,sparse,0,sobol-0062,0.577272987,0.346042051,1.40625,K_star,0.00451424417,0.00452065875,6.80417839e-05
gp,sparse,0,sobol-0063,0.147958237,0.374512971,1.0625,K_star,0.00446568765,0.0044747575,4.32488689e-05
gp,sparse,0,sobol-0065,0.563183321,0.395461963,1.09375,K_star,0.00267251382,0.00277968354,3.77572778e-05
gp,sparse,0,sobol-0066,0.905639401,0.239280392,1.125,K_star,0.00588630373,0.00587856486,5.3988402e-05
gp,sparse,0,sobol-0067,0.320301357,0.436651255,0.75,K_star,0.00238169382,0.00238809257,4.66204642e-05
gp,sparse,0,sobol-0068,0.453303281,0.229334269,0.90625,K_star,0.00827266781,0.0082448096,0.000131870949
gp,sparse,0,sobol-0069,0.758347617,0.482996456,1.375,K_star,0.00182915909,0.00184632468,2.34496717e-05
gp,sparse,0,sobol-0071,0.0153902136,0.385483922,1.25,K_star,0.00469023732,0.00470254017,3.91061367e-05
gp,sparse,0,sobol-0072,0.102252485,0.256764628,0.875,K_star,0.00703014766,0.00701344761,0.000103144479
gp,sparse,0,sobol-0073,0.671959332,0.453151388,1.25,K_star,0.00200994161,0.0019860706,1.61796431e-05
gp,sparse,0,sobol-0074,0.859355285,0.311669092,0.96875,K_star,0.00369427701,0.00373641084,6.2082988e-05
gp,sparse,0,sobol-0076,0.281782267,0.321612819,1.15625,K_star,0.00595242977,0.00596727307,6.39779443e-05
gp,sparse,0,sobol-0077,0.992345758,0.368397916,0.6875,K_star,0.00216568238,0.00217238783,1.97583024e-05
gp,sparse,0,sobol-0078,0.5388401,0.210531597,1.46875,K_star,0.0120434336,0.0120492406,0.000175666383
gp,sparse,0,sobol-0079,0.249417429,0.463127248,1,K_star,0.00264618363,0.00264801271,2.54204193e-05
gp,sparse,0,sobol-0080,0.21534573,0.200476956,1.21875,K_star,0.0115364205,0.0116828967,0.000370279349
gp,sparse,0,sobol-0081,0.504033744,0.472010586,0.84375,K_star,0.00159264807,0.00167652185,2.83871347e-05
gp,sparse,0,sobol-0082,0.964651637,0.330454082,1.3125,K_star,0.00409178934,0.00411109801,4.60881847e-05
gp,sparse,0,sobol-0083,0.253354442,0.358384207,0.9375,K_star,0.00436467164,0.00437276744,3.74701564e-05
gp,sparse,0,sobol-0084,0.395251999,0.302973447,0.71875,K_star,0.00437054885,0.00438067693,6.56429488e-05
gp,sparse,0,sobol-0085,0.824333369,0.424612248,1.1875,K_star,0.00234735019,0.00234547238,2.36952327e-05
gp,sparse,0,sobol-0086,0.644480771,0.266673079,1,K_star,0.00555318283,0.00576279308,6.88803879e-05
gp,sparse,0,sobol-0087,0.0735483039,0.444415385,1.5,K_star,0.00378444099,0.00375593122,5.18279486e-05
gp,sparse,0,sobol-0088,0.0431162827,0.348419064,1.0625,K_star,0.00511612931,0.00512421716,4.49615342e-05
gp,sparse,0,sobol-0089,0.738786095,0.376747354,1.4375,K_star,0.00338241896,0.00340130725,3.04219962e-05
gp,sparse,0,sobol-0090,0.792391182,0.220639205,0.71875,K_star,0.00484762198,0.0049752215,0.000134442479
gp,sparse,0,sobol-0091,0.488076735,0.492863968,1.09375,K_star,0.0017453195,0.0018738998,4.01237227e-05
gp,sparse,0,sobol-0092,0.347754645,0.248122236,1.40625,K_star,0.00951011328,0.00959460181,0.000139382391
gp,sparse,0,sobol-0094,0.597015379,0.282225338,1.28125,K_star,0.00666479776,0.00661538309,8.68340476e-05
gp,sparse,0,sobol-0097,0.616036711,0.440044096,1.34375,K_star,0.00224598368,0.00227092881,2.10039989e-05
gp,sparse,0,sobol-0098,0.915277904,0.288594746,0.875,K_star,0.00386142009,0.00388749905,5.01850864e-05
gp,sparse,0,sobol-0099,0.360948193,0.39209821,1.25,K_star,0.00419087288,0.0041448233,5.75551088e-05
gp,sparse,0,sobol-0101,0.811451734,0.382083422,1,K_star,0.00262195285,0.00264358952,3.99841332e-05
gp,sparse,0,sobol-0102,0.719734126,0.233027729,1.15625,K_star,0.00663096664,0.00665061055,6.1058034e-05
gp,sparse,0,sobol-0105,0.63131488,0.408708122,0.75,K_star,0.00182901862,0.00174757048,3.43288544e-05
gp,sparse,0,sobol-0107,0.37619538,0.459144243,1.0625,K_star,0.00260330944,0.00260962013,2.87689347e-05
gp,sparse,0,sobol-0110,0.517230034,0.315876409,0.875,K_star,0.00454273213,0.00442555836,5.29566293e-05
gp,sparse,0,sobol-0113,0.549072728,0.352346636,1.09375,K_star,0.00401201975,0.00383238164,4.78249519e-05
gp,sparse,0,sobol-0114,0.982104547,0.206221561,1.0625,K_star,0.00671962358,0.00669364994,6.0954743e-05
gp,sparse,0,sobol-0115,0.301811871,0.478003047,1.40625,K_star,0.00289581609,0.00290836434,3.92483537e-05
gp,sparse,0,sobol-0116,0.409048134,0.272380937,1.28125,K_star,0.00791888313,0.00788202902,6.86440189e-05
gp,sparse,0,sobol-0117,0.869626894,0.450444592,0.8125,K_star,0.00158272735,0.00157411176,1.76839397e-05
gp,sparse,0,sobol-0118,0.661696306,0.297237215,1.375,K_star,0.00518077537,0.00549197944,8.37660668e-05
gp,sparse,0,sobol-0120,0.0256648026,0.224296312,1.3125,K_star,0.010732385,0.0106671555,0.000162628825
gp,sparse,0,sobol-0122,0.778358147,0.344733645,1.1875,K_star,0.00357394881,0.003597946,3.81120804e-05
gp,sparse,0,sobol-0124,0.330538633,0.27857645,1.03125,K_star,0.0067447418,0.00675728591,8.25587331e-05
gp,sparse,0,sobol-0125,0.885598233,0.400944059,1.5,K_star,0.00307314954,0.00306730435,3.7755052e-05
gp,sparse,0,sobol-0126,0.583215905,0.251815875,0.71875,K_star,0.00557664499,0.00567163098,0.000132876856
gp,sparse,0,sobol-0128,0.134235747,0.317929149,1.03125,K_star,0.00581400754,0.00581617753,6.30276478e-05
gp,sparse,0,sobol-0129,0.579925117,0.365049765,1.5,K_star,0.00394005962,0.00409197793,6.88858729e-05
gp,sparse,0,sobol-0130,0.888897602,0.21358679,0.71875,K_star,0.00494061404,0.00494354451,0.000140128357
gp,sparse,0,sobol-0132,0.438760749,0.25986093,1.3125,K_star,0.00868180789,0.00860734295,8.51437493e-05
gp,sparse,0,sobol-0133,0.775301041,0.45708691,0.9375,K_star,0.00166903581,0.00165877837,2.15958391e-05
gp,sparse,0,sobol-0134,0.693375761,0.308026532,1.21875,K_star,0.00445944952,0.00459615516,6.14461688e-05
gp,sparse,0,sobol-0135,0.0299327513,0.411356038,0.84375,K_star,0.00317023825,0.00317531189,2.78184319e-05
gp,sparse,0,sobol-0136,0.118958042,0.230965834,1.28125,K_star,0.0102077388,0.0102170431,0.00021520886
gp,sparse,0,sobol-0137,0.65766466,0.483709213,0.8125,K_star,0.0012423822,0.00122915435,1.95303927e-05
gp,sparse,0,sobol-0138,0.873649951,0.337505459,1.40625,K_star,0.00411240304,0.0041426081,6.4259775e-05
gp,sparse,0,sobol-0139,0.412341782,0.384145334,0.90625,K_star,0.0033801861,0.00334068725,3.43226314e-05
gp,sparse,0,sobol-0141,0.977835651,0.394164698,1.125,K_star,0.00267550897,0.00267875793,2.11405299e-05
gp,sparse,0,sobol-0142,0.553350213,0.240870633,1.0625,K_star,0.00818129013,0.00840974562,0.000104969545
gp,sparse,0,sobol-0144,0.201077765,0.249753398,0.78125,K_star,0.00661004741,0.0065804433,8.64639105e-05
gp,sparse,0,sobol-0145,0.520773637,0.427350123,1.25,K_star,0.00273222355,0.00272538263,4.39654361e-05
gp,sparse,0,sobol-0146,0.94791175,0.281220362,0.90625,K_star,0.00410051422,0.00412550164,4.55230658e-05
gp,sparse,0,sobol-0147,0.267622409,0.403006533,1.375,K_star,0.00435789879,0.00434433691,5.02766632e-05
gp,sparse,0,sobol-0148,0.380707555,0.34737298,1.125,K_star,0.00487992352,0.00484449921,6.01932755e-05
gp,sparse,0,sobol-0149,0.841288697,0.37545026,0.78125,K_star,0.00229077022,0.00230186833,4.84601791e-05
gp,sparse,0,sobol-0150,0.627525438,0.222229258,1.4375,K_star,0.0102631545,0.00964842779,0.000185152458
gp,sparse,0,sobol-0152,0.0598237505,0.299290537,1.46875,K_star,0.00782373214,0.00776672087,0.000108767077
gp,sparse,0,sobol-0153,0.724489519,0.421264481,1,K_star,0.00211399559,0.00208330314,2.44975796e-05
gp,sparse,0,sobol-0156,0.364734769,0.203573071,0.96875,K_star,0.0102094198,0.00989011243,0.00018240924
gp,sparse,0,sobol-0157,0.919799616,0.47594515,1.34375,K_star,0.00192331694,0.00191704748,1.77278574e-05
gp,sparse,0,sobol-0159,0.166571729,0.354995116,1.21875,K_star,0.00533467435,0.00534451676,5.1207668e-05
gp,sparse,0,sobol-0160,0.186601333,0.21728165,1.375,K_star,0.0113309078,0.0114205471,0.000309330908
gp,sparse,0,sobol-0161,0.60128237,0.470458582,0.9375,K_star,0.00146649297,0.00151000023,2.64872347e-05
gp,sparse,0,sobol-0162,0.930032243,0.314281482,1.28125,K_star,0.00436971196,0.00440992786,6.5342073e-05
gp,sparse,0,sobol-0163,0.344698489,0.361647875,0.8125,K_star,0.00369620117,0.00367728195,5.28513951e-05
gp,sparse,0,sobol-0166,0.734761128,0.263519258,0.75,K_star,0.00403430665,0.00417976258,8.19968823e-05
gp,sparse,0,sobol-0167,0.0398245445,0.460478145,1.09375,K_star,0.00294462217,0.00293170341,2.32395683e-05
gp,sparse,0,sobol-0168,0.0778248319,0.331770297,0.71875,K_star,0.00413116228,0.00414371504,3.82393216e-05
gp,sparse,0,sobol-0170,0.821286749,0.236674761,1.03125,K_star,0.00570688217,0.00566760665,7.84433571e-05
gp,sparse,0,sobol-0171,0.390982145,0.489737342,1.5,K_star,0.00259333679,0.00266096812,5.64480109e-05
gp,sparse,0,sobol-0173,0.967944334,0.443396719,0.84375,K_star,0.00170290319,0.00169962637,1.47483169e-05
gp,sparse,0,sobol-0175,0.211315041,0.38812605,0.96875,K_star,0.00387721298,0.00388611131,3.63996562e-05
gp,sparse,0,sobol-0177,0.534320298,0.397004811,0.6875,K_star,0.00215909182,0.00201065477,4.04552201e-05
gp,sparse,0,sobol-0178,0.996856983,0.255462147,1.5,K_star,0.00645455797,0.00647027833,0.000110077572
gp,sparse,0,sobol-0180,0.425511369,0.227974538,0.84375,K_star,0.00796676262,0.00781558378,0.000144004607
gp,sparse,0,sobol-0182,0.676725212,0.34167417,0.96875,K_star,0.00320737194,0.00322456686,3.16208604e-05
gp,sparse,0,sobol-0183,0.105795131,0.369412006,1.34375,K_star,0.00525716121,0.00525831045,5.66440821e-05
gp,sparse,0,sobol-0184,0.0108761331,0.273422551,0.875,K_star,0.00650143118,0.00646314679,5.2049767e-05
gp,sparse,0,sobol-0186,0.76213515,0.295642691,0.78125,K_star,0.00347453555,0.00352960686,5.73717742e-05
gp,sparse,0,sobol-0187,0.457824043,0.417862769,1.28125,K_star,0.00328313251,0.00329705033,3.02663767e-05
gp,sparse,0,sobol-0188,0.315538332,0.323127904,1.46875,K_star,0.00664428626,0.00664114022,0.00012494934
gp,sparse,0,sobol-0189,0.902093892,0.351630151,1.0625,K_star,0.00320476099,0.00323265867,4.81185885e-05
gp,sparse,0,sobol-0190,0.566720244,0.207231006,1.15625,K_star,0.0105688389,0.0107112056,0.000173259832
gp,sparse,0,sobol-0191,0.153261967,0.479336779,0.75,K_star,0.00198792279,0.00200031694,2.59049853e-05
gp,sparse,0,sobol-0192,0.143933088,0.260983324,1.125,K_star,0.0081272184,0.00812928692,7.95332725e-05
gp,sparse,0,sobol-0193,0.573981424,0.458396961,0.75,K_star,0.00134003674,0.00141461396,3.14779429e-05
gp,sparse,0,sobol-0194,0.894703013,0.30686069,1.4375,K_star,0.00486476756,0.0049153774,7.94296064e-05
gp,sparse,0,sobol-0195,0.324768029,0.410084864,1.03125,K_star,0.00346601212,0.00344523841,3.72972417e-05
gp,sparse,0,sobol-0196,0.46421942,0.316880073,0.8125,K_star,0.00438286274,0.00431616426,5.4587927e-05
gp,sparse,0,sobol-0199,0.00457993802,0.468301742,1.40625,K_star,0.00323899327,0.0032174889,2.9411743e-05
gp,sparse,0,sobol-0200,0.0974351401,0.287618548,0.9375,K_star,0.00633435857,0.00633611102,6.81971191e-05
gp,sparse,0,sobol-0202,0.848175962,0.244524384,0.84375,K_star,0.00473793931,0.00473320979,7.87045766e-05
gp,sparse,0,sobol-0204,0.292943692,0.234507469,1.5,K_star,0.0106358417,0.0107944906,0.00020410305
gp,sparse,0,sobol-0205,0.987654048,0.487145609,1.03125,K_star,0.00153452138,0.00153859721,1.11043057e-05
gp,sparse,0,sobol-0206,0.543668191,0.333924875,1.1875,K_star,0.00480700754,0.00468147019,5.34747269e-05
gp,sparse,0,sobol-0207,0.238363771,0.380752457,0.71875,K_star,0.00317334225,0.00318327535,4.02682578e-05
gp,sparse,0,sobol-0208,0.21088217,0.343979498,1.34375,K_star,0.00590183113,0.00591286984,5.27390541e-05
gp,sparse,0,sobol-0209,0.514967049,0.371869137,0.96875,K_star,0.00338201733,0.00324849038,4.48042195e-05
gp,sparse,0,sobol-0210,0.953854713,0.225666189,1.21875,K_star,0.00664555505,0.00661972793,6.17905257e-05
gp,sparse,0,sobol-0211,0.257925769,0.497159337,0.875,K_star,0.00198262652,0.00201497474,3.48079486e-05
gp,sparse,0,sobol-0212,0.406059639,0.253220048,1,K_star,0.00768284802,0.00754263433,9.59905221e-05
gp,sparse,0,sobol-0213,0.819751296,0.431004556,1.46875,K_star,0.00257390948,0.00256961714,2.56330139e-05
gp,sparse,0,sobol-0214,0.648926463,0.277710115,0.6875,K_star,0.00380921824,0.0039965875,8.83111673e-05
gp,sparse,0,sobol-0216,0.0384074068,0.204771612,0.78125,K_star,0.00839629119,0.00836037741,0.00015487049
gp,sparse,0,sobol-0217,0.749964686,0.477038291,1.125,K_star,0.00167175713,0.00167363843,1.8289344e-05
gp,sparse,0,sobol-0218,0.781350875,0.325575156,1.09375,K_star,0.00373966104,0.00377589197,4.54674545e-05
gp,sparse,0,sobol-0219,0.492891475,0.353945357,1.4375,K_star,0.00489503666,0.00487779614,4.88637074e-05
gp,sparse,0,sobol-0220,0.358807124,0.298018829,1.25,K_star,0.00675573127,0.00680676588,8.68042474e-05
gp,sparse,0,sobol-0221,0.929480937,0.420098028,0.8125,K_star,0.0018735311,0.00186963686,1.78634753e-05
gp,sparse,0,sobol-0222,0.601703976,0.271038527,1.34375,K_star,0.00734005511,0.00724854724,0.000107882614
gp,sparse,0,sobol-0224,0.16114141,0.310262631,0.84375,K_star,0.00521818659,0.00521821584,6.55570708e-05
gp,sparse,0,sobol-0227,0.370050646,0.454702046,1.3125,K_star,0.00303680363,0.00303855273,3.08812297e-05
gp,sparse,0,sobol-0229,0.802367652,0.464643609,0.71875,K_star,0.00132815105,0.00131173729,2.60954959e-05
gp,sparse,0,sobol-0230,0.728954585,0.320245232,1.5,K_star,0.00469119366,0.00472301551,7.22680352e-05
gp,sparse,0,sobol-0231,0.0496288752,0.367497285,1.03125,K_star,0.00456676184,0.00457781968,3.87508204e-05
gp,sparse,0,sobol-0232,0.0836466933,0.238496489,1.40625,K_star,0.0103574557,0.0103205429,0.000226611127
gp,sparse,0,sobol-0233,0.637716319,0.435162361,1.0625,K_star,0.00200051775,0.00196015038,2.06535697e-05
gp,sparse,0,sobol-0234,0.830968115,0.29362068,1.09375,K_star,0.00438730363,0.00443346064,5.29376064e-05
gp,sparse,0,sobol-0235,0.385054425,0.39639006,0.75,K_star,0.00281348899,0.00278350763,4.69612169e-05
gp,sparse,0,sobol-0238,0.526207591,0.228515998,0.8125,K_star,0.00746722038,0.00773787159,0.000162950904
gp,sparse,0,sobol-0239,0.189898772,0.481400023,1.28125,K_star,0.00282577086,0.0028359321,3.68723e-05
gp,sparse,0,sobol-0240,0.220276086,0.219637828,1.09375,K_star,0.00976470789,0.00977539172,0.000149349726
gp,sparse,0,sobol-0241,0.555858473,0.49145064,1.46875,K_star,0.00167878378,0.00196075511,4.9572728e-05
gp,sparse,0,sobol-0242,0.97545709,0.349981164,0.75,K_star,0.00254544209,0.00255104774,2.59524016e-05
gp,sparse,0,sobol-0243,0.311022794,0.377604534,1.125,K_star,0.00436493666,0.00434841986,5.19466102e-05
gp,sparse,0,sobol-0245,0.860403318,0.405089729,0.90625,K_star,0.00218240459,0.00218393888,3.25087992e-05
gp,sparse,0,sobol-0246,0.670781594,0.247228469,1.28125,K_star,0.00706913536,0.0070644238,6.98827064e-05
gp,sparse,0,sobol-0247,0.115492427,0.425259077,0.78125,K_star,0.00276395826,0.00275923342,2.52837188e-05
gp,sparse,0,sobol-0248,0.0168045526,0.328976632,1.25,K_star,0.00621826846,0.00619276999,5.39987723e-05
gp,sparse,0,sobol-0249,0.696868138,0.357593438,0.875,K_star,0.00273482538,0.00269801165,2.52457044e-05
gp,sparse,0,sobol-0251,0.452003389,0.473343841,0.96875,K_star,0.00203865102,0.00205884149,2.90423114e-05
gp,sparse,0,sobol-0253,0.876619977,0.445856179,1.15625,K_star,0.00206621382,0.00205550844,2.09014785e-05
gp,sparse,0,sobol-0255,0.13173911,0.423782534,1.46875,K_star,0.0041559968,0.00414146278,5.11330812e-05
gp,sparse,0,edge-00,0.5,0.2,0.6875,E_star,0.00686155782,0.00851140113,0.0018456334
gp,sparse,0,edge-02,0.5,0.5,0.6875,E_star,0.183173681,0.174637323,0.0398068746
gp,sparse,0,edge-03,0.5,0.5,1.5,E_star,0.184628825,0.169778438,0.0444717181
gp,sparse,0,sobol-0000,0.126983422,0.235261397,0.6875,E_star,0.0412713951,0.0404923897,0.00638977684
gp,sparse,0,sobol-0001,0.588520205,0.488736002,1.15625,E_star,0.16659036,0.165078537,0.0300312468
gp,sparse,0,sobol-0002,0.880164234,0.332627441,1,E_star,0.0784481386,0.0881099153,0.0206267597
gp,sparse,0,sobol-0003,0.3417177,0.379705568,1.46875,E_star,0.111132212,0.0928155763,0.0160190625
gp,sparse,0,sobol-0005,0.768167221,0.389649241,0.875,E_star,0.105411925,0.109978686,0.0144864195
gp,sparse,0,sobol-0008,0.111949125,0.313490678,1.375,E_star,0.0784871247,0.0782160646,0.00587478116
gp,sparse,0,sobol-0009,0.666016369,0.360170461,0.90625,E_star,0.078801706,0.0843390375,0.00605481926
gp,sparse,0,sobol-0010,0.865161872,0.218614869,1.25,E_star,0.0341458532,0.0284161051,0.00459342245
gp,sparse,0,sobol-0011,0.419242935,0.471398161,0.8125,E_star,0.170555046,0.165592851,0.0209905544
gp,sparse,0,sobol-0012,0.307242115,0.264960088,1.09375,E_star,0.0432156168,0.038701831,0.00348012736
gp,sparse,0,sobol-0013,0.970944732,0.46145202,1.4375,E_star,0.154550752,0.154013799,0.00688390313
gp,sparse,0,sobol-0014,0.560377501,0.303512655,0.78125,E_star,0.0150975361,0.0161311488,0.00157074953
gp,sparse,0,sobol-0015,0.224065346,0.406401078,1.125,E_star,0.130957124,0.134377017,0.00968501797
gp,sparse,0,sobol-0016,0.193930593,0.294629907,0.90625,E_star,0.0645279653,0.0659700764,0.00684468835
gp,sparse,0,sobol-0017,0.529507734,0.416456273,1.40625,E_star,0.0910790644,0.104750076,0.0183559963
gp,sparse,0,sobol-0018,0.939314023,0.274973243,0.8125,E_star,0.0556977702,0.0560532103,0.00623268055
gp,sparse,0,sobol-0019,0.274877344,0.452610168,1.3125,E_star,0.166688808,0.164935112,0.0111547919
gp,sparse,0,sobol-0020,0.389323624,0.20874733,1.4375,E_star,0.00992023077,0.00672647949,0.00120881979
gp,sparse,0,sobol-0022,0.634662374,0.322227236,1.125,E_star,0.0452495348,0.0332527207,0.00331397985
gp,sparse,0,sobol-0024,0.0529194809,0.253973287,1.1875,E_star,0.0489791582,0.0463094544,0.0067727975
gp,sparse,0,sobol-0025,0.732980684,0.432594493,0.6875,E_star,0.134436141,0.133439886,0.0232576214
gp,sparse,0,sobol-0026,0.798334875,0.276413154,1.5,E_star,0.0549010702,0.0539024916,0.00525928922
gp,sparse,0,sobol-0027,0.478379395,0.398344896,1.03125,E_star,0.0838531096,0.103138123,0.0114758554
gp,sparse,0,sobol-0028,0.373107458,0.342641177,0.84375,E_star,0.0782648813,0.0482581005,0.00565907687
gp,sparse,0,sobol-0029,0.912769718,0.370864278,1.21875,E_star,0.0992421468,0.103039544,0.0115057066
gp,sparse,0,sobol-0031,0.158093187,0.498790634,1.34375,E_star,0.210066919,0.205809172,0.030174937
gp,sparse,0,sobol-0032,0.176172289,0.335991424,1.28125,E_star,0.0883554299,0.0889624078,0.00866767216
gp,sparse,0,sobol-0033,0.606218239,0.38339115,0.78125,E_star,0.0827829094,0.096294941,0.0123892368
gp,sparse,0,sobol-0035,0.355019773,0.485079053,0.90625,E_star,0.186320927,0.187581815,0.022420955
gp,sparse,0,sobol-0036,0.496436682,0.241881129,0.75,E_star,0.0110893805,0.0125915827,0.00250062456
gp,sparse,0,sobol-0037,0.786114194,0.438809544,1.125,E_star,0.13587053,0.137781149,0.0114482901
gp,sparse,0,sobol-0038,0.745208041,0.28968052,1.0625,E_star,0.0520113029,0.0430621938,0.00657961397
gp,sparse,0,sobol-0039,0.0348707773,0.393298399,1.46875,E_star,0.129110233,0.125009112,0.00870027115
gp,sparse,0,sobol-0040,0.067152882,0.21262207,1,E_star,0.032360636,0.0333863149,0.00684682994
gp,sparse,0,sobol-0042,0.815969667,0.319527906,0.6875,E_star,0.0740242479,0.0791593055,0.0182637457
gp,sparse,0,sobol-0043,0.401548238,0.365870288,1.15625,E_star,0.0890589168,0.0616315135,0.0071774678
gp,sparse,0,sobol-0044,0.262683366,0.309513101,1.34375,E_star,0.0712102611,0.0635814084,0.00840907733
gp,sparse,0,sobol-0045,0.957390383,0.412137687,0.96875,E_star,0.121765522,0.121950887,0.00509080907
gp,sparse,0,sobol-0046,0.511424698,0.258930507,1.25,E_star,0.012073671,0.0128605208,0.00182618361
gp,sparse,0,sobol-0048,0.235308868,0.268980552,1.5,E_star,0.0536235343,0.0488769401,0.00371278781
gp,sparse,0,sobol-0049,0.539391361,0.446865793,1.03125,E_star,0.117612719,0.130799691,0.0209900558
gp,sparse,0,sobol-0050,0.991924196,0.300667243,1.1875,E_star,0.0661192415,0.0653120358,0.00381655454
gp,sparse,0,sobol-0051,0.29599001,0.422155992,0.71875,E_star,0.14129175,0.139446116,0.0131862615
gp,sparse,0,sobol-0053,0.844151772,0.355998744,1.3125,E_star,0.0916081756,0.0971900171,0.017798293
gp,sparse,0,sobol-0055,0.10073624,0.474385302,1.21875,E_star,0.187059911,0.185194524,0.0103449983
gp,sparse,0,sobol-0058,0.756957077,0.250580789,0.9375,E_star,0.0354754548,0.0201383926,0.00269678362
gp,sparse,0,sobol-0059,0.468495291,0.428937436,1.40625,E_star,0.125715424,0.1248091,0.013296617
gp,sparse,0,sobol-0062,0.577272987,0.346042051,1.40625,E_star,0.0440303777,0.0420553389,0.00585068283
gp,sparse,0,sobol-0063,0.147958237,0.374512971,1.0625,E_star,0.110263582,0.111910966,0.00974950769
gp,sparse,0,sobol-0065,0.563183321,0.395461963,1.09375,E_star,0.07031733,0.0918969467,0.0126434703
gp,sparse,0,sobol-0066,0.905639401,0.239280392,1.125,E_star,0.0416808642,0.0411496197,0.00259345974
gp,sparse,0,sobol-0067,0.320301357,0.436651255,0.75,E_star,0.150894821,0.14968439,0.0157514718
gp,sparse,0,sobol-0068,0.453303281,0.229334269,0.90625,E_star,0.0104420024,0.0107163181,0.00151985898
gp,sparse,0,sobol-0069,0.758347617,0.482996456,1.375,E_star,0.169944996,0.167033965,0.019553471
gp,sparse,0,sobol-0071,0.0153902136,0.385483922,1.25,E_star,0.120115699,0.119481175,0.00641268168
gp,sparse,0,sobol-0072,0.102252485,0.256764628,0.875,E_star,0.0491709507,0.0469736947,0.0072894977
gp,sparse,0,sobol-0073,0.671959332,0.453151388,1.25,E_star,0.142986757,0.145645583,0.00767089591
gp,sparse,0,sobol-0074,0.859355285,0.311669092,0.96875,E_star,0.0685833282,0.0791506613,0.0183723066
gp,sparse,0,sobol-0076,0.281782267,0.321612819,1.15625,E_star,0.0749053293,0.0684534228,0.00676442626
gp,sparse,0,sobol-0077,0.992345758,0.368397916,0.6875,E_star,0.101998715,0.101878001,0.0067529486
gp,sparse,0,sobol-0078,0.5388401,0.210531597,1.46875,E_star,0.00738392957,0.00787924093,0.0010375332
gp,sparse,0,sobol-0079,0.249417429,0.463127248,1,E_star,0.174571382,0.174066429,0.0117738223
gp,sparse,0,sobol-0080,0.21534573,0.200476956,1.21875,E_star,0.025838727,0.024000836,0.00625292955
gp,sparse,0,sobol-0081,0.504033744,0.472010586,0.84375,E_star,0.142500046,0.149689906,0.0225888807
gp,sparse,0,sobol-0082,0.964651637,0.330454082,1.3125,E_star,0.0813543632,0.0824172288,0.0104425449
gp,sparse,0,sobol-0083,0.253354442,0.358384207,0.9375,E_star,0.0979092395,0.103726227,0.00831470932
gp,sparse,0,sobol-0084,0.395251999,0.302973447,0.71875,E_star,0.0218848863,0.027963997,0.00338299713
gp,sparse,0,sobol-0085,0.824333369,0.424612248,1.1875,E_star,0.128287249,0.131452697,0.00997199242
gp,sparse,0,sobol-0086,0.644480771,0.266673079,1,E_star,0.00924963443,0.0114215178,0.00178564161
gp,sparse,0,sobol-0087,0.0735483039,0.444415385,1.5,E_star,0.167361059,0.165148014,0.0151041135
gp,sparse,0,sobol-0088,0.0431162827,0.348419064,1.0625,E_star,0.0962217974,0.0986438558,0.00683787676
gp,sparse,0,sobol-0089,0.738786095,0.376747354,1.4375,E_star,0.0992012155,0.0963698495,0.00459175881
gp,sparse,0,sobol-0090,0.792391182,0.220639205,0.71875,E_star,0.028966479,0.0111464589,0.00218554579
gp,sparse,0,sobol-0091,0.488076735,0.492863968,1.09375,E_star,0.175395623,0.165477117,0.0355624969
gp,sparse,0,sobol-0092,0.347754645,0.248122236,1.40625,E_star,0.0158059422,0.0175308009,0.00240266988
gp,sparse,0,sobol-0094,0.597015379,0.282225338,1.28125,E_star,0.0120512849,0.0101159829,0.00108343833
gp,sparse,0,sobol-0097,0.616036711,0.440044096,1.34375,E_star,0.129378729,0.128272269,0.00815357958
gp,sparse,0,sobol-0098,0.915277904,0.288594746,0.875,E_star,0.0604218242,0.0647856791,0.010641699
gp,sparse,0,sobol-0099,0.360948193,0.39209821,1.25,E_star,0.114660328,0.106146558,0.0156594359
gp,sparse,0,sobol-0101,0.811451734,0.382083422,1,E_star,0.102483607,0.10879783,0.0148628096
gp,sparse,0,sobol-0102,0.719734126,0.233027729,1.15625,E_star,0.0130238532,0.00917132276,0.000626147293
gp,sparse,0,sobol-0105,0.63131488,0.408708122,0.75,E_star,0.106829338,0.11511719,0.0163928818
gp,sparse,0,sobol-0107,0.37619538,0.459144243,1.0625,E_star,0.163113505,0.164698107,0.0137417962
gp,sparse,0,sobol-0110,0.517230034,0.315876409,0.875,E_star,0.0181172409,0.0217121404,0.00172086203
gp,sparse,0,sobol-0113,0.549072728,0.352346636,1.09375,E_star,0.0390703014,0.0481222125,0.00656844104
gp,sparse,0,sobol-0114,0.982104547,0.206221561,1.0625,E_star,0.0327518253,0.0334937555,0.00241146354
gp,sparse,0,sobol-0115,0.301811871,0.478003047,1.40625,E_star,0.188500211,0.185591482,0.0185917492
gp,sparse,0,sobol-0116,0.409048134,0.272380937,1.28125,E_star,0.01744737,0.0189421364,0.00131757192
gp,sparse,0,sobol-0117,0.869626894,0.450444592,0.8125,E_star,0.146151031,0.146466271,0.0136114203
gp,sparse,0,sobol-0118,0.661696306,0.297237215,1.375,E_star,0.0400882348,0.0210485586,0.00376745589
gp,sparse,0,sobol-0120,0.0256648026,0.224296312,1.3125,E_star,0.037949968,0.0375601183,0.00565324442
gp,sparse,0,sobol-0122,0.778358147,0.344733645,1.1875,E_star,0.0821208459,0.0855911134,0.00920753363
gp,sparse,0,sobol-0124,0.330538633,0.27857645,1.03125,E_star,0.046687085,0.038495945,0.00343617613
gp,sparse,0,sobol-0125,0.885598233,0.400944059,1.5,E_star,0.119481429,0.118640979,0.0129016423
gp,sparse,0,sobol-0126,0.583215905,0.251815875,0.71875,E_star,0.00960738005,0.00958926812,0.00182329429
gp,sparse,0,sobol-0128,0.134235747,0.317929149,1.03125,E_star,0.0780939982,0.0793795731,0.00730183053
gp,sparse,0,sobol-0129,0.579925117,0.365049765,1.5,E_star,0.0575043073,0.0585380389,0.00875399283
gp,sparse,0,sobol-0130,0.888897602,0.21358679,0.71875,E_star,0.0340842503,0.0270203699,0.00596041767
gp,sparse,0,sobol-0132,0.438760749,0.25986093,1.3125,E_star,0.0146666852,0.0152866045,0.00210043486
gp,sparse,0,sobol-0133,0.775301041,0.45708691,0.9375,E_star,0.147955531,0.148695579,0.0152470717
gp,sparse,0,sobol-0134,0.693375761,0.308026532,1.21875,E_star,0.0544540827,0.0364279775,0.00642882846
gp,sparse,0,sobol-0135,0.0299327513,0.411356038,0.84375,E_star,0.137125024,0.136799695,0.00829555564
gp,sparse,0,sobol-0136,0.118958042,0.230965834,1.28125,E_star,0.0397198929,0.0357352694,0.00643325901
gp,sparse,0,sobol-0137,0.65766466,0.483709213,0.8125,E_star,0.16727692,0.16628607,0.0188192518
gp,sparse,0,sobol-0138,0.873649951,0.337505459,1.40625,E_star,0.084495502,0.0902247057,0.0202509029
gp,sparse,0,sobol-0139,0.412341782,0.384145334,0.90625,E_star,0.0990444088,0.0958571635,0.00806173155
gp,sparse,0,sobol-0141,0.977835651,0.394164698,1.125,E_star,0.111937963,0.111490747,0.00411811048
gp,sparse,0,sobol-0142,0.553350213,0.240870633,1.0625,E_star,0.00934073263,0.00999625339,0.00158084514
gp,sparse,0,sobol-0144,0.201077765,0.249753398,0.78125,E_star,0.0444345489,0.0503779117,0.00545491532
gp,sparse,0,sobol-0145,0.520773637,0.427350123,1.25,E_star,0.0981385457,0.116485673,0.0191889963
gp,sparse,0,sobol-0146,0.94791175,0.281220362,0.90625,E_star,0.0578885747,0.0589680247,0.00703555208
gp,sparse,0,sobol-0147,0.267622409,0.403006533,1.375,E_star,0.13034634,0.129525686,0.0140552091
gp,sparse,0,sobol-0148,0.380707555,0.34737298,1.125,E_star,0.0798565513,0.0451748142,0.00563962506
gp,sparse,0,sobol-0149,0.841288697,0.37545026,0.78125,E_star,0.101302867,0.108053013,0.0220037649
gp,sparse,0,sobol-0150,0.627525438,0.222229258,1.4375,E_star,0.00681873736,0.00740311269,0.00103451313
gp,sparse,0,sobol-0152,0.0598237505,0.299290537,1.46875,E_star,0.0723496946,0.0672016749,0.00700573301
gp,sparse,0,sobol-0153,0.724489519,0.421264481,1,E_star,0.122567111,0.123597933,0.0102487297
gp,sparse,0,sobol-0156,0.364734769,0.203573071,0.96875,E_star,0.00989186846,0.0083265257,0.00162705431
gp,sparse,0,sobol-0157,0.919799616,0.47594515,1.34375,E_star,0.164531239,0.164182282,0.00923544741
gp,sparse,0,sobol-0159,0.166571729,0.354995116,1.21875,E_star,0.0993333461,0.100456595,0.00757020125
gp,sparse,0,sobol-0160,0.186601333,0.21728165,1.375,E_star,0.0340123951,0.0311538745,0.00681065327
gp,sparse,0,sobol-0161,0.60128237,0.470458582,0.9375,E_star,0.149079445,0.152556457,0.0238127097
gp,sparse,0,sobol-0162,0.930032243,0.314281482,1.28125,E_star,0.0733004071,0.0775541488,0.0153650034
gp,sparse,0,sobol-0163,0.344698489,0.361647875,0.8125,E_star,0.0932966751,0.0817678847,0.0119334061
gp,sparse,0,sobol-0166,0.734761128,0.263519258,0.75,E_star,0.0387578972,0.0223076761,0.0038217162
gp,sparse,0,sobol-0167,0.0398245445,0.460478145,1.09375,E_star,0.173463275,0.178957905,0.0088348722
gp,sparse,0,sobol-0168,0.0778248319,0.331770297,0.71875,E_star,0.08802799,0.0870141061,0.0059240171
gp,sparse,0,sobol-0170,0.821286749,0.236674761,1.03125,E_star,0.0367899004,0.024886097,0.00427235571
gp,sparse,0,sobol-0171,0.390982145,0.489737342,1.5,E_star,0.195635439,0.182699406,0.0287560723
gp,sparse,0,sobol-0173,0.967944334,0.443396719,0.84375,E_star,0.141709951,0.141050729,0.00727341573
gp,sparse,0,sobol-0175,0.211315041,0.38812605,0.96875,E_star,0.118227669,0.122103583,0.00806414161
gp,sparse,0,sobol-0177,0.534320298,0.397004811,0.6875,E_star,0.0761075262,0.107087765,0.019057973
gp,sparse,0,sobol-0178,0.996856983,0.255462147,1.5,E_star,0.0518336903,0.0479096195,0.00628417461
gp,sparse,0,sobol-0180,0.425511369,0.227974538,0.84375,E_star,0.0109632479,0.0107658825,0.00171435909
gp,sparse,0,sobol-0182,0.676725212,0.34167417,0.96875,E_star,0.0689798105,0.0672848039,0.00501979351
gp,sparse,0,sobol-0183,0.105795131,0.369412006,1.34375,E_star,0.111123083,0.109728799,0.0119899879
gp,sparse,0,sobol-0184,0.0108761331,0.273422551,0.875,E_star,0.0583667812,0.0581832177,0.00256560162
gp,sparse,0,sobol-0186,0.76213515,0.295642691,0.78125,E_star,0.0579521958,0.0513992818,0.00813210666
gp,sparse,0,sobol-0187,0.457824043,0.417862769,1.28125,E_star,0.118205771,0.120754887,0.00907030352
gp,sparse,0,sobol-0188,0.315538332,0.323127904,1.46875,E_star,0.0761212834,0.0528239687,0.00792858703
gp,sparse,0,sobol-0189,0.902093892,0.351630151,1.0625,E_star,0.0882008572,0.0950724499,0.0177450044
gp,sparse,0,sobol-0190,0.566720244,0.207231006,1.15625,E_star,0.00648244471,0.00737392865,0.00106914002
gp,sparse,0,sobol-0191,0.153261967,0.479336779,0.75,E_star,0.192862123,0.187558883,0.0182439929
gp,sparse,0,sobol-0192,0.143933088,0.260983324,1.125,E_star,0.051263518,0.048477502,0.00531232321
gp,sparse,0,sobol-0193,0.573981424,0.458396961,0.75,E_star,0.137910283,0.143227369,0.0261916743
gp,sparse,0,sobol-0194,0.894703013,0.30686069,1.4375,E_star,0.0713806864,0.0769861471,0.0177414266
gp,sparse,0,sobol-0195,0.324768029,0.410084864,1.03125,E_star,0.127760032,0.129847468,0.0147044645
gp,sparse,0,sobol-0196,0.46421942,0.316880073,0.8125,E_star,0.0211390118,0.0219712408,0.00150397204
gp,sparse,0,sobol-0199,0.00457993802,0.468301742,1.40625,E_star,0.183755367,0.184755999,0.0116137814
gp,sparse,0,sobol-0200,0.0974351401,0.287618548,0.9375,E_star,0.0633326136,0.0631360296,0.00675394553
gp,sparse,0,sobol-0202,0.848175962,0.244524384,0.84375,E_star,0.0415882856,0.0331078663,0.00531745515
gp,sparse,0,sobol-0204,0.292943692,0.234507469,1.5,E_star,0.0329127032,0.0201169498,0.0019471433
gp,sparse,0,sobol-0205,0.987654048,0.487145609,1.03125,E_star,0.170213299,0.16938169,0.00533909044
gp,sparse,0,sobol-0206,0.543668191,0.333924875,1.1875,E_star,0.0191671633,0.0296802338,0.00336248866
gp,sparse,0,sobol-0207,0.238363771,0.380752457,0.71875,E_star,0.11520281,0.117774582,0.0140627525
gp,sparse,0,sobol-0208,0.21088217,0.343979498,1.34375,E_star,0.0923519876,0.0932602751,0.00666888502
gp,sparse,0,sobol-0209,0.514967049,0.371869137,0.96875,E_star,0.0504553692,0.0688345842,0.0101706901
gp,sparse,0,sobol-0210,0.953854713,0.225666189,1.21875,E_star,0.0386509295,0.0405060856,0.00309598614
gp,sparse,0,sobol-0211,0.257925769,0.497159337,0.875,E_star,0.202210283,0.206196389,0.0335647202
gp,sparse,0,sobol-0212,0.406059639,0.253220048,1,E_star,0.0147767511,0.0166332011,0.00245936652
gp,sparse,0,sobol-0213,0.819751296,0.431004556,1.46875,E_star,0.135237546,0.134983832,0.0108322828
gp,sparse,0,sobol-0214,0.648926463,0.277710115,0.6875,E_star,0.0149528129,0.0137632296,0.0027242668
gp,sparse,0,sobol-0216,0.0384074068,0.204771612,0.78125,E_star,0.031055885,0.0321001388,0.00450275429
gp,sparse,0,sobol-0217,0.749964686,0.477038291,1.125,E_star,0.163385533,0.162051461,0.0148415553
gp,sparse,0,sobol-0218,0.781350875,0.325575156,1.09375,E_star,0.0717990247,0.0761831484,0.0122894796
gp,sparse,0,sobol-0219,0.492891475,0.353945357,1.4375,E_star,0.0252677023,0.0380354999,0.0034338281
gp,sparse,0,sobol-0220,0.358807124,0.298018829,1.25,E_star,0.0516441972,0.0304478708,0.0034055222
gp,sparse,0,sobol-0221,0.929480937,0.420098028,0.8125,E_star,0.127448875,0.128134222,0.00465816134
gp,sparse,0,sobol-0222,0.601703976,0.271038527,1.34375,E_star,0.0109832761,0.00997880111,0.00146037438
gp,sparse,0,sobol-0224,0.16114141,0.310262631,0.84375,E_star,0.0733784379,0.0739724377,0.00830072599
gp,sparse,0,sobol-0227,0.370050646,0.454702046,1.3125,E_star,0.162586557,0.160985085,0.0122540449
gp,sparse,0,sobol-0229,0.802367652,0.464643609,0.71875,E_star,0.158192017,0.155232287,0.0179465503
gp,sparse,0,sobol-0230,0.728954585,0.320245232,1.5,E_star,0.0693273718,0.0562920126,0.0104480007
gp,sparse,0,sobol-0231,0.0496288752,0.367497285,1.03125,E_star,0.106968707,0.109242594,0.00721711707
gp,sparse,0,sobol-0232,0.0836466933,0.238496489,1.40625,E_star,0.0441732683,0.0387380788,0.00741877615
gp,sparse,0,sobol-0233,0.637716319,0.435162361,1.0625,E_star,0.12388038,0.128768198,0.010440589
gp,sparse,0,sobol-0234,0.830968115,0.29362068,1.09375,E_star,0.0600031891,0.0688742105,0.0114326604
gp,sparse,0,sobol-0235,0.385054425,0.39639006,0.75,E_star,0.1145961,0.120058954,0.0181094064
gp,sparse,0,sobol-0238,0.526207591,0.228515998,0.8125,E_star,0.0088088546,0.0101229619,0.00160494518
gp,sparse,0,sobol-0239,0.189898772,0.481400023,1.28125,E_star,0.193560422,0.192181075,0.0234771892
gp,sparse,0,sobol-0240,0.220276086,0.219637828,1.09375,E_star,0.0320013107,0.0334101427,0.0048368876
gp,sparse,0,sobol-0241,0.555858473,0.49145064,1.46875,E_star,0.172382224,0.163251999,0.0380313511
gp,sparse,0,sobol-0242,0.97545709,0.349981164,0.75,E_star,0.088750399,0.0910006804,0.00689938407
gp,sparse,0,sobol-0243,0.311022794,0.377604534,1.125,E_star,0.106448617,0.104852048,0.0145052907
gp,sparse,0,sobol-0245,0.860403318,0.405089729,0.90625,E_star,0.116976161,0.121670884,0.0166196249
gp,sparse,0,sobol-0246,0.670781594,0.247228469,1.28125,E_star,0.00742372492,0.0115007131,0.000840683156
gp,sparse,0,sobol-0247,0.115492427,0.425259077,0.78125,E_star,0.147569478,0.147240752,0.00581302864
gp,sparse,0,sobol-0248,0.0168045526,0.328976632,1.25,E_star,0.084865451,0.0853880138,0.0057508281
gp,sparse,0,sobol-0249,0.696868138,0.357593438,0.875,E_star,0.0823595801,0.0869568375,0.00625811298
gp,sparse,0,sobol-0251,0.452003389,0.473343841,0.96875,E_star,0.16763262,0.157749969,0.0179285452
gp,sparse,0,sobol-0253,0.876619977,0.445856179,1.15625,E_star,0.141930156,0.143351398,0.0140691475
gp,sparse,0,sobol-0255,0.13173911,0.423782534,1.46875,E_star,0.150664833,0.144917667,0.0061774115
ensemble,sparse,0,edge-00,0.5,0.2,0.6875,K_star,0.00789495057,0.00731225169,0.000353413107
ensemble,sparse,0,edge-02,0.5,0.5,0.6875,K_star,0.00104821758,0.00126828847,2.11992992e-05
ensemble,sparse,0,edge-03,0.5,0.5,1.5,K_star,0.00178250916,0.00192092463,7.99401876e-05
ensemble,sparse,0,sobol-0000,0.126983422,0.235261397,0.6875,K_star,0.00643633572,0.00644690444,0.000105944747
ensemble,sparse,0,sobol-0001,0.588520205,0.488736002,1.15625,K_star,0.00148664495,0.00164558782,6.02831646e-05
ensemble,sparse,0,sobol-0002,0.880164234,0.332627441,1,K_star,0.00339848317,0.00340671625,2.79595416e-05
ensemble,sparse,0,sobol-0003,0.3417177,0.379705568,1.46875,K_star,0.00490733219,0.00489736488,7.3480139e-05
ensemble,sparse,0,sobol-0005,0.768167221,0.389649241,0.875,K_star,0.00229793852,0.002194107,3.99516793e-05
ensemble,sparse,0,sobol-0008,0.111949125,0.313490678,1.375,K_star,0.00703478761,0.00705975259,3.79887901e-05
ensemble,sparse,0,sobol-0009,0.666016369,0.360170461,0.90625,K_star,0.00276992932,0.00268737567,5.29772534e-05
ensemble,sparse,0,sobol-0010,0.865161872,0.218614869,1.25,K_star,0.00704992583,0.00687367727,6.43205067e-05
ensemble,sparse,0,sobol-0011,0.419242935,0.471398161,0.8125,K_star,0.00190520979,0.00180062089,5.09977719e-05
ensemble,sparse,0,sobol-0012,0.307242115,0.264960088,1.09375,K_star,0.00757964712,0.00762251921,3.20545339e-05
ensemble,sparse,0,sobol-0013,0.970944732,0.46145202,1.4375,K_star,0.00216886295,0.00216559241,9.6488469e-06
ensemble,sparse,0,sobol-0014,0.560377501,0.303512655,0.78125,K_star,0.00431613507,0.00406025324,0.000102372294
ensemble,sparse,0,sobol-0015,0.224065346,0.406401078,1.125,K_star,0.00387924638,0.00389538584,1.83613857e-05
ensemble,sparse,0,sobol-0016,0.193930593,0.294629907,0.90625,K_star,0.00592833755,0.00595351678,0.000121012961
ensemble,sparse,0,sobol-0017,0.529507734,0.416456273,1.40625,K_star,0.00307845938,0.00300380559,5.2180293e-05
ensemble,sparse,0,sobol-0018,0.939314023,0.274973243,0.8125,K_star,0.00393004449,0.00394049731,3.97654633e-05
ensemble,sparse,0,sobol-0019,0.274877344,0.452610168,1.3125,K_star,0.00325988156,0.00329306632,1.11891312e-05
ensemble,sparse,0,sobol-0020,0.389323624,0.20874733,1.4375,K_star,0.0125608642,0.0124543044,0.000245221255
ensemble,sparse,0,sobol-0022,0.634662374,0.322227236,1.125,K_star,0.00405640728,0.00425279977,8.35858132e-05
ensemble,sparse,0,sobol-0024,0.0529194809,0.253973287,1.1875,K_star,0.00872569601,0.00868452327,4.42433457e-05
ensemble,sparse,0,sobol-0025,0.732980684,0.432594493,0.6875,K_star,0.00151561796,0.00149611706,2.7120941e-05
ensemble,sparse,0,sobol-0026,0.798334875,0.276413154,1.5,K_star,0.00585290754,0.0058763179,2.81306482e-05
ensemble,sparse,0,sobol-0027,0.478379395,0.398344896,1.03125,K_star,0.00310785635,0.00297379334,5.50123728e-05
ensemble,sparse,0,sobol-0028,0.373107458,0.342641177,0.84375,K_star,0.00412328884,0.00415585391,4.75161241e-05
ensemble,sparse,0,sobol-0029,0.912769718,0.370864278,1.21875,K_star,0.00317640794,0.00317884642,2.13702751e-05
ensemble,sparse,0,sobol-0031,0.158093187,0.498790634,1.34375,K_star,0.00264807335,0.00263684099,1.88706368e-05
ensemble,sparse,0,sobol-0032,0.176172289,0.335991424,1.28125,K_star,0.00601752549,0.00605014151,3.02815909e-05
ensemble,sparse,0,sobol-0033,0.606218239,0.38339115,0.78125,K_star,0.00221307848,0.00224106535,3.50206388e-05
ensemble,sparse,0,sobol-0035,0.355019773,0.485079053,0.90625,K_star,0.00205551737,0.00196857209,5.71743688e-05
ensemble,sparse,0,sobol-0036,0.496436682,0.241881129,0.75,K_star,0.00655103266,0.00619412875,0.000269192759
ensemble,sparse,0,sobol-0037,0.786114194,0.438809544,1.125,K_star,0.00208871328,0.0020622731,2.59896582e-05
ensemble,sparse,0,sobol-0038,0.745208041,0.28968052,1.0625,K_star,0.00445356528,0.00457221776,6.45947585e-05
ensemble,sparse,0,sobol-0039,0.0348707773,0.393298399,1.46875,K_star,0.00488975523,0.0048207752,5.82809786e-05
ensemble,sparse,0,sobol-0040,0.067152882,0.21262207,1,K_star,0.00966058488,0.00963450862,4.89036866e-05
ensemble,sparse,0,sobol-0042,0.815969667,0.319527906,0.6875,K_star,0.00278492898,0.0028038975,3.19949901e-05
ensemble,sparse,0,sobol-0043,0.401548238,0.365870288,1.15625,K_star,0.00442915233,0.00446835597,6.84447446e-05
ensemble,sparse,0,sobol-0044,0.262683366,0.309513101,1.34375,K_star,0.00693416136,0.0069279679,6.66989877e-05
ensemble,sparse,0,sobol-0045,0.957390383,0.412137687,0.96875,K_star,0.0022097649,0.00221270215,6.95549697e-06
ensemble,sparse,0,sobol-0046,0.511424698,0.258930507,1.25,K_star,0.0082932309,0.00830670773,9.73344079e-05
ensemble,sparse,0,sobol-0048,0.235308868,0.268980552,1.5,K_star,0.00904135013,0.00901752789,0.000198351621
ensemble,sparse,0,sobol-0049,0.539391361,0.446865793,1.03125,K_star,0.00185921206,0.00197362858,4.02862801e-05
ensemble,sparse,0,sobol-0050,0.991924196,0.300667243,1.1875,K_star,0.00445556847,0.0044705966,4.50021621e-05
ensemble,sparse,0,sobol-0051,0.29599001,0.422155992,0.71875,K_star,0.00251050083,0.00250808162,2.70997927e-05
ensemble,sparse,0,sobol-0053,0.844151772,0.355998744,1.3125,K_star,0.00358181498,0.00360045569,1.54128598e-05
ensemble,sparse,0,sobol-0055,0.10073624,0.474385302,1.21875,K_star,0.00289626837,0.00288687371,6.77542149e-06
ensemble,sparse,0,sobol-0058,0.756957077,0.250580789,0.9375,K_star,0.00504543462,0.00502676304,8.92026783e-05
ensemble,sparse,0,sobol-0059,0.468495291,0.428937436,1.40625,K_star,0.00318328281,0.00310241509,4.43387717e-05
ensemble,sparse,0,sobol-0062,0.577272987,0.346042051,1.40625,K_star,0.00451424417,0.00443827866,0.000106318181
ensemble,sparse,0,sobol-0063,0.147958237,0.374512971,1.0625,K_star,0.00446568765,0.00445095284,1.85579483e-05
ensemble,sparse,0,sobol-0065,0.563183321,0.395461963,1.09375,K_star,0.00267251382,0.00269551025,4.38717611e-05
ensemble,sparse,0,sobol-0066,0.905639401,0.239280392,1.125,K_star,0.00588630373,0.00584815614,3.12826521e-05
ensemble,sparse,0,sobol-0067,0.320301357,0.436651255,0.75,K_star,0.00238169382,0.00235097272,3.41232668e-05
ensemble,sparse,0,sobol-0068,0.453303281,0.229334269,0.90625,K_star,0.00827266781,0.00852051264,0.000146642
ensemble,sparse,0,sobol-0069,0.758347617,0.482996456,1.375,K_star,0.00182915909,0.00182863082,1.04700383e-05
ensemble,sparse,0,sobol-0071,0.0153902136,0.385483922,1.25,K_star,0.00469023732,0.00467629267,1.78570805e-05
ensemble,sparse,0,sobol-0072,0.102252485,0.256764628,0.875,K_star,0.00703014766,0.00698000247,0.000105138652
ensemble,sparse,0,sobol-0073,0.671959332,0.453151388,1.25,K_star,0.00200994161,0.00202246149,2.54538645e-05
ensemble,sparse,0,sobol-0074,0.859355285,0.311669092,0.96875,K_star,0.00369427701,0.00372617634,3.81367869e-05
ensemble,sparse,0,sobol-0076,0.281782267,0.321612819,1.15625,K_star,0.00595242977,0.00594966368,6.33362726e-05
ensemble,sparse,0,sobol-0077,0.992345758,0.368397916,0.6875,K_star,0.00216568238,0.00216042399,8.75003428e-06
ensemble,sparse,0,sobol-0078,0.5388401,0.210531597,1.46875,K_star,0.0120434336,0.0118651321,9.39106092e-05
ensemble,sparse,0,sobol-0079,0.249417429,0.463127248,1,K_star,0.00264618363,0.00263787264,9.70938763e-06
ensemble,sparse,0,sobol-0080,0.21534573,0.200476956,1.21875,K_star,0.0115364205,0.0116636901,0.000156035436
ensemble,sparse,0,sobol-0081,0.504033744,0.472010586,0.84375,K_star,0.00159264807,0.00160229574,2.81584727e-05
ensemble,sparse,0,sobol-0082,0.964651637,0.330454082,1.3125,K_star,0.00409178934,0.00410220508,4.68584606e-05
ensemble,sparse,0,sobol-0083,0.253354442,0.358384207,0.9375,K_star,0.00436467164,0.00435558304,2.10320869e-05
ensemble,sparse,0,sobol-0084,0.395251999,0.302973447,0.71875,K_star,0.00437054885,0.00441505621,5.18939221e-05
ensemble,sparse,0,sobol-0085,0.824333369,0.424612248,1.1875,K_star,0.00234735019,0.0023462816,1.95424702e-05
ensemble,sparse,0,sobol-0086,0.644480771,0.266673079,1,K_star,0.00555318283,0.00578447444,6.46946569e-05
ensemble,sparse,0,sobol-0087,0.0735483039,0.444415385,1.5,K_star,0.00378444099,0.00372122819,3.70575053e-05
ensemble,sparse,0,sobol-0088,0.0431162827,0.348419064,1.0625,K_star,0.00511612931,0.00511145844,1.40754124e-05
ensemble,sparse,0,sobol-0089,0.738786095,0.376747354,1.4375,K_star,0.00338241896,0.00338184305,1.91915337e-05
ensemble,sparse,0,sobol-0090,0.792391182,0.220639205,0.71875,K_star,0.00484762198,0.00505969119,0.000115326456
ensemble,sparse,0,sobol-0091,0.488076735,0.492863968,1.09375,K_star,0.0017453195,0.00177720229,5.1722338e-05
ensemble,sparse,0,sobol-0092,0.347754645,0.248122236,1.40625,K_star,0.00951011328,0.00958569573,0.000213199047
ensemble,sparse,0,sobol-0094,0.597015379,0.282225338,1.28125,K_star,0.00666479776,0.00642103965,6.93510905e-05
ensemble,sparse,0,sobol-0097,0.616036711,0.440044096,1.34375,K_star,0.00224598368,0.00231947732,3.92676766e-05
ensemble,sparse,0,sobol-0098,0.915277904,0.288594746,0.875,K_star,0.00386142009,0.00388804407,3.81827121e-05
ensemble,sparse,0,sobol-0099,0.360948193,0.39209821,1.25,K_star,0.00419087288,0.00426068085,4.92020614e-05
ensemble,sparse,0,sobol-0101,0.811451734,0.382083422,1,K_star,0.00262195285,0.00257292026,2.58541384e-05
ensemble,sparse,0,sobol-0102,0.719734126,0.233027729,1.15625,K_star,0.00663096664,0.00665199551,0.000102958694
ensemble,sparse,0,sobol-0105,0.63131488,0.408708122,0.75,K_star,0.00182901862,0.00185284,3.88357422e-05
ensemble,sparse,0,sobol-0107,0.37619538,0.459144243,1.0625,K_star,0.00260330944,0.00255008236,1.98871928e-05
ensemble,sparse,0,sobol-0110,0.517230034,0.315876409,0.875,K_star,0.00454273213,0.0043216438,0.000105919215
ensemble,sparse,0,sobol-0113,0.549072728,0.352346636,1.09375,K_star,0.00401201975,0.00373699476,8.22975715e-05
ensemble,sparse,0,sobol-0114,0.982104547,0.206221561,1.0625,K_star,0.00671962358,0.00668320522,1.11562345e-05
ensemble,sparse,0,sobol-0115,0.301811871,0.478003047,1.40625,K_star,0.00289581609,0.00287326856,2.46051282e-05
ensemble,sparse,0,sobol-0116,0.409048134,0.272380937,1.28125,K_star,0.00791888313,0.00786586464,5.59559475e-05
ensemble,sparse,0,sobol-0117,0.869626894,0.450444592,0.8125,K_star,0.00158272735,0.00156016564,8.03226805e-06
ensemble,sparse,0,sobol-0118,0.661696306,0.297237215,1.375,K_star,0.00518077537,0.00536900901,0.000100768017
ensemble,sparse,0,sobol-0120,0.0256648026,0.224296312,1.3125,K_star,0.010732385,0.0106422554,4.67242308e-05
ensemble,sparse,0,sobol-0122,0.778358147,0.344733645,1.1875,K_star,0.00357394881,0.00357507639,4.15138161e-05
ensemble,sparse,0,sobol-0124,0.330538633,0.27857645,1.03125,K_star,0.0067447418,0.00682845483,3.79516949e-05
ensemble,sparse,0,sobol-0125,0.885598233,0.400944059,1.5,K_star,0.00307314954,0.00305780076,2.84109458e-05
ensemble,sparse,0,sobol-0126,0.583215905,0.251815875,0.71875,K_star,0.00557664499,0.00514171076,0.00024385674
ensemble,sparse,0,sobol-0128,0.134235747,0.317929149,1.03125,K_star,0.00581400754,0.00579273534,5.35160353e-05
ensemble,sparse,0,sobol-0129,0.579925117,0.365049765,1.5,K_star,0.00394005962,0.00399507613,8.40494041e-05
ensemble,sparse,0,sobol-0130,0.888897602,0.21358679,0.71875,K_star,0.00494061404,0.00497597176,7.86148098e-05
ensemble,sparse,0,sobol-0132,0.438760749,0.25986093,1.3125,K_star,0.00868180789,0.00858011578,7.74388116e-05
ensemble,sparse,0,sobol-0133,0.775301041,0.45708691,0.9375,K_star,0.00166903581,0.00161516781,1.679474e-05
ensemble,sparse,0,sobol-0134,0.693375761,0.308026532,1.21875,K_star,0.00445944952,0.00459393947,7.37457788e-05
ensemble,sparse,0,sobol-0135,0.0299327513,0.411356038,0.84375,K_star,0.00317023825,0.00316300429,1.31425808e-05
ensemble,sparse,0,sobol-0136,0.118958042,0.230965834,1.28125,K_star,0.0102077388,0.0101761663,8.37359485e-05
ensemble,sparse,0,sobol-0137,0.65766466,0.483709213,0.8125,K_star,0.0012423822,0.00127459336,2.3434077e-05
ensemble,sparse,0,sobol-0138,0.873649951,0.337505459,1.40625,K_star,0.00411240304,0.00413017716,2.21636485e-05
ensemble,sparse,0,sobol-0139,0.412341782,0.384145334,0.90625,K_star,0.0033801861,0.00331118463,5.52359544e-05
ensemble,sparse,0,sobol-0141,0.977835651,0.394164698,1.125,K_star,0.00267550897,0.00266258793,1.44020235e-05
ensemble,sparse,0,sobol-0142,0.553350213,0.240870633,1.0625,K_star,0.00818129013,0.00838389145,0.000121985823
ensemble,sparse,0,sobol-0144,0.201077765,0.249753398,0.78125,K_star,0.00661004741,0.00659877755,8.90257527e-05
ensemble,sparse,0,sobol-0145,0.520773637,0.427350123,1.25,K_star,0.00273222355,0.00271924711,4.51597119e-05
ensemble,sparse,0,sobol-0146,0.94791175,0.281220362,0.90625,K_star,0.00410051422,0.0041283272,2.82244906e-05
ensemble,sparse,0,sobol-0147,0.267622409,0.403006533,1.375,K_star,0.00435789879,0.00439033638,2.87133238e-05
ensemble,sparse,0,sobol-0148,0.380707555,0.34737298,1.125,K_star,0.00487992352,0.00489952904,8.05469698e-05
ensemble,sparse,0,sobol-0149,0.841288697,0.37545026,0.78125,K_star,0.00229077022,0.00223990186,2.15686943e-05
ensemble,sparse,0,sobol-0150,0.627525438,0.222229258,1.4375,K_star,0.0102631545,0.00958346696,0.000138883289
ensemble,sparse,0,sobol-0152,0.0598237505,0.299290537,1.46875,K_star,0.00782373214,0.00782708413,4.26184344e-05
ensemble,sparse,0,sobol-0153,0.724489519,0.421264481,1,K_star,0.00211399559,0.00199523778,4.05067856e-05
ensemble,sparse,0,sobol-0156,0.364734769,0.203573071,0.96875,K_star,0.0102094198,0.0100800857,0.000197639273
ensemble,sparse,0,sobol-0157,0.919799616,0.47594515,1.34375,K_star,0.00192331694,0.00192540606,5.4026778e-06
ensemble,sparse,0,sobol-0159,0.166571729,0.354995116,1.21875,K_star,0.00533467435,0.00534544229,2.23944845e-05
ensemble,sparse,0,sobol-0160,0.186601333,0.21728165,1.375,K_star,0.0113309078,0.0113510794,0.000184631271
ensemble,sparse,0,sobol-0161,0.60128237,0.470458582,0.9375,K_star,0.00146649297,0.00150684366,1.96457276e-05
ensemble,sparse,0,sobol-0162,0.930032243,0.314281482,1.28125,K_star,0.00436971196,0.00439509267,3.34742611e-05
ensemble,sparse,0,sobol-0163,0.344698489,0.361647875,0.8125,K_star,0.00369620117,0.00372913306,3.52379842e-05
ensemble,sparse,0,sobol-0166,0.734761128,0.263519258,0.75,K_star,0.00403430665,0.00426833545,0.000152525003
ensemble,sparse,0,sobol-0167,0.0398245445,0.460478145,1.09375,K_star,0.00294462217,0.00294172136,7.37794853e-06
ensemble,sparse,0,sobol-0168,0.0778248319,0.331770297,0.71875,K_star,0.00413116228,0.00415124847,8.38436793e-06
ensemble,sparse,0,sobol-0170,0.821286749,0.236674761,1.03125,K_star,0.00570688217,0.00551586083,6.41203626e-05
ensemble,sparse,0,sobol-0171,0.390982145,0.489737342,1.5,K_star,0.00259333679,0.00242693242,7.15106858e-05
ensemble,sparse,0,sobol-0173,0.967944334,0.443396719,0.84375,K_star,0.00170290319,0.00170344063,6.28675233e-06
ensemble,sparse,0,sobol-0175,0.211315041,0.38812605,0.96875,K_star,0.00387721298,0.00386989979,1.64604447e-05
ensemble,sparse,0,sobol-0177,0.534320298,0.397004811,0.6875,K_star,0.00215909182,0.00213443548,4.60868859e-05
ensemble,sparse,0,sobol-0178,0.996856983,0.255462147,1.5,K_star,0.00645455797,0.00653512278,8.1008648e-05
ensemble,sparse,0,sobol-0180,0.425511369,0.227974538,0.84375,K_star,0.00796676262,0.00795788628,0.00016678175
ensemble,sparse,0,sobol-0182,0.676725212,0.34167417,0.96875,K_star,0.00320737194,0.00319163761,5.19921589e-05
ensemble,sparse,0,sobol-0183,0.105795131,0.369412006,1.34375,K_star,0.00525716121,0.00524761853,2.99247194e-05
ensemble,sparse,0,sobol-0184,0.0108761331,0.273422551,0.875,K_star,0.00650143118,0.00644123771,3.66669108e-05
ensemble,sparse,0,sobol-0186,0.76213515,0.295642691,0.78125,K_star,0.00347453555,0.00358853028,8.09025858e-05
ensemble,sparse,0,sobol-0187,0.457824043,0.417862769,1.28125,K_star,0.00328313251,0.00330209432,2.54419163e-05
ensemble,sparse,0,sobol-0188,0.315538332,0.323127904,1.46875,K_star,0.00664428626,0.00662417426,0.000101577693
ensemble,sparse,0,sobol-0189,0.902093892,0.351630151,1.0625,K_star,0.00320476099,0.00321257133,1.53906079e-05
ensemble,sparse,0,sobol-0190,0.566720244,0.207231006,1.15625,K_star,0.0105688389,0.0103736839,0.000206448146
ensemble,sparse,0,sobol-0191,0.153261967,0.479336779,0.75,K_star,0.00198792279,0.00197981718,2.11112099e-05
ensemble,sparse,0,sobol-0192,0.143933088,0.260983324,1.125,K_star,0.0081272184,0.00814683549,2.14750847e-05
ensemble,sparse,0,sobol-0193,0.573981424,0.458396961,0.75,K_star,0.00134003674,0.0014955086,3.05440344e-05
ensemble,sparse,0,sobol-0194,0.894703013,0.30686069,1.4375,K_star,0.00486476756,0.00490296117,2.39656233e-05
ensemble,sparse,0,sobol-0195,0.324768029,0.410084864,1.03125,K_star,0.00346601212,0.00346090506,2.52417283e-05
ensemble,sparse,0,sobol-0196,0.46421942,0.316880073,0.8125,K_star,0.00438286274,0.00428909576,7.78429602e-05
ensemble,sparse,0,sobol-0199,0.00457993802,0.468301742,1.40625,K_star,0.00323899327,0.00320229112,2.26424171e-05
ensemble,sparse,0,sobol-0200,0.0974351401,0.287618548,0.9375,K_star,0.00633435857,0.00632112778,8.42676155e-05
ensemble,sparse,0,sobol-0202,0.848175962,0.244524384,0.84375,K_star,0.00473793931,0.00466993943,4.7420242e-05
ensemble,sparse,0,sobol-0204,0.292943692,0.234507469,1.5,K_star,0.0106358417,0.0108128726,0.000453022351
ensemble,sparse,0,sobol-0205,0.987654048,0.487145609,1.03125,K_star,0.00153452138,0.00154182136,4.21323038e-06
ensemble,sparse,0,sobol-0206,0.543668191,0.333924875,1.1875,K_star,0.00480700754,0.0046370101,6.90256991e-05
ensemble,sparse,0,sobol-0207,0.238363771,0.380752457,0.71875,K_star,0.00317334225,0.00319540225,1.3094613e-05
ensemble,sparse,0,sobol-0208,0.21088217,0.343979498,1.34375,K_star,0.00590183113,0.00592290511,2.82889092e-05
ensemble,sparse,0,sobol-0209,0.514967049,0.371869137,0.96875,K_star,0.00338201733,0.00311146566,8.66711069e-05
ensemble,sparse,0,sobol-0210,0.953854713,0.225666189,1.21875,K_star,0.00664555505,0.00661616409,1.73555285e-05
ensemble,sparse,0,sobol-0211,0.257925769,0.497159337,0.875,K_star,0.00198262652,0.00195298242,3.51153096e-05
ensemble,sparse,0,sobol-0212,0.406059639,0.253220048,1,K_star,0.00768284802,0.00781856792,0.000159284107
ensemble,sparse,0,sobol-0213,0.819751296,0.431004556,1.46875,K_star,0.00257390948,0.00255936501,1.57722425e-05
ensemble,sparse,0,sobol-0214,0.648926463,0.277710115,0.6875,K_star,0.00380921824,0.00397639529,0.000181500406
ensemble,sparse,0,sobol-0216,0.0384074068,0.204771612,0.78125,K_star,0.00839629119,0.00820295678,0.000153844501
ensemble,sparse,0,sobol-0217,0.749964686,0.477038291,1.125,K_star,0.00167175713,0.00165544007,1.92119217e-05
ensemble,sparse,0,sobol-0218,0.781350875,0.325575156,1.09375,K_star,0.00373966104,0.00376976863,5.3782947e-05
ensemble,sparse,0,sobol-0219,0.492891475,0.353945357,1.4375,K_star,0.00489503666,0.00482491924,5.06909516e-05
ensemble,sparse,0,sobol-0220,0.358807124,0.298018829,1.25,K_star,0.00675573127,0.00682492342,8.13975388e-05
ensemble,sparse,0,sobol-0221,0.929480937,0.420098028,0.8125,K_star,0.0018735311,0.00185938573,6.47000824e-06
ensemble,sparse,0,sobol-0222,0.601703976,0.271038527,1.34375,K_star,0.00734005511,0.00700590774,5.62775658e-05
ensemble,sparse,0,sobol-0224,0.16114141,0.310262631,0.84375,K_star,0.00521818659,0.00524414473,7.89299214e-05
ensemble,sparse,0,sobol-0227,0.370050646,0.454702046,1.3125,K_star,0.00303680363,0.00304064117,2.5061452e-05
ensemble,sparse,0,sobol-0229,0.802367652,0.464643609,0.71875,K_star,0.00132815105,0.0013023688,1.12859017e-05
ensemble,sparse,0,sobol-0230,0.728954585,0.320245232,1.5,K_star,0.00469119366,0.00473717799,4.96659281e-05
ensemble,sparse,0,sobol-0231,0.0496288752,0.367497285,1.03125,K_star,0.00456676184,0.00456592709,1.40340275e-05
ensemble,sparse,0,sobol-0232,0.0836466933,0.238496489,1.40625,K_star,0.0103574557,0.0102793133,7.83427538e-05
ensemble,sparse,0,sobol-0233,0.637716319,0.435162361,1.0625,K_star,0.00200051775,0.00193148377,3.3717641e-05
ensemble,sparse,0,sobol-0234,0.830968115,0.29362068,1.09375,K_star,0.00438730363,0.00445298242,2.76689969e-05
ensemble,sparse,0,sobol-0235,0.385054425,0.39639006,0.75,K_star,0.00281348899,0.00279094928,2.18460597e-05
ensemble,sparse,0,sobol-0238,0.526207591,0.228515998,0.8125,K_star,0.00746722038,0.00744036223,0.000255998016
ensemble,sparse,0,sobol-0239,0.189898772,0.481400023,1.28125,K_star,0.00282577086,0.00282391703,1.77892119e-05
ensemble,sparse,0,sobol-0240,0.220276086,0.219637828,1.09375,K_star,0.00976470789,0.00974850134,0.000145485997
ensemble,sparse,0,sobol-0241,0.555858473,0.49145064,1.46875,K_star,0.00167878378,0.00187315872,5.43053871e-05
ensemble,sparse,0,sobol-0242,0.97545709,0.349981164,0.75,K_star,0.00254544209,0.00254945739,2.1938636e-05
ensemble,sparse,0,sobol-0243,0.311022794,0.377604534,1.125,K_star,0.00436493666,0.00438405044,2.92208505e-05
ensemble,sparse,0,sobol-0245,0.860403318,0.405089729,0.90625,K_star,0.00218240459,0.00215385261,2.34232012e-05
ensemble,sparse,0,sobol-0246,0.670781594,0.247228469,1.28125,K_star,0.00706913536,0.00697712864,8.19393417e-05
ensemble,sparse,0,sobol-0247,0.115492427,0.425259077,0.78125,K_star,0.00276395826,0.00275115281,6.74883806e-06
ensemble,sparse,0,sobol-0248,0.0168045526,0.328976632,1.25,K_star,0.00621826846,0.00623531407,6.05606567e-05
ensemble,sparse,0,sobol-0249,0.696868138,0.357593438,0.875,K_star,0.00273482538,0.00264718661,4.32996285e-05
ensemble,sparse,0,sobol-0251,0.452003389,0.473343841,0.96875,K_star,0.00203865102,0.00190908683,5.15476557e-05
ensemble,sparse,0,sobol-0253,0.876619977,0.445856179,1.15625,K_star,0.00206621382,0.00207066173,7.38274242e-06
ensemble,sparse,0,sobol-0255,0.13173911,0.423782534,1.46875,K_star,0.0041559968,0.0041025172,3.36879194e-05
ensemble,sparse,0,edge-00,0.5,0.2,0.6875,E_star,0.00686155782,0.0118193488,0.00111062256
ensemble,sparse,0,edge-02,0.5,0.5,0.6875,E_star,0.183173681,0.175569392,0.00742919195
ensemble,sparse,0,edge-03,0.5,0.5,1.5,E_star,0.184628825,0.18665575,0.00397705604
ensemble,sparse,0,sobol-0000,0.126983422,0.235261397,0.6875,E_star,0.0412713951,0.0417224199,0.00315210207
ensemble,sparse,0,sobol-0001,0.588520205,0.488736002,1.15625,E_star,0.16659036,0.169572467,0.00612555494
ensemble,sparse,0,sobol-0002,0.880164234,0.332627441,1,E_star,0.0784481386,0.0790117734,0.00111351999
ensemble,sparse,0,sobol-0003,0.3417177,0.379705568,1.46875,E_star,0.111132212,0.0829896278,0.00984581973
ensemble,sparse,0,sobol-0005,0.768167221,0.389649241,0.875,E_star,0.105411925,0.104609689,0.0030605559
ensemble,sparse,0,sobol-0008,0.111949125,0.313490678,1.375,E_star,0.0784871247,0.0796253793,0.00097748491
ensemble,sparse,0,sobol-0009,0.666016369,0.360170461,0.90625,E_star,0.078801706,0.0736841162,0.00180448669
ensemble,sparse,0,sobol-0010,0.865161872,0.218614869,1.25,E_star,0.0341458532,0.0278224218,0.0013976549
ensemble,sparse,0,sobol-0011,0.419242935,0.471398161,0.8125,E_star,0.170555046,0.168584179,0.00787773674
ensemble,sparse,0,sobol-0012,0.307242115,0.264960088,1.09375,E_star,0.0432156168,0.0307055355,0.00247651313
ensemble,sparse,0,sobol-0013,0.970944732,0.46145202,1.4375,E_star,0.154550752,0.156410934,0.000614911171
ensemble,sparse,0,sobol-0014,0.560377501,0.303512655,0.78125,E_star,0.0150975361,0.0304355988,0.0096612566
ensemble,sparse,0,sobol-0015,0.224065346,0.406401078,1.125,E_star,0.130957124,0.131332135,0.00197121914
ensemble,sparse,0,sobol-0016,0.193930593,0.294629907,0.90625,E_star,0.0645279653,0.0693193421,0.00303923927
ensemble,sparse,0,sobol-0017,0.529507734,0.416456273,1.40625,E_star,0.0910790644,0.115677896,0.00168394029
ensemble,sparse,0,sobol-0018,0.939314023,0.274973243,0.8125,E_star,0.0556977702,0.0570787654,0.00124129716
ensemble,sparse,0,sobol-0019,0.274877344,0.452610168,1.3125,E_star,0.166688808,0.167382787,0.00238441939
ensemble,sparse,0,sobol-0020,0.389323624,0.20874733,1.4375,E_star,0.00992023077,0.0119215575,0.00170577696
ensemble,sparse,0,sobol-0022,0.634662374,0.322227236,1.125,E_star,0.0452495348,0.0374093305,0.00380809568
ensemble,sparse,0,sobol-0024,0.0529194809,0.253973287,1.1875,E_star,0.0489791582,0.0496743438,0.00168050963
ensemble,sparse,0,sobol-0025,0.732980684,0.432594493,0.6875,E_star,0.134436141,0.130980826,0.0038783496
ensemble,sparse,0,sobol-0026,0.798334875,0.276413154,1.5,E_star,0.0549010702,0.051929716,0.000743801799
ensemble,sparse,0,sobol-0027,0.478379395,0.398344896,1.03125,E_star,0.0838531096,0.0806328608,0.0091300998
ensemble,sparse,0,sobol-0028,0.373107458,0.342641177,0.84375,E_star,0.0782648813,0.0624666262,0.00808595278
ensemble,sparse,0,sobol-0029,0.912769718,0.370864278,1.21875,E_star,0.0992421468,0.098468928,0.00110047551
ensemble,sparse,0,sobol-0031,0.158093187,0.498790634,1.34375,E_star,0.210066919,0.206229174,0.0019585394
ensemble,sparse,0,sobol-0032,0.176172289,0.335991424,1.28125,E_star,0.0883554299,0.0906738416,0.00133525501
ensemble,sparse,0,sobol-0033,0.606218239,0.38339115,0.78125,E_star,0.0827829094,0.0941905609,0.00409999459
ensemble,sparse,0,sobol-0035,0.355019773,0.485079053,0.90625,E_star,0.186320927,0.184935439,0.00795669948
ensemble,sparse,0,sobol-0036,0.496436682,0.241881129,0.75,E_star,0.0110893805,0.0154616602,0.00521786983
ensemble,sparse,0,sobol-0037,0.786114194,0.438809544,1.125,E_star,0.13587053,0.136033451,0.000709963692
ensemble,sparse,0,sobol-0038,0.745208041,0.28968052,1.0625,E_star,0.0520113029,0.0457102211,0.00177693946
ensemble,sparse,0,sobol-0039,0.0348707773,0.393298399,1.46875,E_star,0.129110233,0.129689399,0.00268242674
ensemble,sparse,0,sobol-0040,0.067152882,0.21262207,1,E_star,0.032360636,0.0338143346,0.000831395883
ensemble,sparse,0,sobol-0042,0.815969667,0.319527906,0.6875,E_star,0.0740242479,0.0679928973,0.0046988588
ensemble,sparse,0,sobol-0043,0.401548238,0.365870288,1.15625,E_star,0.0890589168,0.0692842516,0.00758701447
ensemble,sparse,0,sobol-0044,0.262683366,0.309513101,1.34375,E_star,0.0712102611,0.0628915289,0.00505212229
ensemble,sparse,0,sobol-0045,0.957390383,0.412137687,0.96875,E_star,0.121765522,0.121474391,0.000586012776
ensemble,sparse,0,sobol-0046,0.511424698,0.258930507,1.25,E_star,0.012073671,0.0121347822,0.00084905056
ensemble,sparse,0,sobol-0048,0.235308868,0.268980552,1.5,E_star,0.0536235343,0.0427523236,0.00638770867
ensemble,sparse,0,sobol-0049,0.539391361,0.446865793,1.03125,E_star,0.117612719,0.130244741,0.00413041132
ensemble,sparse,0,sobol-0050,0.991924196,0.300667243,1.1875,E_star,0.0661192415,0.0643005615,0.00138356362
ensemble,sparse,0,sobol-0051,0.29599001,0.422155992,0.71875,E_star,0.14129175,0.139716513,0.000863987722
ensemble,sparse,0,sobol-0053,0.844151772,0.355998744,1.3125,E_star,0.0916081756,0.090628548,0.00119974347
ensemble,sparse,0,sobol-0055,0.10073624,0.474385302,1.21875,E_star,0.187059911,0.185224523,0.00116260398
ensemble,sparse,0,sobol-0058,0.756957077,0.250580789,0.9375,E_star,0.0354754548,0.0146393566,0.00186310149
ensemble,sparse,0,sobol-0059,0.468495291,0.428937436,1.40625,E_star,0.125715424,0.132146189,0.00169547253
ensemble,sparse,0,sobol-0062,0.577272987,0.346042051,1.40625,E_star,0.0440303777,0.0440610255,0.00215702409
ensemble,sparse,0,sobol-0063,0.147958237,0.374512971,1.0625,E_star,0.110263582,0.111683655,0.00278750296
ensemble,sparse,0,sobol-0065,0.563183321,0.395461963,1.09375,E_star,0.07031733,0.0820203876,0.00429259454
ensemble,sparse,0,sobol-0066,0.905639401,0.239280392,1.125,E_star,0.0416808642,0.0416599345,0.000468792972
ensemble,sparse,0,sobol-0067,0.320301357,0.436651255,0.75,E_star,0.150894821,0.148300407,0.00192442873
ensemble,sparse,0,sobol-0068,0.453303281,0.229334269,0.90625,E_star,0.0104420024,0.0107501491,0.00173952512
ensemble,sparse,0,sobol-0069,0.758347617,0.482996456,1.375,E_star,0.169944996,0.170328718,0.00128564801
ensemble,sparse,0,sobol-0071,0.0153902136,0.385483922,1.25,E_star,0.120115699,0.120598525,0.0020658506
ensemble,sparse,0,sobol-0072,0.102252485,0.256764628,0.875,E_star,0.0491709507,0.051393347,0.00114277272
ensemble,sparse,0,sobol-0073,0.671959332,0.453151388,1.25,E_star,0.142986757,0.141595338,0.00107602215
ensemble,sparse,0,sobol-0074,0.859355285,0.311669092,0.96875,E_star,0.0685833282,0.0696356327,0.00148114068
ensemble,sparse,0,sobol-0076,0.281782267,0.321612819,1.15625,E_star,0.0749053293,0.068034446,0.00215551329
ensemble,sparse,0,sobol-0077,0.992345758,0.368397916,0.6875,E_star,0.101998715,0.100909682,0.000935514638
ensemble,sparse,0,sobol-0078,0.5388401,0.210531597,1.46875,E_star,0.00738392957,0.00723689237,0.000351905507
ensemble,sparse,0,sobol-0079,0.249417429,0.463127248,1,E_star,0.174571382,0.172630208,0.00160900563
ensemble,sparse,0,sobol-0080,0.21534573,0.200476956,1.21875,E_star,0.025838727,0.0241483585,0.00460928577
ensemble,sparse,0,sobol-0081,0.504033744,0.472010586,0.84375,E_star,0.142500046,0.16339925,0.00690121447
ensemble,sparse,0,sobol-0082,0.964651637,0.330454082,1.3125,E_star,0.0813543632,0.0791546403,0.000920471761
ensemble,sparse,0,sobol-0083,0.253354442,0.358384207,0.9375,E_star,0.0979092395,0.100817138,0.00207868561
ensemble,sparse,0,sobol-0084,0.395251999,0.302973447,0.71875,E_star,0.0218848863,0.0500871885,0.0052966673
ensemble,sparse,0,sobol-0085,0.824333369,0.424612248,1.1875,E_star,0.128287249,0.129261378,0.00107397717
ensemble,sparse,0,sobol-0086,0.644480771,0.266673079,1,E_star,0.00924963443,0.0106593127,0.0018128061
ensemble,sparse,0,sobol-0087,0.0735483039,0.444415385,1.5,E_star,0.167361059,0.166376905,0.00218363943
ensemble,sparse,0,sobol-0088,0.0431162827,0.348419064,1.0625,E_star,0.0962217974,0.0952469613,0.00170911711
ensemble,sparse,0,sobol-0089,0.738786095,0.376747354,1.4375,E_star,0.0992012155,0.098046082,0.00132968812
ensemble,sparse,0,sobol-0090,0.792391182,0.220639205,0.71875,E_star,0.028966479,0.0152112149,0.00550102424
ensemble,sparse,0,sobol-0091,0.488076735,0.492863968,1.09375,E_star,0.175395623,0.181240792,0.00896661698
ensemble,sparse,0,sobol-0092,0.347754645,0.248122236,1.40625,E_star,0.0158059422,0.0217882423,0.00203345958
ensemble,sparse,0,sobol-0094,0.597015379,0.282225338,1.28125,E_star,0.0120512849,0.0155438291,0.000841710365
ensemble,sparse,0,sobol-0097,0.616036711,0.440044096,1.34375,E_star,0.129378729,0.131535603,0.000853571213
ensemble,sparse,0,sobol-0098,0.915277904,0.288594746,0.875,E_star,0.0604218242,0.0612930436,0.00127298912
ensemble,sparse,0,sobol-0099,0.360948193,0.39209821,1.25,E_star,0.114660328,0.108784387,0.00437016637
ensemble,sparse,0,sobol-0101,0.811451734,0.382083422,1,E_star,0.102483607,0.102334417,0.0015579653
ensemble,sparse,0,sobol-0102,0.719734126,0.233027729,1.15625,E_star,0.0130238532,0.012028512,0.000557287623
ensemble,sparse,0,sobol-0105,0.63131488,0.408708122,0.75,E_star,0.106829338,0.111997614,0.00470548001
ensemble,sparse,0,sobol-0107,0.37619538,0.459144243,1.0625,E_star,0.163113505,0.159169256,0.00567703434
ensemble,sparse,0,sobol-0110,0.517230034,0.315876409,0.875,E_star,0.0181172409,0.0194147383,0.00414044493
ensemble,sparse,0,sobol-0113,0.549072728,0.352346636,1.09375,E_star,0.0390703014,0.0382642831,0.00678790054
ensemble,sparse,0,sobol-0114,0.982104547,0.206221561,1.0625,E_star,0.0327518253,0.0322818392,0.000101116239
ensemble,sparse,0,sobol-0115,0.301811871,0.478003047,1.40625,E_star,0.188500211,0.186711776,0.0031016104
ensemble,sparse,0,sobol-0116,0.409048134,0.272380937,1.28125,E_star,0.01744737,0.0191244123,0.000903189673
ensemble,sparse,0,sobol-0117,0.869626894,0.450444592,0.8125,E_star,0.146151031,0.147184838,0.00109855591
ensemble,sparse,0,sobol-0118,0.661696306,0.297237215,1.375,E_star,0.0400882348,0.0274688698,0.00129851123
ensemble,sparse,0,sobol-0120,0.0256648026,0.224296312,1.3125,E_star,0.037949968,0.0393233237,0.00157809834
ensemble,sparse,0,sobol-0122,0.778358147,0.344733645,1.1875,E_star,0.0821208459,0.0834278599,0.00116245359
ensemble,sparse,0,sobol-0124,0.330538633,0.27857645,1.03125,E_star,0.046687085,0.0287182505,0.00237964251
ensemble,sparse,0,sobol-0125,0.885598233,0.400944059,1.5,E_star,0.119481429,0.119608066,0.000588637515
ensemble,sparse,0,sobol-0126,0.583215905,0.251815875,0.71875,E_star,0.00960738005,0.0140400376,0.00529856294
ensemble,sparse,0,sobol-0128,0.134235747,0.317929149,1.03125,E_star,0.0780939982,0.0790082864,0.0023090047
ensemble,sparse,0,sobol-0129,0.579925117,0.365049765,1.5,E_star,0.0575043073,0.0620179878,0.00289293989
ensemble,sparse,0,sobol-0130,0.888897602,0.21358679,0.71875,E_star,0.0340842503,0.025758812,0.0039411819
ensemble,sparse,0,sobol-0132,0.438760749,0.25986093,1.3125,E_star,0.0146666852,0.0147637599,0.000802598503
ensemble,sparse,0,sobol-0133,0.775301041,0.45708691,0.9375,E_star,0.147955531,0.147732559,0.00157745458
ensemble,sparse,0,sobol-0134,0.693375761,0.308026532,1.21875,E_star,0.0544540827,0.0493535879,0.00210024308
ensemble,sparse,0,sobol-0135,0.0299327513,0.411356038,0.84375,E_star,0.137125024,0.137196962,0.00256145059
ensemble,sparse,0,sobol-0136,0.118958042,0.230965834,1.28125,E_star,0.0397198929,0.0448309839,0.00253029643
ensemble,sparse,0,sobol-0137,0.65766466,0.483709213,0.8125,E_star,0.16727692,0.164951573,0.00506185771
ensemble,sparse,0,sobol-0138,0.873649951,0.337505459,1.40625,E_star,0.084495502,0.0827081568,0.00141172736
ensemble,sparse,0,sobol-0139,0.412341782,0.384145334,0.90625,E_star,0.0990444088,0.0790531863,0.00577080224
ensemble,sparse,0,sobol-0141,0.977835651,0.394164698,1.125,E_star,0.111937963,0.110492648,0.00126982967
ensemble,sparse,0,sobol-0142,0.553350213,0.240870633,1.0625,E_star,0.00934073263,0.00892888151,0.000642064276
ensemble,sparse,0,sobol-0144,0.201077765,0.249753398,0.78125,E_star,0.0444345489,0.0477620484,0.00315879007
ensemble,sparse,0,sobol-0145,0.520773637,0.427350123,1.25,E_star,0.0981385457,0.12330125,0.00181989185
ensemble,sparse,0,sobol-0146,0.94791175,0.281220362,0.90625,E_star,0.0578885747,0.0580351083,0.000734618212
ensemble,sparse,0,sobol-0147,0.267622409,0.403006533,1.375,E_star,0.13034634,0.129895712,0.00326447981
ensemble,sparse,0,sobol-0148,0.380707555,0.34737298,1.125,E_star,0.0798565513,0.0572251725,0.00567206827
ensemble,sparse,0,sobol-0149,0.841288697,0.37545026,0.78125,E_star,0.101302867,0.100070595,0.00150018955
ensemble,sparse,0,sobol-0150,0.627525438,0.222229258,1.4375,E_star,0.00681873736,0.00811183386,0.00056411755
ensemble,sparse,0,sobol-0152,0.0598237505,0.299290537,1.46875,E_star,0.0723496946,0.0721969636,0.00131639036
ensemble,sparse,0,sobol-0153,0.724489519,0.421264481,1,E_star,0.122567111,0.117638718,0.000818582784
ensemble,sparse,0,sobol-0156,0.364734769,0.203573071,0.96875,E_star,0.00989186846,0.00794788486,0.001802119
ensemble,sparse,0,sobol-0157,0.919799616,0.47594515,1.34375,E_star,0.164531239,0.164868992,0.00057455441
ensemble,sparse,0,sobol-0159,0.166571729,0.354995116,1.21875,E_star,0.0993333461,0.101139697,0.00253505869
ensemble,sparse,0,sobol-0160,0.186601333,0.21728165,1.375,E_star,0.0340123951,0.0376374316,0.00249744357
ensemble,sparse,0,sobol-0161,0.60128237,0.470458582,0.9375,E_star,0.149079445,0.153703953,0.00239452504
ensemble,sparse,0,sobol-0162,0.930032243,0.314281482,1.28125,E_star,0.0733004071,0.0710203232,0.00100751967
ensemble,sparse,0,sobol-0163,0.344698489,0.361647875,0.8125,E_star,0.0932966751,0.0878833267,0.00448824068
ensemble,sparse,0,sobol-0166,0.734761128,0.263519258,0.75,E_star,0.0387578972,0.030573923,0.00538125074
ensemble,sparse,0,sobol-0167,0.0398245445,0.460478145,1.09375,E_star,0.173463275,0.174806067,0.0010771477
ensemble,sparse,0,sobol-0168,0.0778248319,0.331770297,0.71875,E_star,0.08802799,0.0874404891,0.000993421593
ensemble,sparse,0,sobol-0170,0.821286749,0.236674761,1.03125,E_star,0.0367899004,0.0227441886,0.000595743015
ensemble,sparse,0,sobol-0171,0.390982145,0.489737342,1.5,E_star,0.195635439,0.18914705,0.00370359821
ensemble,sparse,0,sobol-0173,0.967944334,0.443396719,0.84375,E_star,0.141709951,0.14163641,0.00184406376
ensemble,sparse,0,sobol-0175,0.211315041,0.38812605,0.96875,E_star,0.118227669,0.119946061,0.00155819043
ensemble,sparse,0,sobol-0177,0.534320298,0.397004811,0.6875,E_star,0.0761075262,0.106660454,0.00377944887
ensemble,sparse,0,sobol-0178,0.996856983,0.255462147,1.5,E_star,0.0518336903,0.0503925494,0.00182284537
ensemble,sparse,0,sobol-0180,0.425511369,0.227974538,0.84375,E_star,0.0109632479,0.0154265457,0.004098946
ensemble,sparse,0,sobol-0182,0.676725212,0.34167417,0.96875,E_star,0.0689798105,0.0592314463,0.00800885303
ensemble,sparse,0,sobol-0183,0.105795131,0.369412006,1.34375,E_star,0.111123083,0.112000775,0.0017664061
ensemble,sparse,0,sobol-0184,0.0108761331,0.273422551,0.875,E_star,0.0583667812,0.057888369,0.000941707648
ensemble,sparse,0,sobol-0186,0.76213515,0.295642691,0.78125,E_star,0.0579521958,0.0566062689,0.0023335352
ensemble,sparse,0,sobol-0187,0.457824043,0.417862769,1.28125,E_star,0.118205771,0.122275521,0.00241508218
ensemble,sparse,0,sobol-0188,0.315538332,0.323127904,1.46875,E_star,0.0761212834,0.0443302913,0.00649103644
ensemble,sparse,0,sobol-0189,0.902093892,0.351630151,1.0625,E_star,0.0882008572,0.0880272615,0.00111710562
ensemble,sparse,0,sobol-0190,0.566720244,0.207231006,1.15625,E_star,0.00648244471,0.0075847028,0.000522135785
ensemble,sparse,0,sobol-0191,0.153261967,0.479336779,0.75,E_star,0.192862123,0.185492523,0.00184068212
ensemble,sparse,0,sobol-0192,0.143933088,0.260983324,1.125,E_star,0.051263518,0.0546156213,0.00157239802
ensemble,sparse,0,sobol-0193,0.573981424,0.458396961,0.75,E_star,0.137910283,0.146949586,0.00543644875
ensemble,sparse,0,sobol-0194,0.894703013,0.30686069,1.4375,E_star,0.0713806864,0.0692742243,0.00166282779
ensemble,sparse,0,sobol-0195,0.324768029,0.410084864,1.03125,E_star,0.127760032,0.123652784,0.00389240184
ensemble,sparse,0,sobol-0196,0.46421942,0.316880073,0.8125,E_star,0.0211390118,0.0341232831,0.0110150947
ensemble,sparse,0,sobol-0199,0.00457993802,0.468301742,1.40625,E_star,0.183755367,0.185107494,0.00163500086
ensemble,sparse,0,sobol-0200,0.0974351401,0.287618548,0.9375,E_star,0.0633326136,0.0644030757,0.00193991682
ensemble,sparse,0,sobol-0202,0.848175962,0.244524384,0.84375,E_star,0.0415882856,0.0330530037,0.00305343428
ensemble,sparse,0,sobol-0204,0.292943692,0.234507469,1.5,E_star,0.0329127032,0.0244701476,0.00437106447
ensemble,sparse,0,sobol-0205,0.987654048,0.487145609,1.03125,E_star,0.170213299,0.170263886,0.00067431367
ensemble,sparse,0,sobol-0206,0.543668191,0.333924875,1.1875,E_star,0.0191671633,0.0312082871,0.00258900249
ensemble,sparse,0,sobol-0207,0.238363771,0.380752457,0.71875,E_star,0.11520281,0.113589568,0.00238936869
ensemble,sparse,0,sobol-0208,0.21088217,0.343979498,1.34375,E_star,0.0923519876,0.0924577891,0.00164765467
ensemble,sparse,0,sobol-0209,0.514967049,0.371869137,0.96875,E_star,0.0504553692,0.047530878,0.0117511951
ensemble,sparse,0,sobol-0210,0.953854713,0.225666189,1.21875,E_star,0.0386509295,0.0380687571,0.000216301092
ensemble,sparse,0,sobol-0211,0.257925769,0.497159337,0.875,E_star,0.202210283,0.196991271,0.00551718985
ensemble,sparse,0,sobol-0212,0.406059639,0.253220048,1,E_star,0.0147767511,0.0115953086,0.00122250644
ensemble,sparse,0,sobol-0213,0.819751296,0.431004556,1.46875,E_star,0.135237546,0.136892548,0.000803464557
ensemble,sparse,0,sobol-0214,0.648926463,0.277710115,0.6875,E_star,0.0149528129,0.0335706059,0.00483815584
ensemble,sparse,0,sobol-0216,0.0384074068,0.204771612,0.78125,E_star,0.031055885,0.0319242605,0.00207648281
ensemble,sparse,0,sobol-0217,0.749964686,0.477038291,1.125,E_star,0.163385533,0.161337049,0.00143331728
ensemble,sparse,0,sobol-0218,0.781350875,0.325575156,1.09375,E_star,0.0717990247,0.0746568886,0.00131835936
ensemble,sparse,0,sobol-0219,0.492891475,0.353945357,1.4375,E_star,0.0252677023,0.0373224814,0.000784441711
ensemble,sparse,0,sobol-0220,0.358807124,0.298018829,1.25,E_star,0.0516441972,0.0347546478,0.00127061356
ensemble,sparse,0,sobol-0221,0.929480937,0.420098028,0.8125,E_star,0.127448875,0.12770979,0.00107291416
ensemble,sparse,0,sobol-0222,0.601703976,0.271038527,1.34375,E_star,0.0109832761,0.0127578672,0.000441892683
ensemble,sparse,0,sobol-0224,0.16114141,0.310262631,0.84375,E_star,0.0733784379,0.07782258,0.00456755911
ensemble,sparse,0,sobol-0227,0.370050646,0.454702046,1.3125,E_star,0.162586557,0.164215009,0.00381010654
ensemble,sparse,0,sobol-0229,0.802367652,0.464643609,0.71875,E_star,0.158192017,0.156027605,0.00269077622
ensemble,sparse,0,sobol-0230,0.728954585,0.320245232,1.5,E_star,0.0693273718,0.0657573094,0.00165089162
ensemble,sparse,0,sobol-0231,0.0496288752,0.367497285,1.03125,E_star,0.106968707,0.107221987,0.00222567299
ensemble,sparse,0,sobol-0232,0.0836466933,0.238496489,1.40625,E_star,0.0441732683,0.0467680706,0.0031664294
ensemble,sparse,0,sobol-0233,0.637716319,0.435162361,1.0625,E_star,0.12388038,0.119127672,0.00184219777
ensemble,sparse,0,sobol-0234,0.830968115,0.29362068,1.09375,E_star,0.0600031891,0.0618416432,0.00102819244
ensemble,sparse,0,sobol-0235,0.385054425,0.39639006,0.75,E_star,0.1145961,0.115611241,0.00450727124
ensemble,sparse,0,sobol-0238,0.526207591,0.228515998,0.8125,E_star,0.0088088546,0.0123395956,0.00384348135
ensemble,sparse,0,sobol-0239,0.189898772,0.481400023,1.28125,E_star,0.193560422,0.1907565,0.00138240382
ensemble,sparse,0,sobol-0240,0.220276086,0.219637828,1.09375,E_star,0.0320013107,0.0267274066,0.00178760051
ensemble,sparse,0,sobol-0241,0.555858473,0.49145064,1.46875,E_star,0.172382224,0.176066876,0.00224809546
ensemble,sparse,0,sobol-0242,0.97545709,0.349981164,0.75,E_star,0.088750399,0.09030837,0.000775183198
ensemble,sparse,0,sobol-0243,0.311022794,0.377604534,1.125,E_star,0.106448617,0.103963434,0.00628044828
ensemble,sparse,0,sobol-0245,0.860403318,0.405089729,0.90625,E_star,0.116976161,0.117444621,0.00155367377
ensemble,sparse,0,sobol-0246,0.670781594,0.247228469,1.28125,E_star,0.00742372492,0.0125138539,0.000698796884
ensemble,sparse,0,sobol-0247,0.115492427,0.425259077,0.78125,E_star,0.147569478,0.148039094,0.0020772206
ensemble,sparse,0,sobol-0248,0.0168045526,0.328976632,1.25,E_star,0.084865451,0.0847498214,0.00172819264
ensemble,sparse,0,sobol-0249,0.696868138,0.357593438,0.875,E_star,0.0823595801,0.0802301411,0.00379886401
ensemble,sparse,0,sobol-0251,0.452003389,0.473343841,0.96875,E_star,0.16763262,0.166694899,0.00818516869
ensemble,sparse,0,sobol-0253,0.876619977,0.445856179,1.15625,E_star,0.141930156,0.143459775,0.00128003338
ensemble,sparse,0,sobol-0255,0.13173911,0.423782534,1.46875,E_star,0.150664833,0.14951428,0.00221765295
cnn,sparse,0,edge-00,0.5,0.2,0.6875,K_star,0.00789495057,0.00734881854,0.000204985784
cnn,sparse,0,edge-02,0.5,0.5,0.6875,K_star,0.00104821758,0.0012768332,3.20865908e-05
cnn,sparse,0,edge-03,0.5,0.5,1.5,K_star,0.00178250916,0.00218977934,6.60297523e-05
cnn,sparse,0,sobol-0000,0.126983422,0.235261397,0.6875,K_star,0.00643633572,0.00640255908,0.00012424865
cnn,sparse,0,sobol-0001,0.588520205,0.488736002,1.15625,K_star,0.00148664495,0.00169275905,4.83086663e-05
cnn,sparse,0,sobol-0002,0.880164234,0.332627441,1,K_star,0.00339848317,0.0034602158,0.000115201629
cnn,sparse,0,sobol-0003,0.3417177,0.379705568,1.46875,K_star,0.00490733219,0.0049819323,0.000111545617
cnn,sparse,0,sobol-0005,0.768167221,0.389649241,0.875,K_star,0.00229793852,0.00234313463,8.07359431e-05
cnn,sparse,0,sobol-0008,0.111949125,0.313490678,1.375,K_star,0.00703478761,0.00702655727,0.000163276311
cnn,sparse,0,sobol-0009,0.666016369,0.360170461,0.90625,K_star,0.00276992932,0.0027831909,8.73615522e-05
cnn,sparse,0,sobol-0010,0.865161872,0.218614869,1.25,K_star,0.00704992583,0.0070472536,0.000251835707
cnn,sparse,0,sobol-0011,0.419242935,0.471398161,0.8125,K_star,0.00190520979,0.0019359827,4.11569486e-05
cnn,sparse,0,sobol-0012,0.307242115,0.264960088,1.09375,K_star,0.00757964712,0.00761256949,0.000178354942
cnn,sparse,0,sobol-0013,0.970944732,0.46145202,1.4375,K_star,0.00216886295,0.00211598446,5.95770146e-05
cnn,sparse,0,sobol-0014,0.560377501,0.303512655,0.78125,K_star,0.00431613507,0.00414982144,0.000148295644
cnn,sparse,0,sobol-0015,0.224065346,0.406401078,1.125,K_star,0.00387924638,0.00390770431,7.68807659e-05
cnn,sparse,0,sobol-0016,0.193930593,0.294629907,0.90625,K_star,0.00592833755,0.0058118862,0.000150360709
cnn,sparse,0,sobol-0017,0.529507734,0.416456273,1.40625,K_star,0.00307845938,0.0030393055,8.25491115e-05
cnn,sparse,0,sobol-0018,0.939314023,0.274973243,0.8125,K_star,0.00393004449,0.00400412295,0.00014714218
cnn,sparse,0,sobol-0019,0.274877344,0.452610168,1.3125,K_star,0.00325988156,0.00325640751,6.22516808e-05
cnn,sparse,0,sobol-0020,0.389323624,0.20874733,1.4375,K_star,0.0125608642,0.0126242985,0.000281400214
cnn,sparse,0,sobol-0022,0.634662374,0.322227236,1.125,K_star,0.00405640728,0.00412372069,0.000148436589
cnn,sparse,0,sobol-0024,0.0529194809,0.253973287,1.1875,K_star,0.00872569601,0.00855596598,0.000181524666
cnn,sparse,0,sobol-0025,0.732980684,0.432594493,0.6875,K_star,0.00151561796,0.0015589383,4.9759621e-05
cnn,sparse,0,sobol-0026,0.798334875,0.276413154,1.5,K_star,0.00585290754,0.00589224286,0.000223014884
cnn,sparse,0,sobol-0027,0.478379395,0.398344896,1.03125,K_star,0.00310785635,0.00304500919,7.59386678e-05
cnn,sparse,0,sobol-0028,0.373107458,0.342641177,0.84375,K_star,0.00412328884,0.00409215091,9.59911982e-05
cnn,sparse,0,sobol-0029,0.912769718,0.370864278,1.21875,K_star,0.00317640794,0.00321187123,0.00011154062
cnn,sparse,0,sobol-0031,0.158093187,0.498790634,1.34375,K_star,0.00264807335,0.00261516624,4.79442496e-05
cnn,sparse,0,sobol-0032,0.176172289,0.335991424,1.28125,K_star,0.00601752549,0.00600568318,0.000146017388
cnn,sparse,0,sobol-0033,0.606218239,0.38339115,0.78125,K_star,0.00221307848,0.00224021939,6.86600464e-05
cnn,sparse,0,sobol-0035,0.355019773,0.485079053,0.90625,K_star,0.00205551737,0.00205673265,4.27879979e-05
cnn,sparse,0,sobol-0036,0.496436682,0.241881129,0.75,K_star,0.00655103266,0.00620505449,0.000164062189
cnn,sparse,0,sobol-0037,0.786114194,0.438809544,1.125,K_star,0.00208871328,0.00207751677,6.06695145e-05
cnn,sparse,0,sobol-0038,0.745208041,0.28968052,1.0625,K_star,0.00445356528,0.00450859081,0.00016370912
cnn,sparse,0,sobol-0039,0.0348707773,0.393298399,1.46875,K_star,0.00488975523,0.00504543702,0.000103406111
cnn,sparse,0,sobol-0040,0.067152882,0.21262207,1,K_star,0.00966058488,0.0094264414,0.000198524228
cnn,sparse,0,sobol-0042,0.815969667,0.319527906,0.6875,K_star,0.00278492898,0.00286597964,0.000134558864
cnn,sparse,0,sobol-0043,0.401548238,0.365870288,1.15625,K_star,0.00442915233,0.0043944499,0.000103636846
cnn,sparse,0,sobol-0044,0.262683366,0.309513101,1.34375,K_star,0.00693416136,0.00694069696,0.000163767232
cnn,sparse,0,sobol-0045,0.957390383,0.412137687,0.96875,K_star,0.0022097649,0.00223072375,8.12922918e-05
cnn,sparse,0,sobol-0046,0.511424698,0.258930507,1.25,K_star,0.0082932309,0.00811233602,0.000246489822
cnn,sparse,0,sobol-0048,0.235308868,0.268980552,1.5,K_star,0.00904135013,0.00918067309,0.000216481925
cnn,sparse,0,sobol-0049,0.539391361,0.446865793,1.03125,K_star,0.00185921206,0.00201088289,5.49000603e-05
cnn,sparse,0,sobol-0050,0.991924196,0.300667243,1.1875,K_star,0.00445556847,0.00451619835,0.000158666433
cnn,sparse,0,sobol-0051,0.29599001,0.422155992,0.71875,K_star,0.00251050083,0.00254899838,6.70984749e-05
cnn,sparse,0,sobol-0053,0.844151772,0.355998744,1.3125,K_star,0.00358181498,0.00361356778,0.000116724529
cnn,sparse,0,sobol-0055,0.10073624,0.474385302,1.21875,K_star,0.00289626837,0.00285182939,5.17105336e-05
cnn,sparse,0,sobol-0058,0.756957077,0.250580789,0.9375,K_star,0.00504543462,0.00516497979,0.000180376229
cnn,sparse,0,sobol-0059,0.468495291,0.428937436,1.40625,K_star,0.00318328281,0.00322531759,7.43014513e-05
cnn,sparse,0,sobol-0062,0.577272987,0.346042051,1.40625,K_star,0.00451424417,0.00447484767,0.000135801818
cnn,sparse,0,sobol-0063,0.147958237,0.374512971,1.0625,K_star,0.00446568765,0.0044784924,9.8311613e-05
cnn,sparse,0,sobol-0065,0.563183321,0.395461963,1.09375,K_star,0.00267251382,0.0027522487,8.06537841e-05
cnn,sparse,0,sobol-0066,0.905639401,0.239280392,1.125,K_star,0.00588630373,0.00586942027,0.000243793061
cnn,sparse,0,sobol-0067,0.320301357,0.436651255,0.75,K_star,0.00238169382,0.00238432121,5.36896609e-05
cnn,sparse,0,sobol-0068,0.453303281,0.229334269,0.90625,K_star,0.00827266781,0.00790609626,0.000197935644
cnn,sparse,0,sobol-0069,0.758347617,0.482996456,1.375,K_star,0.00182915909,0.00185377045,5.46233585e-05
cnn,sparse,0,sobol-0071,0.0153902136,0.385483922,1.25,K_star,0.00469023732,0.00475465928,9.58103384e-05
cnn,sparse,0,sobol-0072,0.102252485,0.256764628,0.875,K_star,0.00703014766,0.00685881776,0.000149763007
cnn,sparse,0,sobol-0073,0.671959332,0.453151388,1.25,K_star,0.00200994161,0.00205182177,5.66332269e-05
cnn,sparse,0,sobol-0074,0.859355285,0.311669092,0.96875,K_star,0.00369427701,0.00376356432,0.000134257015
cnn,sparse,0,sobol-0076,0.281782267,0.321612819,1.15625,K_star,0.00595242977,0.00591422553,0.000154065431
cnn,sparse,0,sobol-0077,0.992345758,0.368397916,0.6875,K_star,0.00216568238,0.00226016003,8.51290636e-05
cnn,sparse,0,sobol-0078,0.5388401,0.210531597,1.46875,K_star,0.0120434336,0.0118367101,0.000349146388
cnn,sparse,0,sobol-0079,0.249417429,0.463127248,1,K_star,0.00264618363,0.00260761729,5.13787021e-05
cnn,sparse,0,sobol-0080,0.21534573,0.200476956,1.21875,K_star,0.0115364205,0.0115763579,0.000238836152
cnn,sparse,0,sobol-0081,0.504033744,0.472010586,0.84375,K_star,0.00159264807,0.00168830441,4.01845268e-05
cnn,sparse,0,sobol-0082,0.964651637,0.330454082,1.3125,K_star,0.00409178934,0.00411743368,0.000138592895
cnn,sparse,0,sobol-0083,0.253354442,0.358384207,0.9375,K_star,0.00436467164,0.00432489435,9.71611116e-05
cnn,sparse,0,sobol-0084,0.395251999,0.302973447,0.71875,K_star,0.00437054885,0.00442721226,0.000110442214
cnn,sparse,0,sobol-0085,0.824333369,0.424612248,1.1875,K_star,0.00234735019,0.00233195549,7.04674044e-05
cnn,sparse,0,sobol-0086,0.644480771,0.266673079,1,K_star,0.00555318283,0.00575436443,0.000211409893
cnn,sparse,0,sobol-0087,0.0735483039,0.444415385,1.5,K_star,0.00378444099,0.00386188246,7.86223601e-05
cnn,sparse,0,sobol-0088,0.0431162827,0.348419064,1.0625,K_star,0.00511612931,0.0050889537,0.000131952138
cnn,sparse,0,sobol-0089,0.738786095,0.376747354,1.4375,K_star,0.00338241896,0.00336921254,0.000107969951
cnn,sparse,0,sobol-0090,0.792391182,0.220639205,0.71875,K_star,0.00484762198,0.00499417505,0.000172128981
cnn,sparse,0,sobol-0091,0.488076735,0.492863968,1.09375,K_star,0.0017453195,0.0019071251,4.29812196e-05
cnn,sparse,0,sobol-0092,0.347754645,0.248122236,1.40625,K_star,0.00951011328,0.00996675259,0.000239214226
cnn,sparse,0,sobol-0094,0.597015379,0.282225338,1.28125,K_star,0.00666479776,0.00656460516,0.000235294316
cnn,sparse,0,sobol-0097,0.616036711,0.440044096,1.34375,K_star,0.00224598368,0.00230610988,6.668184e-05
cnn,sparse,0,sobol-0098,0.915277904,0.288594746,0.875,K_star,0.00386142009,0.00394946666,0.000143745584
cnn,sparse,0,sobol-0099,0.360948193,0.39209821,1.25,K_star,0.00419087288,0.00416873002,8.92998318e-05
cnn,sparse,0,sobol-0101,0.811451734,0.382083422,1,K_star,0.00262195285,0.00267264477,9.18921196e-05
cnn,sparse,0,sobol-0102,0.719734126,0.233027729,1.15625,K_star,0.00663096664,0.00704290106,0.000251050025
cnn,sparse,0,sobol-0105,0.63131488,0.408708122,0.75,K_star,0.00182901862,0.00188370141,5.83229732e-05
cnn,sparse,0,sobol-0107,0.37619538,0.459144243,1.0625,K_star,0.00260330944,0.00258312656,5.519834e-05
cnn,sparse,0,sobol-0110,0.517230034,0.315876409,0.875,K_star,0.00454273213,0.00432365112,0.000144010764
cnn,sparse,0,sobol-0113,0.549072728,0.352346636,1.09375,K_star,0.00401201975,0.00381142224,0.00011230975
cnn,sparse,0,sobol-0114,0.982104547,0.206221561,1.0625,K_star,0.00671962358,0.00662904877,0.000250616191
cnn,sparse,0,sobol-0115,0.301811871,0.478003047,1.40625,K_star,0.00289581609,0.00291488289,5.6149509e-05
cnn,sparse,0,sobol-0116,0.409048134,0.272380937,1.28125,K_star,0.00791888313,0.00804956226,0.000207924555
cnn,sparse,0,sobol-0117,0.869626894,0.450444592,0.8125,K_star,0.00158272735,0.00158136446,4.68205208e-05
cnn,sparse,0,sobol-0118,0.661696306,0.297237215,1.375,K_star,0.00518077537,0.00540212832,0.000225654331
cnn,sparse,0,sobol-0120,0.0256648026,0.224296312,1.3125,K_star,0.010732385,0.0106375131,0.000217092322
cnn,sparse,0,sobol-0122,0.778358147,0.344733645,1.1875,K_star,0.00357394881,0.00358981227,0.000117278314
cnn,sparse,0,sobol-0124,0.330538633,0.27857645,1.03125,K_star,0.0067447418,0.00677762816,0.000169602847
cnn,sparse,0,sobol-0125,0.885598233,0.400944059,1.5,K_star,0.00307314954,0.00305697415,9.38021527e-05
cnn,sparse,0,sobol-0126,0.583215905,0.251815875,0.71875,K_star,0.00557664499,0.00531507111,0.000169526264
cnn,sparse,0,sobol-0128,0.134235747,0.317929149,1.03125,K_star,0.00581400754,0.00571225082,0.000158717497
cnn,sparse,0,sobol-0129,0.579925117,0.365049765,1.5,K_star,0.00394005962,0.00400206566,0.000125338745
cnn,sparse,0,sobol-0130,0.888897602,0.21358679,0.71875,K_star,0.00494061404,0.00495912859,0.000175647355
cnn,sparse,0,sobol-0132,0.438760749,0.25986093,1.3125,K_star,0.00868180789,0.00870139282,0.000231162898
cnn,sparse,0,sobol-0133,0.775301041,0.45708691,0.9375,K_star,0.00166903581,0.00167154329,4.82901767e-05
cnn,sparse,0,sobol-0134,0.693375761,0.308026532,1.21875,K_star,0.00445944952,0.00451354621,0.000166713371
cnn,sparse,0,sobol-0135,0.0299327513,0.411356038,0.84375,K_star,0.00317023825,0.00321493059,6.43485463e-05
cnn,sparse,0,sobol-0136,0.118958042,0.230965834,1.28125,K_star,0.0102077388,0.0101385372,0.000207638726
cnn,sparse,0,sobol-0137,0.65766466,0.483709213,0.8125,K_star,0.0012423822,0.00133472347,3.66202623e-05
cnn,sparse,0,sobol-0138,0.873649951,0.337505459,1.40625,K_star,0.00411240304,0.00413198903,0.000136960939
cnn,sparse,0,sobol-0139,0.412341782,0.384145334,0.90625,K_star,0.0033801861,0.00333479213,7.67040044e-05
cnn,sparse,0,sobol-0141,0.977835651,0.394164698,1.125,K_star,0.00267550897,0.00270907796,0.00010234054
cnn,sparse,0,sobol-0142,0.553350213,0.240870633,1.0625,K_star,0.00818129013,0.0078063367,0.000237913157
cnn,sparse,0,sobol-0144,0.201077765,0.249753398,0.78125,K_star,0.00661004741,0.00654210449,0.000136653832
cnn,sparse,0,sobol-0145,0.520773637,0.427350123,1.25,K_star,0.00273222355,0.00269711544,7.05594696e-05
cnn,sparse,0,sobol-0146,0.94791175,0.281220362,0.90625,K_star,0.00410051422,0.00418719567,0.000152588225
cnn,sparse,0,sobol-0147,0.267622409,0.403006533,1.375,K_star,0.00435789879,0.00443433873,9.21377051e-05
cnn,sparse,0,sobol-0148,0.380707555,0.34737298,1.125,K_star,0.00487992352,0.00484892221,0.000117785928
cnn,sparse,0,sobol-0149,0.841288697,0.37545026,0.78125,K_star,0.00229077022,0.00236839699,8.11291907e-05
cnn,sparse,0,sobol-0150,0.627525438,0.222229258,1.4375,K_star,0.0102631545,0.0101172619,0.000326212166
cnn,sparse,0,sobol-0152,0.0598237505,0.299290537,1.46875,K_star,0.00782373214,0.00782709043,0.000175600126
cnn,sparse,0,sobol-0153,0.724489519,0.421264481,1,K_star,0.00211399559,0.00212593875,6.76739792e-05
cnn,sparse,0,sobol-0156,0.364734769,0.203573071,0.96875,K_star,0.0102094198,0.00985822745,0.0002229302
cnn,sparse,0,sobol-0157,0.919799616,0.47594515,1.34375,K_star,0.00192331694,0.00187712784,5.48206312e-05
cnn,sparse,0,sobol-0159,0.166571729,0.354995116,1.21875,K_star,0.00533467435,0.00533893517,0.000129852543
cnn,sparse,0,sobol-0160,0.186601333,0.21728165,1.375,K_star,0.0113309078,0.0114348081,0.000231334638
cnn,sparse,0,sobol-0161,0.60128237,0.470458582,0.9375,K_star,0.00146649297,0.00159554313,4.3872527e-05
cnn,sparse,0,sobol-0162,0.930032243,0.314281482,1.28125,K_star,0.00436971196,0.00440797432,0.000152674162
cnn,sparse,0,sobol-0163,0.344698489,0.361647875,0.8125,K_star,0.00369620117,0.00367641959,8.29487222e-05
cnn,sparse,0,sobol-0166,0.734761128,0.263519258,0.75,K_star,0.00403430665,0.00415438513,0.000147111164
cnn,sparse,0,sobol-0167,0.0398245445,0.460478145,1.09375,K_star,0.00294462217,0.00288963718,5.23415764e-05
cnn,sparse,0,sobol-0168,0.0778248319,0.331770297,0.71875,K_star,0.00413116228,0.00417823389,9.88202734e-05
cnn,sparse,0,sobol-0170,0.821286749,0.236674761,1.03125,K_star,0.00570688217,0.00574472238,0.000210341603
cnn,sparse,0,sobol-0171,0.390982145,0.489737342,1.5,K_star,0.00259333679,0.00270599609,5.31093625e-05
cnn,sparse,0,sobol-0173,0.967944334,0.443396719,0.84375,K_star,0.00170290319,0.00169199226,5.02886165e-05
cnn,sparse,0,sobol-0175,0.211315041,0.38812605,0.96875,K_star,0.00387721298,0.00389384764,7.72528547e-05
cnn,sparse,0,sobol-0177,0.534320298,0.397004811,0.6875,K_star,0.00215909182,0.00209258391,6.29793843e-05
cnn,sparse,0,sobol-0178,0.996856983,0.255462147,1.5,K_star,0.00645455797,0.00645122602,0.000255988617
cnn,sparse,0,sobol-0180,0.425511369,0.227974538,0.84375,K_star,0.00796676262,0.00763460564,0.000185934831
cnn,sparse,0,sobol-0182,0.676725212,0.34167417,0.96875,K_star,0.00320737194,0.00321369774,0.000107667979
cnn,sparse,0,sobol-0183,0.105795131,0.369412006,1.34375,K_star,0.00525716121,0.00534235441,0.000117360076
cnn,sparse,0,sobol-0184,0.0108761331,0.273422551,0.875,K_star,0.00650143118,0.00631094297,0.000144172392
cnn,sparse,0,sobol-0186,0.76213515,0.295642691,0.78125,K_star,0.00347453555,0.0035372601,0.000139943094
cnn,sparse,0,sobol-0187,0.457824043,0.417862769,1.28125,K_star,0.00328313251,0.00329502848,7.67926549e-05
cnn,sparse,0,sobol-0188,0.315538332,0.323127904,1.46875,K_star,0.00664428626,0.00676359226,0.000160489475
cnn,sparse,0,sobol-0189,0.902093892,0.351630151,1.0625,K_star,0.00320476099,0.00326621117,0.000106338291
cnn,sparse,0,sobol-0190,0.566720244,0.207231006,1.15625,K_star,0.0105688389,0.0100649342,0.000283204322
cnn,sparse,0,sobol-0191,0.153261967,0.479336779,0.75,K_star,0.00198792279,0.00197296447,3.82363439e-05
cnn,sparse,0,sobol-0192,0.143933088,0.260983324,1.125,K_star,0.0081272184,0.00798264898,0.00018127317
cnn,sparse,0,sobol-0193,0.573981424,0.458396961,0.75,K_star,0.00134003674,0.00147076742,4.12862564e-05
cnn,sparse,0,sobol-0194,0.894703013,0.30686069,1.4375,K_star,0.00486476756,0.00489129064,0.000173186861
cnn,sparse,0,sobol-0195,0.324768029,0.410084864,1.03125,K_star,0.00346601212,0.00344228985,6.85428528e-05
cnn,sparse,0,sobol-0196,0.46421942,0.316880073,0.8125,K_star,0.00438286274,0.00426585337,0.000127623532
cnn,sparse,0,sobol-0199,0.00457993802,0.468301742,1.40625,K_star,0.00323899327,0.00324234663,6.17743669e-05
cnn,sparse,0,sobol-0200,0.0974351401,0.287618548,0.9375,K_star,0.00633435857,0.00618197345,0.000158687274
cnn,sparse,0,sobol-0202,0.848175962,0.244524384,0.84375,K_star,0.00473793931,0.00476946334,0.00018233284
cnn,sparse,0,sobol-0204,0.292943692,0.234507469,1.5,K_star,0.0106358417,0.0110990495,0.000260891247
cnn,sparse,0,sobol-0205,0.987654048,0.487145609,1.03125,K_star,0.00153452138,0.00150403257,4.16664399e-05
cnn,sparse,0,sobol-0206,0.543668191,0.333924875,1.1875,K_star,0.00480700754,0.00461377016,0.000139218705
cnn,sparse,0,sobol-0207,0.238363771,0.380752457,0.71875,K_star,0.00317334225,0.00323024315,7.83813766e-05
cnn,sparse,0,sobol-0208,0.21088217,0.343979498,1.34375,K_star,0.00590183113,0.00591976683,0.000137233715
cnn,sparse,0,sobol-0209,0.514967049,0.371869137,0.96875,K_star,0.00338201733,0.00323386226,8.79143939e-05
cnn,sparse,0,sobol-0210,0.953854713,0.225666189,1.21875,K_star,0.00664555505,0.00656536005,0.000262424984
cnn,sparse,0,sobol-0211,0.257925769,0.497159337,0.875,K_star,0.00198262652,0.00194724036,3.9988294e-05
cnn,sparse,0,sobol-0212,0.406059639,0.253220048,1,K_star,0.00768284802,0.00755992977,0.000189131975
cnn,sparse,0,sobol-0213,0.819751296,0.431004556,1.46875,K_star,0.00257390948,0.0025398194,7.17893823e-05
cnn,sparse,0,sobol-0214,0.648926463,0.277710115,0.6875,K_star,0.00380921824,0.00399528309,0.000164152091
cnn,sparse,0,sobol-0216,0.0384074068,0.204771612,0.78125,K_star,0.00839629119,0.00821313972,0.000165014508
cnn,sparse,0,sobol-0217,0.749964686,0.477038291,1.125,K_star,0.00167175713,0.00169054729,4.56936278e-05
cnn,sparse,0,sobol-0218,0.781350875,0.325575156,1.09375,K_star,0.00373966104,0.00377159648,0.000129791966
cnn,sparse,0,sobol-0219,0.492891475,0.353945357,1.4375,K_star,0.00489503666,0.00482792003,0.00013082406
cnn,sparse,0,sobol-0220,0.358807124,0.298018829,1.25,K_star,0.00675573127,0.00688363766,0.000172480655
cnn,sparse,0,sobol-0221,0.929480937,0.420098028,0.8125,K_star,0.0018735311,0.00189974605,6.54174497e-05
cnn,sparse,0,sobol-0222,0.601703976,0.271038527,1.34375,K_star,0.00734005511,0.00724763102,0.000266379548
cnn,sparse,0,sobol-0224,0.16114141,0.310262631,0.84375,K_star,0.00521818659,0.00514606628,0.000138625531
cnn,sparse,0,sobol-0227,0.370050646,0.454702046,1.3125,K_star,0.00303680363,0.00303975369,6.16313587e-05
cnn,sparse,0,sobol-0229,0.802367652,0.464643609,0.71875,K_star,0.00132815105,0.00133912126,3.83117191e-05
cnn,sparse,0,sobol-0230,0.728954585,0.320245232,1.5,K_star,0.00469119366,0.00468193607,0.000172489125
cnn,sparse,0,sobol-0231,0.0496288752,0.367497285,1.03125,K_star,0.00456676184,0.00456761704,9.86602515e-05
cnn,sparse,0,sobol-0232,0.0836466933,0.238496489,1.40625,K_star,0.0103574557,0.0103268915,0.000223252839
cnn,sparse,0,sobol-0233,0.637716319,0.435162361,1.0625,K_star,0.00200051775,0.00204523239,5.91442211e-05
cnn,sparse,0,sobol-0234,0.830968115,0.29362068,1.09375,K_star,0.00438730363,0.00444637948,0.000159430648
cnn,sparse,0,sobol-0235,0.385054425,0.39639006,0.75,K_star,0.00281348899,0.00280963399,7.3835035e-05
cnn,sparse,0,sobol-0238,0.526207591,0.228515998,0.8125,K_star,0.00746722038,0.00702451868,0.000189496736
cnn,sparse,0,sobol-0239,0.189898772,0.481400023,1.28125,K_star,0.00282577086,0.00279189046,5.2212168e-05
cnn,sparse,0,sobol-0240,0.220276086,0.219637828,1.09375,K_star,0.00976470789,0.00971847404,0.000208694686
cnn,sparse,0,sobol-0241,0.555858473,0.49145064,1.46875,K_star,0.00167878378,0.00199464622,7.2342133e-05
cnn,sparse,0,sobol-0242,0.97545709,0.349981164,0.75,K_star,0.00254544209,0.00263142137,9.52812567e-05
cnn,sparse,0,sobol-0243,0.311022794,0.377604534,1.125,K_star,0.00436493666,0.00434631009,9.26620409e-05
cnn,sparse,0,sobol-0245,0.860403318,0.405089729,0.90625,K_star,0.00218240459,0.00221947042,7.71112344e-05
cnn,sparse,0,sobol-0246,0.670781594,0.247228469,1.28125,K_star,0.00706913536,0.00743295126,0.000282664622
cnn,sparse,0,sobol-0247,0.115492427,0.425259077,0.78125,K_star,0.00276395826,0.00280611772,6.26018411e-05
cnn,sparse,0,sobol-0248,0.0168045526,0.328976632,1.25,K_star,0.00621826846,0.00619191363,0.000169844561
cnn,sparse,0,sobol-0249,0.696868138,0.357593438,0.875,K_star,0.00273482538,0.0027542327,8.75646598e-05
cnn,sparse,0,sobol-0251,0.452003389,0.473343841,0.96875,K_star,0.00203865102,0.00207194522,4.73916719e-05
cnn,sparse,0,sobol-0253,0.876619977,0.445856179,1.15625,K_star,0.00206621382,0.00203239174,5.73344688e-05
cnn,sparse,0,sobol-0255,0.13173911,0.423782534,1.46875,K_star,0.0041559968,0.00426937563,8.59384186e-05
cnn,sparse,0,edge-00,0.5,0.2,0.6875,E_star,0.00686155782,0.00613992805,0.0012508325
cnn,sparse,0,edge-02,0.5,0.5,0.6875,E_star,0.183173681,0.188825601,0.00458791528
cnn,sparse,0,edge-03,0.5,0.5,1.5,E_star,0.184628825,0.192825807,0.00605809845
cnn,sparse,0,sobol-0000,0.126983422,0.235261397,0.6875,E_star,0.0412713951,0.0441984193,0.00458579609
cnn,sparse,0,sobol-0001,0.588520205,0.488736002,1.15625,E_star,0.16659036,0.172002099,0.0044005979
cnn,sparse,0,sobol-0002,0.880164234,0.332627441,1,E_star,0.0784481386,0.0800050314,0.00669689945
cnn,sparse,0,sobol-0003,0.3417177,0.379705568,1.46875,E_star,0.111132212,0.0954285285,0.00651282784
cnn,sparse,0,sobol-0005,0.768167221,0.389649241,0.875,E_star,0.105411925,0.105215798,0.00535475789
cnn,sparse,0,sobol-0008,0.111949125,0.313490678,1.375,E_star,0.0784871247,0.0769687102,0.00742062766
cnn,sparse,0,sobol-0009,0.666016369,0.360170461,0.90625,E_star,0.078801706,0.0798825523,0.00537457324
cnn,sparse,0,sobol-0010,0.865161872,0.218614869,1.25,E_star,0.0341458532,0.0307738531,0.00514387562
cnn,sparse,0,sobol-0011,0.419242935,0.471398161,0.8125,E_star,0.170555046,0.169047376,0.00469374608
cnn,sparse,0,sobol-0012,0.307242115,0.264960088,1.09375,E_star,0.0432156168,0.0359033783,0.00437346485
cnn,sparse,0,sobol-0013,0.970944732,0.46145202,1.4375,E_star,0.154550752,0.15311432,0.00445625537
cnn,sparse,0,sobol-0014,0.560377501,0.303512655,0.78125,E_star,0.0150975361,0.0178331643,0.00298465349
cnn,sparse,0,sobol-0015,0.224065346,0.406401078,1.125,E_star,0.130957124,0.131459082,0.00698578731
cnn,sparse,0,sobol-0016,0.193930593,0.294629907,0.90625,E_star,0.0645279653,0.0668694625,0.00637753972
cnn,sparse,0,sobol-0017,0.529507734,0.416456273,1.40625,E_star,0.0910790644,0.102645708,0.00671684847
cnn,sparse,0,sobol-0018,0.939314023,0.274973243,0.8125,E_star,0.0556977702,0.0589012939,0.00780883696
cnn,sparse,0,sobol-0019,0.274877344,0.452610168,1.3125,E_star,0.166688808,0.16730233,0.00583087514
cnn,sparse,0,sobol-0020,0.389323624,0.20874733,1.4375,E_star,0.00992023077,0.00923912385,0.00169338469
cnn,sparse,0,sobol-0022,0.634662374,0.322227236,1.125,E_star,0.0452495348,0.0357886736,0.00438916784
cnn,sparse,0,sobol-0024,0.0529194809,0.253973287,1.1875,E_star,0.0489791582,0.0504476181,0.00545991682
cnn,sparse,0,sobol-0025,0.732980684,0.432594493,0.6875,E_star,0.134436141,0.131553859,0.00525067393
cnn,sparse,0,sobol-0026,0.798334875,0.276413154,1.5,E_star,0.0549010702,0.0469887454,0.00684516359
cnn,sparse,0,sobol-0027,0.478379395,0.398344896,1.03125,E_star,0.0838531096,0.085987321,0.00513207484
cnn,sparse,0,sobol-0028,0.373107458,0.342641177,0.84375,E_star,0.0782648813,0.065096192,0.00586663359
cnn,sparse,0,sobol-0029,0.912769718,0.370864278,1.21875,E_star,0.0992421468,0.0986306697,0.00585375815
cnn,sparse,0,sobol-0031,0.158093187,0.498790634,1.34375,E_star,0.210066919,0.209962404,0.00468596092
cnn,sparse,0,sobol-0032,0.176172289,0.335991424,1.28125,E_star,0.0883554299,0.08702045,0.00763709424
cnn,sparse,0,sobol-0033,0.606218239,0.38339115,0.78125,E_star,0.0827829094,0.0880907394,0.0051756283
cnn,sparse,0,sobol-0035,0.355019773,0.485079053,0.90625,E_star,0.186320927,0.186216213,0.00501316612
cnn,sparse,0,sobol-0036,0.496436682,0.241881129,0.75,E_star,0.0110893805,0.00959601462,0.00182320765
cnn,sparse,0,sobol-0037,0.786114194,0.438809544,1.125,E_star,0.13587053,0.136081981,0.00469584196
cnn,sparse,0,sobol-0038,0.745208041,0.28968052,1.0625,E_star,0.0520113029,0.0453915141,0.00602766968
cnn,sparse,0,sobol-0039,0.0348707773,0.393298399,1.46875,E_star,0.129110233,0.126377991,0.0101749102
cnn,sparse,0,sobol-0040,0.067152882,0.21262207,1,E_star,0.032360636,0.0342197133,0.00384990028
cnn,sparse,0,sobol-0042,0.815969667,0.319527906,0.6875,E_star,0.0740242479,0.0722805281,0.00668962397
cnn,sparse,0,sobol-0043,0.401548238,0.365870288,1.15625,E_star,0.0890589168,0.0730081919,0.00571613203
cnn,sparse,0,sobol-0044,0.262683366,0.309513101,1.34375,E_star,0.0712102611,0.0626355895,0.00625112886
cnn,sparse,0,sobol-0045,0.957390383,0.412137687,0.96875,E_star,0.121765522,0.118670495,0.00503165719
cnn,sparse,0,sobol-0046,0.511424698,0.258930507,1.25,E_star,0.012073671,0.0101011552,0.00194748835
cnn,sparse,0,sobol-0048,0.235308868,0.268980552,1.5,E_star,0.0536235343,0.0465234909,0.00532579008
cnn,sparse,0,sobol-0049,0.539391361,0.446865793,1.03125,E_star,0.117612719,0.138353773,0.00455754634
cnn,sparse,0,sobol-0050,0.991924196,0.300667243,1.1875,E_star,0.0661192415,0.0678081816,0.00792745418
cnn,sparse,0,sobol-0051,0.29599001,0.422155992,0.71875,E_star,0.14129175,0.140683836,0.0057695839
cnn,sparse,0,sobol-0053,0.844151772,0.355998744,1.3125,E_star,0.0916081756,0.090218051,0.006269342
cnn,sparse,0,sobol-0055,0.10073624,0.474385302,1.21875,E_star,0.187059911,0.188531742,0.00528366355
cnn,sparse,0,sobol-0058,0.756957077,0.250580789,0.9375,E_star,0.0354754548,0.0274961725,0.00464413612
cnn,sparse,0,sobol-0059,0.468495291,0.428937436,1.40625,E_star,0.125715424,0.122648897,0.00603417515
cnn,sparse,0,sobol-0062,0.577272987,0.346042051,1.40625,E_star,0.0440303777,0.0359827305,0.00407483427
cnn,sparse,0,sobol-0063,0.147958237,0.374512971,1.0625,E_star,0.110263582,0.113038692,0.00793335713
cnn,sparse,0,sobol-0065,0.563183321,0.395461963,1.09375,E_star,0.07031733,0.085102654,0.00498551938
cnn,sparse,0,sobol-0066,0.905639401,0.239280392,1.125,E_star,0.0416808642,0.0431646111,0.00688918976
cnn,sparse,0,sobol-0067,0.320301357,0.436651255,0.75,E_star,0.150894821,0.150426316,0.00538583922
cnn,sparse,0,sobol-0068,0.453303281,0.229334269,0.90625,E_star,0.0104420024,0.00923958966,0.0017075755
cnn,sparse,0,sobol-0069,0.758347617,0.482996456,1.375,E_star,0.169944996,0.167239256,0.00416957977
cnn,sparse,0,sobol-0071,0.0153902136,0.385483922,1.25,E_star,0.120115699,0.121699339,0.00957501205
cnn,sparse,0,sobol-0072,0.102252485,0.256764628,0.875,E_star,0.0491709507,0.0534345806,0.00552831122
cnn,sparse,0,sobol-0073,0.671959332,0.453151388,1.25,E_star,0.142986757,0.145597286,0.0047903671
cnn,sparse,0,sobol-0074,0.859355285,0.311669092,0.96875,E_star,0.0685833282,0.0703277076,0.00712760262
cnn,sparse,0,sobol-0076,0.281782267,0.321612819,1.15625,E_star,0.0749053293,0.0675790179,0.00637657479
cnn,sparse,0,sobol-0077,0.992345758,0.368397916,0.6875,E_star,0.101998715,0.0972624922,0.00551715463
cnn,sparse,0,sobol-0078,0.5388401,0.210531597,1.46875,E_star,0.00738392957,0.00560297568,0.00116490077
cnn,sparse,0,sobol-0079,0.249417429,0.463127248,1,E_star,0.174571382,0.175175103,0.00555110714
cnn,sparse,0,sobol-0080,0.21534573,0.200476956,1.21875,E_star,0.025838727,0.0232469681,0.00305102874
cnn,sparse,0,sobol-0081,0.504033744,0.472010586,0.84375,E_star,0.142500046,0.161056199,0.00445679773
cnn,sparse,0,sobol-0082,0.964651637,0.330454082,1.3125,E_star,0.0813543632,0.0799928595,0.00725664749
cnn,sparse,0,sobol-0083,0.253354442,0.358384207,0.9375,E_star,0.0979092395,0.0961971736,0.00702602925
cnn,sparse,0,sobol-0084,0.395251999,0.302973447,0.71875,E_star,0.0218848863,0.0345865951,0.00428238406
cnn,sparse,0,sobol-0085,0.824333369,0.424612248,1.1875,E_star,0.128287249,0.12718745,0.00480052709
cnn,sparse,0,sobol-0086,0.644480771,0.266673079,1,E_star,0.00924963443,0.011675735,0.0023700903
cnn,sparse,0,sobol-0087,0.0735483039,0.444415385,1.5,E_star,0.167361059,0.1662957,0.00719187597
cnn,sparse,0,sobol-0088,0.0431162827,0.348419064,1.0625,E_star,0.0962217974,0.0993801602,0.00831058838
cnn,sparse,0,sobol-0089,0.738786095,0.376747354,1.4375,E_star,0.0992012155,0.0982846446,0.00574109223
cnn,sparse,0,sobol-0090,0.792391182,0.220639205,0.71875,E_star,0.028966479,0.0212520535,0.0037730187
cnn,sparse,0,sobol-0091,0.488076735,0.492863968,1.09375,E_star,0.175395623,0.183059185,0.00443110337
cnn,sparse,0,sobol-0092,0.347754645,0.248122236,1.40625,E_star,0.0158059422,0.0199210546,0.00313270637
cnn,sparse,0,sobol-0094,0.597015379,0.282225338,1.28125,E_star,0.0120512849,0.0119854128,0.00238072891
cnn,sparse,0,sobol-0097,0.616036711,0.440044096,1.34375,E_star,0.129378729,0.136465494,0.00500615797
cnn,sparse,0,sobol-0098,0.915277904,0.288594746,0.875,E_star,0.0604218242,0.0627884361,0.00758766446
cnn,sparse,0,sobol-0099,0.360948193,0.39209821,1.25,E_star,0.114660328,0.104310024,0.0061776205
cnn,sparse,0,sobol-0101,0.811451734,0.382083422,1,E_star,0.102483607,0.102267182,0.00541396298
cnn,sparse,0,sobol-0102,0.719734126,0.233027729,1.15625,E_star,0.0130238532,0.0123900473,0.00249578113
cnn,sparse,0,sobol-0105,0.63131488,0.408708122,0.75,E_star,0.106829338,0.112491971,0.00550968634
cnn,sparse,0,sobol-0107,0.37619538,0.459144243,1.0625,E_star,0.163113505,0.163761274,0.00550235686
cnn,sparse,0,sobol-0110,0.517230034,0.315876409,0.875,E_star,0.0181172409,0.0221706087,0.00326192184
cnn,sparse,0,sobol-0113,0.549072728,0.352346636,1.09375,E_star,0.0390703014,0.0390804875,0.00394124937
cnn,sparse,0,sobol-0114,0.982104547,0.206221561,1.0625,E_star,0.0327518253,0.0339650045,0.00560282317
cnn,sparse,0,sobol-0115,0.301811871,0.478003047,1.40625,E_star,0.188500211,0.188218023,0.00528490069
cnn,sparse,0,sobol-0116,0.409048134,0.272380937,1.28125,E_star,0.01744737,0.0179676022,0.00290653891
cnn,sparse,0,sobol-0117,0.869626894,0.450444592,0.8125,E_star,0.146151031,0.144229708,0.00436941921
cnn,sparse,0,sobol-0118,0.661696306,0.297237215,1.375,E_star,0.0400882348,0.0270076835,0.00419664311
cnn,sparse,0,sobol-0120,0.0256648026,0.224296312,1.3125,E_star,0.037949968,0.0380130881,0.00447438957
cnn,sparse,0,sobol-0122,0.778358147,0.344733645,1.1875,E_star,0.0821208459,0.0818675489,0.00627584477
cnn,sparse,0,sobol-0124,0.330538633,0.27857645,1.03125,E_star,0.046687085,0.0379636093,0.00451709288
cnn,sparse,0,sobol-0125,0.885598233,0.400944059,1.5,E_star,0.119481429,0.114796011,0.00538383389
cnn,sparse,0,sobol-0126,0.583215905,0.251815875,0.71875,E_star,0.00960738005,0.00882777658,0.00187617398
cnn,sparse,0,sobol-0128,0.134235747,0.317929149,1.03125,E_star,0.0780939982,0.0814658888,0.00736685253
cnn,sparse,0,sobol-0129,0.579925117,0.365049765,1.5,E_star,0.0575043073,0.0546401593,0.00499905611
cnn,sparse,0,sobol-0130,0.888897602,0.21358679,0.71875,E_star,0.0340842503,0.0320797926,0.00536023898
cnn,sparse,0,sobol-0132,0.438760749,0.25986093,1.3125,E_star,0.0146666852,0.0134531096,0.00231411856
cnn,sparse,0,sobol-0133,0.775301041,0.45708691,0.9375,E_star,0.147955531,0.148420412,0.00450287272
cnn,sparse,0,sobol-0134,0.693375761,0.308026532,1.21875,E_star,0.0544540827,0.0443460581,0.00550575625
cnn,sparse,0,sobol-0135,0.0299327513,0.411356038,0.84375,E_star,0.137125024,0.140144948,0.00731270954
cnn,sparse,0,sobol-0136,0.118958042,0.230965834,1.28125,E_star,0.0397198929,0.0389323374,0.00448663158
cnn,sparse,0,sobol-0137,0.65766466,0.483709213,0.8125,E_star,0.16727692,0.167350648,0.00433601859
cnn,sparse,0,sobol-0138,0.873649951,0.337505459,1.40625,E_star,0.084495502,0.0818811213,0.00700227541
cnn,sparse,0,sobol-0139,0.412341782,0.384145334,0.90625,E_star,0.0990444088,0.08849653,0.00558743178
cnn,sparse,0,sobol-0141,0.977835651,0.394164698,1.125,E_star,0.111937963,0.10965222,0.00531160461
cnn,sparse,0,sobol-0142,0.553350213,0.240870633,1.0625,E_star,0.00934073263,0.0077422445,0.00163989674
cnn,sparse,0,sobol-0144,0.201077765,0.249753398,0.78125,E_star,0.0444345489,0.0455495782,0.00479880518
cnn,sparse,0,sobol-0145,0.520773637,0.427350123,1.25,E_star,0.0981385457,0.114616213,0.00608730198
cnn,sparse,0,sobol-0146,0.94791175,0.281220362,0.90625,E_star,0.0578885747,0.0606594086,0.00781801218
cnn,sparse,0,sobol-0147,0.267622409,0.403006533,1.375,E_star,0.13034634,0.125643078,0.00707661465
cnn,sparse,0,sobol-0148,0.380707555,0.34737298,1.125,E_star,0.0798565513,0.0638428249,0.00576829604
cnn,sparse,0,sobol-0149,0.841288697,0.37545026,0.78125,E_star,0.101302867,0.099109003,0.00537967755
cnn,sparse,0,sobol-0150,0.627525438,0.222229258,1.4375,E_star,0.00681873736,0.00578040426,0.00131285647
cnn,sparse,0,sobol-0152,0.0598237505,0.299290537,1.46875,E_star,0.0723496946,0.0704454296,0.00726484663
cnn,sparse,0,sobol-0153,0.724489519,0.421264481,1,E_star,0.122567111,0.123867043,0.0052197991
cnn,sparse,0,sobol-0156,0.364734769,0.203573071,0.96875,E_star,0.00989186846,0.0103972931,0.00179591188
cnn,sparse,0,sobol-0157,0.919799616,0.47594515,1.34375,E_star,0.164531239,0.163452555,0.00432781397
cnn,sparse,0,sobol-0159,0.166571729,0.354995116,1.21875,E_star,0.0993333461,0.0991924134,0.00794194141
cnn,sparse,0,sobol-0160,0.186601333,0.21728165,1.375,E_star,0.0340123951,0.030156331,0.0037859484
cnn,sparse,0,sobol-0161,0.60128237,0.470458582,0.9375,E_star,0.149079445,0.157794068,0.00500322783
cnn,sparse,0,sobol-0162,0.930032243,0.314281482,1.28125,E_star,0.0733004071,0.0726239286,0.00758356473
cnn,sparse,0,sobol-0163,0.344698489,0.361647875,0.8125,E_star,0.0932966751,0.0847880194,0.00623045893
cnn,sparse,0,sobol-0166,0.734761128,0.263519258,0.75,E_star,0.0387578972,0.0294869802,0.00482327408
cnn,sparse,0,sobol-0167,0.0398245445,0.460478145,1.09375,E_star,0.173463275,0.176924234,0.00547488143
cnn,sparse,0,sobol-0168,0.0778248319,0.331770297,0.71875,E_star,0.08802799,0.0943373485,0.0077712103
cnn,sparse,0,sobol-0170,0.821286749,0.236674761,1.03125,E_star,0.0367899004,0.0330496427,0.00539472584
cnn,sparse,0,sobol-0171,0.390982145,0.489737342,1.5,E_star,0.195635439,0.192646861,0.004824448
cnn,sparse,0,sobol-0173,0.967944334,0.443396719,0.84375,E_star,0.141709951,0.13906614,0.00442464831
cnn,sparse,0,sobol-0175,0.211315041,0.38812605,0.96875,E_star,0.118227669,0.119566862,0.0070755744
cnn,sparse,0,sobol-0177,0.534320298,0.397004811,0.6875,E_star,0.0761075262,0.0813437405,0.00590236174
cnn,sparse,0,sobol-0178,0.996856983,0.255462147,1.5,E_star,0.0518336903,0.0503795485,0.00758266602
cnn,sparse,0,sobol-0180,0.425511369,0.227974538,0.84375,E_star,0.0109632479,0.0105906515,0.00187491613
cnn,sparse,0,sobol-0182,0.676725212,0.34167417,0.96875,E_star,0.0689798105,0.0665626018,0.00553986015
cnn,sparse,0,sobol-0183,0.105795131,0.369412006,1.34375,E_star,0.111123083,0.109470612,0.00883371099
cnn,sparse,0,sobol-0184,0.0108761331,0.273422551,0.875,E_star,0.0583667812,0.0628094934,0.00639984229
cnn,sparse,0,sobol-0186,0.76213515,0.295642691,0.78125,E_star,0.0579521958,0.0533440928,0.00642981516
cnn,sparse,0,sobol-0187,0.457824043,0.417862769,1.28125,E_star,0.118205771,0.112062952,0.00551810283
cnn,sparse,0,sobol-0188,0.315538332,0.323127904,1.46875,E_star,0.0761212834,0.0615180973,0.00612904693
cnn,sparse,0,sobol-0189,0.902093892,0.351630151,1.0625,E_star,0.0882008572,0.089281848,0.00624409875
cnn,sparse,0,sobol-0190,0.566720244,0.207231006,1.15625,E_star,0.00648244471,0.00532687468,0.0011500075
cnn,sparse,0,sobol-0191,0.153261967,0.479336779,0.75,E_star,0.192862123,0.190077157,0.00469942789
cnn,sparse,0,sobol-0192,0.143933088,0.260983324,1.125,E_star,0.051263518,0.0512583461,0.00536994786
cnn,sparse,0,sobol-0193,0.573981424,0.458396961,0.75,E_star,0.137910283,0.149998449,0.00504896778
cnn,sparse,0,sobol-0194,0.894703013,0.30686069,1.4375,E_star,0.0713806864,0.0683040353,0.00775886169
cnn,sparse,0,sobol-0195,0.324768029,0.410084864,1.03125,E_star,0.127760032,0.126659257,0.00615276406
cnn,sparse,0,sobol-0196,0.46421942,0.316880073,0.8125,E_star,0.0211390118,0.0272164767,0.00366460597
cnn,sparse,0,sobol-0199,0.00457993802,0.468301742,1.40625,E_star,0.183755367,0.185474305,0.0055457115
cnn,sparse,0,sobol-0200,0.0974351401,0.287618548,0.9375,E_star,0.0633326136,0.0677769874,0.00656852315
cnn,sparse,0,sobol-0202,0.848175962,0.244524384,0.84375,E_star,0.0415882856,0.0410418129,0.00639142765
cnn,sparse,0,sobol-0204,0.292943692,0.234507469,1.5,E_star,0.0329127032,0.025323333,0.0035879582
cnn,sparse,0,sobol-0205,0.987654048,0.487145609,1.03125,E_star,0.170213299,0.171097367,0.00447611631
cnn,sparse,0,sobol-0206,0.543668191,0.333924875,1.1875,E_star,0.0191671633,0.0278273513,0.00368966314
cnn,sparse,0,sobol-0207,0.238363771,0.380752457,0.71875,E_star,0.11520281,0.115177208,0.00694553353
cnn,sparse,0,sobol-0208,0.21088217,0.343979498,1.34375,E_star,0.0923519876,0.0886014473,0.00760292168
cnn,sparse,0,sobol-0209,0.514967049,0.371869137,0.96875,E_star,0.0504553692,0.0554613058,0.00436326276
cnn,sparse,0,sobol-0210,0.953854713,0.225666189,1.21875,E_star,0.0386509295,0.0401425943,0.00651720108
cnn,sparse,0,sobol-0211,0.257925769,0.497159337,0.875,E_star,0.202210283,0.201872392,0.00467172734
cnn,sparse,0,sobol-0212,0.406059639,0.253220048,1,E_star,0.0147767511,0.014953793,0.00248621354
cnn,sparse,0,sobol-0213,0.819751296,0.431004556,1.46875,E_star,0.135237546,0.132302414,0.00479142253
cnn,sparse,0,sobol-0214,0.648926463,0.277710115,0.6875,E_star,0.0149528129,0.0161500689,0.00296661611
cnn,sparse,0,sobol-0216,0.0384074068,0.204771612,0.78125,E_star,0.031055885,0.0326723553,0.00358669053
cnn,sparse,0,sobol-0217,0.749964686,0.477038291,1.125,E_star,0.163385533,0.162324483,0.00429307118
cnn,sparse,0,sobol-0218,0.781350875,0.325575156,1.09375,E_star,0.0717990247,0.0715462744,0.00654533061
cnn,sparse,0,sobol-0219,0.492891475,0.353945357,1.4375,E_star,0.0252677023,0.0425865361,0.00458328024
cnn,sparse,0,sobol-0220,0.358807124,0.298018829,1.25,E_star,0.0516441972,0.0394474188,0.00469854506
cnn,sparse,0,sobol-0221,0.929480937,0.420098028,0.8125,E_star,0.127448875,0.123108267,0.00491499447
cnn,sparse,0,sobol-0222,0.601703976,0.271038527,1.34375,E_star,0.0109832761,0.0100777956,0.00210698355
cnn,sparse,0,sobol-0224,0.16114141,0.310262631,0.84375,E_star,0.0733784379,0.0783514275,0.00706967587
cnn,sparse,0,sobol-0227,0.370050646,0.454702046,1.3125,E_star,0.162586557,0.162317851,0.00552366551
cnn,sparse,0,sobol-0229,0.802367652,0.464643609,0.71875,E_star,0.158192017,0.155106868,0.00419048841
cnn,sparse,0,sobol-0230,0.728954585,0.320245232,1.5,E_star,0.0693273718,0.0616290605,0.00649774886
cnn,sparse,0,sobol-0231,0.0496288752,0.367497285,1.03125,E_star,0.106968707,0.110849798,0.00869827792
cnn,sparse,0,sobol-0232,0.0836466933,0.238496489,1.40625,E_star,0.0441732683,0.0423173556,0.00493544645
cnn,sparse,0,sobol-0233,0.637716319,0.435162361,1.0625,E_star,0.12388038,0.13236829,0.00540600454
cnn,sparse,0,sobol-0234,0.830968115,0.29362068,1.09375,E_star,0.0600031891,0.059703415,0.00712269196
cnn,sparse,0,sobol-0235,0.385054425,0.39639006,0.75,E_star,0.1145961,0.106320249,0.00577950686
cnn,sparse,0,sobol-0238,0.526207591,0.228515998,0.8125,E_star,0.0088088546,0.00739823127,0.00150931893
cnn,sparse,0,sobol-0239,0.189898772,0.481400023,1.28125,E_star,0.193560422,0.19399538,0.00527377912
cnn,sparse,0,sobol-0240,0.220276086,0.219637828,1.09375,E_star,0.0320013107,0.0295409661,0.00354495285
cnn,sparse,0,sobol-0241,0.555858473,0.49145064,1.46875,E_star,0.172382224,0.178718836,0.00466998908
cnn,sparse,0,sobol-0242,0.97545709,0.349981164,0.75,E_star,0.088750399,0.0891734743,0.0060505495
cnn,sparse,0,sobol-0243,0.311022794,0.377604534,1.125,E_star,0.106448617,0.101048383,0.00664585712
cnn,sparse,0,sobol-0245,0.860403318,0.405089729,0.90625,E_star,0.116976161,0.114478488,0.00503370903
cnn,sparse,0,sobol-0246,0.670781594,0.247228469,1.28125,E_star,0.00742372492,0.00969046986,0.00207447409
cnn,sparse,0,sobol-0247,0.115492427,0.425259077,0.78125,E_star,0.147569478,0.149801391,0.00627584481
cnn,sparse,0,sobol-0248,0.0168045526,0.328976632,1.25,E_star,0.084865451,0.0878465012,0.0081214498
cnn,sparse,0,sobol-0249,0.696868138,0.357593438,0.875,E_star,0.0823595801,0.0821457839,0.00552764313
cnn,sparse,0,sobol-0251,0.452003389,0.473343841,0.96875,E_star,0.16763262,0.167803855,0.00463624512
cnn,sparse,0,sobol-0253,0.876619977,0.445856179,1.15625,E_star,0.141930156,0.1411788,0.00450580725
cnn,sparse,0,sobol-0255,0.13173911,0.423782534,1.46875,E_star,0.150664833,0.148758931,0.00856188692
gp,cv5,0,pure-02,0,0.3,1,K_star,0.00621157891,0.00623942711,6.85686281e-05
gp,cv5,0,corner-3,0,0.5,1.5,K_star,0.00278707772,0.0028287534,4.22752696e-05
gp,cv5,0,corner-5,1,0.2,1.5,K_star,0.00857307933,0.00867143806,0.000173625457
gp,cv5,0,edge-03,0.5,0.5,1.5,K_star,0.00178250916,0.00190869042,2.88031605e-05
gp,cv5,0,edge-06,1,0.35,0.6875,K_star,0.00239162392,0.00237799146,2.9591754e-05
gp,cv5,0,edge-08,0,0.2,1.09375,K_star,0.0109281902,0.0108999053,0.000117116984
gp,cv5,0,edge-11,1,0.5,1.09375,K_star,0.00148047979,0.0014880197,1.50915732e-05
gp,cv5,0,sobol-0000,0.126983422,0.235261397,0.6875,K_star,0.00643633572,0.00646455197,0.000117345921
gp,cv5,0,sobol-0002,0.880164234,0.332627441,1,K_star,0.00339848317,0.00339257188,3.44703837e-05
gp,cv5,0,sobol-0010,0.865161872,0.218614869,1.25,K_star,0.00704992583,0.00707018247,0.000122160801
gp,cv5,0,sobol-0011,0.419242935,0.471398161,0.8125,K_star,0.00190520979,0.00188718499,2.63577618e-05
gp,cv5,0,sobol-0013,0.970944732,0.46145202,1.4375,K_star,0.00216886295,0.002169656,2.42487766e-05
gp,cv5,0,sobol-0014,0.560377501,0.303512655,0.78125,K_star,0.00431613507,0.00434371743,5.24702912e-05
gp,cv5,0,sobol-0016,0.193930593,0.294629907,0.90625,K_star,0.00592833755,0.00592154678,6.94001246e-05
gp,cv5,0,sobol-0017,0.529507734,0.416456273,1.40625,K_star,0.00307845938,0.002964636,3.26186679e-05
gp,cv5,0,sobol-0019,0.274877344,0.452610168,1.3125,K_star,0.00325988156,0.00325745038,3.3271892e-05
gp,cv5,0,sobol-0024,0.0529194809,0.253973287,1.1875,K_star,0.00872569601,0.00874111627,9.90270818e-05
gp,cv5,0,sobol-0036,0.496436682,0.241881129,0.75,K_star,0.00655103266,0.0065427427,8.54360122e-05
gp,cv5,0,sobol-0039,0.0348707773,0.393298399,1.46875,K_star,0.00488975523,0.00489854761,5.49962964e-05
gp,cv5,0,sobol-0041,0.652714773,0.465653893,1.46875,K_star,0.00204083878,0.00202478003,2.74619327e-05
gp,cv5,0,sobol-0043,0.401548238,0.365870288,1.15625,K_star,0.00442915233,0.00440061644,4.77385955e-05
gp,cv5,0,sobol-0044,0.262683366,0.309513101,1.34375,K_star,0.00693416136,0.00693437741,7.69114291e-05
gp,cv5,0,sobol-0046,0.511424698,0.258930507,1.25,K_star,0.0082932309,0.0084402198,0.000116642297
gp,cv5,0,sobol-0055,0.10073624,0.474385302,1.21875,K_star,0.00289626837,0.00289289532,3.04702127e-05
gp,cv5,0,sobol-0059,0.468495291,0.428937436,1.40625,K_star,0.00318328281,0.00318732763,3.49109463e-05
gp,cv5,0,sobol-0061,0.891404776,0.495096795,0.75,K_star,0.00116420434,0.0011704012,2.2969566e-05
gp,cv5,0,sobol-0064,0.148505623,0.292280559,1.4375,K_star,0.00796814321,0.00796885,9.81728477e-05
gp,cv5,0,sobol-0069,0.758347617,0.482996456,1.375,K_star,0.00182915909,0.00183104717,2.43504477e-05
gp,cv5,0,sobol-0097,0.616036711,0.440044096,1.34375,K_star,0.00224598368,0.00220644826,2.49821956e-05
gp,cv5,0,sobol-0103,0.0562858693,0.486352551,0.6875,K_star,0.00177916904,0.00178415485,2.94037924e-05
gp,cv5,0,sobol-0107,0.37619538,0.459144243,1.0625,K_star,0.00260330944,0.00260605451,2.84513797e-05
gp,cv5,0,sobol-0112,0.229381149,0.324754597,0.75,K_star,0.00436872131,0.00436992837,5.86785479e-05
gp,cv5,0,sobol-0117,0.869626894,0.450444592,0.8125,K_star,0.00158272735,0.00158377475,1.9649971e-05
gp,cv5,0,sobol-0123,0.443035368,0.373383208,0.84375,K_star,0.00323628577,0.0033055002,3.59566248e-05
gp,cv5,0,sobol-0125,0.885598233,0.400944059,1.5,K_star,0.00307314954,0.00307371939,3.76978852e-05
gp,cv5,0,sobol-0140,0.298764301,0.2912335,0.71875,K_star,0.00489592582,0.00485962555,6.77592958e-05
gp,cv5,0,sobol-0142,0.553350213,0.240870633,1.0625,K_star,0.00818129013,0.00834022999,0.000100185219
gp,cv5,0,sobol-0148,0.380707555,0.34737298,1.125,K_star,0.00487992352,0.00485268046,5.33454895e-05
gp,cv5,0,sobol-0156,0.364734769,0.203573071,0.96875,K_star,0.0102094198,0.0100919809,0.000181167959
gp,cv5,0,sobol-0162,0.930032243,0.314281482,1.28125,K_star,0.00436971196,0.0043666475,4.70461786e-05
gp,cv5,0,sobol-0168,0.0778248319,0.331770297,0.71875,K_star,0.00413116228,0.00414765341,4.74460577e-05
gp,cv5,0,sobol-0169,0.647535969,0.378143432,1.1875,K_star,0.00299285357,0.00297893412,3.10079893e-05
gp,cv5,0,sobol-0174,0.500732469,0.285535084,1.3125,K_star,0.00723415916,0.00733659296,9.22346073e-05
gp,cv5,0,sobol-0186,0.76213515,0.295642691,0.78125,K_star,0.00347453555,0.00347503746,4.03504833e-05
gp,cv5,0,sobol-0202,0.848175962,0.244524384,0.84375,K_star,0.00473793931,0.00473222931,5.95645665e-05
gp,cv5,0,sobol-0204,0.292943692,0.234507469,1.5,K_star,0.0106358417,0.0106754976,0.000159615069
gp,cv5,0,sobol-0208,0.21088217,0.343979498,1.34375,K_star,0.00590183113,0.00590558011,6.39197307e-05
gp,cv5,0,sobol-0210,0.953854713,0.225666189,1.21875,K_star,0.00664555505,0.00663247731,7.6905774e-05
gp,cv5,0,sobol-0218,0.781350875,0.325575156,1.09375,K_star,0.00373966104,0.00375403372,3.96153549e-05
gp,cv5,0,sobol-0220,0.358807124,0.298018829,1.25,K_star,0.00675573127,0.00678640864,7.81501373e-05
gp,cv5,0,sobol-0227,0.370050646,0.454702046,1.3125,K_star,0.00303680363,0.0030400307,3.26698054e-05
gp,cv5,0,sobol-0233,0.637716319,0.435162361,1.0625,K_star,0.00200051775,0.00199493538,2.05139971e-05
gp,cv5,0,sobol-0234,0.830968115,0.29362068,1.09375,K_star,0.00438730363,0.00440524296,4.78594002e-05
gp,cv5,0,sobol-0236,0.278900584,0.339963431,0.9375,K_star,0.0047586805,0.00473938194,5.0905484e-05
gp,cv5,0,sobol-0242,0.97545709,0.349981164,0.75,K_star,0.00254544209,0.00254024321,2.91991114e-05
gp,cv5,0,sobol-0250,0.771953622,0.201416499,1.34375,K_star,0.00841000233,0.00855816329,0.000269000232
gp,cv5,0,sobol-0251,0.452003389,0.473343841,0.96875,K_star,0.00203865102,0.00200171391,2.32668167e-05
gp,cv5,0,sobol-0255,0.13173911,0.423782534,1.46875,K_star,0.0041559968,0.00415456634,4.93598543e-05
gp,cv5,0,pure-02,0,0.3,1,E_star,0.0666341989,0.070810618,0.00602935131
gp,cv5,0,corner-3,0,0.5,1.5,E_star,0.212961125,0.20585178,0.00823025963
gp,cv5,0,corner-5,1,0.2,1.5,E_star,0.0339784645,0.029844237,0.00122294159
gp,cv5,0,edge-03,0.5,0.5,1.5,E_star,0.184628825,0.178890764,0.00935521718
gp,cv5,0,edge-06,1,0.35,0.6875,E_star,0.0916907316,0.0875223033,0.00380714698
gp,cv5,0,edge-08,0,0.2,1.09375,E_star,0.0299749927,0.0307290235,0.000950674228
gp,cv5,0,edge-11,1,0.5,1.09375,E_star,0.180451102,0.182330574,0.00561407754
gp,cv5,0,sobol-0000,0.126983422,0.235261397,0.6875,E_star,0.0412713951,0.0414451547,0.00254237666
gp,cv5,0,sobol-0002,0.880164234,0.332627441,1,E_star,0.0784481386,0.0812869425,0.0037264755
gp,cv5,0,sobol-0010,0.865161872,0.218614869,1.25,E_star,0.0341458532,0.0343277255,0.00317527619
gp,cv5,0,sobol-0011,0.419242935,0.471398161,0.8125,E_star,0.170555046,0.176192486,0.013937129
gp,cv5,0,sobol-0013,0.970944732,0.46145202,1.4375,E_star,0.154550752,0.151963869,0.00680211726
gp,cv5,0,sobol-0014,0.560377501,0.303512655,0.78125,E_star,0.0150975361,0.0123236211,0.00101431819
gp,cv5,0,sobol-0016,0.193930593,0.294629907,0.90625,E_star,0.0645279653,0.0643980038,0.00682671375
gp,cv5,0,sobol-0017,0.529507734,0.416456273,1.40625,E_star,0.0910790644,0.0862844204,0.0039515744
gp,cv5,0,sobol-0019,0.274877344,0.452610168,1.3125,E_star,0.166688808,0.163832567,0.00790726366
gp,cv5,0,sobol-0024,0.0529194809,0.253973287,1.1875,E_star,0.0489791582,0.0500630805,0.00478234332
gp,cv5,0,sobol-0036,0.496436682,0.241881129,0.75,E_star,0.0110893805,0.0108287965,0.00114112556
gp,cv5,0,sobol-0039,0.0348707773,0.393298399,1.46875,E_star,0.129110233,0.123737775,0.00567531403
gp,cv5,0,sobol-0041,0.652714773,0.465653893,1.46875,E_star,0.154390183,0.149469949,0.00810292082
gp,cv5,0,sobol-0043,0.401548238,0.365870288,1.15625,E_star,0.0890589168,0.0829512448,0.00548005101
gp,cv5,0,sobol-0044,0.262683366,0.309513101,1.34375,E_star,0.0712102611,0.0670805987,0.00543216657
gp,cv5,0,sobol-0046,0.511424698,0.258930507,1.25,E_star,0.012073671,0.0124774105,0.00189683663
gp,cv5,0,sobol-0055,0.10073624,0.474385302,1.21875,E_star,0.187059911,0.187668757,0.0121590998
gp,cv5,0,sobol-0059,0.468495291,0.428937436,1.40625,E_star,0.125715424,0.123599443,0.00576293756
gp,cv5,0,sobol-0061,0.891404776,0.495096795,0.75,E_star,0.178974902,0.182296928,0.015785934
gp,cv5,0,sobol-0064,0.148505623,0.292280559,1.4375,E_star,0.0678223694,0.0650830792,0.00547102494
gp,cv5,0,sobol-0069,0.758347617,0.482996456,1.375,E_star,0.169944996,0.166345771,0.00854409404
gp,cv5,0,sobol-0097,0.616036711,0.440044096,1.34375,E_star,0.129378729,0.125372261,0.00804153288
gp,cv5,0,sobol-0103,0.0562858693,0.486352551,0.6875,E_star,0.197682073,0.193457155,0.0140655654
gp,cv5,0,sobol-0107,0.37619538,0.459144243,1.0625,E_star,0.163113505,0.160117298,0.0137954534
gp,cv5,0,sobol-0112,0.229381149,0.324754597,0.75,E_star,0.0794870645,0.07796341,0.0087275383
gp,cv5,0,sobol-0117,0.869626894,0.450444592,0.8125,E_star,0.146151031,0.145901211,0.00721585032
gp,cv5,0,sobol-0123,0.443035368,0.373383208,0.84375,E_star,0.0768455785,0.0621061281,0.00486014908
gp,cv5,0,sobol-0125,0.885598233,0.400944059,1.5,E_star,0.119481429,0.114486639,0.00800442186
gp,cv5,0,sobol-0140,0.298764301,0.2912335,0.71875,E_star,0.058674526,0.0617246153,0.00568609136
gp,cv5,0,sobol-0142,0.553350213,0.240870633,1.0625,E_star,0.00934073263,0.00973872808,0.000815362996
gp,cv5,0,sobol-0148,0.380707555,0.34737298,1.125,E_star,0.0798565513,0.0768919631,0.00375124528
gp,cv5,0,sobol-0156,0.364734769,0.203573071,0.96875,E_star,0.00989186846,0.0105805002,0.00116124343
gp,cv5,0,sobol-0162,0.930032243,0.314281482,1.28125,E_star,0.0733004071,0.0742055332,0.0056595696
gp,cv5,0,sobol-0168,0.0778248319,0.331770297,0.71875,E_star,0.08802799,0.0877812597,0.0055124033
gp,cv5,0,sobol-0169,0.647535969,0.378143432,1.1875,E_star,0.0875286353,0.0885611911,0.00552651628
gp,cv5,0,sobol-0174,0.500732469,0.285535084,1.3125,E_star,0.0155744982,0.0153730238,0.00159157824
gp,cv5,0,sobol-0186,0.76213515,0.295642691,0.78125,E_star,0.0579521958,0.0583401834,0.00387175582
gp,cv5,0,sobol-0202,0.848175962,0.244524384,0.84375,E_star,0.0415882856,0.041255279,0.00306583993
gp,cv5,0,sobol-0204,0.292943692,0.234507469,1.5,E_star,0.0329127032,0.022655983,0.00192442004
gp,cv5,0,sobol-0208,0.21088217,0.343979498,1.34375,E_star,0.0923519876,0.0928827684,0.00658087145
gp,cv5,0,sobol-0210,0.953854713,0.225666189,1.21875,E_star,0.0386509295,0.0396822755,0.00315741499
gp,cv5,0,sobol-0218,0.781350875,0.325575156,1.09375,E_star,0.0717990247,0.0755788079,0.00489290723
gp,cv5,0,sobol-0220,0.358807124,0.298018829,1.25,E_star,0.0516441972,0.0371939725,0.00303503349
gp,cv5,0,sobol-0227,0.370050646,0.454702046,1.3125,E_star,0.162586557,0.155699569,0.0137074308
gp,cv5,0,sobol-0233,0.637716319,0.435162361,1.0625,E_star,0.12388038,0.127562738,0.0077950698
gp,cv5,0,sobol-0234,0.830968115,0.29362068,1.09375,E_star,0.0600031891,0.0632230664,0.00534978265
gp,cv5,0,sobol-0236,0.278900584,0.339963431,0.9375,E_star,0.0859291432,0.0847392078,0.00542028565
gp,cv5,0,sobol-0242,0.97545709,0.349981164,0.75,E_star,0.088750399,0.0906349041,0.00549679971
gp,cv5,0,sobol-0250,0.771953622,0.201416499,1.34375,E_star,0.0109732064,0.0113795005,0.00203027517
gp,cv5,0,sobol-0251,0.452003389,0.473343841,0.96875,E_star,0.16763262,0.170868169,0.01263574
gp,cv5,0,sobol-0255,0.13173911,0.423782534,1.46875,E_star,0.150664833,0.144185444,0.00580999856
ensemble,cv5,0,pure-02,0,0.3,1,K_star,0.00621157891,0.006242493,1.7578681e-05
ensemble,cv5,0,corner-3,0,0.5,1.5,K_star,0.00278707772,0.00283537376,7.16155412e-06
ensemble,cv5,0,corner-5,1,0.2,1.5,K_star,0.00857307933,0.00852928833,6.52449389e-05
ensemble,cv5,0,edge-03,0.5,0.5,1.5,K_star,0.00178250916,0.00189832421,3.90892955e-05
ensemble,cv5,0,edge-06,1,0.35,0.6875,K_star,0.00239162392,0.00237834295,5.94566589e-06
ensemble,cv5,0,edge-08,0,0.2,1.09375,K_star,0.0109281902,0.010941339,3.08327065e-05
ensemble,cv5,0,edge-11,1,0.5,1.09375,K_star,0.00148047979,0.00149052885,3.92493802e-06
ensemble,cv5,0,sobol-0000,0.126983422,0.235261397,0.6875,K_star,0.00643633572,0.0064086613,3.90220411e-05
ensemble,cv5,0,sobol-0002,0.880164234,0.332627441,1,K_star,0.00339848317,0.0033847796,8.48453194e-06
ensemble,cv5,0,sobol-0010,0.865161872,0.218614869,1.25,K_star,0.00704992583,0.00699738635,3.3412633e-05
ensemble,cv5,0,sobol-0011,0.419242935,0.471398161,0.8125,K_star,0.00190520979,0.00185199117,1.93457018e-05
ensemble,cv5,0,sobol-0013,0.970944732,0.46145202,1.4375,K_star,0.00216886295,0.00216328874,4.29793934e-06
ensemble,cv5,0,sobol-0014,0.560377501,0.303512655,0.78125,K_star,0.00431613507,0.00418319147,8.25550438e-05
ensemble,cv5,0,sobol-0016,0.193930593,0.294629907,0.90625,K_star,0.00592833755,0.00592624129,1.94357136e-05
ensemble,cv5,0,sobol-0017,0.529507734,0.416456273,1.40625,K_star,0.00307845938,0.00292559988,6.11181242e-05
ensemble,cv5,0,sobol-0019,0.274877344,0.452610168,1.3125,K_star,0.00325988156,0.00326055804,8.21901795e-06
ensemble,cv5,0,sobol-0024,0.0529194809,0.253973287,1.1875,K_star,0.00872569601,0.00871082208,1.81955363e-05
ensemble,cv5,0,sobol-0036,0.496436682,0.241881129,0.75,K_star,0.00655103266,0.00660466334,5.45166031e-05
ensemble,cv5,0,sobol-0039,0.0348707773,0.393298399,1.46875,K_star,0.00488975523,0.00487944458,8.05763821e-06
ensemble,cv5,0,sobol-0041,0.652714773,0.465653893,1.46875,K_star,0.00204083878,0.00198466079,2.603226e-05
ensemble,cv5,0,sobol-0043,0.401548238,0.365870288,1.15625,K_star,0.00442915233,0.00445812297,4.24653117e-05
ensemble,cv5,0,sobol-0044,0.262683366,0.309513101,1.34375,K_star,0.00693416136,0.00695794155,1.52007951e-05
ensemble,cv5,0,sobol-0046,0.511424698,0.258930507,1.25,K_star,0.0082932309,0.00848131485,6.52291103e-05
ensemble,cv5,0,sobol-0055,0.10073624,0.474385302,1.21875,K_star,0.00289626837,0.00289126783,6.4271754e-06
ensemble,cv5,0,sobol-0059,0.468495291,0.428937436,1.40625,K_star,0.00318328281,0.0031400969,5.07437906e-05
ensemble,cv5,0,sobol-0061,0.891404776,0.495096795,0.75,K_star,0.00116420434,0.00116874734,6.16736239e-06
ensemble,cv5,0,sobol-0064,0.148505623,0.292280559,1.4375,K_star,0.00796814321,0.00799051205,1.68869289e-05
ensemble,cv5,0,sobol-0069,0.758347617,0.482996456,1.375,K_star,0.00182915909,0.00182324028,7.64134091e-06
ensemble,cv5,0,sobol-0097,0.616036711,0.440044096,1.34375,K_star,0.00224598368,0.00221697958,3.45895516e-05
ensemble,cv5,0,sobol-0103,0.0562858693,0.486352551,0.6875,K_star,0.00177916904,0.00177440228,7.68265251e-06
ensemble,cv5,0,sobol-0107,0.37619538,0.459144243,1.0625,K_star,0.00260330944,0.00260155369,1.5788556e-05
ensemble,cv5,0,sobol-0112,0.229381149,0.324754597,0.75,K_star,0.00436872131,0.00431782816,3.75641667e-05
ensemble,cv5,0,sobol-0117,0.869626894,0.450444592,0.8125,K_star,0.00158272735,0.00158913582,4.44422582e-06
ensemble,cv5,0,sobol-0123,0.443035368,0.373383208,0.84375,K_star,0.00323628577,0.00330029861,4.63089403e-05
ensemble,cv5,0,sobol-0125,0.885598233,0.400944059,1.5,K_star,0.00307314954,0.00307304539,7.50456233e-06
ensemble,cv5,0,sobol-0140,0.298764301,0.2912335,0.71875,K_star,0.00489592582,0.00480221413,5.99414836e-05
ensemble,cv5,0,sobol-0142,0.553350213,0.240870633,1.0625,K_star,0.00818129013,0.00833848648,7.82287086e-05
ensemble,cv5,0,sobol-0148,0.380707555,0.34737298,1.125,K_star,0.00487992352,0.00488068079,4.29795184e-05
ensemble,cv5,0,sobol-0156,0.364734769,0.203573071,0.96875,K_star,0.0102094198,0.010097154,7.05074432e-05
ensemble,cv5,0,sobol-0162,0.930032243,0.314281482,1.28125,K_star,0.00436971196,0.00436615163,8.91805625e-06
ensemble,cv5,0,sobol-0168,0.0778248319,0.331770297,0.71875,K_star,0.00413116228,0.00413648842,1.01515672e-05
ensemble,cv5,0,sobol-0169,0.647535969,0.378143432,1.1875,K_star,0.00299285357,0.00302007099,3.53560609e-05
ensemble,cv5,0,sobol-0174,0.500732469,0.285535084,1.3125,K_star,0.00723415916,0.00741774941,6.05961496e-05
ensemble,cv5,0,sobol-0186,0.76213515,0.295642691,0.78125,K_star,0.00347453555,0.00346917768,2.21877926e-05
ensemble,cv5,0,sobol-0202,0.848175962,0.244524384,0.84375,K_star,0.00473793931,0.00475174157,1.53765194e-05
ensemble,cv5,0,sobol-0204,0.292943692,0.234507469,1.5,K_star,0.0106358417,0.0105548284,6.53064176e-05
ensemble,cv5,0,sobol-0208,0.21088217,0.343979498,1.34375,K_star,0.00590183113,0.00590638326,1.06769706e-05
ensemble,cv5,0,sobol-0210,0.953854713,0.225666189,1.21875,K_star,0.00664555505,0.0066293417,1.53391007e-05
ensemble,cv5,0,sobol-0218,0.781350875,0.325575156,1.09375,K_star,0.00373966104,0.00373807846,1.73425388e-05
ensemble,cv5,0,sobol-0220,0.358807124,0.298018829,1.25,K_star,0.00675573127,0.00680082386,4.63649923e-05
ensemble,cv5,0,sobol-0227,0.370050646,0.454702046,1.3125,K_star,0.00303680363,0.00304924608,1.34079383e-05
ensemble,cv5,0,sobol-0233,0.637716319,0.435162361,1.0625,K_star,0.00200051775,0.00199724385,2.33150068e-05
ensemble,cv5,0,sobol-0234,0.830968115,0.29362068,1.09375,K_star,0.00438730363,0.00439658565,1.9678068e-05
ensemble,cv5,0,sobol-0236,0.278900584,0.339963431,0.9375,K_star,0.0047586805,0.00471752361,3.2933661e-05
ensemble,cv5,0,sobol-0242,0.97545709,0.349981164,0.75,K_star,0.00254544209,0.00253627414,6.18039844e-06
ensemble,cv5,0,sobol-0250,0.771953622,0.201416499,1.34375,K_star,0.00841000233,0.00829184885,0.000135188217
ensemble,cv5,0,sobol-0251,0.452003389,0.473343841,0.96875,K_star,0.00203865102,0.00196595663,2.84920976e-05
ensemble,cv5,0,sobol-0255,0.13173911,0.423782534,1.46875,K_star,0.0041559968,0.00415050553,6.74763046e-06
ensemble,cv5,0,pure-02,0,0.3,1,E_star,0.0666341989,0.0707647052,0.000647007203
ensemble,cv5,0,corner-3,0,0.5,1.5,E_star,0.212961125,0.213751417,0.00136269284
ensemble,cv5,0,corner-5,1,0.2,1.5,E_star,0.0339784645,0.0338723462,0.000986411554
ensemble,cv5,0,edge-03,0.5,0.5,1.5,E_star,0.184628825,0.192966899,0.00546083619
ensemble,cv5,0,edge-06,1,0.35,0.6875,E_star,0.0916907316,0.0922171784,0.000482106217
ensemble,cv5,0,edge-08,0,0.2,1.09375,E_star,0.0299749927,0.0298382018,0.000158644214
ensemble,cv5,0,edge-11,1,0.5,1.09375,E_star,0.180451102,0.179724074,0.000526219241
ensemble,cv5,0,sobol-0000,0.126983422,0.235261397,0.6875,E_star,0.0412713951,0.0402334441,0.00148871444
ensemble,cv5,0,sobol-0002,0.880164234,0.332627441,1,E_star,0.0784481386,0.0785949179,0.000423610149
ensemble,cv5,0,sobol-0010,0.865161872,0.218614869,1.25,E_star,0.0341458532,0.0329260028,0.000847347446
ensemble,cv5,0,sobol-0011,0.419242935,0.471398161,0.8125,E_star,0.170555046,0.167587798,0.00339636292
ensemble,cv5,0,sobol-0013,0.970944732,0.46145202,1.4375,E_star,0.154550752,0.155669294,0.000436467183
ensemble,cv5,0,sobol-0014,0.560377501,0.303512655,0.78125,E_star,0.0150975361,0.0134260785,0.00475282283
ensemble,cv5,0,sobol-0016,0.193930593,0.294629907,0.90625,E_star,0.0645279653,0.0654166254,0.000979002476
ensemble,cv5,0,sobol-0017,0.529507734,0.416456273,1.40625,E_star,0.0910790644,0.0829511095,0.0041130189
ensemble,cv5,0,sobol-0019,0.274877344,0.452610168,1.3125,E_star,0.166688808,0.166938914,0.000886916588
ensemble,cv5,0,sobol-0024,0.0529194809,0.253973287,1.1875,E_star,0.0489791582,0.0486849813,0.000372597126
ensemble,cv5,0,sobol-0036,0.496436682,0.241881129,0.75,E_star,0.0110893805,0.0104796803,0.00143627994
ensemble,cv5,0,sobol-0039,0.0348707773,0.393298399,1.46875,E_star,0.129110233,0.129990719,0.000670884862
ensemble,cv5,0,sobol-0041,0.652714773,0.465653893,1.46875,E_star,0.154390183,0.15344956,0.0034214798
ensemble,cv5,0,sobol-0043,0.401548238,0.365870288,1.15625,E_star,0.0890589168,0.0817610248,0.00481777763
ensemble,cv5,0,sobol-0044,0.262683366,0.309513101,1.34375,E_star,0.0712102611,0.0714740671,0.00148354776
ensemble,cv5,0,sobol-0046,0.511424698,0.258930507,1.25,E_star,0.012073671,0.0111609188,0.00193808544
ensemble,cv5,0,sobol-0055,0.10073624,0.474385302,1.21875,E_star,0.187059911,0.186145388,0.00106268007
ensemble,cv5,0,sobol-0059,0.468495291,0.428937436,1.40625,E_star,0.125715424,0.122857783,0.00381141928
ensemble,cv5,0,sobol-0061,0.891404776,0.495096795,0.75,E_star,0.178974902,0.178742297,0.00195534069
ensemble,cv5,0,sobol-0064,0.148505623,0.292280559,1.4375,E_star,0.0678223694,0.0682573077,0.000694187158
ensemble,cv5,0,sobol-0069,0.758347617,0.482996456,1.375,E_star,0.169944996,0.169650286,0.00137008124
ensemble,cv5,0,sobol-0097,0.616036711,0.440044096,1.34375,E_star,0.129378729,0.125362586,0.00460496341
ensemble,cv5,0,sobol-0103,0.0562858693,0.486352551,0.6875,E_star,0.197682073,0.199606448,0.00109558809
ensemble,cv5,0,sobol-0107,0.37619538,0.459144243,1.0625,E_star,0.163113505,0.162411952,0.00261350874
ensemble,cv5,0,sobol-0112,0.229381149,0.324754597,0.75,E_star,0.0794870645,0.0804598028,0.00180488556
ensemble,cv5,0,sobol-0117,0.869626894,0.450444592,0.8125,E_star,0.146151031,0.146413016,0.0006271595
ensemble,cv5,0,sobol-0123,0.443035368,0.373383208,0.84375,E_star,0.0768455785,0.0730985491,0.00465940824
ensemble,cv5,0,sobol-0125,0.885598233,0.400944059,1.5,E_star,0.119481429,0.117851939,0.000495494233
ensemble,cv5,0,sobol-0140,0.298764301,0.2912335,0.71875,E_star,0.058674526,0.0569928349,0.00452804827
ensemble,cv5,0,sobol-0142,0.553350213,0.240870633,1.0625,E_star,0.00934073263,0.00786051338,0.0016493256
ensemble,cv5,0,sobol-0148,0.380707555,0.34737298,1.125,E_star,0.0798565513,0.0749554882,0.00460834919
ensemble,cv5,0,sobol-0156,0.364734769,0.203573071,0.96875,E_star,0.00989186846,0.007926748,0.000993953696
ensemble,cv5,0,sobol-0162,0.930032243,0.314281482,1.28125,E_star,0.0733004071,0.0733527858,0.000252505416
ensemble,cv5,0,sobol-0168,0.0778248319,0.331770297,0.71875,E_star,0.08802799,0.0876647459,0.000894591476
ensemble,cv5,0,sobol-0169,0.647535969,0.378143432,1.1875,E_star,0.0875286353,0.0869513487,0.00127544462
ensemble,cv5,0,sobol-0174,0.500732469,0.285535084,1.3125,E_star,0.0155744982,0.0136924739,0.00296913799
ensemble,cv5,0,sobol-0186,0.76213515,0.295642691,0.78125,E_star,0.0579521958,0.0593207725,0.000897592529
ensemble,cv5,0,sobol-0202,0.848175962,0.244524384,0.84375,E_star,0.0415882856,0.0430423688,0.000568319916
ensemble,cv5,0,sobol-0204,0.292943692,0.234507469,1.5,E_star,0.0329127032,0.0209793423,0.00146204382
ensemble,cv5,0,sobol-0208,0.21088217,0.343979498,1.34375,E_star,0.0923519876,0.0934895603,0.000893070314
ensemble,cv5,0,sobol-0210,0.953854713,0.225666189,1.21875,E_star,0.0386509295,0.0386326153,0.000254681672
ensemble,cv5,0,sobol-0218,0.781350875,0.325575156,1.09375,E_star,0.0717990247,0.0717421855,0.000510500379
ensemble,cv5,0,sobol-0220,0.358807124,0.298018829,1.25,E_star,0.0516441972,0.0454048812,0.00301401142
ensemble,cv5,0,sobol-0227,0.370050646,0.454702046,1.3125,E_star,0.162586557,0.164436021,0.00229131072
ensemble,cv5,0,sobol-0233,0.637716319,0.435162361,1.0625,E_star,0.12388038,0.124569361,0.00235298622
ensemble,cv5,0,sobol-0234,0.830968115,0.29362068,1.09375,E_star,0.0600031891,0.0604334595,0.000372808546
ensemble,cv5,0,sobol-0236,0.278900584,0.339963431,0.9375,E_star,0.0859291432,0.0869875047,0.00216269219
ensemble,cv5,0,sobol-0242,0.97545709,0.349981164,0.75,E_star,0.088750399,0.0900291937,0.000452565517
ensemble,cv5,0,sobol-0250,0.771953622,0.201416499,1.34375,E_star,0.0109732064,0.00789209009,0.000768884689
ensemble,cv5,0,sobol-0251,0.452003389,0.473343841,0.96875,E_star,0.16763262,0.16045309,0.00434640488
ensemble,cv5,0,sobol-0255,0.13173911,0.423782534,1.46875,E_star,0.150664833,0.150580484,0.000659523684
cnn,cv5,0,pure-02,0,0.3,1,K_star,0.00621157891,0.00620659326,9.69747541e-05
cnn,cv5,0,corner-3,0,0.5,1.5,K_star,0.00278707772,0.00284953583,6.53444772e-05
cnn,cv5,0,corner-5,1,0.2,1.5,K_star,0.00857307933,0.00864989612,0.000312681267
cnn,cv5,0,edge-03,0.5,0.5,1.5,K_star,0.00178250916,0.00197506621,6.9937276e-05
cnn,cv5,0,edge-06,1,0.35,0.6875,K_star,0.00239162392,0.0024004759,5.27291154e-05
cnn,cv5,0,edge-08,0,0.2,1.09375,K_star,0.0109281902,0.0108039478,0.000145870109
cnn,cv5,0,edge-11,1,0.5,1.09375,K_star,0.00148047979,0.00146492528,4.08315854e-05
cnn,cv5,0,sobol-0000,0.126983422,0.235261397,0.6875,K_star,0.00643633572,0.0065324064,9.82125862e-05
cnn,cv5,0,sobol-0002,0.880164234,0.332627441,1,K_star,0.00339848317,0.00340457089,7.21581198e-05
cnn,cv5,0,sobol-0010,0.865161872,0.218614869,1.25,K_star,0.00704992583,0.00702383947,0.000161257664
cnn,cv5,0,sobol-0011,0.419242935,0.471398161,0.8125,K_star,0.00190520979,0.00188422246,4.84652182e-05
cnn,cv5,0,sobol-0013,0.970944732,0.46145202,1.4375,K_star,0.00216886295,0.0021462489,4.92201333e-05
cnn,cv5,0,sobol-0014,0.560377501,0.303512655,0.78125,K_star,0.00431613507,0.00416832263,0.000127501948
cnn,cv5,0,sobol-0016,0.193930593,0.294629907,0.90625,K_star,0.00592833755,0.00589927218,9.30715185e-05
cnn,cv5,0,sobol-0017,0.529507734,0.416456273,1.40625,K_star,0.00307845938,0.00307048326,9.61185711e-05
cnn,cv5,0,sobol-0019,0.274877344,0.452610168,1.3125,K_star,0.00325988156,0.00327983804,6.77869637e-05
cnn,cv5,0,sobol-0024,0.0529194809,0.253973287,1.1875,K_star,0.00872569601,0.0085953903,0.000127458844
cnn,cv5,0,sobol-0036,0.496436682,0.241881129,0.75,K_star,0.00655103266,0.00634375709,0.000176266463
cnn,cv5,0,sobol-0039,0.0348707773,0.393298399,1.46875,K_star,0.00488975523,0.00494016495,8.89148444e-05
cnn,cv5,0,sobol-0041,0.652714773,0.465653893,1.46875,K_star,0.00204083878,0.00208683672,7.61722757e-05
cnn,cv5,0,sobol-0043,0.401548238,0.365870288,1.15625,K_star,0.00442915233,0.00440552502,9.04509171e-05
cnn,cv5,0,sobol-0044,0.262683366,0.309513101,1.34375,K_star,0.00693416136,0.00696149895,0.000111344459
cnn,cv5,0,sobol-0046,0.511424698,0.258930507,1.25,K_star,0.0082932309,0.00798165314,0.000224272707
cnn,cv5,0,sobol-0055,0.10073624,0.474385302,1.21875,K_star,0.00289626837,0.00289688293,6.0534835e-05
cnn,cv5,0,sobol-0059,0.468495291,0.428937436,1.40625,K_star,0.00318328281,0.00321474302,7.90313213e-05
cnn,cv5,0,sobol-0061,0.891404776,0.495096795,0.75,K_star,0.00116420434,0.00116526512,3.23041745e-05
cnn,cv5,0,sobol-0064,0.148505623,0.292280559,1.4375,K_star,0.00796814321,0.00799526028,0.000120538734
cnn,cv5,0,sobol-0069,0.758347617,0.482996456,1.375,K_star,0.00182915909,0.0018440649,4.74921801e-05
cnn,cv5,0,sobol-0097,0.616036711,0.440044096,1.34375,K_star,0.00224598368,0.00227782154,9.95008659e-05
cnn,cv5,0,sobol-0103,0.0562858693,0.486352551,0.6875,K_star,0.00177916904,0.00180269882,5.18237998e-05
cnn,cv5,0,sobol-0107,0.37619538,0.459144243,1.0625,K_star,0.00260330944,0.0025699265,6.14518095e-05
cnn,cv5,0,sobol-0112,0.229381149,0.324754597,0.75,K_star,0.00436872131,0.00441948465,7.73814528e-05
cnn,cv5,0,sobol-0117,0.869626894,0.450444592,0.8125,K_star,0.00158272735,0.00158859595,4.25709061e-05
cnn,cv5,0,sobol-0123,0.443035368,0.373383208,0.84375,K_star,0.00323628577,0.00324272106,7.60955467e-05
cnn,cv5,0,sobol-0125,0.885598233,0.400944059,1.5,K_star,0.00307314954,0.00308670039,6.52700186e-05
cnn,cv5,0,sobol-0140,0.298764301,0.2912335,0.71875,K_star,0.00489592582,0.00497811152,8.91616021e-05
cnn,cv5,0,sobol-0142,0.553350213,0.240870633,1.0625,K_star,0.00818129013,0.00774840276,0.000216616406
cnn,cv5,0,sobol-0148,0.380707555,0.34737298,1.125,K_star,0.00487992352,0.00487341145,9.71882446e-05
cnn,cv5,0,sobol-0156,0.364734769,0.203573071,0.96875,K_star,0.0102094198,0.0100299437,0.00023413827
cnn,cv5,0,sobol-0162,0.930032243,0.314281482,1.28125,K_star,0.00436971196,0.00435585307,9.14778925e-05
cnn,cv5,0,sobol-0168,0.0778248319,0.331770297,0.71875,K_star,0.00413116228,0.00422897968,7.68685922e-05
cnn,cv5,0,sobol-0169,0.647535969,0.378143432,1.1875,K_star,0.00299285357,0.00300851911,9.73402193e-05
cnn,cv5,0,sobol-0174,0.500732469,0.285535084,1.3125,K_star,0.00723415916,0.00705058228,0.000198895191
cnn,cv5,0,sobol-0186,0.76213515,0.295642691,0.78125,K_star,0.00347453555,0.00344952989,7.9063755e-05
cnn,cv5,0,sobol-0202,0.848175962,0.244524384,0.84375,K_star,0.00473793931,0.00468435133,0.000118167516
cnn,cv5,0,sobol-0204,0.292943692,0.234507469,1.5,K_star,0.0106358417,0.0108706855,0.000177430131
cnn,cv5,0,sobol-0208,0.21088217,0.343979498,1.34375,K_star,0.00590183113,0.00592025626,0.000100537033
cnn,cv5,0,sobol-0210,0.953854713,0.225666189,1.21875,K_star,0.00664555505,0.00657284555,0.000196211122
cnn,cv5,0,sobol-0218,0.781350875,0.325575156,1.09375,K_star,0.00373966104,0.00373591608,8.01828211e-05
cnn,cv5,0,sobol-0220,0.358807124,0.298018829,1.25,K_star,0.00675573127,0.00686706497,0.000129322539
cnn,cv5,0,sobol-0227,0.370050646,0.454702046,1.3125,K_star,0.00303680363,0.00303794835,7.15825784e-05
cnn,cv5,0,sobol-0233,0.637716319,0.435162361,1.0625,K_star,0.00200051775,0.00201657709,7.1746451e-05
cnn,cv5,0,sobol-0234,0.830968115,0.29362068,1.09375,K_star,0.00438730363,0.00436894956,9.82104867e-05
cnn,cv5,0,sobol-0236,0.278900584,0.339963431,0.9375,K_star,0.0047586805,0.00472982706,8.06102045e-05
cnn,cv5,0,sobol-0242,0.97545709,0.349981164,0.75,K_star,0.00254544209,0.00256055112,5.52545229e-05
cnn,cv5,0,sobol-0250,0.771953622,0.201416499,1.34375,K_star,0.00841000233,0.00883153805,0.000273763815
cnn,cv5,0,sobol-0251,0.452003389,0.473343841,0.96875,K_star,0.00203865102,0.0019990489,5.23901455e-05
cnn,cv5,0,sobol-0255,0.13173911,0.423782534,1.46875,K_star,0.0041559968,0.0042177498,7.83897564e-05
cnn,cv5,0,pure-02,0,0.3,1,E_star,0.0666341989,0.0708747863,0.00527351346
cnn,cv5,0,corner-3,0,0.5,1.5,E_star,0.212961125,0.214012379,0.00706469122
cnn,cv5,0,corner-5,1,0.2,1.5,E_star,0.0339784645,0.0265559552,0.00778914386
cnn,cv5,0,edge-03,0.5,0.5,1.5,E_star,0.184628825,0.183221502,0.00469709285
cnn,cv5,0,edge-06,1,0.35,0.6875,E_star,0.0916907316,0.0891062934,0.00455362033
cnn,cv5,0,edge-08,0,0.2,1.09375,E_star,0.0299749927,0.0305039048,0.00301692534
cnn,cv5,0,edge-11,1,0.5,1.09375,E_star,0.180451102,0.182331571,0.00318117931
cnn,cv5,0,sobol-0000,0.126983422,0.235261397,0.6875,E_star,0.0412713951,0.0416313637,0.00385901061
cnn,cv5,0,sobol-0002,0.880164234,0.332627441,1,E_star,0.0784481386,0.0810576701,0.00485592244
cnn,cv5,0,sobol-0010,0.865161872,0.218614869,1.25,E_star,0.0341458532,0.0304368391,0.00765835046
cnn,cv5,0,sobol-0011,0.419242935,0.471398161,0.8125,E_star,0.170555046,0.169637449,0.00498655145
cnn,cv5,0,sobol-0013,0.970944732,0.46145202,1.4375,E_star,0.154550752,0.155233917,0.00366117434
cnn,cv5,0,sobol-0014,0.560377501,0.303512655,0.78125,E_star,0.0150975361,0.0166654324,0.00396046469
cnn,cv5,0,sobol-0016,0.193930593,0.294629907,0.90625,E_star,0.0645279653,0.0671747948,0.00528984812
cnn,cv5,0,sobol-0017,0.529507734,0.416456273,1.40625,E_star,0.0910790644,0.0899385101,0.00551220134
cnn,cv5,0,sobol-0019,0.274877344,0.452610168,1.3125,E_star,0.166688808,0.169230066,0.00554026312
cnn,cv5,0,sobol-0024,0.0529194809,0.253973287,1.1875,E_star,0.0489791582,0.0504454811,0.00440257294
cnn,cv5,0,sobol-0036,0.496436682,0.241881129,0.75,E_star,0.0110893805,0.00811150758,0.00240195761
cnn,cv5,0,sobol-0039,0.0348707773,0.393298399,1.46875,E_star,0.129110233,0.125462736,0.00605858996
cnn,cv5,0,sobol-0041,0.652714773,0.465653893,1.46875,E_star,0.154390183,0.152524193,0.00501381499
cnn,cv5,0,sobol-0043,0.401548238,0.365870288,1.15625,E_star,0.0890589168,0.0781031563,0.00729126699
cnn,cv5,0,sobol-0044,0.262683366,0.309513101,1.34375,E_star,0.0712102611,0.0701005736,0.00617582554
cnn,cv5,0,sobol-0046,0.511424698,0.258930507,1.25,E_star,0.012073671,0.00966122122,0.00279725659
cnn,cv5,0,sobol-0055,0.10073624,0.474385302,1.21875,E_star,0.187059911,0.188493177,0.00531735267
cnn,cv5,0,sobol-0059,0.468495291,0.428937436,1.40625,E_star,0.125715424,0.117506629,0.00555649424
cnn,cv5,0,sobol-0061,0.891404776,0.495096795,0.75,E_star,0.178974902,0.179981393,0.00347146975
cnn,cv5,0,sobol-0064,0.148505623,0.292280559,1.4375,E_star,0.0678223694,0.0670384237,0.00501658026
cnn,cv5,0,sobol-0069,0.758347617,0.482996456,1.375,E_star,0.169944996,0.167875421,0.00346246724
cnn,cv5,0,sobol-0097,0.616036711,0.440044096,1.34375,E_star,0.129378729,0.130730338,0.00539074386
cnn,cv5,0,sobol-0103,0.0562858693,0.486352551,0.6875,E_star,0.197682073,0.197174434,0.00626035146
cnn,cv5,0,sobol-0107,0.37619538,0.459144243,1.0625,E_star,0.163113505,0.165024939,0.00532650383
cnn,cv5,0,sobol-0112,0.229381149,0.324754597,0.75,E_star,0.0794870645,0.0830254402,0.00620018086
cnn,cv5,0,sobol-0117,0.869626894,0.450444592,0.8125,E_star,0.146151031,0.146617569,0.00367345175
cnn,cv5,0,sobol-0123,0.443035368,0.373383208,0.84375,E_star,0.0768455785,0.0687094573,0.00599241346
cnn,cv5,0,sobol-0125,0.885598233,0.400944059,1.5,E_star,0.119481429,0.118558687,0.00439968368
cnn,cv5,0,sobol-0140,0.298764301,0.2912335,0.71875,E_star,0.058674526,0.0554109248,0.00627676386
cnn,cv5,0,sobol-0142,0.553350213,0.240870633,1.0625,E_star,0.00934073263,0.00748190804,0.00238315813
cnn,cv5,0,sobol-0148,0.380707555,0.34737298,1.125,E_star,0.0798565513,0.070010653,0.0071319039
cnn,cv5,0,sobol-0156,0.364734769,0.203573071,0.96875,E_star,0.00989186846,0.010436192,0.00219117908
cnn,cv5,0,sobol-0162,0.930032243,0.314281482,1.28125,E_star,0.0733004071,0.0747030501,0.00517940071
cnn,cv5,0,sobol-0168,0.0778248319,0.331770297,0.71875,E_star,0.08802799,0.08834712,0.00570291785
cnn,cv5,0,sobol-0169,0.647535969,0.378143432,1.1875,E_star,0.0875286353,0.091090424,0.00491659415
cnn,cv5,0,sobol-0174,0.500732469,0.285535084,1.3125,E_star,0.0155744982,0.0137895571,0.00357651153
cnn,cv5,0,sobol-0186,0.76213515,0.295642691,0.78125,E_star,0.0579521958,0.0560082448,0.00544482908
cnn,cv5,0,sobol-0202,0.848175962,0.244524384,0.84375,E_star,0.0415882856,0.0395001968,0.00686140828
cnn,cv5,0,sobol-0204,0.292943692,0.234507469,1.5,E_star,0.0329127032,0.0293338109,0.00355804091
cnn,cv5,0,sobol-0208,0.21088217,0.343979498,1.34375,E_star,0.0923519876,0.0928672505,0.00615462574
cnn,cv5,0,sobol-0210,0.953854713,0.225666189,1.21875,E_star,0.0386509295,0.0362664473,0.00711079013
cnn,cv5,0,sobol-0218,0.781350875,0.325575156,1.09375,E_star,0.0717990247,0.0749761345,0.00498912333
cnn,cv5,0,sobol-0220,0.358807124,0.298018829,1.25,E_star,0.0516441972,0.0441610107,0.00514575275
cnn,cv5,0,sobol-0227,0.370050646,0.454702046,1.3125,E_star,0.162586557,0.16433074,0.00554629206
cnn,cv5,0,sobol-0233,0.637716319,0.435162361,1.0625,E_star,0.12388038,0.128872627,0.00457684072
cnn,cv5,0,sobol-0234,0.830968115,0.29362068,1.09375,E_star,0.0600031891,0.0614068133,0.00539628057
cnn,cv5,0,sobol-0236,0.278900584,0.339963431,0.9375,E_star,0.0859291432,0.086995938,0.00726775283
cnn,cv5,0,sobol-0242,0.97545709,0.349981164,0.75,E_star,0.088750399,0.0894841334,0.00447048574
cnn,cv5,0,sobol-0250,0.771953622,0.201416499,1.34375,E_star,0.0109732064,0.0138004488,0.00478397982
cnn,cv5,0,sobol-0251,0.452003389,0.473343841,0.96875,E_star,0.16763262,0.164680799,0.00494732925
cnn,cv5,0,sobol-0255,0.13173911,0.423782534,1.46875,E_star,0.150664833,0.149452677,0.00598328881
gp,cv5,1,pure-08,1,0.25,1,K_star,0.00513639924,0.00512549436,8.65011353e-05
gp,cv5,1,pure-09,1,0.3,1,K_star,0.00400964095,0.00399143984,5.70116025e-05
gp,cv5,1,pure-10,1,0.35,1,K_star,0.00310319013,0.0031067005,3.99998321e-05
gp,cv5,1,corner-1,0,0.2,1.5,K_star,0.0131222066,0.0132288283,0.000294354624
gp,cv5,1,corner-2,0,0.5,0.6875,K_star,0.00164256091,0.00167308348,3.568887e-05
gp,cv5,1,corner-6,1,0.5,0.6875,K_star,0.00106961902,0.0010929748,2.69912191e-05
gp,cv5,1,edge-00,0.5,0.2,0.6875,K_star,0.00789495057,0.00794541498,0.000218724924
gp,cv5,1,edge-09,0,0.5,1.09375,K_star,0.00235974166,0.00236053189,2.92606675e-05
gp,cv5,1,sobol-0004,0.447481494,0.286280112,1.21875,K_star,0.00705017318,0.00700271684,8.45329112e-05
gp,cv5,1,sobol-0006,0.700647862,0.24523731,1.34375,K_star,0.00687369772,0.00695917365,9.05948329e-05
gp,cv5,1,sobol-0020,0.389323624,0.20874733,1.4375,K_star,0.0125608642,0.0125753271,0.000274445393
gp,cv5,1,sobol-0021,0.834015391,0.480093252,1.03125,K_star,0.00157610295,0.00157594922,1.96823682e-05
gp,cv5,1,sobol-0023,0.0793689135,0.3502626,0.71875,K_star,0.00377661942,0.0037741226,4.90414686e-05
gp,cv5,1,sobol-0026,0.798334875,0.276413154,1.5,K_star,0.00585290754,0.0058402212,8.77434617e-05
gp,cv5,1,sobol-0028,0.373107458,0.342641177,0.84375,K_star,0.00412328884,0.00409066856,4.91026155e-05
gp,cv5,1,sobol-0032,0.176172289,0.335991424,1.28125,K_star,0.00601752549,0.00602604914,7.12308007e-05
gp,cv5,1,sobol-0040,0.067152882,0.21262207,1,K_star,0.00966058488,0.00963312385,0.000139915132
gp,cv5,1,sobol-0052,0.430464404,0.328228148,0.96875,K_star,0.00467581411,0.0047120232,5.80728504e-05
gp,cv5,1,sobol-0053,0.844151772,0.355998744,1.3125,K_star,0.00358181498,0.00358540733,4.64117925e-05
gp,cv5,1,sobol-0054,0.687033146,0.202718215,0.84375,K_star,0.00734142598,0.00723628881,0.000139491063
gp,cv5,1,sobol-0056,0.000312644988,0.279777245,0.8125,K_star,0.00594265907,0.00591878017,7.69280242e-05
gp,cv5,1,sobol-0060,0.320734303,0.223022352,1.09375,K_star,0.00953032914,0.00960006455,0.000140405664
gp,cv5,1,sobol-0062,0.577272987,0.346042051,1.40625,K_star,0.00451424417,0.00444262372,5.47488237e-05
gp,cv5,1,sobol-0066,0.905639401,0.239280392,1.125,K_star,0.00588630373,0.00589200663,7.12389568e-05
gp,cv5,1,sobol-0067,0.320301357,0.436651255,0.75,K_star,0.00238169382,0.00237929868,3.0717019e-05
gp,cv5,1,sobol-0070,0.710329183,0.338511194,0.78125,K_star,0.00278847585,0.00277725055,3.59674633e-05
gp,cv5,1,sobol-0071,0.0153902136,0.385483922,1.25,K_star,0.00469023732,0.00470115993,5.39214114e-05
gp,cv5,1,sobol-0077,0.992345758,0.368397916,0.6875,K_star,0.00216568238,0.00217888312,2.85110269e-05
gp,cv5,1,sobol-0078,0.5388401,0.210531597,1.46875,K_star,0.0120434336,0.0121611878,0.000174610808
gp,cv5,1,sobol-0080,0.21534573,0.200476956,1.21875,K_star,0.0115364205,0.0115819348,0.000263063956
gp,cv5,1,sobol-0088,0.0431162827,0.348419064,1.0625,K_star,0.00511612931,0.00511919824,6.04177932e-05
gp,cv5,1,sobol-0092,0.347754645,0.248122236,1.40625,K_star,0.00951011328,0.00960898834,0.000146290334
gp,cv5,1,sobol-0094,0.597015379,0.282225338,1.28125,K_star,0.00666479776,0.0065459621,7.93109118e-05
gp,cv5,1,sobol-0100,0.474913824,0.334862128,1.46875,K_star,0.00566196435,0.00568943133,7.55852707e-05
gp,cv5,1,sobol-0108,0.272380662,0.216239276,0.78125,K_star,0.00775861573,0.0078599323,0.000193463419
gp,cv5,1,sobol-0111,0.196312835,0.362397271,1.375,K_star,0.00546105189,0.00545974065,6.69740154e-05
gp,cv5,1,sobol-0113,0.549072728,0.352346636,1.09375,K_star,0.00401201975,0.00390421735,4.54059716e-05
gp,cv5,1,sobol-0126,0.583215905,0.251815875,0.71875,K_star,0.00557664499,0.00555930017,8.49161067e-05
gp,cv5,1,sobol-0127,0.138261671,0.429994024,1.1875,K_star,0.00360146022,0.00360057021,4.23344421e-05
gp,cv5,1,sobol-0133,0.775301041,0.45708691,0.9375,K_star,0.00166903581,0.00166784633,1.98679548e-05
gp,cv5,1,sobol-0137,0.65766466,0.483709213,0.8125,K_star,0.0012423822,0.0012342979,1.82300796e-05
gp,cv5,1,sobol-0138,0.873649951,0.337505459,1.40625,K_star,0.00411240304,0.00411021803,5.22549073e-05
gp,cv5,1,sobol-0139,0.412341782,0.384145334,0.90625,K_star,0.0033801861,0.00338034895,3.96798813e-05
gp,cv5,1,sobol-0141,0.977835651,0.394164698,1.125,K_star,0.00267550897,0.00267783968,3.19995904e-05
gp,cv5,1,sobol-0147,0.267622409,0.403006533,1.375,K_star,0.00435789879,0.0043594619,5.53489438e-05
gp,cv5,1,sobol-0149,0.841288697,0.37545026,0.78125,K_star,0.00229077022,0.00229247962,3.12555301e-05
gp,cv5,1,sobol-0154,0.806687759,0.26972787,1.15625,K_star,0.00517179436,0.0051609026,6.37318405e-05
gp,cv5,1,sobol-0155,0.471369273,0.448391273,0.6875,K_star,0.00173133843,0.0016929123,2.39582164e-05
gp,cv5,1,sobol-0158,0.611523581,0.326812496,0.875,K_star,0.00346610075,0.00354495287,4.3483819e-05
gp,cv5,1,sobol-0171,0.390982145,0.489737342,1.5,K_star,0.00259333679,0.00256179759,4.48349207e-05
gp,cv5,1,sobol-0173,0.967944334,0.443396719,0.84375,K_star,0.00170290319,0.00170403073,2.12434569e-05
gp,cv5,1,sobol-0179,0.285564078,0.433378431,1,K_star,0.00305944515,0.0030625371,3.63352367e-05
gp,cv5,1,sobol-0188,0.315538332,0.323127904,1.46875,K_star,0.00664428626,0.00662215046,9.23824867e-05
gp,cv5,1,sobol-0193,0.573981424,0.458396961,0.75,K_star,0.00134003674,0.00134556399,1.87470572e-05
gp,cv5,1,sobol-0223,0.172393516,0.449514205,0.90625,K_star,0.00271313624,0.00270551374,3.18846806e-05
gp,cv5,1,sobol-0237,0.942607495,0.386450965,1.40625,K_star,0.00319842556,0.00320249136,4.11854876e-05
gp,cv5,1,sobol-0240,0.220276086,0.219637828,1.09375,K_star,0.00976470789,0.0097612085,0.000154370249
gp,cv5,1,sobol-0245,0.860403318,0.405089729,0.90625,K_star,0.00218240459,0.00218115101,2.73138622e-05
gp,cv5,1,pure-08,1,0.25,1,E_star,0.0453259806,0.0481288916,0.0048447893
gp,cv5,1,pure-09,1,0.3,1,E_star,0.0641511277,0.0655855863,0.00306921819
gp,cv5,1,pure-10,1,0.35,1,E_star,0.0863794157,0.0917459887,0.0036288534
gp,cv5,1,corner-1,0,0.2,1.5,E_star,0.0312873517,0.0301878086,0.000944522312
gp,cv5,1,corner-2,0,0.5,0.6875,E_star,0.209968187,0.20890965,0.0133775006
gp,cv5,1,corner-6,1,0.5,0.6875,E_star,0.185371115,0.173031507,0.00703282419
gp,cv5,1,edge-00,0.5,0.2,0.6875,E_star,0.00686155782,0.00704755232,0.00110677141
gp,cv5,1,edge-09,0,0.5,1.09375,E_star,0.207189007,0.20806108,0.00171519005
gp,cv5,1,sobol-0004,0.447481494,0.286280112,1.21875,E_star,0.0175565068,0.0165786347,0.000862159747
gp,cv5,1,sobol-0006,0.700647862,0.24523731,1.34375,E_star,0.0134389341,0.0131698661,0.000590137416
gp,cv5,1,sobol-0020,0.389323624,0.20874733,1.4375,E_star,0.00992023077,0.00990807721,0.00133933045
gp,cv5,1,sobol-0021,0.834015391,0.480093252,1.03125,E_star,0.165438876,0.166945825,0.00837454831
gp,cv5,1,sobol-0023,0.0793689135,0.3502626,0.71875,E_star,0.0987685923,0.0982785797,0.00439641833
gp,cv5,1,sobol-0026,0.798334875,0.276413154,1.5,E_star,0.0549010702,0.0517496366,0.004419987
gp,cv5,1,sobol-0028,0.373107458,0.342641177,0.84375,E_star,0.0782648813,0.0696162036,0.00282725978
gp,cv5,1,sobol-0032,0.176172289,0.335991424,1.28125,E_star,0.0883554299,0.0890274362,0.00326499281
gp,cv5,1,sobol-0040,0.067152882,0.21262207,1,E_star,0.032360636,0.0333907449,0.00259413981
gp,cv5,1,sobol-0052,0.430464404,0.328228148,0.96875,E_star,0.0238243126,0.0296563965,0.00185946814
gp,cv5,1,sobol-0053,0.844151772,0.355998744,1.3125,E_star,0.0916081756,0.0915569424,0.00773166116
gp,cv5,1,sobol-0054,0.687033146,0.202718215,0.84375,E_star,0.0047619218,0.00273047576,0.000314951589
gp,cv5,1,sobol-0056,0.000312644988,0.279777245,0.8125,E_star,0.0614526917,0.0604828865,0.00210147085
gp,cv5,1,sobol-0060,0.320734303,0.223022352,1.09375,E_star,0.0131068222,0.0222797397,0.00221397305
gp,cv5,1,sobol-0062,0.577272987,0.346042051,1.40625,E_star,0.0440303777,0.0361736583,0.00136010255
gp,cv5,1,sobol-0066,0.905639401,0.239280392,1.125,E_star,0.0416808642,0.0429824205,0.00173234469
gp,cv5,1,sobol-0067,0.320301357,0.436651255,0.75,E_star,0.150894821,0.148358919,0.0074335115
gp,cv5,1,sobol-0070,0.710329183,0.338511194,0.78125,E_star,0.073787976,0.0719461152,0.00401995587
gp,cv5,1,sobol-0071,0.0153902136,0.385483922,1.25,E_star,0.120115699,0.121224572,0.00346609918
gp,cv5,1,sobol-0077,0.992345758,0.368397916,0.6875,E_star,0.101998715,0.0995792776,0.00447788822
gp,cv5,1,sobol-0078,0.5388401,0.210531597,1.46875,E_star,0.00738392957,0.00696445512,0.000546927538
gp,cv5,1,sobol-0080,0.21534573,0.200476956,1.21875,E_star,0.025838727,0.0255045812,0.00400302305
gp,cv5,1,sobol-0088,0.0431162827,0.348419064,1.0625,E_star,0.0962217974,0.0966500855,0.00303193587
gp,cv5,1,sobol-0092,0.347754645,0.248122236,1.40625,E_star,0.0158059422,0.0273601578,0.00295197445
gp,cv5,1,sobol-0094,0.597015379,0.282225338,1.28125,E_star,0.0120512849,0.0117949605,0.000327323967
gp,cv5,1,sobol-0100,0.474913824,0.334862128,1.46875,E_star,0.0237407824,0.0205686184,0.00118065248
gp,cv5,1,sobol-0108,0.272380662,0.216239276,0.78125,E_star,0.0272729378,0.0262611362,0.00467205602
gp,cv5,1,sobol-0111,0.196312835,0.362397271,1.375,E_star,0.105877554,0.103418159,0.00401491372
gp,cv5,1,sobol-0113,0.549072728,0.352346636,1.09375,E_star,0.0390703014,0.0314624452,0.0011853493
gp,cv5,1,sobol-0126,0.583215905,0.251815875,0.71875,E_star,0.00960738005,0.00976758687,0.000959635728
gp,cv5,1,sobol-0127,0.138261671,0.429994024,1.1875,E_star,0.148966366,0.152078391,0.00446349862
gp,cv5,1,sobol-0133,0.775301041,0.45708691,0.9375,E_star,0.147955531,0.1485577,0.00432241574
gp,cv5,1,sobol-0137,0.65766466,0.483709213,0.8125,E_star,0.16727692,0.163035894,0.0120423557
gp,cv5,1,sobol-0138,0.873649951,0.337505459,1.40625,E_star,0.084495502,0.0833585002,0.00535684311
gp,cv5,1,sobol-0139,0.412341782,0.384145334,0.90625,E_star,0.0990444088,0.104044612,0.00356271088
gp,cv5,1,sobol-0141,0.977835651,0.394164698,1.125,E_star,0.111937963,0.111759256,0.00416961824
gp,cv5,1,sobol-0147,0.267622409,0.403006533,1.375,E_star,0.13034634,0.126314824,0.00833913811
gp,cv5,1,sobol-0149,0.841288697,0.37545026,0.78125,E_star,0.101302867,0.0999901818,0.00743580123
gp,cv5,1,sobol-0154,0.806687759,0.26972787,1.15625,E_star,0.0488388316,0.0488527985,0.00310331463
gp,cv5,1,sobol-0155,0.471369273,0.448391273,0.6875,E_star,0.143479867,0.137964917,0.0100059594
gp,cv5,1,sobol-0158,0.611523581,0.326812496,0.875,E_star,0.0373483108,0.0328573648,0.0018328451
gp,cv5,1,sobol-0171,0.390982145,0.489737342,1.5,E_star,0.195635439,0.196342197,0.0202717921
gp,cv5,1,sobol-0173,0.967944334,0.443396719,0.84375,E_star,0.141709951,0.139599928,0.00669328673
gp,cv5,1,sobol-0179,0.285564078,0.433378431,1,E_star,0.14657354,0.149345493,0.00530779095
gp,cv5,1,sobol-0188,0.315538332,0.323127904,1.46875,E_star,0.0761212834,0.0813078167,0.00589630421
gp,cv5,1,sobol-0193,0.573981424,0.458396961,0.75,E_star,0.137910283,0.134495426,0.00818779949
gp,cv5,1,sobol-0223,0.172393516,0.449514205,0.90625,E_star,0.162892866,0.165419484,0.00788948668
gp,cv5,1,sobol-0237,0.942607495,0.386450965,1.40625,E_star,0.109887903,0.108583033,0.00629431197
gp,cv5,1,sobol-0240,0.220276086,0.219637828,1.09375,E_star,0.0320013107,0.033075665,0.00321757285
gp,cv5,1,sobol-0245,0.860403318,0.405089729,0.90625,E_star,0.116976161,0.117220928,0.00756579444
ensemble,cv5,1,pure-08,1,0.25,1,K_star,0.00513639924,0.00512076052,2.21588469e-05
ensemble,cv5,1,pure-09,1,0.3,1,K_star,0.00400964095,0.00398419477,8.3936144e-06
ensemble,cv5,1,pure-10,1,0.35,1,K_star,0.00310319013,0.00309578854,1.10099307e-05
ensemble,cv5,1,corner-1,0,0.2,1.5,K_star,0.0131222066,0.0130946559,3.94474345e-05
ensemble,cv5,1,corner-2,0,0.5,0.6875,K_star,0.00164256091,0.00165067655,7.24067084e-06
ensemble,cv5,1,corner-6,1,0.5,0.6875,K_star,0.00106961902,0.00106920121,1.32172738e-05
ensemble,cv5,1,edge-00,0.5,0.2,0.6875,K_star,0.00789495057,0.00772069333,0.000113429854
ensemble,cv5,1,edge-09,0,0.5,1.09375,K_star,0.00235974166,0.00236946077,6.58470233e-06
ensemble,cv5,1,sobol-0004,0.447481494,0.286280112,1.21875,K_star,0.00705017318,0.00702945633,4.57303075e-05
ensemble,cv5,1,sobol-0006,0.700647862,0.24523731,1.34375,K_star,0.00687369772,0.00693469707,7.11812378e-05
ensemble,cv5,1,sobol-0020,0.389323624,0.20874733,1.4375,K_star,0.0125608642,0.0123990226,8.53452142e-05
ensemble,cv5,1,sobol-0021,0.834015391,0.480093252,1.03125,K_star,0.00157610295,0.00157939564,6.2933437e-06
ensemble,cv5,1,sobol-0023,0.0793689135,0.3502626,0.71875,K_star,0.00377661942,0.00377610423,1.1770367e-05
ensemble,cv5,1,sobol-0026,0.798334875,0.276413154,1.5,K_star,0.00585290754,0.00585830905,1.70536801e-05
ensemble,cv5,1,sobol-0028,0.373107458,0.342641177,0.84375,K_star,0.00412328884,0.00414118027,3.42332296e-05
ensemble,cv5,1,sobol-0032,0.176172289,0.335991424,1.28125,K_star,0.00601752549,0.0060181149,1.17338432e-05
ensemble,cv5,1,sobol-0040,0.067152882,0.21262207,1,K_star,0.00966058488,0.00962756876,2.1329782e-05
ensemble,cv5,1,sobol-0052,0.430464404,0.328228148,0.96875,K_star,0.00467581411,0.00479937238,5.79185606e-05
ensemble,cv5,1,sobol-0053,0.844151772,0.355998744,1.3125,K_star,0.00358181498,0.00358613643,8.4448813e-06
ensemble,cv5,1,sobol-0054,0.687033146,0.202718215,0.84375,K_star,0.00734142598,0.0074015709,6.48851531e-05
ensemble,cv5,1,sobol-0056,0.000312644988,0.279777245,0.8125,K_star,0.00594265907,0.00593680823,2.85030145e-05
ensemble,cv5,1,sobol-0060,0.320734303,0.223022352,1.09375,K_star,0.00953032914,0.00966834285,2.90323916e-05
ensemble,cv5,1,sobol-0062,0.577272987,0.346042051,1.40625,K_star,0.00451424417,0.00437608664,8.68039202e-05
ensemble,cv5,1,sobol-0066,0.905639401,0.239280392,1.125,K_star,0.00588630373,0.00589532023,1.38584295e-05
ensemble,cv5,1,sobol-0067,0.320301357,0.436651255,0.75,K_star,0.00238169382,0.00238048201,1.67342026e-05
ensemble,cv5,1,sobol-0070,0.710329183,0.338511194,0.78125,K_star,0.00278847585,0.00279619913,2.17263682e-05
ensemble,cv5,1,sobol-0071,0.0153902136,0.385483922,1.25,K_star,0.00469023732,0.00469931931,1.57068183e-05
ensemble,cv5,1,sobol-0077,0.992345758,0.368397916,0.6875,K_star,0.00216568238,0.00217809469,8.59849039e-06
ensemble,cv5,1,sobol-0078,0.5388401,0.210531597,1.46875,K_star,0.0120434336,0.0121881251,5.94409389e-05
ensemble,cv5,1,sobol-0080,0.21534573,0.200476956,1.21875,K_star,0.0115364205,0.0115851226,9.21306366e-05
ensemble,cv5,1,sobol-0088,0.0431162827,0.348419064,1.0625,K_star,0.00511612931,0.00511758348,1.41246214e-05
ensemble,cv5,1,sobol-0092,0.347754645,0.248122236,1.40625,K_star,0.00951011328,0.00959003363,2.64876743e-05
ensemble,cv5,1,sobol-0094,0.597015379,0.282225338,1.28125,K_star,0.00666479776,0.00645378715,0.000141105437
ensemble,cv5,1,sobol-0100,0.474913824,0.334862128,1.46875,K_star,0.00566196435,0.00575615118,8.72982548e-05
ensemble,cv5,1,sobol-0108,0.272380662,0.216239276,0.78125,K_star,0.00775861573,0.00788533428,5.96271162e-05
ensemble,cv5,1,sobol-0111,0.196312835,0.362397271,1.375,K_star,0.00546105189,0.00545364621,1.03103007e-05
ensemble,cv5,1,sobol-0113,0.549072728,0.352346636,1.09375,K_star,0.00401201975,0.00380851185,0.000115229434
ensemble,cv5,1,sobol-0126,0.583215905,0.251815875,0.71875,K_star,0.00557664499,0.0055077013,6.55140364e-05
ensemble,cv5,1,sobol-0127,0.138261671,0.429994024,1.1875,K_star,0.00360146022,0.00360821537,8.79835939e-06
ensemble,cv5,1,sobol-0133,0.775301041,0.45708691,0.9375,K_star,0.00166903581,0.00166798589,9.94731206e-06
ensemble,cv5,1,sobol-0137,0.65766466,0.483709213,0.8125,K_star,0.0012423822,0.00122446291,1.88531705e-05
ensemble,cv5,1,sobol-0138,0.873649951,0.337505459,1.40625,K_star,0.00411240304,0.00411236693,8.45434627e-06
ensemble,cv5,1,sobol-0139,0.412341782,0.384145334,0.90625,K_star,0.0033801861,0.00339880988,3.42428253e-05
ensemble,cv5,1,sobol-0141,0.977835651,0.394164698,1.125,K_star,0.00267550897,0.00267250426,6.82053575e-06
ensemble,cv5,1,sobol-0147,0.267622409,0.403006533,1.375,K_star,0.00435789879,0.00435609442,1.20220776e-05
ensemble,cv5,1,sobol-0149,0.841288697,0.37545026,0.78125,K_star,0.00229077022,0.00230090197,1.00050743e-05
ensemble,cv5,1,sobol-0154,0.806687759,0.26972787,1.15625,K_star,0.00517179436,0.00516961188,1.90160622e-05
ensemble,cv5,1,sobol-0155,0.471369273,0.448391273,0.6875,K_star,0.00173133843,0.00163860222,5.0397103e-05
ensemble,cv5,1,sobol-0158,0.611523581,0.326812496,0.875,K_star,0.00346610075,0.00351458375,7.79296095e-05
ensemble,cv5,1,sobol-0171,0.390982145,0.489737342,1.5,K_star,0.00259333679,0.00250463689,3.43122e-05
ensemble,cv5,1,sobol-0173,0.967944334,0.443396719,0.84375,K_star,0.00170290319,0.0017003265,4.76072634e-06
ensemble,cv5,1,sobol-0179,0.285564078,0.433378431,1,K_star,0.00305944515,0.00306170069,9.26062679e-06
ensemble,cv5,1,sobol-0188,0.315538332,0.323127904,1.46875,K_star,0.00664428626,0.00658405849,3.32267879e-05
ensemble,cv5,1,sobol-0193,0.573981424,0.458396961,0.75,K_star,0.00134003674,0.00137921564,3.79640657e-05
ensemble,cv5,1,sobol-0223,0.172393516,0.449514205,0.90625,K_star,0.00271313624,0.00270435213,7.202633e-06
ensemble,cv5,1,sobol-0237,0.942607495,0.386450965,1.40625,K_star,0.00319842556,0.00320157422,6.86129672e-06
ensemble,cv5,1,sobol-0240,0.220276086,0.219637828,1.09375,K_star,0.00976470789,0.00973035225,4.34261425e-05
ensemble,cv5,1,sobol-0245,0.860403318,0.405089729,0.90625,K_star,0.00218240459,0.00218236261,6.09481847e-06
ensemble,cv5,1,pure-08,1,0.25,1,E_star,0.0453259806,0.0470553752,0.000416275933
ensemble,cv5,1,pure-09,1,0.3,1,E_star,0.0641511277,0.0652087008,0.000478559173
ensemble,cv5,1,pure-10,1,0.35,1,E_star,0.0863794157,0.0875037593,0.000522148476
ensemble,cv5,1,corner-1,0,0.2,1.5,E_star,0.0312873517,0.0311408245,0.000777933028
ensemble,cv5,1,corner-2,0,0.5,0.6875,E_star,0.209968187,0.209139157,0.00166122775
ensemble,cv5,1,corner-6,1,0.5,0.6875,E_star,0.185371115,0.188073176,0.00202142283
ensemble,cv5,1,edge-00,0.5,0.2,0.6875,E_star,0.00686155782,0.0102308606,0.00286896117
ensemble,cv5,1,edge-09,0,0.5,1.09375,E_star,0.207189007,0.208188926,0.00123655214
ensemble,cv5,1,sobol-0004,0.447481494,0.286280112,1.21875,E_star,0.0175565068,0.0172876636,0.00211708867
ensemble,cv5,1,sobol-0006,0.700647862,0.24523731,1.34375,E_star,0.0134389341,0.0152631349,0.00163355508
ensemble,cv5,1,sobol-0020,0.389323624,0.20874733,1.4375,E_star,0.00992023077,0.012969887,0.00057762873
ensemble,cv5,1,sobol-0021,0.834015391,0.480093252,1.03125,E_star,0.165438876,0.164906348,0.000777302988
ensemble,cv5,1,sobol-0023,0.0793689135,0.3502626,0.71875,E_star,0.0987685923,0.0987857437,0.000822841133
ensemble,cv5,1,sobol-0026,0.798334875,0.276413154,1.5,E_star,0.0549010702,0.0547731521,0.000439270646
ensemble,cv5,1,sobol-0028,0.373107458,0.342641177,0.84375,E_star,0.0782648813,0.0755597542,0.00317731553
ensemble,cv5,1,sobol-0032,0.176172289,0.335991424,1.28125,E_star,0.0883554299,0.088639704,0.000626051107
ensemble,cv5,1,sobol-0040,0.067152882,0.21262207,1,E_star,0.032360636,0.0333319315,0.000203777187
ensemble,cv5,1,sobol-0052,0.430464404,0.328228148,0.96875,E_star,0.0238243126,0.0457972453,0.0062997559
ensemble,cv5,1,sobol-0053,0.844151772,0.355998744,1.3125,E_star,0.0916081756,0.0924342358,0.000477133855
ensemble,cv5,1,sobol-0054,0.687033146,0.202718215,0.84375,E_star,0.0047619218,0.00402829653,0.00105830355
ensemble,cv5,1,sobol-0056,0.000312644988,0.279777245,0.8125,E_star,0.0614526917,0.0613600603,0.000785533733
ensemble,cv5,1,sobol-0060,0.320734303,0.223022352,1.09375,E_star,0.0131068222,0.0183403374,0.00102614088
ensemble,cv5,1,sobol-0062,0.577272987,0.346042051,1.40625,E_star,0.0440303777,0.0356007285,0.00419033041
ensemble,cv5,1,sobol-0066,0.905639401,0.239280392,1.125,E_star,0.0416808642,0.0419162099,0.000211832264
ensemble,cv5,1,sobol-0067,0.320301357,0.436651255,0.75,E_star,0.150894821,0.151693603,0.00180380592
ensemble,cv5,1,sobol-0070,0.710329183,0.338511194,0.78125,E_star,0.073787976,0.074598966,0.000838482607
ensemble,cv5,1,sobol-0071,0.0153902136,0.385483922,1.25,E_star,0.120115699,0.119704678,0.000920039632
ensemble,cv5,1,sobol-0077,0.992345758,0.368397916,0.6875,E_star,0.101998715,0.101380466,0.000559030269
ensemble,cv5,1,sobol-0078,0.5388401,0.210531597,1.46875,E_star,0.00738392957,0.00652747915,0.00060136703
ensemble,cv5,1,sobol-0080,0.21534573,0.200476956,1.21875,E_star,0.025838727,0.0262385096,0.000969801293
ensemble,cv5,1,sobol-0088,0.0431162827,0.348419064,1.0625,E_star,0.0962217974,0.0951339298,0.000967370777
ensemble,cv5,1,sobol-0092,0.347754645,0.248122236,1.40625,E_star,0.0158059422,0.024312417,0.000601587452
ensemble,cv5,1,sobol-0094,0.597015379,0.282225338,1.28125,E_star,0.0120512849,0.009654336,0.00367555735
ensemble,cv5,1,sobol-0100,0.474913824,0.334862128,1.46875,E_star,0.0237407824,0.0239456631,0.00422137326
ensemble,cv5,1,sobol-0108,0.272380662,0.216239276,0.78125,E_star,0.0272729378,0.0233080166,0.00464929129
ensemble,cv5,1,sobol-0111,0.196312835,0.362397271,1.375,E_star,0.105877554,0.105236561,0.000653083375
ensemble,cv5,1,sobol-0113,0.549072728,0.352346636,1.09375,E_star,0.0390703014,0.030703934,0.00356018095
ensemble,cv5,1,sobol-0126,0.583215905,0.251815875,0.71875,E_star,0.00960738005,0.00495769308,0.00219586473
ensemble,cv5,1,sobol-0127,0.138261671,0.429994024,1.1875,E_star,0.148966366,0.150258757,0.00101954976
ensemble,cv5,1,sobol-0133,0.775301041,0.45708691,0.9375,E_star,0.147955531,0.148274915,0.000612383383
ensemble,cv5,1,sobol-0137,0.65766466,0.483709213,0.8125,E_star,0.16727692,0.163377833,0.00446182396
ensemble,cv5,1,sobol-0138,0.873649951,0.337505459,1.40625,E_star,0.084495502,0.0851871458,0.000392445793
ensemble,cv5,1,sobol-0139,0.412341782,0.384145334,0.90625,E_star,0.0990444088,0.0997499974,0.00271274606
ensemble,cv5,1,sobol-0141,0.977835651,0.394164698,1.125,E_star,0.111937963,0.11112439,0.000522029037
ensemble,cv5,1,sobol-0147,0.267622409,0.403006533,1.375,E_star,0.13034634,0.12982009,0.000916926096
ensemble,cv5,1,sobol-0149,0.841288697,0.37545026,0.78125,E_star,0.101302867,0.101127634,0.000515709124
ensemble,cv5,1,sobol-0154,0.806687759,0.26972787,1.15625,E_star,0.0488388316,0.0489887065,0.000384558154
ensemble,cv5,1,sobol-0155,0.471369273,0.448391273,0.6875,E_star,0.143479867,0.135970828,0.00563629948
ensemble,cv5,1,sobol-0158,0.611523581,0.326812496,0.875,E_star,0.0373483108,0.0363519164,0.00410043639
ensemble,cv5,1,sobol-0171,0.390982145,0.489737342,1.5,E_star,0.195635439,0.191782274,0.00252774288
ensemble,cv5,1,sobol-0173,0.967944334,0.443396719,0.84375,E_star,0.141709951,0.14140648,0.000627561244
ensemble,cv5,1,sobol-0179,0.285564078,0.433378431,1,E_star,0.14657354,0.148076907,0.00127578401
ensemble,cv5,1,sobol-0188,0.315538332,0.323127904,1.46875,E_star,0.0761212834,0.0751554758,0.00122745421
ensemble,cv5,1,sobol-0193,0.573981424,0.458396961,0.75,E_star,0.137910283,0.137331651,0.00323332385
ensemble,cv5,1,sobol-0223,0.172393516,0.449514205,0.90625,E_star,0.162892866,0.164263948,0.00112565297
ensemble,cv5,1,sobol-0237,0.942607495,0.386450965,1.40625,E_star,0.109887903,0.109747978,0.000408907596
ensemble,cv5,1,sobol-0240,0.220276086,0.219637828,1.09375,E_star,0.0320013107,0.0315100568,0.000925845827
ensemble,cv5,1,sobol-0245,0.860403318,0.405089729,0.90625,E_star,0.116976161,0.117316698,0.00047551249
cnn,cv5,1,pure-08,1,0.25,1,K_star,0.00513639924,0.00517702181,6.53847556e-05
cnn,cv5,1,pure-09,1,0.3,1,K_star,0.00400964095,0.00401583904,3.99165627e-05
cnn,cv5,1,pure-10,1,0.35,1,K_star,0.00310319013,0.00315064529,3.32974481e-05
cnn,cv5,1,corner-1,0,0.2,1.5,K_star,0.0131222066,0.0130143167,0.00012612704
cnn,cv5,1,corner-2,0,0.5,0.6875,K_star,0.00164256091,0.0016489037,2.63154391e-05
cnn,cv5,1,corner-6,1,0.5,0.6875,K_star,0.00106961902,0.00103388975,2.36594254e-05
cnn,cv5,1,edge-00,0.5,0.2,0.6875,K_star,0.00789495057,0.00802577584,0.000210010662
cnn,cv5,1,edge-09,0,0.5,1.09375,K_star,0.00235974166,0.00229652804,3.37043643e-05
cnn,cv5,1,sobol-0004,0.447481494,0.286280112,1.21875,K_star,0.00705017318,0.00699044155,0.00013957009
cnn,cv5,1,sobol-0006,0.700647862,0.24523731,1.34375,K_star,0.00687369772,0.00703487926,0.000145724587
cnn,cv5,1,sobol-0020,0.389323624,0.20874733,1.4375,K_star,0.0125608642,0.0125737588,0.000192258229
cnn,cv5,1,sobol-0021,0.834015391,0.480093252,1.03125,K_star,0.00157610295,0.0015641581,2.63014292e-05
cnn,cv5,1,sobol-0023,0.0793689135,0.3502626,0.71875,K_star,0.00377661942,0.00385824463,5.11395979e-05
cnn,cv5,1,sobol-0026,0.798334875,0.276413154,1.5,K_star,0.00585290754,0.00577735819,6.9464483e-05
cnn,cv5,1,sobol-0028,0.373107458,0.342641177,0.84375,K_star,0.00412328884,0.00411585957,6.10236536e-05
cnn,cv5,1,sobol-0032,0.176172289,0.335991424,1.28125,K_star,0.00601752549,0.00601340367,6.75557964e-05
cnn,cv5,1,sobol-0040,0.067152882,0.21262207,1,K_star,0.00966058488,0.00954140025,9.34541245e-05
cnn,cv5,1,sobol-0052,0.430464404,0.328228148,0.96875,K_star,0.00467581411,0.00469972716,8.99216419e-05
cnn,cv5,1,sobol-0053,0.844151772,0.355998744,1.3125,K_star,0.00358181498,0.00360210422,3.57391391e-05
cnn,cv5,1,sobol-0054,0.687033146,0.202718215,0.84375,K_star,0.00734142598,0.00782719243,0.000174552363
cnn,cv5,1,sobol-0056,0.000312644988,0.279777245,0.8125,K_star,0.00594265907,0.00591506607,6.06480566e-05
cnn,cv5,1,sobol-0060,0.320734303,0.223022352,1.09375,K_star,0.00953032914,0.00966579315,0.00014397637
cnn,cv5,1,sobol-0062,0.577272987,0.346042051,1.40625,K_star,0.00451424417,0.00456762967,9.9755452e-05
cnn,cv5,1,sobol-0066,0.905639401,0.239280392,1.125,K_star,0.00588630373,0.00590246232,6.76512031e-05
cnn,cv5,1,sobol-0067,0.320301357,0.436651255,0.75,K_star,0.00238169382,0.00240113561,3.36182019e-05
cnn,cv5,1,sobol-0070,0.710329183,0.338511194,0.78125,K_star,0.00278847585,0.00277907366,3.45979622e-05
cnn,cv5,1,sobol-0071,0.0153902136,0.385483922,1.25,K_star,0.00469023732,0.00470800715,6.13659158e-05
cnn,cv5,1,sobol-0077,0.992345758,0.368397916,0.6875,K_star,0.00216568238,0.00218231592,2.0414778e-05
cnn,cv5,1,sobol-0078,0.5388401,0.210531597,1.46875,K_star,0.0120434336,0.0119521472,0.000233463675
cnn,cv5,1,sobol-0080,0.21534573,0.200476956,1.21875,K_star,0.0115364205,0.0114895871,0.000117942088
cnn,cv5,1,sobol-0088,0.0431162827,0.348419064,1.0625,K_star,0.00511612931,0.00511855069,5.8606201e-05
cnn,cv5,1,sobol-0092,0.347754645,0.248122236,1.40625,K_star,0.00951011328,0.00969714665,0.000152122221
cnn,cv5,1,sobol-0094,0.597015379,0.282225338,1.28125,K_star,0.00666479776,0.00662789015,0.000160251666
cnn,cv5,1,sobol-0100,0.474913824,0.334862128,1.46875,K_star,0.00566196435,0.00567778873,0.000126753602
cnn,cv5,1,sobol-0108,0.272380662,0.216239276,0.78125,K_star,0.00775861573,0.00784074106,9.64355297e-05
cnn,cv5,1,sobol-0111,0.196312835,0.362397271,1.375,K_star,0.00546105189,0.00548012474,6.46555666e-05
cnn,cv5,1,sobol-0113,0.549072728,0.352346636,1.09375,K_star,0.00401201975,0.00395980745,8.89591368e-05
cnn,cv5,1,sobol-0126,0.583215905,0.251815875,0.71875,K_star,0.00557664499,0.00552226778,0.000133529217
cnn,cv5,1,sobol-0127,0.138261671,0.429994024,1.1875,K_star,0.00360146022,0.00358694772,5.00263403e-05
cnn,cv5,1,sobol-0133,0.775301041,0.45708691,0.9375,K_star,0.00166903581,0.00166561185,2.54389765e-05
cnn,cv5,1,sobol-0137,0.65766466,0.483709213,0.8125,K_star,0.0012423822,0.00126513596,2.5621483e-05
cnn,cv5,1,sobol-0138,0.873649951,0.337505459,1.40625,K_star,0.00411240304,0.00411656502,3.78030958e-05
cnn,cv5,1,sobol-0139,0.412341782,0.384145334,0.90625,K_star,0.0033801861,0.00336801492,5.6083669e-05
cnn,cv5,1,sobol-0141,0.977835651,0.394164698,1.125,K_star,0.00267550897,0.00270537229,2.81419469e-05
cnn,cv5,1,sobol-0147,0.267622409,0.403006533,1.375,K_star,0.00435789879,0.00438601507,5.97195134e-05
cnn,cv5,1,sobol-0149,0.841288697,0.37545026,0.78125,K_star,0.00229077022,0.00231131222,2.34534187e-05
cnn,cv5,1,sobol-0154,0.806687759,0.26972787,1.15625,K_star,0.00517179436,0.0051512098,5.47818617e-05
cnn,cv5,1,sobol-0155,0.471369273,0.448391273,0.6875,K_star,0.00173133843,0.00176432304,4.46678285e-05
cnn,cv5,1,sobol-0158,0.611523581,0.326812496,0.875,K_star,0.00346610075,0.00352856185,7.36972625e-05
cnn,cv5,1,sobol-0171,0.390982145,0.489737342,1.5,K_star,0.00259333679,0.00260357284,4.4662874e-05
cnn,cv5,1,sobol-0173,0.967944334,0.443396719,0.84375,K_star,0.00170290319,0.00168694164,2.36410153e-05
cnn,cv5,1,sobol-0179,0.285564078,0.433378431,1,K_star,0.00305944515,0.00305717835,4.3597763e-05
cnn,cv5,1,sobol-0188,0.315538332,0.323127904,1.46875,K_star,0.00664428626,0.00669717863,8.91540323e-05
cnn,cv5,1,sobol-0193,0.573981424,0.458396961,0.75,K_star,0.00134003674,0.00136524682,3.08116611e-05
cnn,cv5,1,sobol-0223,0.172393516,0.449514205,0.90625,K_star,0.00271313624,0.00269606635,3.44925335e-05
cnn,cv5,1,sobol-0237,0.942607495,0.386450965,1.40625,K_star,0.00319842556,0.00321096479,3.43810332e-05
cnn,cv5,1,sobol-0240,0.220276086,0.219637828,1.09375,K_star,0.00976470789,0.00970661951,0.000103965194
cnn,cv5,1,sobol-0245,0.860403318,0.405089729,0.90625,K_star,0.00218240459,0.00219535218,2.5051317e-05
cnn,cv5,1,pure-08,1,0.25,1,E_star,0.0453259806,0.046892516,0.00208971252
cnn,cv5,1,pure-09,1,0.3,1,E_star,0.0641511277,0.0649723411,0.00231108195
cnn,cv5,1,pure-10,1,0.35,1,E_star,0.0863794157,0.0873451326,0.00187137256
cnn,cv5,1,corner-1,0,0.2,1.5,E_star,0.0312873517,0.0305311285,0.0011714125
cnn,cv5,1,corner-2,0,0.5,0.6875,E_star,0.209968187,0.210865188,0.00250604672
cnn,cv5,1,corner-6,1,0.5,0.6875,E_star,0.185371115,0.187014613,0.00327104609
cnn,cv5,1,edge-00,0.5,0.2,0.6875,E_star,0.00686155782,0.00601899733,0.00133099595
cnn,cv5,1,edge-09,0,0.5,1.09375,E_star,0.207189007,0.20870088,0.002821375
cnn,cv5,1,sobol-0004,0.447481494,0.286280112,1.21875,E_star,0.0175565068,0.0184277084,0.00326029686
cnn,cv5,1,sobol-0006,0.700647862,0.24523731,1.34375,E_star,0.0134389341,0.0164975977,0.0024333165
cnn,cv5,1,sobol-0020,0.389323624,0.20874733,1.4375,E_star,0.00992023077,0.0099084528,0.00122390401
cnn,cv5,1,sobol-0021,0.834015391,0.480093252,1.03125,E_star,0.165438876,0.16675817,0.00268924188
cnn,cv5,1,sobol-0023,0.0793689135,0.3502626,0.71875,E_star,0.0987685923,0.0972390887,0.0033613607
cnn,cv5,1,sobol-0026,0.798334875,0.276413154,1.5,E_star,0.0549010702,0.0530550055,0.00208671969
cnn,cv5,1,sobol-0028,0.373107458,0.342641177,0.84375,E_star,0.0782648813,0.0727553633,0.00419017883
cnn,cv5,1,sobol-0032,0.176172289,0.335991424,1.28125,E_star,0.0883554299,0.0900477641,0.00300410071
cnn,cv5,1,sobol-0040,0.067152882,0.21262207,1,E_star,0.032360636,0.033463615,0.00135302829
cnn,cv5,1,sobol-0052,0.430464404,0.328228148,0.96875,E_star,0.0238243126,0.0388773423,0.00465425727
cnn,cv5,1,sobol-0053,0.844151772,0.355998744,1.3125,E_star,0.0916081756,0.0904652926,0.00193675707
cnn,cv5,1,sobol-0054,0.687033146,0.202718215,0.84375,E_star,0.0047619218,0.00553462264,0.00154614096
cnn,cv5,1,sobol-0056,0.000312644988,0.279777245,0.8125,E_star,0.0614526917,0.0602234546,0.00237246478
cnn,cv5,1,sobol-0060,0.320734303,0.223022352,1.09375,E_star,0.0131068222,0.0183180745,0.00164859572
cnn,cv5,1,sobol-0062,0.577272987,0.346042051,1.40625,E_star,0.0440303777,0.0366138642,0.00410100373
cnn,cv5,1,sobol-0066,0.905639401,0.239280392,1.125,E_star,0.0416808642,0.0429530297,0.00188170315
cnn,cv5,1,sobol-0067,0.320301357,0.436651255,0.75,E_star,0.150894821,0.153257313,0.00321315765
cnn,cv5,1,sobol-0070,0.710329183,0.338511194,0.78125,E_star,0.073787976,0.0740400833,0.00240187205
cnn,cv5,1,sobol-0071,0.0153902136,0.385483922,1.25,E_star,0.120115699,0.120735716,0.00314772338
cnn,cv5,1,sobol-0077,0.992345758,0.368397916,0.6875,E_star,0.101998715,0.0974470935,0.0019035325
cnn,cv5,1,sobol-0078,0.5388401,0.210531597,1.46875,E_star,0.00738392957,0.0060451054,0.00129949859
cnn,cv5,1,sobol-0080,0.21534573,0.200476956,1.21875,E_star,0.025838727,0.0259668299,0.00123991336
cnn,cv5,1,sobol-0088,0.0431162827,0.348419064,1.0625,E_star,0.0962217974,0.0959128061,0.00316556715
cnn,cv5,1,sobol-0092,0.347754645,0.248122236,1.40625,E_star,0.0158059422,0.0223671577,0.0021214251
cnn,cv5,1,sobol-0094,0.597015379,0.282225338,1.28125,E_star,0.0120512849,0.0123568031,0.00305650983
cnn,cv5,1,sobol-0100,0.474913824,0.334862128,1.46875,E_star,0.0237407824,0.0336414177,0.00479631884
cnn,cv5,1,sobol-0108,0.272380662,0.216239276,0.78125,E_star,0.0272729378,0.0253731048,0.00180333586
cnn,cv5,1,sobol-0111,0.196312835,0.362397271,1.375,E_star,0.105877554,0.106969868,0.00327660062
cnn,cv5,1,sobol-0113,0.549072728,0.352346636,1.09375,E_star,0.0390703014,0.0369534202,0.00444955775
cnn,cv5,1,sobol-0126,0.583215905,0.251815875,0.71875,E_star,0.00960738005,0.00832661582,0.00254720417
cnn,cv5,1,sobol-0127,0.138261671,0.429994024,1.1875,E_star,0.148966366,0.151776788,0.00297203135
cnn,cv5,1,sobol-0133,0.775301041,0.45708691,0.9375,E_star,0.147955531,0.148786861,0.00262743856
cnn,cv5,1,sobol-0137,0.65766466,0.483709213,0.8125,E_star,0.16727692,0.165776794,0.0027257093
cnn,cv5,1,sobol-0138,0.873649951,0.337505459,1.40625,E_star,0.084495502,0.0823244049,0.00188986521
cnn,cv5,1,sobol-0139,0.412341782,0.384145334,0.90625,E_star,0.0990444088,0.0940358998,0.00439854896
cnn,cv5,1,sobol-0141,0.977835651,0.394164698,1.125,E_star,0.111937963,0.11063024,0.00205995638
cnn,cv5,1,sobol-0147,0.267622409,0.403006533,1.375,E_star,0.13034634,0.132568381,0.00338210203
cnn,cv5,1,sobol-0149,0.841288697,0.37545026,0.78125,E_star,0.101302867,0.099312782,0.00196027328
cnn,cv5,1,sobol-0154,0.806687759,0.26972787,1.15625,E_star,0.0488388316,0.0499137856,0.00202379193
cnn,cv5,1,sobol-0155,0.471369273,0.448391273,0.6875,E_star,0.143479867,0.137028562,0.00456233839
cnn,cv5,1,sobol-0158,0.611523581,0.326812496,0.875,E_star,0.0373483108,0.0359880742,0.00369868123
cnn,cv5,1,sobol-0171,0.390982145,0.489737342,1.5,E_star,0.195635439,0.193870708,0.0035136626
cnn,cv5,1,sobol-0173,0.967944334,0.443396719,0.84375,E_star,0.141709951,0.14212823,0.00254399592
cnn,cv5,1,sobol-0179,0.285564078,0.433378431,1,E_star,0.14657354,0.151152812,0.00298465179
cnn,cv5,1,sobol-0188,0.315538332,0.323127904,1.46875,E_star,0.0761212834,0.0751095067,0.00322113052
cnn,cv5,1,sobol-0193,0.573981424,0.458396961,0.75,E_star,0.137910283,0.141824976,0.00349642178
cnn,cv5,1,sobol-0223,0.172393516,0.449514205,0.90625,E_star,0.162892866,0.165498624,0.00270171694
cnn,cv5,1,sobol-0237,0.942607495,0.386450965,1.40625,E_star,0.109887903,0.107814483,0.00209872841
cnn,cv5,1,sobol-0240,0.220276086,0.219637828,1.09375,E_star,0.0320013107,0.0319717776,0.0015468167
cnn,cv5,1,sobol-0245,0.860403318,0.405089729,0.90625,E_star,0.116976161,0.115813948,0.00229431593
gp,cv5,2,pure-01,0,0.25,1,K_star,0.00793804229,0.00797972443,8.53971905e-05
gp,cv5,2,pure-07,1,0.2,1,K_star,0.00665134021,0.00666472033,5.84368253e-05
gp,cv5,2,pure-11,1,0.4,1,K_star,0.00239048198,0.00239284875,2.24856653e-05
gp,cv5,2,pure-12,1,0.45,1,K_star,0.00185908591,0.00183044221,1.84982e-05
gp,cv5,2,pure-13,1,0.5,1,K_star,0.00140946892,0.00139471614,1.06236654e-05
gp,cv5,2,corner-0,0,0.2,0.6875,K_star,0.00774480048,0.00791517678,0.000174093394
gp,cv5,2,corner-4,1,0.2,0.6875,K_star,0.00508157087,0.00518452405,0.000138584712
gp,cv5,2,edge-02,0.5,0.5,0.6875,K_star,0.00104821758,0.00115816461,1.59545634e-05
gp,cv5,2,sobol-0007,0.0213178582,0.442502917,1,K_star,0.00305104745,0.00306110982,2.09301121e-05
gp,cv5,2,sobol-0008,0.111949125,0.313490678,1.375,K_star,0.00703478761,0.0070352593,6.56470315e-05
gp,cv5,2,sobol-0025,0.732980684,0.432594493,0.6875,K_star,0.00151561796,0.00151529542,1.96966128e-05
gp,cv5,2,sobol-0034,0.92496,0.231868791,1.375,K_star,0.00693124186,0.00694914318,6.5647317e-05
gp,cv5,2,sobol-0042,0.815969667,0.319527906,0.6875,K_star,0.00278492898,0.0027713523,3.47750931e-05
gp,cv5,2,sobol-0045,0.957390383,0.412137687,0.96875,K_star,0.0022097649,0.00220937057,1.54436585e-05
gp,cv5,2,sobol-0047,0.206115988,0.455744535,0.875,K_star,0.00253474717,0.00253505095,2.21533981e-05
gp,cv5,2,sobol-0048,0.235308868,0.268980552,1.5,K_star,0.00904135013,0.00904805356,9.6404117e-05
gp,cv5,2,sobol-0049,0.539391361,0.446865793,1.03125,K_star,0.00185921206,0.00195458272,1.61644998e-05
gp,cv5,2,sobol-0050,0.991924196,0.300667243,1.1875,K_star,0.00445556847,0.00446940533,3.63820016e-05
gp,cv5,2,sobol-0051,0.29599001,0.422155992,0.71875,K_star,0.00251050083,0.00251611174,2.22256648e-05
gp,cv5,2,sobol-0082,0.964651637,0.330454082,1.3125,K_star,0.00409178934,0.004095022,3.59810709e-05
gp,cv5,2,sobol-0083,0.253354442,0.358384207,0.9375,K_star,0.00436467164,0.00436281982,3.29424379e-05
gp,cv5,2,sobol-0090,0.792391182,0.220639205,0.71875,K_star,0.00484762198,0.00492507409,8.38181625e-05
gp,cv5,2,sobol-0095,0.183551858,0.404344737,0.8125,K_star,0.0031520991,0.00315336109,2.7938482e-05
gp,cv5,2,sobol-0099,0.360948193,0.39209821,1.25,K_star,0.00419087288,0.00419030873,3.09921534e-05
gp,cv5,2,sobol-0104,0.0926115979,0.305969214,1.125,K_star,0.0065267268,0.00653179847,5.78460964e-05
gp,cv5,2,sobol-0106,0.837507843,0.262508839,1.4375,K_star,0.00611569193,0.0061203652,6.1376189e-05
gp,cv5,2,sobol-0110,0.517230034,0.315876409,0.875,K_star,0.00454273213,0.00459406755,4.08997767e-05
gp,cv5,2,sobol-0121,0.690327235,0.496256415,0.96875,K_star,0.00132056275,0.0013264378,1.41336523e-05
gp,cv5,2,sobol-0132,0.438760749,0.25986093,1.3125,K_star,0.00868180789,0.00866268605,7.62812014e-05
gp,cv5,2,sobol-0136,0.118958042,0.230965834,1.28125,K_star,0.0102077388,0.0102022978,9.96469114e-05
gp,cv5,2,sobol-0144,0.201077765,0.249753398,0.78125,K_star,0.00661004741,0.00660226414,7.26481853e-05
gp,cv5,2,sobol-0145,0.520773637,0.427350123,1.25,K_star,0.00273222355,0.00267448099,2.00693747e-05
gp,cv5,2,sobol-0146,0.94791175,0.281220362,0.90625,K_star,0.00410051422,0.00411385795,3.14655291e-05
gp,cv5,2,sobol-0161,0.60128237,0.470458582,0.9375,K_star,0.00146649297,0.00145368353,1.12817709e-05
gp,cv5,2,sobol-0163,0.344698489,0.361647875,0.8125,K_star,0.00369620117,0.00371457348,3.26179162e-05
gp,cv5,2,sobol-0164,0.491375155,0.304342333,1.0625,K_star,0.00568998044,0.00571249031,4.6729435e-05
gp,cv5,2,sobol-0177,0.534320298,0.397004811,0.6875,K_star,0.00215909182,0.0020536185,2.47239359e-05
gp,cv5,2,sobol-0181,0.854597982,0.499608869,1.25,K_star,0.00160129817,0.00160414615,1.807426e-05
gp,cv5,2,sobol-0183,0.105795131,0.369412006,1.34375,K_star,0.00525716121,0.00526738796,5.2842254e-05
gp,cv5,2,sobol-0185,0.706550235,0.451746156,1.375,K_star,0.00216735311,0.00216177847,1.83077596e-05
gp,cv5,2,sobol-0187,0.457824043,0.417862769,1.28125,K_star,0.00328313251,0.0032995827,2.23611452e-05
gp,cv5,2,sobol-0189,0.902093892,0.351630151,1.0625,K_star,0.00320476099,0.00321086991,2.37177325e-05
gp,cv5,2,sobol-0191,0.153261967,0.479336779,0.75,K_star,0.00198792279,0.00199855714,2.59114318e-05
gp,cv5,2,sobol-0200,0.0974351401,0.287618548,0.9375,K_star,0.00633435857,0.00633869038,5.38595214e-05
gp,cv5,2,sobol-0205,0.987654048,0.487145609,1.03125,K_star,0.00153452138,0.00153100221,1.15638497e-05
gp,cv5,2,sobol-0206,0.543668191,0.333924875,1.1875,K_star,0.00480700754,0.0048297218,3.72067856e-05
gp,cv5,2,sobol-0212,0.406059639,0.253220048,1,K_star,0.00768284802,0.00762966581,6.77942201e-05
gp,cv5,2,sobol-0215,0.0626328969,0.399391114,1.15625,K_star,0.00417322713,0.00418057601,3.32385943e-05
gp,cv5,2,sobol-0216,0.0384074068,0.204771612,0.78125,K_star,0.00839629119,0.00847360104,0.000123630628
gp,cv5,2,sobol-0221,0.929480937,0.420098028,0.8125,K_star,0.0018735311,0.00187182437,1.5114287e-05
gp,cv5,2,sobol-0228,0.481678589,0.211288034,1.1875,K_star,0.0109701317,0.0108898376,0.000109403122
gp,cv5,2,sobol-0238,0.526207591,0.228515998,0.8125,K_star,0.00746722038,0.00740823874,6.63010956e-05
gp,cv5,2,sobol-0239,0.189898772,0.481400023,1.28125,K_star,0.00282577086,0.00282378014,2.55843287e-05
gp,cv5,2,sobol-0243,0.311022794,0.377604534,1.125,K_star,0.00436493666,0.00437515254,3.3965027e-05
gp,cv5,2,sobol-0244,0.415708215,0.283748563,1.375,K_star,0.00765785242,0.00766270269,6.13876405e-05
gp,cv5,2,sobol-0246,0.670781594,0.247228469,1.28125,K_star,0.00706913536,0.00704705719,5.77242579e-05
gp,cv5,2,sobol-0252,0.336953424,0.267646989,0.6875,K_star,0.00522077962,0.00526076115,6.44154188e-05
gp,cv5,2,sobol-0254,0.592057784,0.30138388,1,K_star,0.00501936313,0.00490559899,3.73990169e-05
gp,cv5,2,pure-01,0,0.25,1,E_star,0.0472661558,0.0492850298,0.00562770176
gp,cv5,2,pure-07,1,0.2,1,E_star,0.0307287347,0.0315684594,0.000887727035
gp,cv5,2,pure-11,1,0.4,1,E_star,0.114499587,0.117361597,0.0100347807
gp,cv5,2,pure-12,1,0.45,1,E_star,0.143953832,0.145905759,0.0149129117
gp,cv5,2,pure-13,1,0.5,1,E_star,0.178899799,0.18308497,0.0046923764
gp,cv5,2,corner-0,0,0.2,0.6875,E_star,0.0309609181,0.0293051531,0.000890651008
gp,cv5,2,corner-4,1,0.2,0.6875,E_star,0.0329125202,0.0305348637,0.0010162577
gp,cv5,2,edge-02,0.5,0.5,0.6875,E_star,0.183173681,0.17730581,0.0066897269
gp,cv5,2,sobol-0007,0.0213178582,0.442502917,1,E_star,0.163632667,0.159333138,0.00671240666
gp,cv5,2,sobol-0008,0.111949125,0.313490678,1.375,E_star,0.0784871247,0.0787831744,0.00509276276
gp,cv5,2,sobol-0025,0.732980684,0.432594493,0.6875,E_star,0.134436141,0.12773741,0.00550399469
gp,cv5,2,sobol-0034,0.92496,0.231868791,1.375,E_star,0.0417856998,0.0406795877,0.0022798797
gp,cv5,2,sobol-0042,0.815969667,0.319527906,0.6875,E_star,0.0740242479,0.0681989353,0.00527406982
gp,cv5,2,sobol-0045,0.957390383,0.412137687,0.96875,E_star,0.121765522,0.122002588,0.00541796123
gp,cv5,2,sobol-0047,0.206115988,0.455744535,0.875,E_star,0.168398381,0.169393144,0.0127797957
gp,cv5,2,sobol-0048,0.235308868,0.268980552,1.5,E_star,0.0536235343,0.0501856204,0.00265683351
gp,cv5,2,sobol-0049,0.539391361,0.446865793,1.03125,E_star,0.117612719,0.115581509,0.00689844932
gp,cv5,2,sobol-0050,0.991924196,0.300667243,1.1875,E_star,0.0661192415,0.0659049343,0.00295055565
gp,cv5,2,sobol-0051,0.29599001,0.422155992,0.71875,E_star,0.14129175,0.13580819,0.00555643239
gp,cv5,2,sobol-0082,0.964651637,0.330454082,1.3125,E_star,0.0813543632,0.0796465859,0.0049693051
gp,cv5,2,sobol-0083,0.253354442,0.358384207,0.9375,E_star,0.0979092395,0.10230997,0.00582162021
gp,cv5,2,sobol-0090,0.792391182,0.220639205,0.71875,E_star,0.028966479,0.0225385659,0.00217790519
gp,cv5,2,sobol-0095,0.183551858,0.404344737,0.8125,E_star,0.130831089,0.12685527,0.00925981422
gp,cv5,2,sobol-0099,0.360948193,0.39209821,1.25,E_star,0.114660328,0.119353368,0.00595159138
gp,cv5,2,sobol-0104,0.0926115979,0.305969214,1.125,E_star,0.0724017756,0.0751259045,0.00577046493
gp,cv5,2,sobol-0106,0.837507843,0.262508839,1.4375,E_star,0.0508420723,0.0479868681,0.00317735864
gp,cv5,2,sobol-0110,0.517230034,0.315876409,0.875,E_star,0.0181172409,0.0167899632,0.00151476362
gp,cv5,2,sobol-0121,0.690327235,0.496256415,0.96875,E_star,0.175156048,0.182993016,0.0199444106
gp,cv5,2,sobol-0132,0.438760749,0.25986093,1.3125,E_star,0.0146666852,0.0158126645,0.00136813666
gp,cv5,2,sobol-0136,0.118958042,0.230965834,1.28125,E_star,0.0397198929,0.04129436,0.00195907022
gp,cv5,2,sobol-0144,0.201077765,0.249753398,0.78125,E_star,0.0444345489,0.0409186578,0.00378005792
gp,cv5,2,sobol-0145,0.520773637,0.427350123,1.25,E_star,0.0981385457,0.101563929,0.00432488583
gp,cv5,2,sobol-0146,0.94791175,0.281220362,0.90625,E_star,0.0578885747,0.0590545167,0.00275668722
gp,cv5,2,sobol-0161,0.60128237,0.470458582,0.9375,E_star,0.149079445,0.151395026,0.00685566656
gp,cv5,2,sobol-0163,0.344698489,0.361647875,0.8125,E_star,0.0932966751,0.10016061,0.00526461276
gp,cv5,2,sobol-0164,0.491375155,0.304342333,1.0625,E_star,0.0181232789,0.0179216841,0.00107421788
gp,cv5,2,sobol-0177,0.534320298,0.397004811,0.6875,E_star,0.0761075262,0.0747380344,0.00348803805
gp,cv5,2,sobol-0181,0.854597982,0.499608869,1.25,E_star,0.1812277,0.183621181,0.0132805537
gp,cv5,2,sobol-0183,0.105795131,0.369412006,1.34375,E_star,0.111123083,0.112729276,0.00893688954
gp,cv5,2,sobol-0185,0.706550235,0.451746156,1.375,E_star,0.145393334,0.145323026,0.0103220301
gp,cv5,2,sobol-0187,0.457824043,0.417862769,1.28125,E_star,0.118205771,0.119385461,0.00471193437
gp,cv5,2,sobol-0189,0.902093892,0.351630151,1.0625,E_star,0.0882008572,0.088487107,0.00448464284
gp,cv5,2,sobol-0191,0.153261967,0.479336779,0.75,E_star,0.192862123,0.184817362,0.00962929587
gp,cv5,2,sobol-0200,0.0974351401,0.287618548,0.9375,E_star,0.0633326136,0.0640514282,0.00574845504
gp,cv5,2,sobol-0205,0.987654048,0.487145609,1.03125,E_star,0.170213299,0.171841178,0.00758609455
gp,cv5,2,sobol-0206,0.543668191,0.333924875,1.1875,E_star,0.0191671633,0.0257807367,0.00153095211
gp,cv5,2,sobol-0212,0.406059639,0.253220048,1,E_star,0.0147767511,0.0148156622,0.00113066386
gp,cv5,2,sobol-0215,0.0626328969,0.399391114,1.15625,E_star,0.127769123,0.132497703,0.00867613491
gp,cv5,2,sobol-0216,0.0384074068,0.204771612,0.78125,E_star,0.031055885,0.0296148972,0.00273592055
gp,cv5,2,sobol-0221,0.929480937,0.420098028,0.8125,E_star,0.127448875,0.126489843,0.00450829695
gp,cv5,2,sobol-0228,0.481678589,0.211288034,1.1875,E_star,0.00807732313,0.00812474008,0.000679335245
gp,cv5,2,sobol-0238,0.526207591,0.228515998,0.8125,E_star,0.0088088546,0.00890849334,0.00060425877
gp,cv5,2,sobol-0239,0.189898772,0.481400023,1.28125,E_star,0.193560422,0.196718338,0.0179441369
gp,cv5,2,sobol-0243,0.311022794,0.377604534,1.125,E_star,0.106448617,0.104753802,0.00791755567
gp,cv5,2,sobol-0244,0.415708215,0.283748563,1.375,E_star,0.018892973,0.0169459512,0.000776415257
gp,cv5,2,sobol-0246,0.670781594,0.247228469,1.28125,E_star,0.00742372492,0.00780396162,0.000584488503
gp,cv5,2,sobol-0252,0.336953424,0.267646989,0.6875,E_star,0.0405382431,0.032151003,0.0015041529
gp,cv5,2,sobol-0254,0.592057784,0.30138388,1,E_star,0.0136265029,0.0168867057,0.000912365904
ensemble,cv5,2,pure-01,0,0.25,1,K_star,0.00793804229,0.00797226989,3.26026875e-05
ensemble,cv5,2,pure-07,1,0.2,1,K_star,0.00665134021,0.00665298302,1.51312303e-05
ensemble,cv5,2,pure-11,1,0.4,1,K_star,0.00239048198,0.00239893641,3.71056042e-06
ensemble,cv5,2,pure-12,1,0.45,1,K_star,0.00185908591,0.00184201819,4.24731649e-06
ensemble,cv5,2,pure-13,1,0.5,1,K_star,0.00140946892,0.00139810538,2.62572991e-06
ensemble,cv5,2,corner-0,0,0.2,0.6875,K_star,0.00774480048,0.0079192572,9.02595751e-05
ensemble,cv5,2,corner-4,1,0.2,0.6875,K_star,0.00508157087,0.00511266487,6.02989363e-05
ensemble,cv5,2,edge-02,0.5,0.5,0.6875,K_star,0.00104821758,0.00117162904,3.43667672e-05
ensemble,cv5,2,sobol-0007,0.0213178582,0.442502917,1,K_star,0.00305104745,0.0030620044,6.60078524e-06
ensemble,cv5,2,sobol-0008,0.111949125,0.313490678,1.375,K_star,0.00703478761,0.00704661765,1.40059188e-05
ensemble,cv5,2,sobol-0025,0.732980684,0.432594493,0.6875,K_star,0.00151561796,0.00151862646,1.21709754e-05
ensemble,cv5,2,sobol-0034,0.92496,0.231868791,1.375,K_star,0.00693124186,0.00694240056,1.52798899e-05
ensemble,cv5,2,sobol-0042,0.815969667,0.319527906,0.6875,K_star,0.00278492898,0.00277873596,1.96486597e-05
ensemble,cv5,2,sobol-0045,0.957390383,0.412137687,0.96875,K_star,0.0022097649,0.00220798383,3.74109309e-06
ensemble,cv5,2,sobol-0047,0.206115988,0.455744535,0.875,K_star,0.00253474717,0.00252948377,7.60743296e-06
ensemble,cv5,2,sobol-0048,0.235308868,0.268980552,1.5,K_star,0.00904135013,0.00902154839,2.6320471e-05
ensemble,cv5,2,sobol-0049,0.539391361,0.446865793,1.03125,K_star,0.00185921206,0.00195181675,4.0928959e-05
ensemble,cv5,2,sobol-0050,0.991924196,0.300667243,1.1875,K_star,0.00445556847,0.00446726885,1.03443827e-05
ensemble,cv5,2,sobol-0051,0.29599001,0.422155992,0.71875,K_star,0.00251050083,0.00251675526,8.14944873e-06
ensemble,cv5,2,sobol-0082,0.964651637,0.330454082,1.3125,K_star,0.00409178934,0.00409175103,6.71729776e-06
ensemble,cv5,2,sobol-0083,0.253354442,0.358384207,0.9375,K_star,0.00436467164,0.00435603494,1.56866957e-05
ensemble,cv5,2,sobol-0090,0.792391182,0.220639205,0.71875,K_star,0.00484762198,0.00482365599,3.54772289e-05
ensemble,cv5,2,sobol-0095,0.183551858,0.404344737,0.8125,K_star,0.0031520991,0.00315235259,7.51674115e-06
ensemble,cv5,2,sobol-0099,0.360948193,0.39209821,1.25,K_star,0.00419087288,0.00418974378,2.17142459e-05
ensemble,cv5,2,sobol-0104,0.0926115979,0.305969214,1.125,K_star,0.0065267268,0.00652479988,2.14452483e-05
ensemble,cv5,2,sobol-0106,0.837507843,0.262508839,1.4375,K_star,0.00611569193,0.00612336214,1.55941164e-05
ensemble,cv5,2,sobol-0110,0.517230034,0.315876409,0.875,K_star,0.00454273213,0.00452403828,9.19533852e-05
ensemble,cv5,2,sobol-0121,0.690327235,0.496256415,0.96875,K_star,0.00132056275,0.00132171232,1.25614348e-05
ensemble,cv5,2,sobol-0132,0.438760749,0.25986093,1.3125,K_star,0.00868180789,0.00861547148,4.49050186e-05
ensemble,cv5,2,sobol-0136,0.118958042,0.230965834,1.28125,K_star,0.0102077388,0.0102283854,2.21494043e-05
ensemble,cv5,2,sobol-0144,0.201077765,0.249753398,0.78125,K_star,0.00661004741,0.00656863098,3.39921153e-05
ensemble,cv5,2,sobol-0145,0.520773637,0.427350123,1.25,K_star,0.00273222355,0.00261206194,5.56543253e-05
ensemble,cv5,2,sobol-0146,0.94791175,0.281220362,0.90625,K_star,0.00410051422,0.00411055765,7.59159301e-06
ensemble,cv5,2,sobol-0161,0.60128237,0.470458582,0.9375,K_star,0.00146649297,0.00147297557,1.72183643e-05
ensemble,cv5,2,sobol-0163,0.344698489,0.361647875,0.8125,K_star,0.00369620117,0.00369875456,2.43756093e-05
ensemble,cv5,2,sobol-0164,0.491375155,0.304342333,1.0625,K_star,0.00568998044,0.00566272979,0.000100292682
ensemble,cv5,2,sobol-0177,0.534320298,0.397004811,0.6875,K_star,0.00215909182,0.00204951499,4.93025659e-05
ensemble,cv5,2,sobol-0181,0.854597982,0.499608869,1.25,K_star,0.00160129817,0.00159911183,5.27072925e-06
ensemble,cv5,2,sobol-0183,0.105795131,0.369412006,1.34375,K_star,0.00525716121,0.00527006387,8.67802843e-06
ensemble,cv5,2,sobol-0185,0.706550235,0.451746156,1.375,K_star,0.00216735311,0.00216638896,1.25280535e-05
ensemble,cv5,2,sobol-0187,0.457824043,0.417862769,1.28125,K_star,0.00328313251,0.003294185,4.04940631e-05
ensemble,cv5,2,sobol-0189,0.902093892,0.351630151,1.0625,K_star,0.00320476099,0.00320787183,6.36424399e-06
ensemble,cv5,2,sobol-0191,0.153261967,0.479336779,0.75,K_star,0.00198792279,0.00198178523,7.93096743e-06
ensemble,cv5,2,sobol-0200,0.0974351401,0.287618548,0.9375,K_star,0.00633435857,0.00633703741,1.89861746e-05
ensemble,cv5,2,sobol-0205,0.987654048,0.487145609,1.03125,K_star,0.00153452138,0.00153226746,2.59202138e-06
ensemble,cv5,2,sobol-0206,0.543668191,0.333924875,1.1875,K_star,0.00480700754,0.00468491453,0.000124727274
ensemble,cv5,2,sobol-0212,0.406059639,0.253220048,1,K_star,0.00768284802,0.00757608089,5.04056911e-05
ensemble,cv5,2,sobol-0215,0.0626328969,0.399391114,1.15625,K_star,0.00417322713,0.00418936133,8.78586309e-06
ensemble,cv5,2,sobol-0216,0.0384074068,0.204771612,0.78125,K_star,0.00839629119,0.00846707426,6.296859e-05
ensemble,cv5,2,sobol-0221,0.929480937,0.420098028,0.8125,K_star,0.0018735311,0.00187114612,3.18034927e-06
ensemble,cv5,2,sobol-0228,0.481678589,0.211288034,1.1875,K_star,0.0109701317,0.0110367763,9.20228168e-05
ensemble,cv5,2,sobol-0238,0.526207591,0.228515998,0.8125,K_star,0.00746722038,0.00753649558,2.78673172e-05
ensemble,cv5,2,sobol-0239,0.189898772,0.481400023,1.28125,K_star,0.00282577086,0.00282327499,6.60273728e-06
ensemble,cv5,2,sobol-0243,0.311022794,0.377604534,1.125,K_star,0.00436493666,0.00435481766,1.91113434e-05
ensemble,cv5,2,sobol-0244,0.415708215,0.283748563,1.375,K_star,0.00765785242,0.00761260092,5.4659571e-05
ensemble,cv5,2,sobol-0246,0.670781594,0.247228469,1.28125,K_star,0.00706913536,0.00718579314,4.79109994e-05
ensemble,cv5,2,sobol-0252,0.336953424,0.267646989,0.6875,K_star,0.00522077962,0.00528237129,4.40452624e-05
ensemble,cv5,2,sobol-0254,0.592057784,0.30138388,1,K_star,0.00501936313,0.00483456489,9.4932104e-05
ensemble,cv5,2,pure-01,0,0.25,1,E_star,0.0472661558,0.0473359457,0.000604251165
ensemble,cv5,2,pure-07,1,0.2,1,E_star,0.0307287347,0.0308313431,0.000314978463
ensemble,cv5,2,pure-11,1,0.4,1,E_star,0.114499587,0.114237624,0.000391818435
ensemble,cv5,2,pure-12,1,0.45,1,E_star,0.143953832,0.145379627,0.000570182242
ensemble,cv5,2,pure-13,1,0.5,1,E_star,0.178899799,0.180056768,0.00054988175
ensemble,cv5,2,corner-0,0,0.2,0.6875,E_star,0.0309609181,0.0319638417,0.00199017434
ensemble,cv5,2,corner-4,1,0.2,0.6875,E_star,0.0329125202,0.0326564742,0.00147663948
ensemble,cv5,2,edge-02,0.5,0.5,0.6875,E_star,0.183173681,0.176051397,0.00572761008
ensemble,cv5,2,sobol-0007,0.0213178582,0.442502917,1,E_star,0.163632667,0.159509331,0.000859767387
ensemble,cv5,2,sobol-0008,0.111949125,0.313490678,1.375,E_star,0.0784871247,0.0780271919,0.000639806838
ensemble,cv5,2,sobol-0025,0.732980684,0.432594493,0.6875,E_star,0.134436141,0.136626478,0.00219444496
ensemble,cv5,2,sobol-0034,0.92496,0.231868791,1.375,E_star,0.0417856998,0.0416763988,0.000379819789
ensemble,cv5,2,sobol-0042,0.815969667,0.319527906,0.6875,E_star,0.0740242479,0.0729954265,0.000822262601
ensemble,cv5,2,sobol-0045,0.957390383,0.412137687,0.96875,E_star,0.121765522,0.121438818,0.000406059118
ensemble,cv5,2,sobol-0047,0.206115988,0.455744535,0.875,E_star,0.168398381,0.168314292,0.000945112348
ensemble,cv5,2,sobol-0048,0.235308868,0.268980552,1.5,E_star,0.0536235343,0.0546977959,0.00143849379
ensemble,cv5,2,sobol-0049,0.539391361,0.446865793,1.03125,E_star,0.117612719,0.119111635,0.00313237607
ensemble,cv5,2,sobol-0050,0.991924196,0.300667243,1.1875,E_star,0.0661192415,0.065690101,0.000314780083
ensemble,cv5,2,sobol-0051,0.29599001,0.422155992,0.71875,E_star,0.14129175,0.141755966,0.000964093938
ensemble,cv5,2,sobol-0082,0.964651637,0.330454082,1.3125,E_star,0.0813543632,0.0807025352,0.000284891506
ensemble,cv5,2,sobol-0083,0.253354442,0.358384207,0.9375,E_star,0.0979092395,0.097415053,0.0012823474
ensemble,cv5,2,sobol-0090,0.792391182,0.220639205,0.71875,E_star,0.028966479,0.0231829419,0.00417746279
ensemble,cv5,2,sobol-0095,0.183551858,0.404344737,0.8125,E_star,0.130831089,0.130925281,0.00100459337
ensemble,cv5,2,sobol-0099,0.360948193,0.39209821,1.25,E_star,0.114660328,0.114624964,0.00154514968
ensemble,cv5,2,sobol-0104,0.0926115979,0.305969214,1.125,E_star,0.0724017756,0.0718274599,0.000806801755
ensemble,cv5,2,sobol-0106,0.837507843,0.262508839,1.4375,E_star,0.0508420723,0.0506911365,0.000363315775
ensemble,cv5,2,sobol-0110,0.517230034,0.315876409,0.875,E_star,0.0181172409,0.0148619381,0.00470404158
ensemble,cv5,2,sobol-0121,0.690327235,0.496256415,0.96875,E_star,0.175156048,0.177158217,0.00134126108
ensemble,cv5,2,sobol-0132,0.438760749,0.25986093,1.3125,E_star,0.0146666852,0.0127144209,0.00246331805
ensemble,cv5,2,sobol-0136,0.118958042,0.230965834,1.28125,E_star,0.0397198929,0.0396148252,0.000784959295
ensemble,cv5,2,sobol-0144,0.201077765,0.249753398,0.78125,E_star,0.0444345489,0.0463974223,0.00234184046
ensemble,cv5,2,sobol-0145,0.520773637,0.427350123,1.25,E_star,0.0981385457,0.104647669,0.00261180551
ensemble,cv5,2,sobol-0146,0.94791175,0.281220362,0.90625,E_star,0.0578885747,0.0572956127,0.000259910847
ensemble,cv5,2,sobol-0161,0.60128237,0.470458582,0.9375,E_star,0.149079445,0.146491527,0.0019679302
ensemble,cv5,2,sobol-0163,0.344698489,0.361647875,0.8125,E_star,0.0932966751,0.0967418113,0.00175674543
ensemble,cv5,2,sobol-0164,0.491375155,0.304342333,1.0625,E_star,0.0181232789,0.0141478085,0.00415747247
ensemble,cv5,2,sobol-0177,0.534320298,0.397004811,0.6875,E_star,0.0761075262,0.0855251523,0.0067427089
ensemble,cv5,2,sobol-0181,0.854597982,0.499608869,1.25,E_star,0.1812277,0.180800789,0.000910217293
ensemble,cv5,2,sobol-0183,0.105795131,0.369412006,1.34375,E_star,0.111123083,0.110778434,0.000771366772
ensemble,cv5,2,sobol-0185,0.706550235,0.451746156,1.375,E_star,0.145393334,0.145908193,0.00143060531
ensemble,cv5,2,sobol-0187,0.457824043,0.417862769,1.28125,E_star,0.118205771,0.116531738,0.00287529933
ensemble,cv5,2,sobol-0189,0.902093892,0.351630151,1.0625,E_star,0.0882008572,0.0883726887,0.000470391203
ensemble,cv5,2,sobol-0191,0.153261967,0.479336779,0.75,E_star,0.192862123,0.189382608,0.00113944262
ensemble,cv5,2,sobol-0200,0.0974351401,0.287618548,0.9375,E_star,0.0633326136,0.0631154568,0.000953500853
ensemble,cv5,2,sobol-0205,0.987654048,0.487145609,1.03125,E_star,0.170213299,0.170739532,0.000416748085
ensemble,cv5,2,sobol-0206,0.543668191,0.333924875,1.1875,E_star,0.0191671633,0.0227408413,0.00397785144
ensemble,cv5,2,sobol-0212,0.406059639,0.253220048,1,E_star,0.0147767511,0.0136704812,0.00224870022
ensemble,cv5,2,sobol-0215,0.0626328969,0.399391114,1.15625,E_star,0.127769123,0.128258256,0.000799516714
ensemble,cv5,2,sobol-0216,0.0384074068,0.204771612,0.78125,E_star,0.031055885,0.0317476606,0.000763217966
ensemble,cv5,2,sobol-0221,0.929480937,0.420098028,0.8125,E_star,0.127448875,0.127603039,0.0003861478
ensemble,cv5,2,sobol-0228,0.481678589,0.211288034,1.1875,E_star,0.00807732313,0.00738281346,0.000859886063
ensemble,cv5,2,sobol-0238,0.526207591,0.228515998,0.8125,E_star,0.0088088546,0.0085072129,0.0014543203
ensemble,cv5,2,sobol-0239,0.189898772,0.481400023,1.28125,E_star,0.193560422,0.192795174,0.000776404915
ensemble,cv5,2,sobol-0243,0.311022794,0.377604534,1.125,E_star,0.106448617,0.106416431,0.0013109968
ensemble,cv5,2,sobol-0244,0.415708215,0.283748563,1.375,E_star,0.018892973,0.0192584962,0.00315619082
ensemble,cv5,2,sobol-0246,0.670781594,0.247228469,1.28125,E_star,0.00742372492,0.00991568923,0.00081341894
ensemble,cv5,2,sobol-0252,0.336953424,0.267646989,0.6875,E_star,0.0405382431,0.0273638094,0.0036990904
ensemble,cv5,2,sobol-0254,0.592057784,0.30138388,1,E_star,0.0136265029,0.0144648474,0.00268320264
cnn,cv5,2,pure-01,0,0.25,1,K_star,0.00793804229,0.00791352771,9.44334634e-05
cnn,cv5,2,pure-07,1,0.2,1,K_star,0.00665134021,0.00665819018,0.000136220667
cnn,cv5,2,pure-11,1,0.4,1,K_star,0.00239048198,0.00241616257,2.7586122e-05
cnn,cv5,2,pure-12,1,0.45,1,K_star,0.00185908591,0.00184518412,2.81778197e-05
cnn,cv5,2,pure-13,1,0.5,1,K_star,0.00140946892,0.00137450739,3.77848858e-05
cnn,cv5,2,corner-0,0,0.2,0.6875,K_star,0.00774480048,0.00778601686,0.000115563726
cnn,cv5,2,corner-4,1,0.2,0.6875,K_star,0.00508157087,0.0050874751,8.08152377e-05
cnn,cv5,2,edge-02,0.5,0.5,0.6875,K_star,0.00104821758,0.00114131011,5.29688938e-05
cnn,cv5,2,sobol-0007,0.0213178582,0.442502917,1,K_star,0.00305104745,0.0030362761,4.44079777e-05
cnn,cv5,2,sobol-0008,0.111949125,0.313490678,1.375,K_star,0.00703478761,0.00702834566,8.239319e-05
cnn,cv5,2,sobol-0025,0.732980684,0.432594493,0.6875,K_star,0.00151561796,0.0015351164,3.24609723e-05
cnn,cv5,2,sobol-0034,0.92496,0.231868791,1.375,K_star,0.00693124186,0.00684386264,9.62908506e-05
cnn,cv5,2,sobol-0042,0.815969667,0.319527906,0.6875,K_star,0.00278492898,0.00278537689,3.06545016e-05
cnn,cv5,2,sobol-0045,0.957390383,0.412137687,0.96875,K_star,0.0022097649,0.00221859704,2.66555786e-05
cnn,cv5,2,sobol-0047,0.206115988,0.455744535,0.875,K_star,0.00253474717,0.00253760085,4.22719871e-05
cnn,cv5,2,sobol-0048,0.235308868,0.268980552,1.5,K_star,0.00904135013,0.00902713812,0.000109773209
cnn,cv5,2,sobol-0049,0.539391361,0.446865793,1.03125,K_star,0.00185921206,0.00187893467,6.43374701e-05
cnn,cv5,2,sobol-0050,0.991924196,0.300667243,1.1875,K_star,0.00445556847,0.00447927704,4.95247176e-05
cnn,cv5,2,sobol-0051,0.29599001,0.422155992,0.71875,K_star,0.00251050083,0.00255740727,4.80667393e-05
cnn,cv5,2,sobol-0082,0.964651637,0.330454082,1.3125,K_star,0.00409178934,0.00412706628,5.11825569e-05
cnn,cv5,2,sobol-0083,0.253354442,0.358384207,0.9375,K_star,0.00436467164,0.00435210275,5.49155894e-05
cnn,cv5,2,sobol-0090,0.792391182,0.220639205,0.71875,K_star,0.00484762198,0.00487423288,9.48877745e-05
cnn,cv5,2,sobol-0095,0.183551858,0.404344737,0.8125,K_star,0.0031520991,0.003169985,3.9327247e-05
cnn,cv5,2,sobol-0099,0.360948193,0.39209821,1.25,K_star,0.00419087288,0.00418900441,6.79971886e-05
cnn,cv5,2,sobol-0104,0.0926115979,0.305969214,1.125,K_star,0.0065267268,0.00648487513,7.47981501e-05
cnn,cv5,2,sobol-0106,0.837507843,0.262508839,1.4375,K_star,0.00611569193,0.00606562332,7.79405916e-05
cnn,cv5,2,sobol-0110,0.517230034,0.315876409,0.875,K_star,0.00454273213,0.00444349217,0.000123388129
cnn,cv5,2,sobol-0121,0.690327235,0.496256415,0.96875,K_star,0.00132056275,0.00136461112,4.90945156e-05
cnn,cv5,2,sobol-0132,0.438760749,0.25986093,1.3125,K_star,0.00868180789,0.00867786241,0.000180871723
cnn,cv5,2,sobol-0136,0.118958042,0.230965834,1.28125,K_star,0.0102077388,0.0101022479,0.000114899438
cnn,cv5,2,sobol-0144,0.201077765,0.249753398,0.78125,K_star,0.00661004741,0.00661281693,8.27839411e-05
cnn,cv5,2,sobol-0145,0.520773637,0.427350123,1.25,K_star,0.00273222355,0.00260641886,9.32598241e-05
cnn,cv5,2,sobol-0146,0.94791175,0.281220362,0.90625,K_star,0.00410051422,0.00410540641,4.40538254e-05
cnn,cv5,2,sobol-0161,0.60128237,0.470458582,0.9375,K_star,0.00146649297,0.00151531898,5.72267658e-05
cnn,cv5,2,sobol-0163,0.344698489,0.361647875,0.8125,K_star,0.00369620117,0.00371645707,5.92545519e-05
cnn,cv5,2,sobol-0164,0.491375155,0.304342333,1.0625,K_star,0.00568998044,0.0056560179,0.000147476576
cnn,cv5,2,sobol-0177,0.534320298,0.397004811,0.6875,K_star,0.00215909182,0.00204461334,6.17597018e-05
cnn,cv5,2,sobol-0181,0.854597982,0.499608869,1.25,K_star,0.00160129817,0.00159170497,5.01552891e-05
cnn,cv5,2,sobol-0183,0.105795131,0.369412006,1.34375,K_star,0.00525716121,0.00527261829,6.81531709e-05
cnn,cv5,2,sobol-0185,0.706550235,0.451746156,1.375,K_star,0.00216735311,0.00219311139,4.74733113e-05
cnn,cv5,2,sobol-0187,0.457824043,0.417862769,1.28125,K_star,0.00328313251,0.00326948539,7.95603243e-05
cnn,cv5,2,sobol-0189,0.902093892,0.351630151,1.0625,K_star,0.00320476099,0.00323014621,3.92857048e-05
cnn,cv5,2,sobol-0191,0.153261967,0.479336779,0.75,K_star,0.00198792279,0.001997896,3.52116564e-05
cnn,cv5,2,sobol-0200,0.0974351401,0.287618548,0.9375,K_star,0.00633435857,0.00628212737,7.31420314e-05
cnn,cv5,2,sobol-0205,0.987654048,0.487145609,1.03125,K_star,0.00153452138,0.00152301165,3.59088028e-05
cnn,cv5,2,sobol-0206,0.543668191,0.333924875,1.1875,K_star,0.00480700754,0.00473084584,0.000127982284
cnn,cv5,2,sobol-0212,0.406059639,0.253220048,1,K_star,0.00768284802,0.00765103399,0.000151675223
cnn,cv5,2,sobol-0215,0.0626328969,0.399391114,1.15625,K_star,0.00417322713,0.00416318868,5.76438717e-05
cnn,cv5,2,sobol-0216,0.0384074068,0.204771612,0.78125,K_star,0.00839629119,0.00837885721,0.000105250673
cnn,cv5,2,sobol-0221,0.929480937,0.420098028,0.8125,K_star,0.0018735311,0.00188397937,2.5657913e-05
cnn,cv5,2,sobol-0228,0.481678589,0.211288034,1.1875,K_star,0.0109701317,0.0107605456,0.000195965905
cnn,cv5,2,sobol-0238,0.526207591,0.228515998,0.8125,K_star,0.00746722038,0.00726511456,0.000193966551
cnn,cv5,2,sobol-0239,0.189898772,0.481400023,1.28125,K_star,0.00282577086,0.00280367475,4.77912736e-05
cnn,cv5,2,sobol-0243,0.311022794,0.377604534,1.125,K_star,0.00436493666,0.00437294054,6.33785367e-05
cnn,cv5,2,sobol-0244,0.415708215,0.283748563,1.375,K_star,0.00765785242,0.00782704947,0.000162715823
cnn,cv5,2,sobol-0246,0.670781594,0.247228469,1.28125,K_star,0.00706913536,0.00725976567,0.000162755827
cnn,cv5,2,sobol-0252,0.336953424,0.267646989,0.6875,K_star,0.00522077962,0.00529725241,9.2402224e-05
cnn,cv5,2,sobol-0254,0.592057784,0.30138388,1,K_star,0.00501936313,0.00495330242,0.00012524249
cnn,cv5,2,pure-01,0,0.25,1,E_star,0.0472661558,0.0473525676,0.00268870477
cnn,cv5,2,pure-07,1,0.2,1,E_star,0.0307287347,0.0301920513,0.00301715398
cnn,cv5,2,pure-11,1,0.4,1,E_star,0.114499587,0.114343924,0.00192451913
cnn,cv5,2,pure-12,1,0.45,1,E_star,0.143953832,0.146425294,0.0029137921
cnn,cv5,2,pure-13,1,0.5,1,E_star,0.178899799,0.183660849,0.00293912587
cnn,cv5,2,corner-0,0,0.2,0.6875,E_star,0.0309609181,0.0296373169,0.0020456821
cnn,cv5,2,corner-4,1,0.2,0.6875,E_star,0.0329125202,0.0302466763,0.00341810738
cnn,cv5,2,edge-02,0.5,0.5,0.6875,E_star,0.183173681,0.184049602,0.00542874012
cnn,cv5,2,sobol-0007,0.0213178582,0.442502917,1,E_star,0.163632667,0.156827007,0.00347394138
cnn,cv5,2,sobol-0008,0.111949125,0.313490678,1.375,E_star,0.0784871247,0.0791042104,0.00359382578
cnn,cv5,2,sobol-0025,0.732980684,0.432594493,0.6875,E_star,0.134436141,0.132202631,0.0029250003
cnn,cv5,2,sobol-0034,0.92496,0.231868791,1.375,E_star,0.0417856998,0.0410599776,0.00324792927
cnn,cv5,2,sobol-0042,0.815969667,0.319527906,0.6875,E_star,0.0740242479,0.0720402876,0.00186368794
cnn,cv5,2,sobol-0045,0.957390383,0.412137687,0.96875,E_star,0.121765522,0.121923577,0.00200948327
cnn,cv5,2,sobol-0047,0.206115988,0.455744535,0.875,E_star,0.168398381,0.167711708,0.00306815964
cnn,cv5,2,sobol-0048,0.235308868,0.268980552,1.5,E_star,0.0536235343,0.0531901612,0.00312881557
cnn,cv5,2,sobol-0049,0.539391361,0.446865793,1.03125,E_star,0.117612719,0.125994873,0.00571122416
cnn,cv5,2,sobol-0050,0.991924196,0.300667243,1.1875,E_star,0.0661192415,0.0665512713,0.00189310277
cnn,cv5,2,sobol-0051,0.29599001,0.422155992,0.71875,E_star,0.14129175,0.142039383,0.00362411479
cnn,cv5,2,sobol-0082,0.964651637,0.330454082,1.3125,E_star,0.0813543632,0.0795941416,0.00184426637
cnn,cv5,2,sobol-0083,0.253354442,0.358384207,0.9375,E_star,0.0979092395,0.0995559669,0.0039492653
cnn,cv5,2,sobol-0090,0.792391182,0.220639205,0.71875,E_star,0.028966479,0.023140376,0.0031900803
cnn,cv5,2,sobol-0095,0.183551858,0.404344737,0.8125,E_star,0.130831089,0.13015025,0.00436833098
cnn,cv5,2,sobol-0099,0.360948193,0.39209821,1.25,E_star,0.114660328,0.112700068,0.00466903933
cnn,cv5,2,sobol-0104,0.0926115979,0.305969214,1.125,E_star,0.0724017756,0.0738466066,0.00344485699
cnn,cv5,2,sobol-0106,0.837507843,0.262508839,1.4375,E_star,0.0508420723,0.0496391266,0.00302210573
cnn,cv5,2,sobol-0110,0.517230034,0.315876409,0.875,E_star,0.0181172409,0.0208844217,0.0040488161
cnn,cv5,2,sobol-0121,0.690327235,0.496256415,0.96875,E_star,0.175156048,0.17494888,0.00321593661
cnn,cv5,2,sobol-0132,0.438760749,0.25986093,1.3125,E_star,0.0146666852,0.0134943407,0.00259366364
cnn,cv5,2,sobol-0136,0.118958042,0.230965834,1.28125,E_star,0.0397198929,0.0403117669,0.00233029405
cnn,cv5,2,sobol-0144,0.201077765,0.249753398,0.78125,E_star,0.0444345489,0.0446890557,0.00285596353
cnn,cv5,2,sobol-0145,0.520773637,0.427350123,1.25,E_star,0.0981385457,0.104376418,0.00655893781
cnn,cv5,2,sobol-0146,0.94791175,0.281220362,0.90625,E_star,0.0578885747,0.0582804843,0.00206212725
cnn,cv5,2,sobol-0161,0.60128237,0.470458582,0.9375,E_star,0.149079445,0.151188148,0.004064972
cnn,cv5,2,sobol-0163,0.344698489,0.361647875,0.8125,E_star,0.0932966751,0.0914123313,0.00441490985
cnn,cv5,2,sobol-0164,0.491375155,0.304342333,1.0625,E_star,0.0181232789,0.0185655616,0.00366837688
cnn,cv5,2,sobol-0177,0.534320298,0.397004811,0.6875,E_star,0.0761075262,0.0742230696,0.00530654764
cnn,cv5,2,sobol-0181,0.854597982,0.499608869,1.25,E_star,0.1812277,0.182283509,0.00276567508
cnn,cv5,2,sobol-0183,0.105795131,0.369412006,1.34375,E_star,0.111123083,0.111102104,0.00384432432
cnn,cv5,2,sobol-0185,0.706550235,0.451746156,1.375,E_star,0.145393334,0.143844901,0.0036779975
cnn,cv5,2,sobol-0187,0.457824043,0.417862769,1.28125,E_star,0.118205771,0.111336707,0.00531386665
cnn,cv5,2,sobol-0189,0.902093892,0.351630151,1.0625,E_star,0.0882008572,0.0884836561,0.0018899424
cnn,cv5,2,sobol-0191,0.153261967,0.479336779,0.75,E_star,0.192862123,0.189076314,0.00285846918
cnn,cv5,2,sobol-0200,0.0974351401,0.287618548,0.9375,E_star,0.0633326136,0.0640032046,0.00323754923
cnn,cv5,2,sobol-0205,0.987654048,0.487145609,1.03125,E_star,0.170213299,0.172968627,0.00305013763
cnn,cv5,2,sobol-0206,0.543668191,0.333924875,1.1875,E_star,0.0191671633,0.0273552761,0.00465773298
cnn,cv5,2,sobol-0212,0.406059639,0.253220048,1,E_star,0.0147767511,0.0142331607,0.00250761628
cnn,cv5,2,sobol-0215,0.0626328969,0.399391114,1.15625,E_star,0.127769123,0.12796529,0.00394916865
cnn,cv5,2,sobol-0216,0.0384074068,0.204771612,0.78125,E_star,0.031055885,0.0309958801,0.00201991379
cnn,cv5,2,sobol-0221,0.929480937,0.420098028,0.8125,E_star,0.127448875,0.126716898,0.00220320346
cnn,cv5,2,sobol-0228,0.481678589,0.211288034,1.1875,E_star,0.00807732313,0.0070306976,0.0015552187
cnn,cv5,2,sobol-0238,0.526207591,0.228515998,0.8125,E_star,0.0088088546,0.00743181817,0.00179511439
cnn,cv5,2,sobol-0239,0.189898772,0.481400023,1.28125,E_star,0.193560422,0.192536024,0.00309290227
cnn,cv5,2,sobol-0243,0.311022794,0.377604534,1.125,E_star,0.106448617,0.108091855,0.00419203045
cnn,cv5,2,sobol-0244,0.415708215,0.283748563,1.375,E_star,0.018892973,0.0208031728,0.0033276349
cnn,cv5,2,sobol-0246,0.670781594,0.247228469,1.28125,E_star,0.00742372492,0.0117034378,0.00265041451
cnn,cv5,2,sobol-0252,0.336953424,0.267646989,0.6875,E_star,0.0405382431,0.0330294046,0.00322763861
cnn,cv5,2,sobol-0254,0.592057784,0.30138388,1,E_star,0.0136265029,0.0176916917,0.00363989093
gp,cv5,3,pure-00,0,0.2,1,K_star,0.0103041147,0.0102780093,0.000105705045
gp,cv5,3,pure-03,0,0.35,1,K_star,0.00488695703,0.00487900427,4.90779213e-05
gp,cv5,3,pure-05,0,0.45,1,K_star,0.00294953145,0.00292416792,2.96859768e-05
gp,cv5,3,corner-7,1,0.5,1.5,K_star,0.00179177734,0.00180717608,3.01434119e-05
gp,cv5,3,edge-07,1,0.35,1.5,K_star,0.00401381307,0.00399829738,5.8880789e-05
gp,cv5,3,sobol-0001,0.588520205,0.488736002,1.15625,K_star,0.00148664495,0.00145377389,1.82678412e-05
gp,cv5,3,sobol-0012,0.307242115,0.264960088,1.09375,K_star,0.00757964712,0.00756117501,7.69806869e-05
gp,cv5,3,sobol-0027,0.478379395,0.398344896,1.03125,K_star,0.00310785635,0.00316758084,3.12563478e-05
gp,cv5,3,sobol-0029,0.912769718,0.370864278,1.21875,K_star,0.00317640794,0.00317587033,3.05402505e-05
gp,cv5,3,sobol-0033,0.606218239,0.38339115,0.78125,K_star,0.00221307848,0.00226320335,2.79902423e-05
gp,cv5,3,sobol-0037,0.786114194,0.438809544,1.125,K_star,0.00208871328,0.00208789236,2.02705807e-05
gp,cv5,3,sobol-0038,0.745208041,0.28968052,1.0625,K_star,0.00445356528,0.00441180779,5.10838805e-05
gp,cv5,3,sobol-0058,0.756957077,0.250580789,0.9375,K_star,0.00504543462,0.00501360075,6.43324799e-05
gp,cv5,3,sobol-0065,0.563183321,0.395461963,1.09375,K_star,0.00267251382,0.00283623835,2.89291625e-05
gp,cv5,3,sobol-0076,0.281782267,0.321612819,1.15625,K_star,0.00595242977,0.00596582627,5.73487101e-05
gp,cv5,3,sobol-0085,0.824333369,0.424612248,1.1875,K_star,0.00234735019,0.00234424509,2.36616193e-05
gp,cv5,3,sobol-0089,0.738786095,0.376747354,1.4375,K_star,0.00338241896,0.00337498396,4.24316565e-05
gp,cv5,3,sobol-0091,0.488076735,0.492863968,1.09375,K_star,0.0017453195,0.00166660423,1.72790992e-05
gp,cv5,3,sobol-0096,0.170351635,0.242937106,0.96875,K_star,0.00804251255,0.00804665955,8.55749308e-05
gp,cv5,3,sobol-0102,0.719734126,0.233027729,1.15625,K_star,0.00663096664,0.00664705834,8.07160676e-05
gp,cv5,3,sobol-0105,0.63131488,0.408708122,0.75,K_star,0.00182901862,0.0018410997,2.35186125e-05
gp,cv5,3,sobol-0109,0.951446764,0.469156635,1.28125,K_star,0.00194390934,0.00194296766,1.92794182e-05
gp,cv5,3,sobol-0114,0.982104547,0.206221561,1.0625,K_star,0.00671962358,0.00670542014,7.24348829e-05
gp,cv5,3,sobol-0116,0.409048134,0.272380937,1.28125,K_star,0.00791888313,0.00791036519,7.57431193e-05
gp,cv5,3,sobol-0118,0.661696306,0.297237215,1.375,K_star,0.00518077537,0.00527809917,6.73029416e-05
gp,cv5,3,sobol-0119,0.122258367,0.418611424,0.9375,K_star,0.00329240071,0.00328520768,3.16066716e-05
gp,cv5,3,sobol-0122,0.778358147,0.344733645,1.1875,K_star,0.00357394881,0.00356813412,3.73852976e-05
gp,cv5,3,sobol-0129,0.579925117,0.365049765,1.5,K_star,0.00394005962,0.0041057329,4.53669476e-05
gp,cv5,3,sobol-0131,0.334571227,0.467103879,1.1875,K_star,0.00275289792,0.00275829085,2.72158124e-05
gp,cv5,3,sobol-0134,0.693375761,0.308026532,1.21875,K_star,0.00445944952,0.0044230156,5.65326857e-05
gp,cv5,3,sobol-0135,0.0299327513,0.411356038,0.84375,K_star,0.00317023825,0.00317330264,3.27647062e-05
gp,cv5,3,sobol-0143,0.232435396,0.437405335,1.4375,K_star,0.00375179862,0.00375852634,4.16038978e-05
gp,cv5,3,sobol-0152,0.0598237505,0.299290537,1.46875,K_star,0.00782373214,0.00779562666,9.77553821e-05
gp,cv5,3,sobol-0160,0.186601333,0.21728165,1.375,K_star,0.0113309078,0.0113324379,0.000146782713
gp,cv5,3,sobol-0166,0.734761128,0.263519258,0.75,K_star,0.00403430665,0.00404769491,5.75626839e-05
gp,cv5,3,sobol-0167,0.0398245445,0.460478145,1.09375,K_star,0.00294462217,0.00293323483,2.95270106e-05
gp,cv5,3,sobol-0170,0.821286749,0.236674761,1.03125,K_star,0.00570688217,0.00566805432,6.10529508e-05
gp,cv5,3,sobol-0175,0.211315041,0.38812605,0.96875,K_star,0.00387721298,0.00387979031,3.73971039e-05
gp,cv5,3,sobol-0184,0.0108761331,0.273422551,0.875,K_star,0.00650143118,0.00646166502,6.45596032e-05
gp,cv5,3,sobol-0190,0.566720244,0.207231006,1.15625,K_star,0.0105688389,0.0106605056,0.000139679417
gp,cv5,3,sobol-0194,0.894703013,0.30686069,1.4375,K_star,0.00486476756,0.00486764974,5.39814193e-05
gp,cv5,3,sobol-0197,0.753901223,0.363812887,1.3125,K_star,0.00344726853,0.00342966216,4.04480452e-05
gp,cv5,3,sobol-0198,0.714913862,0.214679464,0.90625,K_star,0.00658560551,0.0065564429,8.19206692e-05
gp,cv5,3,sobol-0201,0.683002274,0.390655128,1.3125,K_star,0.00296886161,0.00295578114,3.08344255e-05
gp,cv5,3,sobol-0203,0.433756919,0.440871522,1.21875,K_star,0.00293733902,0.0029297825,2.78453245e-05
gp,cv5,3,sobol-0207,0.238363771,0.380752457,0.71875,K_star,0.00317334225,0.00318051902,3.68826683e-05
gp,cv5,3,sobol-0213,0.819751296,0.431004556,1.46875,K_star,0.00257390948,0.00257492044,2.92356466e-05
gp,cv5,3,sobol-0214,0.648926463,0.277710115,0.6875,K_star,0.00380921824,0.00387739183,5.83622755e-05
gp,cv5,3,sobol-0219,0.492891475,0.353945357,1.4375,K_star,0.00489503666,0.00495785845,5.17347784e-05
gp,cv5,3,sobol-0224,0.16114141,0.310262631,0.84375,K_star,0.00521818659,0.00521935593,5.65367132e-05
gp,cv5,3,sobol-0225,0.62268344,0.41373248,1.21875,K_star,0.00247583056,0.00249539837,2.45060823e-05
gp,cv5,3,sobol-0226,0.908494798,0.257628675,0.9375,K_star,0.00473936499,0.00474210069,4.7806544e-05
gp,cv5,3,sobol-0229,0.802367652,0.464643609,0.71875,K_star,0.00132815105,0.00132213321,1.82066528e-05
gp,cv5,3,sobol-0230,0.728954585,0.320245232,1.5,K_star,0.00469119366,0.00463338144,7.40481087e-05
gp,cv5,3,sobol-0241,0.555858473,0.49145064,1.46875,K_star,0.00167878378,0.00166778314,2.43099278e-05
gp,cv5,3,sobol-0248,0.0168045526,0.328976632,1.25,K_star,0.00621826846,0.0061961533,6.38851443e-05
gp,cv5,3,sobol-0249,0.696868138,0.357593438,0.875,K_star,0.00273482538,0.00272245124,2.63309828e-05
gp,cv5,3,sobol-0253,0.876619977,0.445856179,1.15625,K_star,0.00206621382,0.00206162671,2.10324446e-05
gp,cv5,3,pure-00,0,0.2,1,E_star,0.0299708378,0.0306930502,0.00138791486
gp,cv5,3,pure-03,0,0.35,1,E_star,0.0998222793,0.101047688,0.00480414938
gp,cv5,3,pure-05,0,0.45,1,E_star,0.167072316,0.167321741,0.0104267516
gp,cv5,3,corner-7,1,0.5,1.5,E_star,0.184013274,0.178734915,0.00836301349
gp,cv5,3,edge-07,1,0.35,1.5,E_star,0.0919591353,0.0875315498,0.00435575825
gp,cv5,3,sobol-0001,0.588520205,0.488736002,1.15625,E_star,0.16659036,0.163744376,0.0136702046
gp,cv5,3,sobol-0012,0.307242115,0.264960088,1.09375,E_star,0.0432156168,0.0438541539,0.00323308568
gp,cv5,3,sobol-0027,0.478379395,0.398344896,1.03125,E_star,0.0838531096,0.0889541767,0.00616530304
gp,cv5,3,sobol-0029,0.912769718,0.370864278,1.21875,E_star,0.0992421468,0.100504348,0.00621228227
gp,cv5,3,sobol-0033,0.606218239,0.38339115,0.78125,E_star,0.0827829094,0.0955248151,0.00920672724
gp,cv5,3,sobol-0037,0.786114194,0.438809544,1.125,E_star,0.13587053,0.137242741,0.00825174607
gp,cv5,3,sobol-0038,0.745208041,0.28968052,1.0625,E_star,0.0520113029,0.0498954544,0.00397410351
gp,cv5,3,sobol-0058,0.756957077,0.250580789,0.9375,E_star,0.0354754548,0.0357230036,0.00421812542
gp,cv5,3,sobol-0065,0.563183321,0.395461963,1.09375,E_star,0.07031733,0.0878641127,0.00738667304
gp,cv5,3,sobol-0076,0.281782267,0.321612819,1.15625,E_star,0.0749053293,0.0758301538,0.00421201316
gp,cv5,3,sobol-0085,0.824333369,0.424612248,1.1875,E_star,0.128287249,0.128313294,0.00943623009
gp,cv5,3,sobol-0089,0.738786095,0.376747354,1.4375,E_star,0.0992012155,0.0955113511,0.00732592279
gp,cv5,3,sobol-0091,0.488076735,0.492863968,1.09375,E_star,0.175395623,0.177263696,0.00949777485
gp,cv5,3,sobol-0096,0.170351635,0.242937106,0.96875,E_star,0.0424893489,0.0421857769,0.00324238529
gp,cv5,3,sobol-0102,0.719734126,0.233027729,1.15625,E_star,0.0130238532,0.0145535171,0.00141690777
gp,cv5,3,sobol-0105,0.63131488,0.408708122,0.75,E_star,0.106829338,0.108388717,0.00746974425
gp,cv5,3,sobol-0109,0.951446764,0.469156635,1.28125,E_star,0.159032477,0.159876532,0.00937742546
gp,cv5,3,sobol-0114,0.982104547,0.206221561,1.0625,E_star,0.0327518253,0.0342655644,0.00254235155
gp,cv5,3,sobol-0116,0.409048134,0.272380937,1.28125,E_star,0.01744737,0.0183080612,0.00105617004
gp,cv5,3,sobol-0118,0.661696306,0.297237215,1.375,E_star,0.0400882348,0.0264155529,0.00275584174
gp,cv5,3,sobol-0119,0.122258367,0.418611424,0.9375,E_star,0.141403408,0.14416006,0.00706766455
gp,cv5,3,sobol-0122,0.778358147,0.344733645,1.1875,E_star,0.0821208459,0.0804679687,0.00581489444
gp,cv5,3,sobol-0129,0.579925117,0.365049765,1.5,E_star,0.0575043073,0.0674062109,0.00503697183
gp,cv5,3,sobol-0131,0.334571227,0.467103879,1.1875,E_star,0.173497454,0.173808696,0.0102379253
gp,cv5,3,sobol-0134,0.693375761,0.308026532,1.21875,E_star,0.0544540827,0.0449468339,0.00506428018
gp,cv5,3,sobol-0135,0.0299327513,0.411356038,0.84375,E_star,0.137125024,0.140418994,0.00791702489
gp,cv5,3,sobol-0143,0.232435396,0.437405335,1.4375,E_star,0.158358812,0.152630179,0.00926807616
gp,cv5,3,sobol-0152,0.0598237505,0.299290537,1.46875,E_star,0.0723496946,0.0670982197,0.0060092511
gp,cv5,3,sobol-0160,0.186601333,0.21728165,1.375,E_star,0.0340123951,0.0314691507,0.00318356567
gp,cv5,3,sobol-0166,0.734761128,0.263519258,0.75,E_star,0.0387578972,0.0329438752,0.00371849855
gp,cv5,3,sobol-0167,0.0398245445,0.460478145,1.09375,E_star,0.173463275,0.179068521,0.0105516353
gp,cv5,3,sobol-0170,0.821286749,0.236674761,1.03125,E_star,0.0367899004,0.0404031476,0.00306088953
gp,cv5,3,sobol-0175,0.211315041,0.38812605,0.96875,E_star,0.118227669,0.120754029,0.00704348298
gp,cv5,3,sobol-0184,0.0108761331,0.273422551,0.875,E_star,0.0583667812,0.0579087051,0.00359843548
gp,cv5,3,sobol-0190,0.566720244,0.207231006,1.15625,E_star,0.00648244471,0.0073095344,0.000740019985
gp,cv5,3,sobol-0194,0.894703013,0.30686069,1.4375,E_star,0.0713806864,0.0668502863,0.00438577873
gp,cv5,3,sobol-0197,0.753901223,0.363812887,1.3125,E_star,0.0917101799,0.0890789587,0.00723469817
gp,cv5,3,sobol-0198,0.714913862,0.214679464,0.90625,E_star,0.00483857928,0.00808034047,0.000887820427
gp,cv5,3,sobol-0201,0.683002274,0.390655128,1.3125,E_star,0.100855055,0.0960906822,0.00682916566
gp,cv5,3,sobol-0203,0.433756919,0.440871522,1.21875,E_star,0.142807304,0.142778752,0.00845730149
gp,cv5,3,sobol-0207,0.238363771,0.380752457,0.71875,E_star,0.11520281,0.115665309,0.00725142296
gp,cv5,3,sobol-0213,0.819751296,0.431004556,1.46875,E_star,0.135237546,0.131704427,0.0098885044
gp,cv5,3,sobol-0214,0.648926463,0.277710115,0.6875,E_star,0.0149528129,0.0130129434,0.000953619985
gp,cv5,3,sobol-0219,0.492891475,0.353945357,1.4375,E_star,0.0252677023,0.0342000995,0.00220613915
gp,cv5,3,sobol-0224,0.16114141,0.310262631,0.84375,E_star,0.0733784379,0.0748770195,0.00451555593
gp,cv5,3,sobol-0225,0.62268344,0.41373248,1.21875,E_star,0.10862921,0.111195423,0.00768831318
gp,cv5,3,sobol-0226,0.908494798,0.257628675,0.9375,E_star,0.0483813953,0.0475664147,0.00363204885
gp,cv5,3,sobol-0229,0.802367652,0.464643609,0.71875,E_star,0.158192017,0.155554052,0.0106218045
gp,cv5,3,sobol-0230,0.728954585,0.320245232,1.5,E_star,0.0693273718,0.0634181246,0.00518555394
gp,cv5,3,sobol-0241,0.555858473,0.49145064,1.46875,E_star,0.172382224,0.162619835,0.0168245599
gp,cv5,3,sobol-0248,0.0168045526,0.328976632,1.25,E_star,0.084865451,0.0847971445,0.00600850373
gp,cv5,3,sobol-0249,0.696868138,0.357593438,0.875,E_star,0.0823595801,0.0812174064,0.00524181566
gp,cv5,3,sobol-0253,0.876619977,0.445856179,1.15625,E_star,0.141930156,0.142438589,0.00789786019
ensemble,cv5,3,pure-00,0,0.2,1,K_star,0.0103041147,0.0103234164,2.65901043e-05
ensemble,cv5,3,pure-03,0,0.35,1,K_star,0.00488695703,0.00489302979,9.39251721e-06
ensemble,cv5,3,pure-05,0,0.45,1,K_star,0.00294953145,0.00292855975,6.74123295e-06
ensemble,cv5,3,corner-7,1,0.5,1.5,K_star,0.00179177734,0.00179699588,1.52563374e-05
ensemble,cv5,3,edge-07,1,0.35,1.5,K_star,0.00401381307,0.00398386134,2.58278301e-05
ensemble,cv5,3,sobol-0001,0.588520205,0.488736002,1.15625,K_star,0.00148664495,0.00152802769,3.90384625e-05
ensemble,cv5,3,sobol-0012,0.307242115,0.264960088,1.09375,K_star,0.00757964712,0.00757089637,3.80274786e-05
ensemble,cv5,3,sobol-0027,0.478379395,0.398344896,1.03125,K_star,0.00310785635,0.00304927081,9.42297931e-05
ensemble,cv5,3,sobol-0029,0.912769718,0.370864278,1.21875,K_star,0.00317640794,0.00317927707,7.30003224e-06
ensemble,cv5,3,sobol-0033,0.606218239,0.38339115,0.78125,K_star,0.00221307848,0.00229181089,4.06156056e-05
ensemble,cv5,3,sobol-0037,0.786114194,0.438809544,1.125,K_star,0.00208871328,0.00208795315,1.01712538e-05
ensemble,cv5,3,sobol-0038,0.745208041,0.28968052,1.0625,K_star,0.00445356528,0.00443085708,4.10528076e-05
ensemble,cv5,3,sobol-0058,0.756957077,0.250580789,0.9375,K_star,0.00504543462,0.00504215853,5.84187165e-05
ensemble,cv5,3,sobol-0065,0.563183321,0.395461963,1.09375,K_star,0.00267251382,0.00276684119,7.28366119e-05
ensemble,cv5,3,sobol-0076,0.281782267,0.321612819,1.15625,K_star,0.00595242977,0.00595185337,1.52531437e-05
ensemble,cv5,3,sobol-0085,0.824333369,0.424612248,1.1875,K_star,0.00234735019,0.00234631661,1.13987321e-05
ensemble,cv5,3,sobol-0089,0.738786095,0.376747354,1.4375,K_star,0.00338241896,0.00338986861,3.00903651e-05
ensemble,cv5,3,sobol-0091,0.488076735,0.492863968,1.09375,K_star,0.0017453195,0.00172307764,5.74700652e-05
ensemble,cv5,3,sobol-0096,0.170351635,0.242937106,0.96875,K_star,0.00804251255,0.00805810991,1.658395e-05
ensemble,cv5,3,sobol-0102,0.719734126,0.233027729,1.15625,K_star,0.00663096664,0.00678558669,0.000138318592
ensemble,cv5,3,sobol-0105,0.63131488,0.408708122,0.75,K_star,0.00182901862,0.00187747539,2.56792072e-05
ensemble,cv5,3,sobol-0109,0.951446764,0.469156635,1.28125,K_star,0.00194390934,0.0019393078,5.28621412e-06
ensemble,cv5,3,sobol-0114,0.982104547,0.206221561,1.0625,K_star,0.00671962358,0.00671355892,1.38582814e-05
ensemble,cv5,3,sobol-0116,0.409048134,0.272380937,1.28125,K_star,0.00791888313,0.00786588687,4.75272537e-05
ensemble,cv5,3,sobol-0118,0.661696306,0.297237215,1.375,K_star,0.00518077537,0.00531377837,9.22032411e-05
ensemble,cv5,3,sobol-0119,0.122258367,0.418611424,0.9375,K_star,0.00329240071,0.00330063051,7.57826014e-06
ensemble,cv5,3,sobol-0122,0.778358147,0.344733645,1.1875,K_star,0.00357394881,0.00355978158,1.43323863e-05
ensemble,cv5,3,sobol-0129,0.579925117,0.365049765,1.5,K_star,0.00394005962,0.00410790868,7.16291516e-05
ensemble,cv5,3,sobol-0131,0.334571227,0.467103879,1.1875,K_star,0.00275289792,0.00276036686,1.60803587e-05
ensemble,cv5,3,sobol-0134,0.693375761,0.308026532,1.21875,K_star,0.00445944952,0.00444768639,6.08576383e-05
ensemble,cv5,3,sobol-0135,0.0299327513,0.411356038,0.84375,K_star,0.00317023825,0.0031862695,1.15096422e-05
ensemble,cv5,3,sobol-0143,0.232435396,0.437405335,1.4375,K_star,0.00375179862,0.00375340911,9.16010036e-06
ensemble,cv5,3,sobol-0152,0.0598237505,0.299290537,1.46875,K_star,0.00782373214,0.00780729396,1.04417549e-05
ensemble,cv5,3,sobol-0160,0.186601333,0.21728165,1.375,K_star,0.0113309078,0.0112995332,4.59501518e-05
ensemble,cv5,3,sobol-0166,0.734761128,0.263519258,0.75,K_star,0.00403430665,0.00408259697,3.46815829e-05
ensemble,cv5,3,sobol-0167,0.0398245445,0.460478145,1.09375,K_star,0.00294462217,0.00293310659,6.52225745e-06
ensemble,cv5,3,sobol-0170,0.821286749,0.236674761,1.03125,K_star,0.00570688217,0.00567201674,4.04946922e-05
ensemble,cv5,3,sobol-0175,0.211315041,0.38812605,0.96875,K_star,0.00387721298,0.00388639854,8.8855458e-06
ensemble,cv5,3,sobol-0184,0.0108761331,0.273422551,0.875,K_star,0.00650143118,0.00646405553,9.83774918e-06
ensemble,cv5,3,sobol-0190,0.566720244,0.207231006,1.15625,K_star,0.0105688389,0.0105874191,0.000136081927
ensemble,cv5,3,sobol-0194,0.894703013,0.30686069,1.4375,K_star,0.00486476756,0.00486993669,1.02388712e-05
ensemble,cv5,3,sobol-0197,0.753901223,0.363812887,1.3125,K_star,0.00344726853,0.00343149112,1.84272377e-05
ensemble,cv5,3,sobol-0198,0.714913862,0.214679464,0.90625,K_star,0.00658560551,0.00669371752,0.000103864889
ensemble,cv5,3,sobol-0201,0.683002274,0.390655128,1.3125,K_star,0.00296886161,0.00298112868,2.8254654e-05
ensemble,cv5,3,sobol-0203,0.433756919,0.440871522,1.21875,K_star,0.00293733902,0.00288954507,3.91963934e-05
ensemble,cv5,3,sobol-0207,0.238363771,0.380752457,0.71875,K_star,0.00317334225,0.0031721259,1.40550356e-05
ensemble,cv5,3,sobol-0213,0.819751296,0.431004556,1.46875,K_star,0.00257390948,0.0025808711,8.36707471e-06
ensemble,cv5,3,sobol-0214,0.648926463,0.277710115,0.6875,K_star,0.00380921824,0.00396450152,9.64509448e-05
ensemble,cv5,3,sobol-0219,0.492891475,0.353945357,1.4375,K_star,0.00489503666,0.0049501271,0.000107211916
ensemble,cv5,3,sobol-0224,0.16114141,0.310262631,0.84375,K_star,0.00521818659,0.00523293364,1.22745241e-05
ensemble,cv5,3,sobol-0225,0.62268344,0.41373248,1.21875,K_star,0.00247583056,0.0025165866,3.22994936e-05
ensemble,cv5,3,sobol-0226,0.908494798,0.257628675,0.9375,K_star,0.00473936499,0.00475015223,1.19009292e-05
ensemble,cv5,3,sobol-0229,0.802367652,0.464643609,0.71875,K_star,0.00132815105,0.00131194658,7.76208312e-06
ensemble,cv5,3,sobol-0230,0.728954585,0.320245232,1.5,K_star,0.00469119366,0.004686839,4.16767346e-05
ensemble,cv5,3,sobol-0241,0.555858473,0.49145064,1.46875,K_star,0.00167878378,0.00175362323,5.34527035e-05
ensemble,cv5,3,sobol-0248,0.0168045526,0.328976632,1.25,K_star,0.00621826846,0.0061873159,1.08084891e-05
ensemble,cv5,3,sobol-0249,0.696868138,0.357593438,0.875,K_star,0.00273482538,0.0027323291,2.24425979e-05
ensemble,cv5,3,sobol-0253,0.876619977,0.445856179,1.15625,K_star,0.00206621382,0.00206256825,9.82672596e-06
ensemble,cv5,3,pure-00,0,0.2,1,E_star,0.0299708378,0.0297666661,0.000159451441
ensemble,cv5,3,pure-03,0,0.35,1,E_star,0.0998222793,0.0943240479,0.000612230906
ensemble,cv5,3,pure-05,0,0.45,1,E_star,0.167072316,0.166797178,0.0010882057
ensemble,cv5,3,corner-7,1,0.5,1.5,E_star,0.184013274,0.181747164,0.000764287177
ensemble,cv5,3,edge-07,1,0.35,1.5,E_star,0.0919591353,0.0935925482,0.000547489933
ensemble,cv5,3,sobol-0001,0.588520205,0.488736002,1.15625,E_star,0.16659036,0.160616661,0.0023429783
ensemble,cv5,3,sobol-0012,0.307242115,0.264960088,1.09375,E_star,0.0432156168,0.0420998456,0.00259569979
ensemble,cv5,3,sobol-0027,0.478379395,0.398344896,1.03125,E_star,0.0838531096,0.0848666143,0.00438284933
ensemble,cv5,3,sobol-0029,0.912769718,0.370864278,1.21875,E_star,0.0992421468,0.0997266789,0.000385572413
ensemble,cv5,3,sobol-0033,0.606218239,0.38339115,0.78125,E_star,0.0827829094,0.0855195092,0.00153821502
ensemble,cv5,3,sobol-0037,0.786114194,0.438809544,1.125,E_star,0.13587053,0.136673522,0.000647695011
ensemble,cv5,3,sobol-0038,0.745208041,0.28968052,1.0625,E_star,0.0520113029,0.0498261907,0.00146217466
ensemble,cv5,3,sobol-0058,0.756957077,0.250580789,0.9375,E_star,0.0354754548,0.0306718005,0.00359356352
ensemble,cv5,3,sobol-0065,0.563183321,0.395461963,1.09375,E_star,0.07031733,0.0786610703,0.00357027541
ensemble,cv5,3,sobol-0076,0.281782267,0.321612819,1.15625,E_star,0.0749053293,0.0770469978,0.00177771883
ensemble,cv5,3,sobol-0085,0.824333369,0.424612248,1.1875,E_star,0.128287249,0.128989941,0.000592813848
ensemble,cv5,3,sobol-0089,0.738786095,0.376747354,1.4375,E_star,0.0992012155,0.0993158809,0.00152607762
ensemble,cv5,3,sobol-0091,0.488076735,0.492863968,1.09375,E_star,0.175395623,0.172464028,0.00355092678
ensemble,cv5,3,sobol-0096,0.170351635,0.242937106,0.96875,E_star,0.0424893489,0.0417526269,0.000570274329
ensemble,cv5,3,sobol-0102,0.719734126,0.233027729,1.15625,E_star,0.0130238532,0.0105113978,0.000960961634
ensemble,cv5,3,sobol-0105,0.63131488,0.408708122,0.75,E_star,0.106829338,0.108919612,0.00239362854
ensemble,cv5,3,sobol-0109,0.951446764,0.469156635,1.28125,E_star,0.159032477,0.159373369,0.000462803375
ensemble,cv5,3,sobol-0114,0.982104547,0.206221561,1.0625,E_star,0.0327518253,0.0322850654,0.000105742182
ensemble,cv5,3,sobol-0116,0.409048134,0.272380937,1.28125,E_star,0.01744737,0.0170804594,0.00230258493
ensemble,cv5,3,sobol-0118,0.661696306,0.297237215,1.375,E_star,0.0400882348,0.036223095,0.00324901668
ensemble,cv5,3,sobol-0119,0.122258367,0.418611424,0.9375,E_star,0.141403408,0.141846589,0.000958585114
ensemble,cv5,3,sobol-0122,0.778358147,0.344733645,1.1875,E_star,0.0821208459,0.0817277982,0.000559215188
ensemble,cv5,3,sobol-0129,0.579925117,0.365049765,1.5,E_star,0.0575043073,0.0645240251,0.0038379419
ensemble,cv5,3,sobol-0131,0.334571227,0.467103879,1.1875,E_star,0.173497454,0.173758596,0.00127858487
ensemble,cv5,3,sobol-0134,0.693375761,0.308026532,1.21875,E_star,0.0544540827,0.0525335576,0.00340489745
ensemble,cv5,3,sobol-0135,0.0299327513,0.411356038,0.84375,E_star,0.137125024,0.137957397,0.00125062761
ensemble,cv5,3,sobol-0143,0.232435396,0.437405335,1.4375,E_star,0.158358812,0.159105487,0.000798002996
ensemble,cv5,3,sobol-0152,0.0598237505,0.299290537,1.46875,E_star,0.0723496946,0.0730697092,0.000625163587
ensemble,cv5,3,sobol-0160,0.186601333,0.21728165,1.375,E_star,0.0340123951,0.0347542067,0.00140813894
ensemble,cv5,3,sobol-0166,0.734761128,0.263519258,0.75,E_star,0.0387578972,0.0404412909,0.00305360027
ensemble,cv5,3,sobol-0167,0.0398245445,0.460478145,1.09375,E_star,0.173463275,0.174858601,0.00104972667
ensemble,cv5,3,sobol-0170,0.821286749,0.236674761,1.03125,E_star,0.0367899004,0.0353995641,0.0017890963
ensemble,cv5,3,sobol-0175,0.211315041,0.38812605,0.96875,E_star,0.118227669,0.117270333,0.00121919179
ensemble,cv5,3,sobol-0184,0.0108761331,0.273422551,0.875,E_star,0.0583667812,0.0573440643,0.000311551132
ensemble,cv5,3,sobol-0190,0.566720244,0.207231006,1.15625,E_star,0.00648244471,0.00707658043,0.000521513845
ensemble,cv5,3,sobol-0194,0.894703013,0.30686069,1.4375,E_star,0.0713806864,0.0710898721,0.000284306896
ensemble,cv5,3,sobol-0197,0.753901223,0.363812887,1.3125,E_star,0.0917101799,0.0913619315,0.00076887563
ensemble,cv5,3,sobol-0198,0.714913862,0.214679464,0.90625,E_star,0.00483857928,0.00741200403,0.000960880699
ensemble,cv5,3,sobol-0201,0.683002274,0.390655128,1.3125,E_star,0.100855055,0.101295684,0.00133494175
ensemble,cv5,3,sobol-0203,0.433756919,0.440871522,1.21875,E_star,0.142807304,0.144160674,0.00327043465
ensemble,cv5,3,sobol-0207,0.238363771,0.380752457,0.71875,E_star,0.11520281,0.111923375,0.00154432537
ensemble,cv5,3,sobol-0213,0.819751296,0.431004556,1.46875,E_star,0.135237546,0.135781073,0.000487083215
ensemble,cv5,3,sobol-0214,0.648926463,0.277710115,0.6875,E_star,0.0149528129,0.024176992,0.00388881448
ensemble,cv5,3,sobol-0219,0.492891475,0.353945357,1.4375,E_star,0.0252677023,0.0333120932,0.00365119397
ensemble,cv5,3,sobol-0224,0.16114141,0.310262631,0.84375,E_star,0.0733784379,0.0737462535,0.000796590232
ensemble,cv5,3,sobol-0225,0.62268344,0.41373248,1.21875,E_star,0.10862921,0.107857561,0.00133160069
ensemble,cv5,3,sobol-0226,0.908494798,0.257628675,0.9375,E_star,0.0483813953,0.0478356096,0.000301878429
ensemble,cv5,3,sobol-0229,0.802367652,0.464643609,0.71875,E_star,0.158192017,0.158683343,0.00104395761
ensemble,cv5,3,sobol-0230,0.728954585,0.320245232,1.5,E_star,0.0693273718,0.0697000438,0.00239750905
ensemble,cv5,3,sobol-0241,0.555858473,0.49145064,1.46875,E_star,0.172382224,0.162972125,0.00385541312
ensemble,cv5,3,sobol-0248,0.0168045526,0.328976632,1.25,E_star,0.084865451,0.0850801557,0.000600604915
ensemble,cv5,3,sobol-0249,0.696868138,0.357593438,0.875,E_star,0.0823595801,0.0819815012,0.00111226942
ensemble,cv5,3,sobol-0253,0.876619977,0.445856179,1.15625,E_star,0.141930156,0.143431228,0.000585096024
cnn,cv5,3,pure-00,0,0.2,1,K_star,0.0103041147,0.0100871753,0.00018941048
cnn,cv5,3,pure-03,0,0.35,1,K_star,0.00488695703,0.00483375134,7.59204859e-05
cnn,cv5,3,pure-05,0,0.45,1,K_star,0.00294953145,0.00290291631,5.84049599e-05
cnn,cv5,3,corner-7,1,0.5,1.5,K_star,0.00179177734,0.00179373755,4.28450662e-05
cnn,cv5,3,edge-07,1,0.35,1.5,K_star,0.00401381307,0.00401542719,7.2148271e-05
cnn,cv5,3,sobol-0001,0.588520205,0.488736002,1.15625,K_star,0.00148664495,0.00159208295,5.9795413e-05
cnn,cv5,3,sobol-0012,0.307242115,0.264960088,1.09375,K_star,0.00757964712,0.00758222864,0.0001518695
cnn,cv5,3,sobol-0027,0.478379395,0.398344896,1.03125,K_star,0.00310785635,0.00309869669,8.88734791e-05
cnn,cv5,3,sobol-0029,0.912769718,0.370864278,1.21875,K_star,0.00317640794,0.00320421805,6.14674951e-05
cnn,cv5,3,sobol-0033,0.606218239,0.38339115,0.78125,K_star,0.00221307848,0.00225323433,8.22184133e-05
cnn,cv5,3,sobol-0037,0.786114194,0.438809544,1.125,K_star,0.00208871328,0.00211417792,4.67185382e-05
cnn,cv5,3,sobol-0038,0.745208041,0.28968052,1.0625,K_star,0.00445356528,0.00449208089,0.000100022617
cnn,cv5,3,sobol-0058,0.756957077,0.250580789,0.9375,K_star,0.00504543462,0.00516428396,0.000216380438
cnn,cv5,3,sobol-0065,0.563183321,0.395461963,1.09375,K_star,0.00267251382,0.00281775415,9.58793717e-05
cnn,cv5,3,sobol-0076,0.281782267,0.321612819,1.15625,K_star,0.00595242977,0.00592947456,8.91505712e-05
cnn,cv5,3,sobol-0085,0.824333369,0.424612248,1.1875,K_star,0.00234735019,0.00236710432,5.17087561e-05
cnn,cv5,3,sobol-0089,0.738786095,0.376747354,1.4375,K_star,0.00338241896,0.0034243174,7.93885204e-05
cnn,cv5,3,sobol-0091,0.488076735,0.492863968,1.09375,K_star,0.0017453195,0.00173011648,7.31871482e-05
cnn,cv5,3,sobol-0096,0.170351635,0.242937106,0.96875,K_star,0.00804251255,0.00800339615,0.000130712727
cnn,cv5,3,sobol-0102,0.719734126,0.233027729,1.15625,K_star,0.00663096664,0.00711454047,0.00043860879
cnn,cv5,3,sobol-0105,0.63131488,0.408708122,0.75,K_star,0.00182901862,0.00187007826,6.1874533e-05
cnn,cv5,3,sobol-0109,0.951446764,0.469156635,1.28125,K_star,0.00194390934,0.00195369557,4.44739346e-05
cnn,cv5,3,sobol-0114,0.982104547,0.206221561,1.0625,K_star,0.00671962358,0.00670321034,0.000176697215
cnn,cv5,3,sobol-0116,0.409048134,0.272380937,1.28125,K_star,0.00791888313,0.00794959096,0.000203304727
cnn,cv5,3,sobol-0118,0.661696306,0.297237215,1.375,K_star,0.00518077537,0.00552337781,0.000195606829
cnn,cv5,3,sobol-0119,0.122258367,0.418611424,0.9375,K_star,0.00329240071,0.00327232033,5.8035877e-05
cnn,cv5,3,sobol-0122,0.778358147,0.344733645,1.1875,K_star,0.00357394881,0.00359495303,6.71198153e-05
cnn,cv5,3,sobol-0129,0.579925117,0.365049765,1.5,K_star,0.00394005962,0.00414416424,0.000141021212
cnn,cv5,3,sobol-0131,0.334571227,0.467103879,1.1875,K_star,0.00275289792,0.0027674368,5.17256679e-05
cnn,cv5,3,sobol-0134,0.693375761,0.308026532,1.21875,K_star,0.00445944952,0.00454709929,0.000104988617
cnn,cv5,3,sobol-0135,0.0299327513,0.411356038,0.84375,K_star,0.00317023825,0.00316333269,5.24250464e-05
cnn,cv5,3,sobol-0143,0.232435396,0.437405335,1.4375,K_star,0.00375179862,0.00380948085,6.27465591e-05
cnn,cv5,3,sobol-0152,0.0598237505,0.299290537,1.46875,K_star,0.00782373214,0.00783674374,0.000107209558
cnn,cv5,3,sobol-0160,0.186601333,0.21728165,1.375,K_star,0.0113309078,0.0112974027,0.00018352674
cnn,cv5,3,sobol-0166,0.734761128,0.263519258,0.75,K_star,0.00403430665,0.00411051952,0.000169332507
cnn,cv5,3,sobol-0167,0.0398245445,0.460478145,1.09375,K_star,0.00294462217,0.00290489495,5.59575364e-05
cnn,cv5,3,sobol-0170,0.821286749,0.236674761,1.03125,K_star,0.00570688217,0.00576022654,0.000190624914
cnn,cv5,3,sobol-0175,0.211315041,0.38812605,0.96875,K_star,0.00387721298,0.00386344675,5.91136335e-05
cnn,cv5,3,sobol-0184,0.0108761331,0.273422551,0.875,K_star,0.00650143118,0.00644196712,0.00010483549
cnn,cv5,3,sobol-0190,0.566720244,0.207231006,1.15625,K_star,0.0105688389,0.0101880296,0.000300023862
cnn,cv5,3,sobol-0194,0.894703013,0.30686069,1.4375,K_star,0.00486476756,0.0048447602,8.57909247e-05
cnn,cv5,3,sobol-0197,0.753901223,0.363812887,1.3125,K_star,0.00344726853,0.00347704405,7.27551366e-05
cnn,cv5,3,sobol-0198,0.714913862,0.214679464,0.90625,K_star,0.00658560551,0.00697212891,0.0004163753
cnn,cv5,3,sobol-0201,0.683002274,0.390655128,1.3125,K_star,0.00296886161,0.00301158174,7.43874053e-05
cnn,cv5,3,sobol-0203,0.433756919,0.440871522,1.21875,K_star,0.00293733902,0.00294352013,7.32802489e-05
cnn,cv5,3,sobol-0207,0.238363771,0.380752457,0.71875,K_star,0.00317334225,0.00321940614,5.42887222e-05
cnn,cv5,3,sobol-0213,0.819751296,0.431004556,1.46875,K_star,0.00257390948,0.00259881333,5.67569773e-05
cnn,cv5,3,sobol-0214,0.648926463,0.277710115,0.6875,K_star,0.00380921824,0.00404986181,0.000180996098
cnn,cv5,3,sobol-0219,0.492891475,0.353945357,1.4375,K_star,0.00489503666,0.00492355033,0.000167793084
cnn,cv5,3,sobol-0224,0.16114141,0.310262631,0.84375,K_star,0.00521818659,0.00520437197,7.83842925e-05
cnn,cv5,3,sobol-0225,0.62268344,0.41373248,1.21875,K_star,0.00247583056,0.00252765204,7.14700121e-05
cnn,cv5,3,sobol-0226,0.908494798,0.257628675,0.9375,K_star,0.00473936499,0.00474501876,9.84403652e-05
cnn,cv5,3,sobol-0229,0.802367652,0.464643609,0.71875,K_star,0.00132815105,0.0013460016,3.07776319e-05
cnn,cv5,3,sobol-0230,0.728954585,0.320245232,1.5,K_star,0.00469119366,0.00470284837,9.66995846e-05
cnn,cv5,3,sobol-0241,0.555858473,0.49145064,1.46875,K_star,0.00167878378,0.00183045614,8.00445387e-05
cnn,cv5,3,sobol-0248,0.0168045526,0.328976632,1.25,K_star,0.00621826846,0.00618568099,8.59571906e-05
cnn,cv5,3,sobol-0249,0.696868138,0.357593438,0.875,K_star,0.00273482538,0.00276688375,6.5744454e-05
cnn,cv5,3,sobol-0253,0.876619977,0.445856179,1.15625,K_star,0.00206621382,0.00208343443,4.35325124e-05
cnn,cv5,3,pure-00,0,0.2,1,E_star,0.0299708378,0.0325624033,0.00439863473
cnn,cv5,3,pure-03,0,0.35,1,E_star,0.0998222793,0.0978297866,0.00558515209
cnn,cv5,3,pure-05,0,0.45,1,E_star,0.167072316,0.164012047,0.00413833526
cnn,cv5,3,corner-7,1,0.5,1.5,E_star,0.184013274,0.181496053,0.00298616541
cnn,cv5,3,edge-07,1,0.35,1.5,E_star,0.0919591353,0.0886035145,0.0054333718
cnn,cv5,3,sobol-0001,0.588520205,0.488736002,1.15625,E_star,0.16659036,0.164146559,0.00464400955
cnn,cv5,3,sobol-0012,0.307242115,0.264960088,1.09375,E_star,0.0432156168,0.037261609,0.00485650353
cnn,cv5,3,sobol-0027,0.478379395,0.398344896,1.03125,E_star,0.0838531096,0.084052069,0.00524276663
cnn,cv5,3,sobol-0029,0.912769718,0.370864278,1.21875,E_star,0.0992421468,0.0979234612,0.00483984007
cnn,cv5,3,sobol-0033,0.606218239,0.38339115,0.78125,E_star,0.0827829094,0.0896677609,0.00503081524
cnn,cv5,3,sobol-0037,0.786114194,0.438809544,1.125,E_star,0.13587053,0.137718883,0.00334186963
cnn,cv5,3,sobol-0038,0.745208041,0.28968052,1.0625,E_star,0.0520113029,0.0482765696,0.00421524988
cnn,cv5,3,sobol-0058,0.756957077,0.250580789,0.9375,E_star,0.0354754548,0.0297447051,0.00356656156
cnn,cv5,3,sobol-0065,0.563183321,0.395461963,1.09375,E_star,0.07031733,0.0831687437,0.00696286229
cnn,cv5,3,sobol-0076,0.281782267,0.321612819,1.15625,E_star,0.0749053293,0.0723477185,0.00693924801
cnn,cv5,3,sobol-0085,0.824333369,0.424612248,1.1875,E_star,0.128287249,0.129131919,0.00335236912
cnn,cv5,3,sobol-0089,0.738786095,0.376747354,1.4375,E_star,0.0992012155,0.0988877276,0.00444213298
cnn,cv5,3,sobol-0091,0.488076735,0.492863968,1.09375,E_star,0.175395623,0.175972716,0.00432085838
cnn,cv5,3,sobol-0096,0.170351635,0.242937106,0.96875,E_star,0.0424893489,0.0429694687,0.00418029187
cnn,cv5,3,sobol-0102,0.719734126,0.233027729,1.15625,E_star,0.0130238532,0.0137890595,0.00240682783
cnn,cv5,3,sobol-0105,0.63131488,0.408708122,0.75,E_star,0.106829338,0.111675338,0.00431860208
cnn,cv5,3,sobol-0109,0.951446764,0.469156635,1.28125,E_star,0.159032477,0.159385775,0.00294736257
cnn,cv5,3,sobol-0114,0.982104547,0.206221561,1.0625,E_star,0.0327518253,0.0366071709,0.00395425239
cnn,cv5,3,sobol-0116,0.409048134,0.272380937,1.28125,E_star,0.01744737,0.0185617973,0.0033344243
cnn,cv5,3,sobol-0118,0.661696306,0.297237215,1.375,E_star,0.0400882348,0.0308622783,0.00360217806
cnn,cv5,3,sobol-0119,0.122258367,0.418611424,0.9375,E_star,0.141403408,0.140792006,0.00465789022
cnn,cv5,3,sobol-0122,0.778358147,0.344733645,1.1875,E_star,0.0821208459,0.0819031544,0.00407174352
cnn,cv5,3,sobol-0129,0.579925117,0.365049765,1.5,E_star,0.0575043073,0.0574566975,0.0068167061
cnn,cv5,3,sobol-0131,0.334571227,0.467103879,1.1875,E_star,0.173497454,0.175583748,0.0038398069
cnn,cv5,3,sobol-0134,0.693375761,0.308026532,1.21875,E_star,0.0544540827,0.0495091489,0.00402476683
cnn,cv5,3,sobol-0135,0.0299327513,0.411356038,0.84375,E_star,0.137125024,0.136085516,0.00494419149
cnn,cv5,3,sobol-0143,0.232435396,0.437405335,1.4375,E_star,0.158358812,0.157313585,0.00461551046
cnn,cv5,3,sobol-0152,0.0598237505,0.299290537,1.46875,E_star,0.0723496946,0.0710770418,0.00536316656
cnn,cv5,3,sobol-0160,0.186601333,0.21728165,1.375,E_star,0.0340123951,0.0334147188,0.00333679837
cnn,cv5,3,sobol-0166,0.734761128,0.263519258,0.75,E_star,0.0387578972,0.0320912299,0.00417911974
cnn,cv5,3,sobol-0167,0.0398245445,0.460478145,1.09375,E_star,0.173463275,0.173408096,0.00384247227
cnn,cv5,3,sobol-0170,0.821286749,0.236674761,1.03125,E_star,0.0367899004,0.0349106392,0.0031699952
cnn,cv5,3,sobol-0175,0.211315041,0.38812605,0.96875,E_star,0.118227669,0.120386304,0.00507545966
cnn,cv5,3,sobol-0184,0.0108761331,0.273422551,0.875,E_star,0.0583667812,0.0582881251,0.00518349267
cnn,cv5,3,sobol-0190,0.566720244,0.207231006,1.15625,E_star,0.00648244471,0.00634958734,0.00139998901
cnn,cv5,3,sobol-0194,0.894703013,0.30686069,1.4375,E_star,0.0713806864,0.0671850977,0.00397151395
cnn,cv5,3,sobol-0197,0.753901223,0.363812887,1.3125,E_star,0.0917101799,0.0916493388,0.00426847609
cnn,cv5,3,sobol-0198,0.714913862,0.214679464,0.90625,E_star,0.00483857928,0.00945884157,0.00188304055
cnn,cv5,3,sobol-0201,0.683002274,0.390655128,1.3125,E_star,0.100855055,0.104051582,0.00396967042
cnn,cv5,3,sobol-0203,0.433756919,0.440871522,1.21875,E_star,0.142807304,0.139979788,0.00485610692
cnn,cv5,3,sobol-0207,0.238363771,0.380752457,0.71875,E_star,0.11520281,0.11616745,0.00568546342
cnn,cv5,3,sobol-0213,0.819751296,0.431004556,1.46875,E_star,0.135237546,0.13401662,0.00342080336
cnn,cv5,3,sobol-0214,0.648926463,0.277710115,0.6875,E_star,0.0149528129,0.0170636572,0.00308466174
cnn,cv5,3,sobol-0219,0.492891475,0.353945357,1.4375,E_star,0.0252677023,0.0434467787,0.00634871847
cnn,cv5,3,sobol-0224,0.16114141,0.310262631,0.84375,E_star,0.0733784379,0.0745598458,0.00585256831
cnn,cv5,3,sobol-0225,0.62268344,0.41373248,1.21875,E_star,0.10862921,0.113421552,0.00476243457
cnn,cv5,3,sobol-0226,0.908494798,0.257628675,0.9375,E_star,0.0483813953,0.0483931416,0.00350675218
cnn,cv5,3,sobol-0229,0.802367652,0.464643609,0.71875,E_star,0.158192017,0.157149966,0.00335005323
cnn,cv5,3,sobol-0230,0.728954585,0.320245232,1.5,E_star,0.0693273718,0.0654726078,0.00417835795
cnn,cv5,3,sobol-0241,0.555858473,0.49145064,1.46875,E_star,0.172382224,0.165999349,0.00429363326
cnn,cv5,3,sobol-0248,0.0168045526,0.328976632,1.25,E_star,0.084865451,0.0858106316,0.00544681782
cnn,cv5,3,sobol-0249,0.696868138,0.357593438,0.875,E_star,0.0823595801,0.0837529009,0.00404159889
cnn,cv5,3,sobol-0253,0.876619977,0.445856179,1.15625,E_star,0.141930156,0.143193887,0.00313077391
gp,cv5,4,pure-04,0,0.4,1,K_star,0.0038291398,0.00380579857,4.86689672e-05
gp,cv5,4,pure-06,0,0.5,1,K_star,0.00222443763,0.0022147813,2.77238972e-05
gp,cv5,4,edge-01,0.5,0.2,1.5,K_star,0.0132991909,0.0132843214,0.000226900067
gp,cv5,4,edge-04,0,0.35,0.6875,K_star,0.00364582061,0.00367780483,6.80838039e-05
gp,cv5,4,edge-05,0,0.35,1.5,K_star,0.00612840532,0.0061485847,0.000101377012
gp,cv5,4,edge-10,1,0.2,1.09375,K_star,0.00705926497,0.0070465996,8.74378776e-05
gp,cv5,4,sobol-0003,0.3417177,0.379705568,1.46875,K_star,0.00490733219,0.00491124003,6.66855145e-05
gp,cv5,4,sobol-0005,0.768167221,0.389649241,0.875,K_star,0.00229793852,0.00231170101,3.00707049e-05
gp,cv5,4,sobol-0009,0.666016369,0.360170461,0.90625,K_star,0.00276992932,0.00275583917,3.36629241e-05
gp,cv5,4,sobol-0015,0.224065346,0.406401078,1.125,K_star,0.00387924638,0.00387794838,4.6001375e-05
gp,cv5,4,sobol-0018,0.939314023,0.274973243,0.8125,K_star,0.00393004449,0.00392129576,5.30788259e-05
gp,cv5,4,sobol-0022,0.634662374,0.322227236,1.125,K_star,0.00405640728,0.0041421642,5.10299809e-05
gp,cv5,4,sobol-0030,0.618415197,0.226378068,0.9375,K_star,0.00774191901,0.00758634013,0.000115051848
gp,cv5,4,sobol-0031,0.158093187,0.498790634,1.34375,K_star,0.00264807335,0.00265602576,4.24573373e-05
gp,cv5,4,sobol-0035,0.355019773,0.485079053,0.90625,K_star,0.00205551737,0.0020566934,3.05467549e-05
gp,cv5,4,sobol-0057,0.711864681,0.402030371,1.28125,K_star,0.00275129246,0.0027591398,3.3499641e-05
gp,cv5,4,sobol-0063,0.147958237,0.374512971,1.0625,K_star,0.00446568765,0.00446241875,5.53430415e-05
gp,cv5,4,sobol-0068,0.453303281,0.229334269,0.90625,K_star,0.00827266781,0.00827246383,0.000117188778
gp,cv5,4,sobol-0072,0.102252485,0.256764628,0.875,K_star,0.00703014766,0.00701197026,9.15099312e-05
gp,cv5,4,sobol-0073,0.671959332,0.453151388,1.25,K_star,0.00200994161,0.00201733727,2.39797588e-05
gp,cv5,4,sobol-0074,0.859355285,0.311669092,0.96875,K_star,0.00369427701,0.00369751804,4.53489726e-05
gp,cv5,4,sobol-0075,0.429047341,0.414745299,1.34375,K_star,0.00359058791,0.00360609879,4.40684658e-05
gp,cv5,4,sobol-0079,0.249417429,0.463127248,1,K_star,0.00264618363,0.00263760717,3.57905187e-05
gp,cv5,4,sobol-0081,0.504033744,0.472010586,0.84375,K_star,0.00159264807,0.00154778311,1.86463484e-05
gp,cv5,4,sobol-0084,0.395251999,0.302973447,0.71875,K_star,0.00437054885,0.00441065502,6.76403005e-05
gp,cv5,4,sobol-0086,0.644480771,0.266673079,1,K_star,0.00555318283,0.00554859585,7.24116137e-05
gp,cv5,4,sobol-0087,0.0735483039,0.444415385,1.5,K_star,0.00378444099,0.00379275354,5.37839283e-05
gp,cv5,4,sobol-0093,0.934307819,0.426638108,0.90625,K_star,0.00195121426,0.00195368378,2.29196863e-05
gp,cv5,4,sobol-0098,0.915277904,0.288594746,0.875,K_star,0.00386142009,0.00386080881,4.99441762e-05
gp,cv5,4,sobol-0101,0.811451734,0.382083422,1,K_star,0.00262195285,0.00263571504,3.22220706e-05
gp,cv5,4,sobol-0115,0.301811871,0.478003047,1.40625,K_star,0.00289581609,0.00289288973,4.33444025e-05
gp,cv5,4,sobol-0120,0.0256648026,0.224296312,1.3125,K_star,0.010732385,0.0107427998,0.000153629466
gp,cv5,4,sobol-0124,0.330538633,0.27857645,1.03125,K_star,0.0067447418,0.00673420177,8.24728604e-05
gp,cv5,4,sobol-0128,0.134235747,0.317929149,1.03125,K_star,0.00581400754,0.00580173428,7.05425741e-05
gp,cv5,4,sobol-0130,0.888897602,0.21358679,0.71875,K_star,0.00494061404,0.00493679072,0.000110829793
gp,cv5,4,sobol-0150,0.627525438,0.222229258,1.4375,K_star,0.0102631545,0.00991894432,0.000182139174
gp,cv5,4,sobol-0151,0.0880927453,0.493617092,1.09375,K_star,0.00244470702,0.00244191895,3.47829317e-05
gp,cv5,4,sobol-0153,0.724489519,0.421264481,1,K_star,0.00211399559,0.00212523022,2.69438912e-05
gp,cv5,4,sobol-0157,0.919799616,0.47594515,1.34375,K_star,0.00192331694,0.00192323256,2.645955e-05
gp,cv5,4,sobol-0159,0.166571729,0.354995116,1.21875,K_star,0.00533467435,0.00533403916,6.40150748e-05
gp,cv5,4,sobol-0165,0.796424733,0.40799068,1.40625,K_star,0.00284144941,0.00283685762,3.50516229e-05
gp,cv5,4,sobol-0172,0.257378457,0.246616306,1.1875,K_star,0.00887689189,0.00885020151,0.000115416138
gp,cv5,4,sobol-0176,0.245628944,0.275485021,1.15625,K_star,0.00758284658,0.0075704677,9.61599532e-05
gp,cv5,4,sobol-0178,0.996856983,0.255462147,1.5,K_star,0.00645455797,0.00646222087,0.000113811304
gp,cv5,4,sobol-0180,0.425511369,0.227974538,0.84375,K_star,0.00796676262,0.00795317003,0.00012396413
gp,cv5,4,sobol-0182,0.676725212,0.34167417,0.96875,K_star,0.00320737194,0.00319263807,3.86892283e-05
gp,cv5,4,sobol-0192,0.143933088,0.260983324,1.125,K_star,0.0081272184,0.00812590135,0.000102178414
gp,cv5,4,sobol-0195,0.324768029,0.410084864,1.03125,K_star,0.00346601212,0.00346718751,4.12011176e-05
gp,cv5,4,sobol-0196,0.46421942,0.316880073,0.8125,K_star,0.00438286274,0.00437886829,5.98319725e-05
gp,cv5,4,sobol-0199,0.00457993802,0.468301742,1.40625,K_star,0.00323899327,0.00323507659,4.13356681e-05
gp,cv5,4,sobol-0209,0.514967049,0.371869137,0.96875,K_star,0.00338201733,0.00337623047,4.06687914e-05
gp,cv5,4,sobol-0211,0.257925769,0.497159337,0.875,K_star,0.00198262652,0.00198055955,3.90652682e-05
gp,cv5,4,sobol-0217,0.749964686,0.477038291,1.125,K_star,0.00167175713,0.00167367936,2.08282214e-05
gp,cv5,4,sobol-0222,0.601703976,0.271038527,1.34375,K_star,0.00734005511,0.00721259194,9.57857773e-05
gp,cv5,4,sobol-0231,0.0496288752,0.367497285,1.03125,K_star,0.00456676184,0.00456406904,5.38353776e-05
gp,cv5,4,sobol-0232,0.0836466933,0.238496489,1.40625,K_star,0.0103574557,0.0103741971,0.000146885992
gp,cv5,4,sobol-0235,0.385054425,0.39639006,0.75,K_star,0.00281348899,0.00281758283,3.80336782e-05
gp,cv5,4,sobol-0247,0.115492427,0.425259077,0.78125,K_star,0.00276395826,0.00275930906,3.66039443e-05
gp,cv5,4,pure-04,0,0.4,1,E_star,0.126383171,0.131114965,0.0107584913
gp,cv5,4,pure-06,0,0.5,1,E_star,0.207444822,0.210411414,0.0109149664
gp,cv5,4,edge-01,0.5,0.2,1.5,E_star,0.00704503502,0.00675993753,0.000420031378
gp,cv5,4,edge-04,0,0.35,0.6875,E_star,0.100690712,0.100345361,0.00609436646
gp,cv5,4,edge-05,0,0.35,1.5,E_star,0.102636097,0.0974586909,0.00590756495
gp,cv5,4,edge-10,1,0.2,1.09375,E_star,0.0307970577,0.0321692359,0.00166224639
gp,cv5,4,sobol-0003,0.3417177,0.379705568,1.46875,E_star,0.111132212,0.104572939,0.00639297937
gp,cv5,4,sobol-0005,0.768167221,0.389649241,0.875,E_star,0.105411925,0.108801529,0.00930336985
gp,cv5,4,sobol-0009,0.666016369,0.360170461,0.90625,E_star,0.078801706,0.0817450205,0.00604531783
gp,cv5,4,sobol-0015,0.224065346,0.406401078,1.125,E_star,0.130957124,0.131755115,0.0084738318
gp,cv5,4,sobol-0018,0.939314023,0.274973243,0.8125,E_star,0.0556977702,0.055722195,0.00364846193
gp,cv5,4,sobol-0022,0.634662374,0.322227236,1.125,E_star,0.0452495348,0.044849805,0.00352273946
gp,cv5,4,sobol-0030,0.618415197,0.226378068,0.9375,E_star,0.00705792687,0.0056833368,0.000797948809
gp,cv5,4,sobol-0031,0.158093187,0.498790634,1.34375,E_star,0.210066919,0.210125015,0.0176925518
gp,cv5,4,sobol-0035,0.355019773,0.485079053,0.90625,E_star,0.186320927,0.195694846,0.0153005376
gp,cv5,4,sobol-0057,0.711864681,0.402030371,1.28125,E_star,0.109903503,0.111721645,0.00818562365
gp,cv5,4,sobol-0063,0.147958237,0.374512971,1.0625,E_star,0.110263582,0.115968468,0.0106815492
gp,cv5,4,sobol-0068,0.453303281,0.229334269,0.90625,E_star,0.0104420024,0.0109398767,0.00112656905
gp,cv5,4,sobol-0072,0.102252485,0.256764628,0.875,E_star,0.0491709507,0.0495755519,0.00485180153
gp,cv5,4,sobol-0073,0.671959332,0.453151388,1.25,E_star,0.142986757,0.14448339,0.00992201096
gp,cv5,4,sobol-0074,0.859355285,0.311669092,0.96875,E_star,0.0685833282,0.0715900512,0.00527348962
gp,cv5,4,sobol-0075,0.429047341,0.414745299,1.34375,E_star,0.122437677,0.125374109,0.00851476497
gp,cv5,4,sobol-0079,0.249417429,0.463127248,1,E_star,0.174571382,0.181341871,0.0145184311
gp,cv5,4,sobol-0081,0.504033744,0.472010586,0.84375,E_star,0.142500046,0.15194374,0.0104692344
gp,cv5,4,sobol-0084,0.395251999,0.302973447,0.71875,E_star,0.0218848863,0.0308473186,0.00245559857
gp,cv5,4,sobol-0086,0.644480771,0.266673079,1,E_star,0.00924963443,0.0102709365,0.00072391942
gp,cv5,4,sobol-0087,0.0735483039,0.444415385,1.5,E_star,0.167361059,0.158253552,0.0131242983
gp,cv5,4,sobol-0093,0.934307819,0.426638108,0.90625,E_star,0.130896515,0.131503514,0.00779256403
gp,cv5,4,sobol-0098,0.915277904,0.288594746,0.875,E_star,0.0604218242,0.0629581628,0.00474778262
gp,cv5,4,sobol-0101,0.811451734,0.382083422,1,E_star,0.102483607,0.103997099,0.00899890762
gp,cv5,4,sobol-0115,0.301811871,0.478003047,1.40625,E_star,0.188500211,0.185557169,0.0178648864
gp,cv5,4,sobol-0120,0.0256648026,0.224296312,1.3125,E_star,0.037949968,0.0378739332,0.00416626987
gp,cv5,4,sobol-0124,0.330538633,0.27857645,1.03125,E_star,0.046687085,0.0492319738,0.00314609238
gp,cv5,4,sobol-0128,0.134235747,0.317929149,1.03125,E_star,0.0780939982,0.0806129362,0.00548252961
gp,cv5,4,sobol-0130,0.888897602,0.21358679,0.71875,E_star,0.0340842503,0.0338889072,0.00336415187
gp,cv5,4,sobol-0150,0.627525438,0.222229258,1.4375,E_star,0.00681873736,0.00522564192,0.000767991926
gp,cv5,4,sobol-0151,0.0880927453,0.493617092,1.09375,E_star,0.200968717,0.204435557,0.0162636861
gp,cv5,4,sobol-0153,0.724489519,0.421264481,1,E_star,0.122567111,0.125976672,0.00821400149
gp,cv5,4,sobol-0157,0.919799616,0.47594515,1.34375,E_star,0.164531239,0.161860265,0.0123748916
gp,cv5,4,sobol-0159,0.166571729,0.354995116,1.21875,E_star,0.0993333461,0.102264238,0.00789124083
gp,cv5,4,sobol-0165,0.796424733,0.40799068,1.40625,E_star,0.120274761,0.117637183,0.00970562312
gp,cv5,4,sobol-0172,0.257378457,0.246616306,1.1875,E_star,0.0403712011,0.0481209282,0.00442889079
gp,cv5,4,sobol-0176,0.245628944,0.275485021,1.15625,E_star,0.0535994115,0.0566460817,0.00387605443
gp,cv5,4,sobol-0178,0.996856983,0.255462147,1.5,E_star,0.0518336903,0.0462603747,0.00312740834
gp,cv5,4,sobol-0180,0.425511369,0.227974538,0.84375,E_star,0.0109632479,0.0112217517,0.00122141807
gp,cv5,4,sobol-0182,0.676725212,0.34167417,0.96875,E_star,0.0689798105,0.0738294071,0.00595306777
gp,cv5,4,sobol-0192,0.143933088,0.260983324,1.125,E_star,0.051263518,0.0508724745,0.00478303491
gp,cv5,4,sobol-0195,0.324768029,0.410084864,1.03125,E_star,0.127760032,0.127289227,0.00871699005
gp,cv5,4,sobol-0196,0.46421942,0.316880073,0.8125,E_star,0.0211390118,0.0196549439,0.0013303024
gp,cv5,4,sobol-0199,0.00457993802,0.468301742,1.40625,E_star,0.183755367,0.179899033,0.0108896113
gp,cv5,4,sobol-0209,0.514967049,0.371869137,0.96875,E_star,0.0504553692,0.0421466512,0.00298051014
gp,cv5,4,sobol-0211,0.257925769,0.497159337,0.875,E_star,0.202210283,0.216323764,0.0322644367
gp,cv5,4,sobol-0217,0.749964686,0.477038291,1.125,E_star,0.163385533,0.164795647,0.010330907
gp,cv5,4,sobol-0222,0.601703976,0.271038527,1.34375,E_star,0.0109832761,0.010190397,0.000684088727
gp,cv5,4,sobol-0231,0.0496288752,0.367497285,1.03125,E_star,0.106968707,0.109177565,0.00707028639
gp,cv5,4,sobol-0232,0.0836466933,0.238496489,1.40625,E_star,0.0441732683,0.0416577788,0.00374409483
gp,cv5,4,sobol-0235,0.385054425,0.39639006,0.75,E_star,0.1145961,0.120369154,0.00838923947
gp,cv5,4,sobol-0247,0.115492427,0.425259077,0.78125,E_star,0.147569478,0.149566505,0.00911665617
ensemble,cv5,4,pure-04,0,0.4,1,K_star,0.0038291398,0.00380728064,1.35106326e-05
ensemble,cv5,4,pure-06,0,0.5,1,K_star,0.00222443763,0.00224284667,7.84032945e-06
ensemble,cv5,4,edge-01,0.5,0.2,1.5,K_star,0.0132991909,0.0133615698,7.28503971e-05
ensemble,cv5,4,edge-04,0,0.35,0.6875,K_star,0.00364582061,0.00363568821,1.35774561e-05
ensemble,cv5,4,edge-05,0,0.35,1.5,K_star,0.00612840532,0.00614778076,1.28948701e-05
ensemble,cv5,4,edge-10,1,0.2,1.09375,K_star,0.00705926497,0.0070825842,1.62385973e-05
ensemble,cv5,4,sobol-0003,0.3417177,0.379705568,1.46875,K_star,0.00490733219,0.00491200724,1.81267435e-05
ensemble,cv5,4,sobol-0005,0.768167221,0.389649241,0.875,K_star,0.00229793852,0.00229917434,1.1892061e-05
ensemble,cv5,4,sobol-0009,0.666016369,0.360170461,0.90625,K_star,0.00276992932,0.00276045786,3.46939738e-05
ensemble,cv5,4,sobol-0015,0.224065346,0.406401078,1.125,K_star,0.00387924638,0.00388005893,9.75353218e-06
ensemble,cv5,4,sobol-0018,0.939314023,0.274973243,0.8125,K_star,0.00393004449,0.00392615771,1.01938117e-05
ensemble,cv5,4,sobol-0022,0.634662374,0.322227236,1.125,K_star,0.00405640728,0.00417254566,8.29304244e-05
ensemble,cv5,4,sobol-0030,0.618415197,0.226378068,0.9375,K_star,0.00774191901,0.00761986337,4.26918829e-05
ensemble,cv5,4,sobol-0031,0.158093187,0.498790634,1.34375,K_star,0.00264807335,0.0026434881,1.2447314e-05
ensemble,cv5,4,sobol-0035,0.355019773,0.485079053,0.90625,K_star,0.00205551737,0.00207519114,2.45217499e-05
ensemble,cv5,4,sobol-0057,0.711864681,0.402030371,1.28125,K_star,0.00275129246,0.00275604812,1.51657708e-05
ensemble,cv5,4,sobol-0063,0.147958237,0.374512971,1.0625,K_star,0.00446568765,0.00446452678,1.56386607e-05
ensemble,cv5,4,sobol-0068,0.453303281,0.229334269,0.90625,K_star,0.00827266781,0.00829622071,2.87513234e-05
ensemble,cv5,4,sobol-0072,0.102252485,0.256764628,0.875,K_star,0.00703014766,0.00702710262,1.4963594e-05
ensemble,cv5,4,sobol-0073,0.671959332,0.453151388,1.25,K_star,0.00200994161,0.00200187952,1.62833491e-05
ensemble,cv5,4,sobol-0074,0.859355285,0.311669092,0.96875,K_star,0.00369427701,0.00369282297,1.00082179e-05
ensemble,cv5,4,sobol-0075,0.429047341,0.414745299,1.34375,K_star,0.00359058791,0.00363104066,2.32745785e-05
ensemble,cv5,4,sobol-0079,0.249417429,0.463127248,1,K_star,0.00264618363,0.00264735919,8.49016369e-06
ensemble,cv5,4,sobol-0081,0.504033744,0.472010586,0.84375,K_star,0.00159264807,0.00156691226,2.99671455e-05
ensemble,cv5,4,sobol-0084,0.395251999,0.302973447,0.71875,K_star,0.00437054885,0.00445433613,4.5592453e-05
ensemble,cv5,4,sobol-0086,0.644480771,0.266673079,1,K_star,0.00555318283,0.00567130341,6.70555836e-05
ensemble,cv5,4,sobol-0087,0.0735483039,0.444415385,1.5,K_star,0.00378444099,0.0037754698,7.4054353e-06
ensemble,cv5,4,sobol-0093,0.934307819,0.426638108,0.90625,K_star,0.00195121426,0.00195566249,5.5794499e-06
ensemble,cv5,4,sobol-0098,0.915277904,0.288594746,0.875,K_star,0.00386142009,0.00386340882,9.28419175e-06
ensemble,cv5,4,sobol-0101,0.811451734,0.382083422,1,K_star,0.00262195285,0.00262553981,9.44658904e-06
ensemble,cv5,4,sobol-0115,0.301811871,0.478003047,1.40625,K_star,0.00289581609,0.00289276063,1.50680275e-05
ensemble,cv5,4,sobol-0120,0.0256648026,0.224296312,1.3125,K_star,0.010732385,0.0107307682,2.82368935e-05
ensemble,cv5,4,sobol-0124,0.330538633,0.27857645,1.03125,K_star,0.0067447418,0.0067469801,3.07969425e-05
ensemble,cv5,4,sobol-0128,0.134235747,0.317929149,1.03125,K_star,0.00581400754,0.00580233714,1.57403587e-05
ensemble,cv5,4,sobol-0130,0.888897602,0.21358679,0.71875,K_star,0.00494061404,0.00492670212,2.21370684e-05
ensemble,cv5,4,sobol-0150,0.627525438,0.222229258,1.4375,K_star,0.0102631545,0.00995408027,0.000150404235
ensemble,cv5,4,sobol-0151,0.0880927453,0.493617092,1.09375,K_star,0.00244470702,0.00245288516,8.11735418e-06
ensemble,cv5,4,sobol-0153,0.724489519,0.421264481,1,K_star,0.00211399559,0.00210812349,1.30114386e-05
ensemble,cv5,4,sobol-0157,0.919799616,0.47594515,1.34375,K_star,0.00192331694,0.00192275006,5.30309118e-06
ensemble,cv5,4,sobol-0159,0.166571729,0.354995116,1.21875,K_star,0.00533467435,0.00533135633,1.21635827e-05
ensemble,cv5,4,sobol-0165,0.796424733,0.40799068,1.40625,K_star,0.00284144941,0.00284330331,1.05392679e-05
ensemble,cv5,4,sobol-0172,0.257378457,0.246616306,1.1875,K_star,0.00887689189,0.00884731525,3.0005105e-05
ensemble,cv5,4,sobol-0176,0.245628944,0.275485021,1.15625,K_star,0.00758284658,0.00757311021,2.24987436e-05
ensemble,cv5,4,sobol-0178,0.996856983,0.255462147,1.5,K_star,0.00645455797,0.00644137838,3.57313506e-05
ensemble,cv5,4,sobol-0180,0.425511369,0.227974538,0.84375,K_star,0.00796676262,0.00792553392,2.50580474e-05
ensemble,cv5,4,sobol-0182,0.676725212,0.34167417,0.96875,K_star,0.00320737194,0.00321057735,3.78286276e-05
ensemble,cv5,4,sobol-0192,0.143933088,0.260983324,1.125,K_star,0.0081272184,0.00811691934,2.46533204e-05
ensemble,cv5,4,sobol-0195,0.324768029,0.410084864,1.03125,K_star,0.00346601212,0.00346091622,1.38091559e-05
ensemble,cv5,4,sobol-0196,0.46421942,0.316880073,0.8125,K_star,0.00438286274,0.00440981171,4.8345724e-05
ensemble,cv5,4,sobol-0199,0.00457993802,0.468301742,1.40625,K_star,0.00323899327,0.00321676225,1.0900499e-05
ensemble,cv5,4,sobol-0209,0.514967049,0.371869137,0.96875,K_star,0.00338201733,0.00327262105,8.3822296e-05
ensemble,cv5,4,sobol-0211,0.257925769,0.497159337,0.875,K_star,0.00198262652,0.00199943315,2.19537115e-05
ensemble,cv5,4,sobol-0217,0.749964686,0.477038291,1.125,K_star,0.00167175713,0.00166674853,1.1517306e-05
ensemble,cv5,4,sobol-0222,0.601703976,0.271038527,1.34375,K_star,0.00734005511,0.0071661373,5.98439553e-05
ensemble,cv5,4,sobol-0231,0.0496288752,0.367497285,1.03125,K_star,0.00456676184,0.00456908304,1.07585224e-05
ensemble,cv5,4,sobol-0232,0.0836466933,0.238496489,1.40625,K_star,0.0103574557,0.0103597514,3.70795045e-05
ensemble,cv5,4,sobol-0235,0.385054425,0.39639006,0.75,K_star,0.00281348899,0.00284525637,1.94088339e-05
ensemble,cv5,4,sobol-0247,0.115492427,0.425259077,0.78125,K_star,0.00276395826,0.00276087545,1.01227617e-05
ensemble,cv5,4,pure-04,0,0.4,1,E_star,0.126383171,0.130648401,0.00128051264
ensemble,cv5,4,pure-06,0,0.5,1,E_star,0.207444822,0.208437429,0.00131465175
ensemble,cv5,4,edge-01,0.5,0.2,1.5,E_star,0.00704503502,0.00719180646,0.0018102263
ensemble,cv5,4,edge-04,0,0.35,0.6875,E_star,0.100690712,0.0997056938,0.00158604364
ensemble,cv5,4,edge-05,0,0.35,1.5,E_star,0.102636097,0.10140392,0.00105068852
ensemble,cv5,4,edge-10,1,0.2,1.09375,E_star,0.0307970577,0.0311089057,0.000109356021
ensemble,cv5,4,sobol-0003,0.3417177,0.379705568,1.46875,E_star,0.111132212,0.107781301,0.00254641894
ensemble,cv5,4,sobol-0005,0.768167221,0.389649241,0.875,E_star,0.105411925,0.105151526,0.000831933748
ensemble,cv5,4,sobol-0009,0.666016369,0.360170461,0.90625,E_star,0.078801706,0.0792971738,0.00118915067
ensemble,cv5,4,sobol-0015,0.224065346,0.406401078,1.125,E_star,0.130957124,0.130190707,0.00115576456
ensemble,cv5,4,sobol-0018,0.939314023,0.274973243,0.8125,E_star,0.0556977702,0.0559989277,0.000453084392
ensemble,cv5,4,sobol-0022,0.634662374,0.322227236,1.125,E_star,0.0452495348,0.0444765424,0.00223952221
ensemble,cv5,4,sobol-0030,0.618415197,0.226378068,0.9375,E_star,0.00705792687,0.00574465547,0.00151837242
ensemble,cv5,4,sobol-0031,0.158093187,0.498790634,1.34375,E_star,0.210066919,0.210501971,0.00109994383
ensemble,cv5,4,sobol-0035,0.355019773,0.485079053,0.90625,E_star,0.186320927,0.187056506,0.00289155271
ensemble,cv5,4,sobol-0057,0.711864681,0.402030371,1.28125,E_star,0.109903503,0.110617502,0.00104358859
ensemble,cv5,4,sobol-0063,0.147958237,0.374512971,1.0625,E_star,0.110263582,0.110496519,0.00137346057
ensemble,cv5,4,sobol-0068,0.453303281,0.229334269,0.90625,E_star,0.0104420024,0.00969068743,0.00200041891
ensemble,cv5,4,sobol-0072,0.102252485,0.256764628,0.875,E_star,0.0491709507,0.0491074237,0.000661220225
ensemble,cv5,4,sobol-0073,0.671959332,0.453151388,1.25,E_star,0.142986757,0.142867173,0.00122985094
ensemble,cv5,4,sobol-0074,0.859355285,0.311669092,0.96875,E_star,0.0685833282,0.0691521257,0.000444863268
ensemble,cv5,4,sobol-0075,0.429047341,0.414745299,1.34375,E_star,0.122437677,0.123536846,0.00364514192
ensemble,cv5,4,sobol-0079,0.249417429,0.463127248,1,E_star,0.174571382,0.172441923,0.00136920739
ensemble,cv5,4,sobol-0081,0.504033744,0.472010586,0.84375,E_star,0.142500046,0.155691198,0.00450561379
ensemble,cv5,4,sobol-0084,0.395251999,0.302973447,0.71875,E_star,0.0218848863,0.0410482684,0.00224920091
ensemble,cv5,4,sobol-0086,0.644480771,0.266673079,1,E_star,0.00924963443,0.0106544888,0.00208680439
ensemble,cv5,4,sobol-0087,0.0735483039,0.444415385,1.5,E_star,0.167361059,0.167439853,0.00089248197
ensemble,cv5,4,sobol-0093,0.934307819,0.426638108,0.90625,E_star,0.130896515,0.130100056,0.000525695594
ensemble,cv5,4,sobol-0098,0.915277904,0.288594746,0.875,E_star,0.0604218242,0.0607033246,0.000318028815
ensemble,cv5,4,sobol-0101,0.811451734,0.382083422,1,E_star,0.102483607,0.101826271,0.000621155151
ensemble,cv5,4,sobol-0115,0.301811871,0.478003047,1.40625,E_star,0.188500211,0.190075699,0.00310283202
ensemble,cv5,4,sobol-0120,0.0256648026,0.224296312,1.3125,E_star,0.037949968,0.0385754269,0.000386225334
ensemble,cv5,4,sobol-0124,0.330538633,0.27857645,1.03125,E_star,0.046687085,0.0429462893,0.00264589299
ensemble,cv5,4,sobol-0128,0.134235747,0.317929149,1.03125,E_star,0.0780939982,0.0775326034,0.00108437165
ensemble,cv5,4,sobol-0130,0.888897602,0.21358679,0.71875,E_star,0.0340842503,0.0343582986,0.000539922616
ensemble,cv5,4,sobol-0150,0.627525438,0.222229258,1.4375,E_star,0.00681873736,0.00548060649,0.00132133582
ensemble,cv5,4,sobol-0151,0.0880927453,0.493617092,1.09375,E_star,0.200968717,0.201341092,0.00135028496
ensemble,cv5,4,sobol-0153,0.724489519,0.421264481,1,E_star,0.122567111,0.121447314,0.00117192657
ensemble,cv5,4,sobol-0157,0.919799616,0.47594515,1.34375,E_star,0.164531239,0.164193943,0.000705163799
ensemble,cv5,4,sobol-0159,0.166571729,0.354995116,1.21875,E_star,0.0993333461,0.0993297213,0.00105900538
ensemble,cv5,4,sobol-0165,0.796424733,0.40799068,1.40625,E_star,0.120274761,0.119916465,0.000699418203
ensemble,cv5,4,sobol-0172,0.257378457,0.246616306,1.1875,E_star,0.0403712011,0.0415504624,0.00179014378
ensemble,cv5,4,sobol-0176,0.245628944,0.275485021,1.15625,E_star,0.0535994115,0.0551899145,0.00157828244
ensemble,cv5,4,sobol-0178,0.996856983,0.255462147,1.5,E_star,0.0518336903,0.0522519077,0.000442853858
ensemble,cv5,4,sobol-0180,0.425511369,0.227974538,0.84375,E_star,0.0109632479,0.0108654192,0.00128056461
ensemble,cv5,4,sobol-0182,0.676725212,0.34167417,0.96875,E_star,0.0689798105,0.069587443,0.00136863093
ensemble,cv5,4,sobol-0192,0.143933088,0.260983324,1.125,E_star,0.051263518,0.050505036,0.000676825826
ensemble,cv5,4,sobol-0195,0.324768029,0.410084864,1.03125,E_star,0.127760032,0.127103645,0.00204017414
ensemble,cv5,4,sobol-0196,0.46421942,0.316880073,0.8125,E_star,0.0211390118,0.02275798,0.00227860519
ensemble,cv5,4,sobol-0199,0.00457993802,0.468301742,1.40625,E_star,0.183755367,0.18413818,0.0011433209
ensemble,cv5,4,sobol-0209,0.514967049,0.371869137,0.96875,E_star,0.0504553692,0.041717858,0.00532480743
ensemble,cv5,4,sobol-0211,0.257925769,0.497159337,0.875,E_star,0.202210283,0.204349717,0.00341586897
ensemble,cv5,4,sobol-0217,0.749964686,0.477038291,1.125,E_star,0.163385533,0.162229903,0.000806597948
ensemble,cv5,4,sobol-0222,0.601703976,0.271038527,1.34375,E_star,0.0109832761,0.00933470624,0.002975531
ensemble,cv5,4,sobol-0231,0.0496288752,0.367497285,1.03125,E_star,0.106968707,0.107647494,0.00130231976
ensemble,cv5,4,sobol-0232,0.0836466933,0.238496489,1.40625,E_star,0.0441732683,0.0441011094,0.000484750493
ensemble,cv5,4,sobol-0235,0.385054425,0.39639006,0.75,E_star,0.1145961,0.113582306,0.00182384818
ensemble,cv5,4,sobol-0247,0.115492427,0.425259077,0.78125,E_star,0.147569478,0.147465682,0.00101550203
cnn,cv5,4,pure-04,0,0.4,1,K_star,0.0038291398,0.00376986854,4.58629667e-05
cnn,cv5,4,pure-06,0,0.5,1,K_star,0.00222443763,0.0021362936,3.75143579e-05
cnn,cv5,4,edge-01,0.5,0.2,1.5,K_star,0.0132991909,0.0130660601,0.000252344934
cnn,cv5,4,edge-04,0,0.35,0.6875,K_star,0.00364582061,0.00375114742,6.47354345e-05
cnn,cv5,4,edge-05,0,0.35,1.5,K_star,0.00612840532,0.00632570164,8.78857879e-05
cnn,cv5,4,edge-10,1,0.2,1.09375,K_star,0.00705926497,0.00695853633,8.83030683e-05
cnn,cv5,4,sobol-0003,0.3417177,0.379705568,1.46875,K_star,0.00490733219,0.00494848396,7.48099677e-05
cnn,cv5,4,sobol-0005,0.768167221,0.389649241,0.875,K_star,0.00229793852,0.00231601045,3.4686333e-05
cnn,cv5,4,sobol-0009,0.666016369,0.360170461,0.90625,K_star,0.00276992932,0.00277370447,5.32701501e-05
cnn,cv5,4,sobol-0015,0.224065346,0.406401078,1.125,K_star,0.00387924638,0.00387471644,5.0823473e-05
cnn,cv5,4,sobol-0018,0.939314023,0.274973243,0.8125,K_star,0.00393004449,0.00394547618,4.45358789e-05
cnn,cv5,4,sobol-0022,0.634662374,0.322227236,1.125,K_star,0.00405640728,0.00411394217,0.000123037182
cnn,cv5,4,sobol-0030,0.618415197,0.226378068,0.9375,K_star,0.00774191901,0.00751012352,0.000179251742
cnn,cv5,4,sobol-0031,0.158093187,0.498790634,1.34375,K_star,0.00264807335,0.00255972048,4.32340767e-05
cnn,cv5,4,sobol-0035,0.355019773,0.485079053,0.90625,K_star,0.00205551737,0.00201670538,3.89289621e-05
cnn,cv5,4,sobol-0057,0.711864681,0.402030371,1.28125,K_star,0.00275129246,0.00278099592,4.84216928e-05
cnn,cv5,4,sobol-0063,0.147958237,0.374512971,1.0625,K_star,0.00446568765,0.00445883491,5.26669194e-05
cnn,cv5,4,sobol-0068,0.453303281,0.229334269,0.90625,K_star,0.00827266781,0.00815625561,0.000177299263
cnn,cv5,4,sobol-0072,0.102252485,0.256764628,0.875,K_star,0.00703014766,0.00697119919,8.10148497e-05
cnn,cv5,4,sobol-0073,0.671959332,0.453151388,1.25,K_star,0.00200994161,0.00204338384,4.77216174e-05
cnn,cv5,4,sobol-0074,0.859355285,0.311669092,0.96875,K_star,0.00369427701,0.0037142995,4.39961001e-05
cnn,cv5,4,sobol-0075,0.429047341,0.414745299,1.34375,K_star,0.00359058791,0.00363093763,6.83585743e-05
cnn,cv5,4,sobol-0079,0.249417429,0.463127248,1,K_star,0.00264618363,0.0026342488,4.1283256e-05
cnn,cv5,4,sobol-0081,0.504033744,0.472010586,0.84375,K_star,0.00159264807,0.00154041366,5.0991724e-05
cnn,cv5,4,sobol-0084,0.395251999,0.302973447,0.71875,K_star,0.00437054885,0.00446017161,0.000119227539
cnn,cv5,4,sobol-0086,0.644480771,0.266673079,1,K_star,0.00555318283,0.00568246676,0.000159164984
cnn,cv5,4,sobol-0087,0.0735483039,0.444415385,1.5,K_star,0.00378444099,0.00382818387,7.5083826e-05
cnn,cv5,4,sobol-0093,0.934307819,0.426638108,0.90625,K_star,0.00195121426,0.00195106942,3.11606997e-05
cnn,cv5,4,sobol-0098,0.915277904,0.288594746,0.875,K_star,0.00386142009,0.00388479976,4.46370845e-05
cnn,cv5,4,sobol-0101,0.811451734,0.382083422,1,K_star,0.00262195285,0.00264373894,3.56849152e-05
cnn,cv5,4,sobol-0115,0.301811871,0.478003047,1.40625,K_star,0.00289581609,0.00290336989,4.77277872e-05
cnn,cv5,4,sobol-0120,0.0256648026,0.224296312,1.3125,K_star,0.010732385,0.010631181,0.000132499638
cnn,cv5,4,sobol-0124,0.330538633,0.27857645,1.03125,K_star,0.0067447418,0.00675125377,0.000111526727
cnn,cv5,4,sobol-0128,0.134235747,0.317929149,1.03125,K_star,0.00581400754,0.00581491888,7.05514815e-05
cnn,cv5,4,sobol-0130,0.888897602,0.21358679,0.71875,K_star,0.00494061404,0.00491931854,7.07450839e-05
cnn,cv5,4,sobol-0150,0.627525438,0.222229258,1.4375,K_star,0.0102631545,0.00996234105,0.000274020301
cnn,cv5,4,sobol-0151,0.0880927453,0.493617092,1.09375,K_star,0.00244470702,0.00236337672,3.85724283e-05
cnn,cv5,4,sobol-0153,0.724489519,0.421264481,1,K_star,0.00211399559,0.00213197925,4.0389891e-05
cnn,cv5,4,sobol-0157,0.919799616,0.47594515,1.34375,K_star,0.00192331694,0.00191647891,4.21959232e-05
cnn,cv5,4,sobol-0159,0.166571729,0.354995116,1.21875,K_star,0.00533467435,0.00536283938,6.51677427e-05
cnn,cv5,4,sobol-0165,0.796424733,0.40799068,1.40625,K_star,0.00284144941,0.002866649,4.91898947e-05
cnn,cv5,4,sobol-0172,0.257378457,0.246616306,1.1875,K_star,0.00887689189,0.00886481794,0.000117644682
cnn,cv5,4,sobol-0176,0.245628944,0.275485021,1.15625,K_star,0.00758284658,0.0075581138,9.7974235e-05
cnn,cv5,4,sobol-0178,0.996856983,0.255462147,1.5,K_star,0.00645455797,0.00647562083,6.52532488e-05
cnn,cv5,4,sobol-0180,0.425511369,0.227974538,0.84375,K_star,0.00796676262,0.0078950502,0.000174888928
cnn,cv5,4,sobol-0182,0.676725212,0.34167417,0.96875,K_star,0.00320737194,0.00321257223,6.48766191e-05
cnn,cv5,4,sobol-0192,0.143933088,0.260983324,1.125,K_star,0.0081272184,0.0080709668,9.59035754e-05
cnn,cv5,4,sobol-0195,0.324768029,0.410084864,1.03125,K_star,0.00346601212,0.00345386225,5.12232963e-05
cnn,cv5,4,sobol-0196,0.46421942,0.316880073,0.8125,K_star,0.00438286274,0.00440493794,0.000108538522
cnn,cv5,4,sobol-0199,0.00457993802,0.468301742,1.40625,K_star,0.00323899327,0.00324192113,5.92644036e-05
cnn,cv5,4,sobol-0209,0.514967049,0.371869137,0.96875,K_star,0.00338201733,0.00333210746,9.85554339e-05
cnn,cv5,4,sobol-0211,0.257925769,0.497159337,0.875,K_star,0.00198262652,0.00190136298,4.21261411e-05
cnn,cv5,4,sobol-0217,0.749964686,0.477038291,1.125,K_star,0.00167175713,0.0016869438,3.77938557e-05
cnn,cv5,4,sobol-0222,0.601703976,0.271038527,1.34375,K_star,0.00734005511,0.00721151201,0.000191906846
cnn,cv5,4,sobol-0231,0.0496288752,0.367497285,1.03125,K_star,0.00456676184,0.00456580477,5.29802656e-05
cnn,cv5,4,sobol-0232,0.0836466933,0.238496489,1.40625,K_star,0.0103574557,0.0103148392,0.00013212436
cnn,cv5,4,sobol-0235,0.385054425,0.39639006,0.75,K_star,0.00281348899,0.00283507016,4.64533094e-05
cnn,cv5,4,sobol-0247,0.115492427,0.425259077,0.78125,K_star,0.00276395826,0.00279891116,3.74047887e-05
cnn,cv5,4,pure-04,0,0.4,1,E_star,0.126383171,0.128843652,0.00338674355
cnn,cv5,4,pure-06,0,0.5,1,E_star,0.207444822,0.209432028,0.00335691465
cnn,cv5,4,edge-01,0.5,0.2,1.5,E_star,0.00704503502,0.0057940325,0.00162192829
cnn,cv5,4,edge-04,0,0.35,0.6875,E_star,0.100690712,0.0963004393,0.00387438285
cnn,cv5,4,edge-05,0,0.35,1.5,E_star,0.102636097,0.0964410649,0.00359414001
cnn,cv5,4,edge-10,1,0.2,1.09375,E_star,0.0307970577,0.0340778696,0.00223053553
cnn,cv5,4,sobol-0003,0.3417177,0.379705568,1.46875,E_star,0.111132212,0.10792234,0.00459855244
cnn,cv5,4,sobol-0005,0.768167221,0.389649241,0.875,E_star,0.105411925,0.105654558,0.00248104512
cnn,cv5,4,sobol-0009,0.666016369,0.360170461,0.90625,E_star,0.078801706,0.0814354035,0.00298894469
cnn,cv5,4,sobol-0015,0.224065346,0.406401078,1.125,E_star,0.130957124,0.133308832,0.00361386952
cnn,cv5,4,sobol-0018,0.939314023,0.274973243,0.8125,E_star,0.0556977702,0.0541474616,0.00206691654
cnn,cv5,4,sobol-0022,0.634662374,0.322227236,1.125,E_star,0.0452495348,0.0426590305,0.00402981125
cnn,cv5,4,sobol-0030,0.618415197,0.226378068,0.9375,E_star,0.00705792687,0.0068345011,0.00212367227
cnn,cv5,4,sobol-0031,0.158093187,0.498790634,1.34375,E_star,0.210066919,0.210930912,0.00341005866
cnn,cv5,4,sobol-0035,0.355019773,0.485079053,0.90625,E_star,0.186320927,0.188403282,0.00355656816
cnn,cv5,4,sobol-0057,0.711864681,0.402030371,1.28125,E_star,0.109903503,0.111770897,0.00268768138
cnn,cv5,4,sobol-0063,0.147958237,0.374512971,1.0625,E_star,0.110263582,0.111126498,0.00349950089
cnn,cv5,4,sobol-0068,0.453303281,0.229334269,0.90625,E_star,0.0104420024,0.0087416268,0.0020279699
cnn,cv5,4,sobol-0072,0.102252485,0.256764628,0.875,E_star,0.0491709507,0.0502792094,0.00232349319
cnn,cv5,4,sobol-0073,0.671959332,0.453151388,1.25,E_star,0.142986757,0.142872042,0.00311287132
cnn,cv5,4,sobol-0074,0.859355285,0.311669092,0.96875,E_star,0.0685833282,0.0689047123,0.0023419929
cnn,cv5,4,sobol-0075,0.429047341,0.414745299,1.34375,E_star,0.122437677,0.119123802,0.00530084079
cnn,cv5,4,sobol-0079,0.249417429,0.463127248,1,E_star,0.174571382,0.175114286,0.00345123594
cnn,cv5,4,sobol-0081,0.504033744,0.472010586,0.84375,E_star,0.142500046,0.151711451,0.00467265691
cnn,cv5,4,sobol-0084,0.395251999,0.302973447,0.71875,E_star,0.0218848863,0.0354092667,0.00402106695
cnn,cv5,4,sobol-0086,0.644480771,0.266673079,1,E_star,0.00924963443,0.0127503787,0.00329098842
cnn,cv5,4,sobol-0087,0.0735483039,0.444415385,1.5,E_star,0.167361059,0.16721556,0.00346198184
cnn,cv5,4,sobol-0093,0.934307819,0.426638108,0.90625,E_star,0.130896515,0.12957762,0.00233125407
cnn,cv5,4,sobol-0098,0.915277904,0.288594746,0.875,E_star,0.0604218242,0.0592673575,0.00218257933
cnn,cv5,4,sobol-0101,0.811451734,0.382083422,1,E_star,0.102483607,0.10272431,0.00233078353
cnn,cv5,4,sobol-0115,0.301811871,0.478003047,1.40625,E_star,0.188500211,0.189265474,0.00366047821
cnn,cv5,4,sobol-0120,0.0256648026,0.224296312,1.3125,E_star,0.037949968,0.0385348321,0.00168210878
cnn,cv5,4,sobol-0124,0.330538633,0.27857645,1.03125,E_star,0.046687085,0.0427754139,0.00315666644
cnn,cv5,4,sobol-0128,0.134235747,0.317929149,1.03125,E_star,0.0780939982,0.0781433205,0.00317252905
cnn,cv5,4,sobol-0130,0.888897602,0.21358679,0.71875,E_star,0.0340842503,0.0337879556,0.00205313707
cnn,cv5,4,sobol-0150,0.627525438,0.222229258,1.4375,E_star,0.00681873736,0.00638284144,0.00202979175
cnn,cv5,4,sobol-0151,0.0880927453,0.493617092,1.09375,E_star,0.200968717,0.204028798,0.00330009499
cnn,cv5,4,sobol-0153,0.724489519,0.421264481,1,E_star,0.122567111,0.123165835,0.00272837725
cnn,cv5,4,sobol-0157,0.919799616,0.47594515,1.34375,E_star,0.164531239,0.163912898,0.00332133191
cnn,cv5,4,sobol-0159,0.166571729,0.354995116,1.21875,E_star,0.0993333461,0.0989152332,0.00361025503
cnn,cv5,4,sobol-0165,0.796424733,0.40799068,1.40625,E_star,0.120274761,0.118721985,0.00248093047
cnn,cv5,4,sobol-0172,0.257378457,0.246616306,1.1875,E_star,0.0403712011,0.0395064051,0.0022160763
cnn,cv5,4,sobol-0176,0.245628944,0.275485021,1.15625,E_star,0.0535994115,0.0541702224,0.00278902179
cnn,cv5,4,sobol-0178,0.996856983,0.255462147,1.5,E_star,0.0518336903,0.0486138252,0.00201691708
cnn,cv5,4,sobol-0180,0.425511369,0.227974538,0.84375,E_star,0.0109632479,0.00979721362,0.00201512639
cnn,cv5,4,sobol-0182,0.676725212,0.34167417,0.96875,E_star,0.0689798105,0.0716209509,0.00306054431
cnn,cv5,4,sobol-0192,0.143933088,0.260983324,1.125,E_star,0.051263518,0.0515817941,0.00236717832
cnn,cv5,4,sobol-0195,0.324768029,0.410084864,1.03125,E_star,0.127760032,0.131454872,0.00443285744
cnn,cv5,4,sobol-0196,0.46421942,0.316880073,0.8125,E_star,0.0211390118,0.026067941,0.0048190591
cnn,cv5,4,sobol-0199,0.00457993802,0.468301742,1.40625,E_star,0.183755367,0.185556307,0.00336903463
cnn,cv5,4,sobol-0209,0.514967049,0.371869137,0.96875,E_star,0.0504553692,0.0517509925,0.00507663978
cnn,cv5,4,sobol-0211,0.257925769,0.497159337,0.875,E_star,0.202210283,0.204795396,0.00342556627
cnn,cv5,4,sobol-0217,0.749964686,0.477038291,1.125,E_star,0.163385533,0.161881427,0.00298361032
cnn,cv5,4,sobol-0222,0.601703976,0.271038527,1.34375,E_star,0.0109832761,0.0107727872,0.00323073568
cnn,cv5,4,sobol-0231,0.0496288752,0.367497285,1.03125,E_star,0.106968707,0.106192647,0.0035022212
cnn,cv5,4,sobol-0232,0.0836466933,0.238496489,1.40625,E_star,0.0441732683,0.0437756129,0.00187543436
cnn,cv5,4,sobol-0235,0.385054425,0.39639006,0.75,E_star,0.1145961,0.112597238,0.00420605326
cnn,cv5,4,sobol-0247,0.115492427,0.425259077,0.78125,E_star,0.147569478,0.146230777,0.00322565899
