w,rho,n,offset_id,C11,C12,C13,C14,C15,C16,C22,C23,C24,C25,C26,C33,C34,C35,C36,C44,C45,C46,C55,C56,C66,E_x,E_y,E_z,E_axial,G_yz,G_xz,G_xy,E_min,E_max,K_bulk,C11c,C12c,C44c,zener,cubic_dev,A_U,E_hill,eig_min,C_agreement,C_wall_time_s,C_iterations_max,loc_uniaxial_z_max,loc_uniaxial_z_p99,loc_uniaxial_z_p999,loc_uniaxial_z_mean,loc_shear_xz_max,loc_shear_xz_p99,loc_shear_xz_p999,loc_shear_xz_mean,solid_fraction,dofs,time_s,solve_s,iters,components
0.0,0.2,16,0,0.050445662297801154,0.02986637989820291,0.02984668841317994,-6.27276381379591e-05,-4.125781831707997e-05,2.5618732340391195e-06,0.05035238824967951,0.029817034233198723,2.018590899791869e-05,-7.701235069375839e-05,-4.680666225929443e-05,0.050289015226783536,-5.763010339266014e-05,-6.311194661032608e-06,-0.00012999483518259748,0.01969952451468942,1.3889621033928757e-06,-5.5928761569767854e-06,0.019708242662339264,-1.9725914410836527e-06,0.01968601542403802,0.028198284932054646,0.028148209126501914,0.02811326688742759,0.02815325364866138,0.019699281950887545,0.019708073561782634,0.019685483427114077,0.02811326688742759,0.050176197036025764,0.03668259727398608,0.05036235525808806,0.029843367514860525,0.019697927533688903,1.91997069058052,0.0029564712567705046,0.5290931686466882,0.03997506986008283,0.020501100061188646,3.910133485399949e-09,0.2531569100001434,217,33.198932351553964,32.41498512419058,32.93491850520176,10.931811013295466,16.369226847742386,14.259890433266179,16.352890891906128,8.38545803538357,0.200927734375,4113,0.2531569100001434,0.23673906500062003,217,1
0.0,0.2,16,1,0.05333078051731625,0.031072256057511342,0.031225394793907766,-9.576492485875822e-05,0.0001403575397640595,-0.0002759323468179789,0.05010958735827179,0.030658445180443288,-0.00019764212134921306,3.814698175109447e-05,0.0001956771158321114,0.0514033405361812,-0.0001471434592341238,0.00019244605058287378,0.00020110039155406845,0.019314260813806158,-1.6777692397190075e-06,0.00014759198701777706,0.01904898467271822,-8.854340484801051e-05,0.0192117755020758,0.029483444067418384,0.02731077715090165,0.028262183425848002,0.028352134881389345,0.019312259358764267,0.019047576469896306,0.019203047173926995,0.02731077715090165,0.04974696309474607,0.037820609409672225,0.05161456947058975,0.030985365343954133,0.019191673662866726,1.8606315149198795,0.019777535414744613,0.48415033032842025,0.039635325062990646,0.02001448699567624,4.016044303039393e-09,0.24970390099952056,217,34.718430158523354,30.860493560649058,34.69894051173076,11.024651331872741,19.064568519537954,16.45580099160414,19.009944021760074,8.499636943848333,0.199951171875,4101,0.24970390099952056,0.23337752499992348,217,1
0.0,0.2,16,2,0.05073870320088305,0.030767772943776906,0.030666699437960788,-2.8011697779347642e-05,4.3684338709331596e-05,7.436926914453953e-05,0.05453681649246532,0.030894530672126608,5.898493200533055e-05,-7.701162107673252e-05,8.696325879608856e-05,0.050838968309006145,-1.7089170898157725e-05,-4.254398812475654e-05,-2.0773640493835722e-05,0.018934787497355072,0.00017533290204940693,-2.132735242824497e-05,0.019337559515488188,3.3585983142864196e-05,0.01892426456388727,0.028124021424568837,0.03119640559272924,0.028087944471081868,0.02913612382945998,0.01893296811047462,0.01933549577209281,0.01892379524225415,0.028087944471081868,0.049251722592309484,0.037812732550516655,0.0520381626674515,0.0307763343512881,0.01906553719224351,1.7934052433063572,0.02372865937262458,0.43345501880859594,0.03990574929131237,0.020120329895034365,6.772232705884899e-09,0.24677126300048258,214,35.775406926801665,34.06295565658718,35.75886147778874,11.033132597782178,15.96907293666053,15.44031299561564,15.889969933806256,8.52795662167713,0.199951171875,4095,0.24677126300048258,0.23043988700010232,214,1
0.0,0.2,16,3,0.05209713752763476,0.030488147414356122,0.030989020042534843,0.00026222533693680646,2.8061890575054455e-05,-0.0005579844251788231,0.050607437527111165,0.030559407400434002,0.0005361167210327787,0.0002223844506986269,-0.0005966202555715665,0.05099634088773019,0.00038849263230689954,7.18376449490137e-05,-0.000688042485099137,0.019714211479433065,-0.0005738083499814505,-0.00023320499624189569,0.019792915489322636,0.00047354877433644323,0.01954601803623879,0.028866763475193652,0.028017750934151337,0.027848393981723354,0.02824430279702278,0.019689053168291983,0.019763488341718934,0.019521792424331913,0.027848393981723354,0.052804288340455106,0.03749252910036276,0.05123363864749204,0.030678858285774987,0.0196843816683315,1.915309365698049,0.027034871952200005,0.5308336619799938,0.040077888494930616,0.020193823409841046,3.314556567579852e-09,0.2514047529994059,218,36.37427246523834,34.005153549403374,36.30504683332675,11.014561267102248,17.071541930748996,15.1450531769715,16.895900534453915,8.38927048739876,0.199951171875,4113,0.2514047529994059,0.23477519000061875,218,1
0.0,0.2,24,0,0.05194670817950701,0.03189115436723924,0.031887615992261226,2.6566356490059565e-05,4.0356848355500396e-05,-9.98348262980757e-06,0.052023362113429644,0.031900961408770044,3.2073349721352703e-06,2.2603823631941515e-05,1.930245476412237e-07,0.051946589687752766,-1.8369370524148808e-05,3.48639174079859e-05,2.8803538181835924e-05,0.021118513126517725,-4.668093176392092e-06,3.6248941457613924e-05,0.021128626845874236,-1.9127614087678844e-06,0.02112231002423967,0.02770099437592063,0.02775264704249277,0.027690599663198014,0.027714747027203807,0.02111839900459313,0.02112858983575996,0.021122206119184462,0.027690599663198014,0.0536693395822789,0.03858615600195843,0.051972219993563135,0.03189324392275684,0.021123149998877207,2.1040066908181716,0.001363961642355566,0.6951726399424984,0.0414076105386619,0.02005807397500301,4.9232720383111235e-09,0.8346106839999266,259,39.11466153076406,36.11127764535071,37.12875124622459,11.419689430547153,15.354137393246466,15.014509451659029,15.278095930905637,8.249601024745877,0.20008680555555555,11958,0.8346106839999266,0.783031519999895,259,1
0.0,0.2,24,1,0.05096911189665598,0.031175012311469495,0.03134696814640663,-2.7431132335246635e-05,5.94787937014918e-05,3.0008596568452217e-06,0.05076281532250958,0.031157518391633048,0.00012148129391471483,0.000122262829215692,6.0241482124622555e-05,0.05086853435255266,0.00015993104523511753,4.603333523655211e-05,0.00010085272867622987,0.01913301989118621,7.110771544260672e-05,3.6450108476282175e-05,0.019272969980777818,0.0001639128053384657,0.019149427765383913,0.027124393586969314,0.027147588520387254,0.02705695521601361,0.027109645774456723,0.019131503470865546,0.019270986589026776,0.019147643932800787,0.02705695521601361,0.04977642585668326,0.03777197865393027,0.05086682052390607,0.031226499616503055,0.019185139212449315,1.9536482426025807,0.006141091168105502,0.5590715239297239,0.038948722137967164,0.01956707331838047,3.1492399543660807e-09,0.8788837169995531,307,43.49242896307416,34.8059174726818,43.26925250287706,11.503751113179952,18.258442368439205,17.67354323176738,18.107387316144017,8.533525962269984,0.2000144675925926,11895,0.8788837169995531,0.8282957970004645,307,1
0.0,0.2,24,2,0.05309006434196729,0.03146229086618156,0.03142551457620277,4.768516605317464e-05,-5.765141564113237e-05,-0.00038724908845476927,0.05249675045759329,0.031395949249495424,-0.000189688489317307,7.728435335917822e-05,-0.00015779066822690365,0.0519937033945483,-4.625636508340342e-05,0.000164283079368381,-0.00042512508872406997,0.019698820800476437,-0.0004289837295276928,9.733781728352607e-05,0.01968967712783027,-0.00022105971434312416,0.019627483330808885,0.029444106885956837,0.028963028778680535,0.028569103435086257,0.028992079699907875,0.019687612584415235,0.019676650916588823,0.019619854461605208,0.028569103435086257,0.051842882475521095,0.03845162615567379,0.0525268393980363,0.03142791823062659,0.019671993753038533,1.8647393008344648,0.015079813869754087,0.48379437709855466,0.040564170464704896,0.020814655967490044,5.148038509558158e-09,0.7748745980006788,294,42.56510440182595,34.70509089068406,40.16656709780031,11.191290648563168,19.181961142279736,16.326990762500696,18.406273689426982,8.49524095505765,0.2000144675925926,11895,0.7748745980006788,0.726298649000455,294,1
0.0,0.2,24,3,0.051559602633267,0.031484870007793,0.03156701472479422,0.00010914269474015602,-7.695027870359232e-05,4.378211277393948e-05,0.05146591856675218,0.03150041777915467,0.00015535741949707817,-3.993016969316848e-05,0.00015416345711142108,0.05129437543139881,0.0001542134588330072,-8.392412012170369e-05,0.0002590210725786837,0.01984026061989826,0.00023399256556209987,-1.832291807603432e-06,0.019946084145268297,0.00026243543349129716,0.01985507663056693,0.027574811979821895,0.027565129982659826,0.027330877815470483,0.0274902732593174,0.019836927879272992,0.019939667831440626,0.01984983589032796,0.027330877815470483,0.051701936725280326,0.03815569006809499,0.051439965543806,0.03151743417058062,0.019880473798577828,1.9957778884761541,0.009626854301997929,0.5970894839650747,0.03993672350202998,0.019814553079174638,6.768877821004573e-09,0.8448434299998553,308,40.074497648321795,35.31168163593919,39.04085003544366,11.467895418261001,18.383848453867742,16.24769376995323,17.738916039740584,8.43167133198439,0.2000144675925926,11913,0.8448434299998553,0.8004920610001136,308,1
0.0,0.2,32,0,0.051642321468433595,0.03168993532422131,0.03168993532422107,2.2449538280685492e-05,6.9918147910225e-06,1.682651641726602e-06,0.051642321468433595,0.031689935324220986,1.6826516417856726e-06,2.24495382806838e-05,6.99181479097039e-06,0.051642321468433,6.9918147910049785e-06,1.6826516417878415e-06,2.2449538280738702e-05,0.019640044704012913,6.460796447666119e-06,6.4607964476591445e-06,0.019640044704013027,6.460796447667876e-06,0.019640044704012885,0.02753993855005126,0.02753993855005134,0.027539938550051084,0.027539938550051227,0.019640025975795318,0.019640025975795432,0.019640025975795287,0.027539938550051084,0.05037836912318841,0.038340714275473226,0.0516423214684334,0.03168993532422112,0.019640044704012944,1.9686913196304654,0.0006412160759927527,0.5719771062420715,0.039726053029395886,0.019952349985858812,1.8244836412309308e-09,2.163169926000137,331,41.888355499078074,34.92752653399028,41.190177986309926,11.541879197864587,18.590216963235978,17.36126685858713,18.252277042447368,8.525646473551518,0.200103759765625,26058,2.163169926000137,2.024664496999776,331,1
0.0,0.2,32,1,0.0525442621118151,0.031870685565640725,0.03180224674626856,-3.777537160221378e-05,-2.2510860739735023e-06,0.0001947512787176794,0.05241227398312658,0.03180463444772915,-2.612621098473933e-05,0.00013832462808387977,0.00014348613734391284,0.05272655635982897,2.8029833773974117e-05,8.141246863253229e-05,0.00038715176748511725,0.019822439500225577,0.0002027503387526087,6.699320803820525e-05,0.019872190831168843,-1.1476959173332943e-05,0.019911428199077156,0.028517571001556122,0.028401819029954246,0.028740203115008446,0.02855319771550627,0.019820025713605676,0.01986948888359532,0.019908108703380088,0.028401819029954246,0.05150348598030549,0.038734218019410405,0.05256103081825689,0.031825855586546145,0.019868686176823858,1.9164232715466278,0.008517166141998546,0.5266168870766252,0.04056643946376417,0.02060018832077531,8.150989452584715e-09,1.8020214959997247,242,47.69181164647267,35.84736249718185,42.03103350708105,11.262172388953912,19.650685875398135,16.649367661696015,18.618320896454485,8.487217851450309,0.20001220703125,25986,1.8020214959997247,1.6714952060001451,242,1
0.0,0.2,32,2,0.05282419932232628,0.031786818917878205,0.03177535056931988,-0.00013475819973129003,0.00016833017619508541,-0.000129165704126855,0.051897402455530824,0.03172647521845592,-6.945517227526972e-05,0.0001009318197197376,-0.00013037765580248858,0.05218219349578318,-0.00010057219167779066,0.00014921735139887616,-8.747633130216379e-05,0.020003647472973306,-0.00020022249943683993,0.00016741577737741764,0.020056168214167846,-0.00017422170312053978,0.020016870052591295,0.02870762465443009,0.027964271925958087,0.028219084588346724,0.028296993722911633,0.01999992310936634,0.020052074269003507,0.020013591614960594,0.027964271925958087,0.05227585918642683,0.03860418309310933,0.052301265091213425,0.03176288156855133,0.020025561913244148,1.9500621254976471,0.009686019030653583,0.556580868711773,0.0405807738338892,0.020295751521630344,5.579748919375549e-09,2.047186351000164,257,44.819382695310296,35.69879304083736,42.64979336069361,11.38996249338574,19.62374850242242,16.99424657161472,18.822556485120675,8.456569786076834,0.20001220703125,26034,2.047186351000164,1.9058988619999582,257,1
0.0,0.2,32,3,0.0519693772806027,0.031735338409115285,0.031756568666745456,-6.903803929429275e-05,2.1979670344527758e-05,0.00010417480737328233,0.05203352575326421,0.03176852867501111,-5.5905880651165436e-05,-8.457210529732559e-06,0.00020411677375352263,0.05210309046145126,-2.7595453303033093e-05,3.366029441357386e-05,0.0001714137051781254,0.019762503598077494,0.00016893351561932202,3.3205745331995623e-05,0.019685868499594913,-4.910756705806697e-05,0.019787719472097464,0.02792715440195319,0.027969185424850503,0.02800690783070416,0.02796774921916928,0.019760884709600194,0.019684248094179787,0.019786619741206105,0.02792715440195319,0.05100564771551575,0.03851258245061473,0.05203533116510606,0.03175347858362395,0.019745363856589957,1.9470966744544842,0.005907765569826711,0.5530797400032608,0.04009134568443037,0.020261688979824586,8.392557724572936e-09,1.887788566999916,251,45.379361680417446,36.11494595519166,39.66550926602391,11.449004915532468,19.596659309043403,17.1800645623421,18.274300388284537,8.507201386961574,0.20001220703125,25992,1.887788566999916,1.777422764000221,251,1
0.0,0.2,40,0,0.052189391117732534,0.032003460848378545,0.032009336281777497,3.0088840261667727e-05,2.4180907279422024e-05,6.092648867804691e-06,0.05218943046722115,0.0320093677066875,1.2597556668636645e-05,3.0234052238489747e-05,1.7493357664013827e-05,0.052228778534913534,2.5972784991528104e-05,1.4869439059280103e-05,4.289857377677876e-06,0.019818726342261096,1.4536886354397895e-05,2.4896778602667068e-05,0.01981870548466962,2.463385993849959e-05,0.01982616028103227,0.02786194300449453,0.027861933436392407,0.027889451097135663,0.027871109179340867,0.019818662668924982,0.01981864459276227,0.019826091147926623,0.027861933436392407,0.050934369582327846,0.038739038184608145,0.052202533373289076,0.03200738827894785,0.019821197369320996,1.9629665720871685,0.0012130324593909458,0.5668916256898786,0.04013932071270226,0.02018592557974244,1.8222510114985015e-09,5.311582040999838,411,42.36744840926251,36.65531875807494,41.52936871078213,11.49632441734841,20.298654737463398,17.18996712501363,19.81163665424173,8.499805111935169,0.20009375,48342,5.311582040999838,5.032287160999658,411,1
0.0,0.2,40,1,0.05279277073281783,0.03200661605672531,0.0320012613842415,-0.00010018653077667625,-9.917454840969691e-05,-2.4518063205004268e-05,0.05260562494114727,0.031971147697661254,-8.986068661680707e-05,-0.00010330724982745788,-5.1362205700403495e-05,0.05269090665924063,-1.3597683795328827e-05,-4.817528976350085e-05,1.3262468475375228e-06,0.020033192238751548,-6.0367802838764896e-05,-7.546174441056238e-05,0.020017167306994543,-5.8706425888457133e-05,0.020021878631092168,0.028584018646806205,0.02845493963341825,0.028533656395835844,0.028524204892020105,0.020032387442004983,0.020016538957092978,0.020021336007887927,0.02845493963341825,0.05147512972030991,0.038893408369229956,0.052696434111068585,0.031993008379542685,0.02002407939227942,1.9343735333411987,0.0039397116586938515,0.5417481879779142,0.04073255927904521,0.02066484488033352,1.1727862585642512e-08,4.180910195000251,296,44.40489319931443,36.45756089395135,42.547645683134895,11.365828312587595,21.75451448130672,17.087022892652733,19.19252370432795,8.474306148196995,0.2,48228,4.180910195000251,3.886205384999812,296,1
0.0,0.2,40,2,0.052363858054629966,0.03195923050841847,0.031965008552534195,-2.42005931177616e-05,6.969510007789636e-06,-8.850784670977571e-05,0.05269940406472801,0.03200794827516825,-7.437502633126196e-05,-5.758350421141301e-05,-1.8133108310237983e-05,0.05275686986615648,-2.7524778102094637e-05,-1.821849238609201e-05,-0.0001711744196133804,0.019962612394633206,-8.619409397815189e-05,1.8844123364159038e-05,0.019991614528549462,-8.745926177623258e-06,0.02000714777680213,0.02825179087946102,0.028493981155527436,0.02853701235022422,0.028427594795070895,0.01996210052016267,0.019991121595879017,0.020006339572861673,0.02825179087946102,0.0514336492007005,0.03885267502107418,0.05260671066183815,0.031977395778706966,0.01998712489999493,1.9377400571202317,0.004278583933966761,0.5448161210240343,0.040635797595058344,0.020536885359086137,1.0644412880613611e-08,4.295119210999928,297,43.94890971004278,36.39295189085737,42.33582712841263,11.357201503735505,20.796916844329235,16.873295609957925,19.414147175893387,8.480193721164115,0.2,48270,4.295119210999928,3.9820531109999138,297,1
0.0,0.2,40,3,0.052536948238222435,0.031964904708302565,0.03193897763093782,6.386611221073699e-05,3.167621024357406e-05,-0.00011180707902134697,0.05280077217730938,0.03198772487982246,-1.424000718507546e-05,-1.920380766007836e-05,-6.840868701102447e-05,0.05268372287907712,8.864538684006675e-05,3.6752581895193126e-05,-6.0059599523252354e-05,0.01995681907003635,-0.00010933786747029361,3.2969944707618505e-05,0.02001877050651868,5.383961739643413e-05,0.019999525177794405,0.02843828619988803,0.028613677087115548,0.028540376577178287,0.028530779954727286,0.019955831316731832,0.02001792396043469,0.019999084008662404,0.02843828619988803,0.05146892294512262,0.03886647730976767,0.05267381443153631,0.03196386907302095,0.019991704918116478,1.9306381134314712,0.004048378810664788,0.5384984913628603,0.040698905770336226,0.020661276016783452,6.728547941046675e-09,4.14712498300014,296,45.647540587471056,35.96270095259228,42.22765041603473,11.35005844418683,20.792744951051212,16.969946265741317,19.42172827522852,8.478843586535852,0.2,48234,4.14712498300014,3.829936575999909,296,1
0.0,0.2,48,0,0.05320998314915571,0.03219305059098332,0.032192190900226104,-5.209273682178724e-06,5.994914010849375e-06,3.7378245098346835e-06,0.05322291862598935,0.03219243606267356,1.554877941059672e-06,4.620487055694578e-07,2.7071264087181217e-06,0.05321071258869978,3.2867881204086275e-06,6.3378246940615155e-06,-5.636507404057765e-06,0.02009445941229093,2.9173680046281035e-06,7.025188920654912e-06,0.02009542003003083,3.1952429978773096e-06,0.020094261212773527,0.028941768535513272,0.02895261444445277,0.028943031169652845,0.02894580471653963,0.02009445461344843,0.020095417599664222,0.020094255731392698,0.028941768535513272,0.051508914321166784,0.039199883980244134,0.053214538121281615,0.03219255918462766,0.02009471355169843,1.911781342018306,0.0002610656057730076,0.5218255575960464,0.041068166545675244,0.02101810717067341,2.2371697683153185e-09,13.125768375000007,490,46.83794369899583,35.85802176832152,44.02917289909368,11.303826498598667,22.4347806010897,17.11840883603664,21.2397412772232,8.473761603065663,0.19996925636574073,80517,13.125768375000007,12.632940970999698,490,1
0.0,0.2,48,1,0.05280594553111404,0.0320965841928291,0.032085679473039086,5.347250825019735e-05,-3.784909819319444e-05,-1.771960196484732e-05,0.053115149677822666,0.03210141165362037,-5.0649065602251774e-06,-3.860752705518339e-05,-3.281605908314807e-05,0.05305205281471331,0.00011859169078188725,-1.1712744844958749e-05,-3.0500289585507733e-05,0.019985808729790742,-4.1373742517321844e-05,-1.3748682614899108e-05,0.02007318892399545,6.248458394330099e-05,0.020059079642333274,0.028626997720130342,0.028875446915556904,0.028832371237057265,0.028778271957581505,0.019985269839372478,0.02007286419355567,0.02005885103141949,0.028626997720130342,0.051593427812906906,0.03905951181472125,0.05299104934121668,0.03209455843982952,0.020039359098706487,1.9179640441330008,0.0032646201872472778,0.5273831725523319,0.04090372489561447,0.020809747847470625,8.091165364077335e-09,8.76694079500021,332,44.35432533360864,36.10413344133193,42.36413693301712,11.321726415636205,21.142136634255387,17.123157028392008,19.5435163830879,8.480806203273938,0.19999638310185186,80448,8.76694079500021,8.293754097000146,332,1
0.0,0.2,48,2,0.05269483809231028,0.032059062894973143,0.032118261972478905,3.215395315543209e-05,2.2341948040686104e-05,-4.872713069530152e-05,0.0526472530651495,0.032115372906086126,-8.126874460210679e-07,7.443497020576954e-05,3.103932691524785e-06,0.05269122392039511,3.2705358897460056e-05,4.76925008861931e-05,1.146801232685176e-05,0.02001777106330027,-2.3911940553478917e-05,4.096178679528172e-05,0.02001418526441242,1.2151240953483121e-05,0.02001300377121004,0.028405231716301067,0.02836747181375901,0.02834348884938358,0.02837206412648122,0.020017611050482973,0.02001402393604507,0.020012805894019402,0.02834348884938358,0.05137093190968179,0.03895746036220261,0.052677771692618294,0.032097565924512725,0.02001498669964091,1.9450715823900446,0.0019944057720200177,0.5510808985235416,0.04064449997542481,0.02054611498942544,3.566731960323191e-09,9.26693358500006,342,47.415139509095724,35.928999731660554,42.66711318614106,11.450653228193008,24.54428930043967,17.11930501245669,19.781453082232357,8.482046379293084,0.19999638310185186,80406,9.26693358500006,8.794157252000332,342,1
0.0,0.2,48,3,0.05289798199228135,0.032142287437172706,0.0321108248724102,9.450181059118242e-06,-3.7212255127451516e-05,-0.00010022199374638688,0.05290559932805098,0.032120909016541306,8.786024772677464e-06,1.1069980958318443e-05,-2.8664775511898648e-05,0.05279159067640791,3.694766711891795e-05,-2.4606205863303875e-06,-9.461160373851153e-05,0.020162777200753542,-9.443463275661797e-05,-4.0389579883652546e-05,0.02016974131552754,3.409060314508583e-05,0.02016122243997388,0.028603962933282136,0.028600063734974628,0.02853510025489908,0.02857970897438528,0.020162221357181136,0.020169180189501344,0.020160790097028283,0.02853510025489908,0.05193055527375511,0.03903777081660437,0.052865057332246744,0.032124673775374736,0.02016458031875165,1.944475160110568,0.0031615195353322484,0.5505985182331798,0.04092700300849697,0.02072073653230794,1.3449205433541249e-08,9.836069943999973,353,47.73395955214657,35.95371209418845,41.59614079770185,11.406658162246135,21.726149791908476,17.110006444709725,19.412781718945272,8.457882072251211,0.19999638310185186,80466,9.836069943999973,9.458697705999839,353,1
0.0,0.2,64,0,0.053129917514672144,0.032259567737707245,0.032258964255731666,-5.714247067509435e-07,-1.545500364392758e-06,-2.87709439191169e-08,0.05313279556520225,0.03225848092987206,-3.281851829413549e-07,-1.1315882915609657e-06,-1.0067377136345466e-06,0.05312869725482458,-7.109620923017675e-07,-2.8406199620440123e-07,-6.327707215032361e-07,0.020181705433416925,-6.972861947432152e-07,-1.3094219014551822e-06,0.020182117300560038,-5.630811307368002e-07,0.020182240306528078,0.028755408482418726,0.02875837896092326,0.02875549375154304,0.02875642706496168,0.020181705313421807,0.02018211719629079,0.020182240174638013,0.028755408482418726,0.051683380393463,0.03921615943897454,0.053130470111566325,0.032259004307770324,0.02018202101350168,1.933934224191487,5.308303566971409e-05,0.5412179054058655,0.04105944136974309,0.020870309781562173,5.791866492389591e-09,42.01661234700032,618,45.532792141021915,36.1911043791505,41.68789643028163,11.381770858699577,20.787715135095628,17.345341413548848,19.247518998389143,8.465011284519619,0.20002365112304688,182061,42.01661234700032,40.74470540600032,618,1
0.0,0.2,64,1,0.05309616223959901,0.032265180584792726,0.03226961263180387,6.29776816474102e-06,-2.829280501858273e-05,4.383069203166217e-05,0.05314736839213895,0.03227245176072722,1.9951436089422348e-05,5.869357755089282e-06,2.8214277753024063e-05,0.05322211381081276,-2.9477503738072647e-05,-1.2671894781332505e-05,6.936359306338842e-05,0.020280604849095666,5.4954720130764186e-05,-1.900494884595585e-05,0.020279296612886893,9.000562894929922e-06,0.020273981604019668,0.028728706795234458,0.028769596778951967,0.02882899797477737,0.02877576718298793,0.020280375910163774,0.02027911216608735,0.020273862004761705,0.028728706795234458,0.05203228822302886,0.03923096201873873,0.05315521481418357,0.03226908165910794,0.020277961022000742,1.94176307040089,0.0019557932323065524,0.5481557040519167,0.041174435364648765,0.020853724407279693,7.210783083933063e-09,43.628928908000034,642,46.925196685636536,36.17425783731116,42.1286348409222,11.36158944000175,22.802380484142773,17.225095514988585,19.870556099148217,8.450969085219104,0.20000076293945312,182211,43.628928908000034,42.421806648000256,642,1
0.0,0.2,64,2,0.05319235562877824,0.03229301123047946,0.032262770448334886,-8.577374848574165e-05,-1.0325824117684738e-05,7.726877241975127e-05,0.0532977612359872,0.03227577210951011,-6.379589909288274e-05,4.225630967856595e-05,7.223181844652241e-05,0.05311192844998594,-5.200164664822981e-05,2.8967309786556852e-05,6.316233996246434e-05,0.020238645848969488,7.063501972143972e-05,6.666864890271561e-06,0.02022672930636019,-6.920877172304566e-05,0.02023512471808142,0.028815556011150503,0.02889251888947796,0.028764702692275265,0.028824259197634573,0.02023825367039854,0.020226163863935227,0.02023475242265699,0.028764702692275265,0.05208207504390575,0.03925106674392536,0.053200681771583797,0.03227718459610815,0.0202334999578037,1.9340457083359193,0.0033859822178039013,0.5414072998362833,0.04115518915698745,0.020886741787714238,4.02018701732564e-09,31.533430124000006,465,49.27016052574033,35.589868552769474,42.81258005763681,11.390111655028997,22.759965223918467,17.271878035876075,19.75607973281622,8.460305577082359,0.1999969482421875,182196,31.533430124000006,30.368117517999963,465,1
0.0,0.2,64,3,0.053196642024245455,0.03226478913800702,0.03226207731741311,5.083709077152799e-05,-2.471483189714296e-06,-2.6977771821463646e-06,0.05322724736076946,0.032265171032563524,-1.0033803961485076e-06,-6.555612587220371e-05,7.495833710199383e-06,0.05317490331041374,-1.602742697128496e-05,-1.8606878220977455e-05,-4.217145177202096e-05,0.02016891063301824,1.1370386102237856e-05,-6.369061893801408e-06,0.02016938675008813,-1.1306796452551229e-05,0.02016609526610275,0.028837588992803715,0.02886062549010111,0.02881860771181494,0.028838940731573254,0.02016878140963855,0.02016925033647471,0.020166017191828395,0.02881860771181494,0.05170110684649304,0.03924247734597309,0.053199597565142885,0.032264012495994546,0.02016813088306971,1.9266842380049285,0.0014481012799621071,0.534891846689117,0.041092335268460435,0.020921739018680097,7.318270274062214e-09,40.89601059100005,627,48.719884417106385,36.212586398649776,42.64212040082682,11.369109682385478,23.486396548707955,17.31583081918609,19.86786082617397,8.469121769190373,0.20000076293945312,182139,40.89601059100005,39.74405572800015,627,1
0.0,0.35,16,0,0.12969733141829454,0.06130866285015515,0.06127866564232513,-0.00028317628661299414,-0.0001735476679322966,-0.00024914981187034596,0.12975397421496124,0.06129347190866239,-1.079118106212459e-05,-0.0005140827427944422,-0.00023316963605470178,0.12968088208810338,-2.7680834092595466e-06,-0.00023494945004919724,-0.00045860634930641476,0.0511330677825858,-0.0003010630607846309,-0.00031183798699658703,0.05113763514775012,-4.693094082462019e-05,0.05115931570434484,0.09035855024598026,0.09039543353012318,0.09035632384066199,0.0903701025389218,0.05112853041662624,0.051133729433497345,0.05115573188246087,0.09035632384066199,0.1287895327713665,0.08409531936664023,0.12971072924045304,0.06129360013371422,0.05114333954489359,1.4950448875194375,0.006603462576353052,0.19701193482322754,0.11137078181631198,0.06840496768023734,2.8069954931860705e-09,0.3110720080003375,165,16.89337340521146,15.866306559154236,16.851637075193423,4.637732351842615,7.154527544289198,6.822349132368021,7.052592537175004,4.080365446229521,0.349365234375,6153,0.3110720080003375,0.27884235400051693,165,1
0.0,0.35,16,1,0.1320886998221996,0.06250609097181162,0.0616314112255964,0.000960354051090028,0.0007165918366930095,-0.0012221236391110671,0.13136559360853037,0.06145622946356264,0.0007763057333835403,0.000365695316968326,-0.0014915163815207779,0.130627090844259,0.0005571831394682714,0.0015362574929289946,-0.00052995558493314,0.05340222952182506,-0.0008436904485546546,0.0013331404342804196,0.053391775728403784,0.0007749405525780713,0.053436317142854094,0.09203781452749304,0.09153101037026906,0.09159759096018147,0.09172213861931452,0.05334622708870264,0.05334687777169516,0.053369792365845534,0.09153101037026906,0.13542063212534983,0.08497595304835277,0.13136046142499633,0.06186457722032355,0.05341010746436097,1.5370725353191428,0.02392801761154806,0.2291062313019987,0.11462353237533254,0.06918634482388496,3.518006469625004e-09,0.24109982499976468,117,16.698011121312287,14.825227648310854,16.60237210103704,4.597912933750003,8.112133693240185,6.72571904678414,7.960370400270991,4.031784933658392,0.35009765625,6144,0.24109982499976468,0.21061091799947462,117,1
0.0,0.35,16,2,0.1313756624396805,0.062491304901552365,0.0611486711915675,-0.00016539744208900407,-8.070797327827196e-06,-0.0008957224726779444,0.13874910101002622,0.062393223958275165,0.0004904559456819218,-0.00027216102009485605,-0.0011252452539193653,0.13392739845231993,0.00011234981625614677,-0.000545614209198675,-0.0005856464888923851,0.05366620367923231,-0.0009056266802113393,-0.0003989448678377509,0.05359346599255792,0.00024268877219438032,0.05359332548288758,0.09290852131867554,0.0984928209832127,0.09528665416595508,0.09556266548928109,0.05364489410841313,0.05357432566050624,0.053578758867525854,0.09290852131867554,0.1364568375992519,0.08616007299631934,0.1346840539673422,0.06201106668379834,0.053617665051559266,1.4755872038770723,0.021305619084043027,0.18773077202803456,0.11686470946359337,0.07122507175368416,3.999891630926944e-09,0.21462132399938127,117,15.64263618385086,14.512810073102893,15.489048057076737,4.484530389048911,6.925791978526608,6.525099603094793,6.880733460447732,4.035213198838799,0.35009765625,6132,0.21462132399938127,0.18762451699967642,117,1
0.0,0.35,16,3,0.13467554536553017,0.06183489232155699,0.06302526630610547,0.00017448659576545087,0.00010438617377299461,-0.0009007104153759024,0.13332001915094338,0.061912142350436426,0.00023093780321263617,-0.00030526475381238596,-0.0012848638721918426,0.13560225963930844,0.00036264030245448264,0.00026354672153245317,-0.000979448128286504,0.05391036537396543,-0.0012487551539456159,0.0003542119152543467,0.05467125638459185,0.00021662317257029404,0.054080722568655315,0.09497823359105645,0.09466946748951452,0.09574069758671684,0.09512946622242927,0.05387838201515624,0.05463900799524537,0.054063336551995606,0.09466946748951452,0.13711878551758405,0.08631738913578685,0.13453260805192732,0.06225743365936629,0.05422078144240419,1.500398495004805,0.017554421068223924,0.20230769236465562,0.11735010878546867,0.07199669345225802,2.0370754700054756e-09,0.2287983300002452,116,15.57155609921359,14.825586489609535,15.516569886421863,4.466826550026193,6.9482601371152395,6.473940467280515,6.904889702483861,3.9916108760477744,0.35009765625,6150,0.2287983300002452,0.19887425099932443,116,1
0.0,0.35,24,0,0.1391473072264228,0.06362458685807598,0.0636494225054753,-1.1942123850848826e-05,-0.00012700778908895187,4.814410425780096e-05,0.13920437470360766,0.06362195705949368,-7.96695252047838e-05,-5.291918029424572e-05,-7.456092521404782e-05,0.13915159894870827,-0.00012415122003428972,-2.2633476532685336e-05,5.2726596808250636e-05,0.055636774931987085,5.320648043759601e-06,-9.340241139783587e-05,0.0556571882916533,-8.121293547607004e-05,0.0556520255596231,0.09920943241693023,0.09928360226439185,0.09921551129912173,0.09923618199348128,0.05563647485945642,0.055656941654858745,0.055651611515030085,0.09920943241693023,0.13847449910126455,0.08881040230424968,0.13916776029291292,0.06363198880768166,0.05564866292775449,1.4734386591559445,0.0016730094792595587,0.18257239730509411,0.12124577474686607,0.07549925992758372,2.4137482202929334e-09,1.1946894550001161,232,16.072839139078855,14.747431762354735,16.011593849971177,4.450892156697926,7.337572640834748,6.485931179433124,6.898649109700907,3.9969007766561058,0.3506944444444444,18636,1.1946894550001161,1.1085982919994422,232,1
0.0,0.35,24,1,0.13175625310279573,0.06315260020995071,0.06278194628076078,8.98629670410407e-05,0.0002020894409827578,-9.811385133973321e-05,0.1384267371901099,0.06337361251610817,0.0003006156007642086,0.00013321701304586006,-0.00022909486222459736,0.13339110687606112,9.970022241815641e-05,0.00011288715054464902,-4.370297859846308e-05,0.05398102814487345,-0.00012791743587040294,0.00011054154658823568,0.05399514399173122,0.0001424829172830953,0.054152626826126746,0.09195414824047189,0.0974506622768875,0.09323425674771914,0.09421302242169284,0.05397981497485634,0.05399413992397615,0.05415160288451642,0.09195414824047189,0.13461405295015175,0.08686535431126573,0.13452469905632225,0.06310271966893988,0.05404293298757714,1.5133417878117368,0.015143167927951753,0.21161397820692152,0.11678794843497367,0.0697494682706482,1.725304240813946e-09,0.851224784999431,168,17.897941351100915,15.07906577615284,17.224742686466417,4.615030410863706,7.346588960117893,6.86831790314431,7.2374124473319945,4.046211179112089,0.3499710648148148,18612,0.851224784999431,0.7577916559994264,168,1
0.0,0.35,24,2,0.13358053619863738,0.06323464667707195,0.0632543825546386,-0.00032180345805671106,-0.00018207506562855345,-0.0006640903039665957,0.13386438526960015,0.06325839503440903,-0.0005667340328678297,6.351017900489959e-05,-0.0003937814353022713,0.13344539439714853,-0.0005218957325248553,0.00023047133040304357,-0.000825618878367808,0.054753864940935586,-0.000532265386798635,3.336232402607056e-05,0.05478224630166836,-0.00043382083148445715,0.05471463576816307,0.09295189828499231,0.09320419171150844,0.09280684984056925,0.09298764661235667,0.054745666246328546,0.05477242084718306,0.054705293801806276,0.09280684984056925,0.1380305151670594,0.08669807215621193,0.13363010528846203,0.06324914142203986,0.054750249003589005,1.555825495868482,0.010340797239341797,0.2389317198239329,0.11695215577739443,0.07024174967380944,1.961470322412023e-09,0.9150417660002859,169,18.418961089662137,15.09265273538736,17.933245366264803,4.618260730304393,7.449798818920016,6.684795950670004,7.2881465296261165,4.024062255230569,0.3499710648148148,18630,0.9150417660002859,0.799766197000281,169,1
0.0,0.35,24,3,0.1358194776471962,0.06349666737033177,0.06329700215883904,7.453625853521932e-05,0.0005596574754180556,-3.7889365942359364e-05,0.13712363879520334,0.0633738567030222,-6.0509614645859105e-05,0.0004227444330223211,1.2491863615050828e-05,0.13563019913622387,5.801667013295602e-06,0.00019923793796910053,0.00024031856684224924,0.05458607417510946,0.000177898904117473,0.0005654397968009911,0.05457077675060013,2.7233516810253926e-05,0.05457270861834972,0.09557440643035867,0.09668472853678893,0.09550792168140339,0.09592235221618367,0.05457951193236255,0.054567506249060455,0.05456617276037896,0.09550792168140339,0.13704836433880657,0.08765108733584706,0.13619110519287447,0.06338917541073101,0.05457651984801977,1.4993151970377046,0.007548445273843319,0.200009662291599,0.11831493026853887,0.07242166918324518,3.3204898230315346e-09,0.8613727619995188,167,17.420039833051206,14.826029008097924,17.00297970155887,4.550552401277586,7.307373150276621,6.755270814205284,7.158913034306866,4.0271052280690585,0.3499710648148148,18624,0.8613727619995188,0.7468449219995819,167,1
0.0,0.35,32,0,0.13419680362555214,0.06391736485100073,0.06391736485100014,6.2522203472047815e-06,1.641861434493766e-06,9.886627890220284e-06,0.13419680362555184,0.0639173648510004,9.886627890329562e-06,6.252220347205469e-06,1.6418614343851372e-06,0.13419680362554948,1.6418614344780067e-06,9.88662789034441e-06,6.2522203472590145e-06,0.055032592452841485,1.3888645076609083e-06,1.3888645076707805e-06,0.05503259245284214,1.3888645076749132e-06,0.055032592452841866,0.09295361852369995,0.09295361852369942,0.09295361852369784,0.09295361852369907,0.05503259149470243,0.055032591494703076,0.05503259149470281,0.09295361852369784,0.13646286854267212,0.08734384252766611,0.13419680362555114,0.06391736485100041,0.05503259245284183,1.5661079090110774,0.0001223835451387438,0.2455603188253468,0.11733434371166485,0.07027943619956638,6.363170446668692e-10,3.1901254499998686,262,17.491154329324132,16.068868638421016,17.479958110423407,4.638889282696074,7.2801866825419905,6.810134440043359,7.275766155149849,4.023664105880607,0.350006103515625,41739,3.1901254499998686,2.9331055490001745,262,1
0.0,0.35,32,1,0.13692672304366715,0.06379008028512344,0.06399433970691945,0.0005477044776898018,-0.0001923468003945158,7.749670785904803e-05,0.13540734352756076,0.0636531785971871,0.00018313494890814322,-0.0003345526310247297,-6.876280759815838e-05,0.13513486190816476,0.00021789770511330362,1.5571471783052824e-05,-0.0001509892203100868,0.05485520269227365,-4.422984202233818e-05,-0.00016185985910552027,0.05498055406650392,0.00023268410727314695,0.05485374670596458,0.09587947517092438,0.09480516291823139,0.09439020598109504,0.09502494802341695,0.0548524469123346,0.05497833592763811,0.05485188365573827,0.09439020598109504,0.13734549680036134,0.08780997173221343,0.13582297615979755,0.06381253286307666,0.05489650115491405,1.5246816612060445,0.006526029644771417,0.2170554334971655,0.11825755033001704,0.0715674291214353,2.6740954565263114e-09,3.5157354460002352,286,19.67283025538388,15.434145037519015,17.93707771598403,4.601065388726844,8.206805350175326,6.9521576619201495,7.788942853527537,4.02320660272291,0.350006103515625,41667,3.5157354460002352,3.282896671999879,286,1
0.0,0.35,32,2,0.13553184530551077,0.0638175073068834,0.06417159917049776,0.00020287203207227034,0.00011747278520482377,-0.00025142661313236645,0.1349645408772577,0.06383336725493505,0.00017670508904883787,0.0003513332211238534,-0.00026066927811315506,0.13544154370034805,0.00012627581978997225,0.0002307064488904087,-0.00029914200373008326,0.05509501993126439,-0.00023751874061023236,0.0002306029872849669,0.05531362735185029,0.00011503316928182659,0.05508518451796942,0.09437988805097978,0.094156673683869,0.09428549147645009,0.09427401773709962,0.055092656113100755,0.05531134702279862,0.05508311742519658,0.094156673683869,0.13758741337751343,0.08772779623153483,0.13531264329437218,0.06394082457743873,0.05516461060036136,1.5458373232479554,0.005461650773501658,0.23146331323515756,0.1181752554986041,0.07130472588909507,3.481060555530674e-09,3.525318218999928,302,18.935169512281817,15.574938291252327,18.06462571832267,4.6000714184433065,7.818957633353237,6.858867765142015,7.556734886553675,4.017133612447887,0.350006103515625,41649,3.525318218999928,3.261184723000042,302,1
0.0,0.35,32,3,0.13418931938417075,0.06393598741800292,0.06349508796323705,3.0217795951024897e-05,-0.0002044053631401197,0.00041784148084724517,0.138077177053011,0.06389826814717715,0.00011047859062688965,-0.00028086609576558866,0.0002703335589123812,0.13457823301307759,9.402555606336354e-05,-4.3494435987905196e-05,0.00028512078746000604,0.054837887822852954,0.0003524251939338161,-0.00010380958364220495,0.05485667296570226,7.164652599719029e-05,0.05487885519037924,0.09363404517220458,0.09678420587262042,0.09401443634849997,0.09481089579777499,0.05483530398457992,0.05485355473616669,0.0548771674287417,0.09363404517220458,0.1370683684144061,0.08770266084090228,0.13561490981675312,0.06377644784280571,0.05485780532631149,1.5272544489108344,0.010363521495028605,0.21951454695562056,0.11809327292786725,0.07087768617256913,2.690276628095537e-09,3.3729610079999475,280,18.63843302165966,15.469614937136443,17.943623809722126,4.612715948892229,7.697672338790887,6.861145616269114,7.33024681824994,4.032741870043278,0.350006103515625,41619,3.3729610079999475,3.1222589869998956,280,1
0.0,0.35,40,0,0.1357665610070246,0.06402504077583658,0.06402504077583519,-2.363421420230582e-05,-2.602738165958767e-05,-7.760916999240807e-07,0.13576656100702614,0.06402504077583622,-7.760916997529303e-07,-2.3634214202313968e-05,-2.602738165975531e-05,0.13576656100702678,-2.6027381659618077e-05,-7.760916997469757e-07,-2.36342142022079e-05,0.05481767062902153,-2.6338389685844934e-05,-2.6338389685834326e-05,0.05481767062902193,-2.633838968582683e-05,0.05481767062902185,0.09473173027919879,0.09473173027919926,0.09473173027920105,0.0947317302791997,0.05481763667493039,0.05481763667493077,0.0548176366749307,0.09473173027919879,0.13621106331017022,0.08793886536879685,0.13576656100702583,0.064025040775836,0.05481767062902176,1.5281993036213812,0.0005211157460606988,0.21907922411093317,0.11804828894523063,0.07174148950772853,2.858714798098652e-09,9.283443941000314,325,18.883241531085993,15.17213802819024,18.83967007509649,4.604552958055843,8.022390590665355,6.807041548754211,7.771827321821581,4.032519102595315,0.3499375,78480,9.283443941000314,8.705230349999965,325,1
0.0,0.35,40,1,0.1358145030762599,0.06402116354074507,0.06424065796480988,-1.9029611049757536e-05,0.00021429887011406636,9.92673938589141e-06,0.1361944502100432,0.06425169319413689,-4.379430453950867e-05,0.00016817090999696345,6.1009741261675927e-05,0.13658176437045413,-0.00014042153904851674,2.5677795676143962e-05,0.0001218362975777307,0.0551930023200791,1.021216035102975e-05,0.00015804158843826143,0.05521091013551041,-9.537255396082137e-05,0.05507156072156328,0.09481735841186592,0.09514952603825556,0.09531064689155257,0.09509251044722468,0.05519238013197219,0.05521026336868509,0.055070808991247056,0.09481735841186592,0.1373779216244966,0.08817847393254338,0.13619690588558572,0.06417117156656395,0.055158491059050935,1.531632869294711,0.003128032446334371,0.22151556425416707,0.11862902850989555,0.0719124250397476,2.558767342993383e-09,7.050460126999951,248,19.879868457602583,15.22979105989063,18.04167125662717,4.584956684111689,8.460877620620671,6.970305951113548,7.7379209218856655,4.024012666592104,0.35,78492,7.050460126999951,6.49242014399988,248,1
0.0,0.35,40,2,0.13624059928819846,0.06408562274323588,0.06414187023792742,-0.00017607139288022537,-4.613745390791967e-05,0.0001365178178902826,0.13649263999559108,0.06420161385480737,-2.055185640578723e-05,6.440811475367738e-05,0.0002487461257258898,0.1367581637677971,-9.679161892900617e-05,3.246536101432261e-05,0.00015708776709612624,0.055053307252734544,0.00021476414098905712,2.6844785960048266e-06,0.05506695087053409,-7.873249295547282e-05,0.055086453358293264,0.09530368795552169,0.09547948002097462,0.09567088833098722,0.09548468543582786,0.05505219430747355,0.055065908206811565,0.0550858713929057,0.09530368795552169,0.13738537056584518,0.08825998749122897,0.13649713435052885,0.06414303561199022,0.0550689038271873,1.5222055083896842,0.0031781913833181237,0.21504821197628665,0.11873192300886842,0.07227022500780807,2.233355413840457e-09,6.1086549810002,247,18.867459202664325,15.459351977623308,17.869306479197295,4.578728248912854,8.629023012340497,6.891768177106814,7.728975741249727,4.0284033956802485,0.35,78468,6.1086549810002,5.601519915999688,247,1
0.0,0.35,40,3,0.13632569980944637,0.06418808408665304,0.064060422095865,0.00016415241684832526,2.4414851200992375e-05,0.00015294237877630387,0.13676581419586897,0.06411367936162644,0.00021835512471523482,4.836035985572987e-05,4.720768963649632e-05,0.13660347278018833,0.00011998321504193002,0.00012091209811584548,0.00012168665472809082,0.05513772279054562,0.00011898934200063809,8.055013692265417e-05,0.055070606645454157,0.00013406108386705996,0.05513837843806858,0.09536969037608743,0.09571969555070803,0.09568183497102187,0.09559040696593911,0.05513696514981394,0.05506990858385495,0.055137723887161705,0.09536969037608743,0.13760845017769116,0.08826783793703805,0.1365649955951679,0.06412072851471483,0.055115569291356116,1.5215991965284832,0.002958370961144465,0.21462438713140486,0.11883532987620272,0.07231429142332554,2.6779957232534656e-09,6.540753395999673,249,19.257043324916587,15.351159992119838,17.85760451091075,4.577874156519358,8.672682561736435,6.943739146150135,7.924647741940396,4.029049298505653,0.35,78468,6.540753395999673,6.060825138999917,249,1
0.0,0.35,48,0,0.13672180554629976,0.06461677629872548,0.06461677629872568,3.166289573924927e-06,6.261217702241435e-07,6.907537873006342e-06,0.13672180554630314,0.06461677629872481,6.907537873250293e-06,3.16628957391906e-06,6.261217699800386e-07,0.13672180554630203,6.261217701801911e-07,6.907537873258164e-06,3.166289574056077e-06,0.05579052435725249,2.7356071542941682e-06,2.735607154308932e-06,0.05579052435725267,2.7356071543181503e-06,0.05579052435725243,0.09524612003503628,0.09524612003504006,0.09524612003503885,0.09524612003503839,0.05579052366856305,0.05579052366856321,0.055790523668562964,0.09524612003503628,0.13836986915286406,0.08865178536394412,0.13672180554630164,0.06461677629872534,0.05579052435725253,1.5474794182717242,8.604384813300412e-05,0.232429939696015,0.11945927933502176,0.0721050277298463,3.837051387136653e-10,17.765899596000054,371,18.896058218109697,15.2748131914729,18.18504353373846,4.598205634914924,8.654634403305922,6.9012036138192085,7.876879892188956,4.016570815005389,0.34995298032407407,132510,17.765899596000054,16.82666243199992,371,1
0.0,0.35,48,1,0.13547422415547475,0.06434828567158733,0.06430582002535846,-2.6374228250347447e-05,-0.00011335834088993815,2.2291861623747435e-05,0.13629794197044573,0.06446108028033831,-5.8906048727574426e-05,-0.00015492256477576515,2.896576100971578e-05,0.13638550458280366,3.15595922076741e-05,-0.00013181497799406739,5.0695543302765456e-05,0.05537850079286896,6.730933936001364e-06,-7.936388083697785e-05,0.05535553574218157,-1.1952007928127373e-05,0.05539172770950374,0.0942599129613336,0.09486673489109887,0.09498153129093112,0.09470272638112119,0.05537832417946497,0.05535531902277089,0.05539159220207512,0.0942599129613336,0.13768612237230268,0.08826394971785555,0.13605255690290802,0.0643717286590947,0.055375254748184756,1.5450506391983303,0.002675746774010063,0.23079788634168352,0.11868827541248515,0.07147373556716562,2.3167005378172085e-09,19.395606054999917,397,20.13737440808615,15.37140523298419,18.42313788225195,4.605143909737155,9.123119874946411,6.907927056321597,7.834874231766956,4.025892386406596,0.34999819155092593,132459,19.395606054999917,18.60365435199992,397,1
0.0,0.35,48,2,0.13628174031168525,0.06428015590763837,0.06439491008078045,-2.9981110228966908e-05,4.085778320158192e-05,-1.2813527983704225e-05,0.13638752920705843,0.06440176524959178,1.4046429250720615e-05,5.309582786757197e-05,-5.4327642908560126e-05,0.13621678393341993,-2.4492974784709e-05,7.136606219544288e-05,-4.416211815993466e-05,0.05522012349298186,-5.0076062602705625e-05,4.4947443275679246e-05,0.05522444504334844,-1.4199269648226086e-05,0.055169219108946156,0.09503351668128637,0.09512265692544981,0.09487236378523047,0.09500951246398888,0.05522002345202333,0.055224355093575435,0.05516915032309793,0.09487236378523047,0.1373024913192534,0.08833765327638976,0.1362953511507212,0.06435894374600354,0.05520459588175882,1.534816593527534,0.0011097621535796722,0.22364638039630513,0.11866141926462598,0.07181534620000585,1.6906682517488064e-09,19.012731508999877,383,19.47015057653618,15.51044168546734,18.545093127146966,4.609902382054814,9.472762277716956,6.9755917594297046,7.873355434127865,4.025742585684932,0.34999819155092593,132351,19.012731508999877,18.186188604000108,383,1
0.0,0.35,48,3,0.13688277343754282,0.06434407564253428,0.06440429070713975,-1.4210039526501002e-05,3.10137581859203e-05,6.687283000805844e-07,0.13671958626492894,0.06436619065532712,1.8558249264635233e-05,-1.311214910186437e-06,-3.342723593600716e-05,0.1369429790320543,-2.3393866687018845e-05,1.7306931126379782e-05,-6.572213380432043e-05,0.05541526800217984,7.73474170561678e-06,8.220461817319533e-06,0.05538170188750654,-1.534203103050547e-05,0.0553435048437007,0.09568902585164063,0.0955747029844212,0.09572434710734129,0.09566269198113438,0.05541525182280665,0.05538168651718119,0.055343456809491216,0.0955747029844212,0.1375432797356265,0.08853040486068886,0.13684844624484205,0.06437151900166703,0.05538015824446236,1.5282148499108008,0.0007968116863496857,0.21909340246373255,0.11919674085314379,0.07244479873067793,3.817234048094148e-09,18.91102141700003,388,20.576896627770715,15.398626071432588,18.219283258220795,4.58605892704696,9.680939124188887,6.972653818524534,7.789547793081912,4.0240482993753774,0.34999819155092593,132339,18.91102141700003,18.07485905900012,388,1
0.0,0.35,64,0,0.1376922048205307,0.06463341456496707,0.06463382226259051,2.78666016704498e-06,6.844058274491856e-06,3.104532837973146e-06,0.13769191968174374,0.06463124590101199,4.786652226225725e-06,1.871084292236798e-06,6.416131317476624e-06,0.13767660316007221,1.020972877488111e-05,3.0753324433891334e-06,1.542388645912558e-06,0.05562398176509058,-5.634585143671059e-07,-1.4756335571378919e-07,0.055625553887203055,-3.740884177668312e-07,0.05562550996520837,0.09639527447367549,0.09639719065779588,0.09638309285708944,0.0963918526628536,0.05562398096018257,0.0556255535211439,0.055625509639931445,0.09638309285708944,0.1381093594625102,0.08898418669352978,0.13768690922078222,0.06463282757618986,0.055625015205834,1.522844828204106,9.908060275803801e-05,0.21541273429553343,0.11988053138338782,0.07304930205299749,1.8795118498909247e-09,56.18513079000013,493,19.805667361988974,15.359665351703816,18.268900582313684,4.577986286266567,8.177547411517486,7.028232396045729,7.884901246182204,4.021487647916574,0.3500022888183594,304041,56.18513079000013,53.9325181739996,493,1
0.0,0.35,64,1,0.1369490640118327,0.06459409301224542,0.06461554389543168,-4.665412087833803e-06,3.946213362758665e-05,1.2363744974660335e-05,0.13679901234889635,0.06460106726846701,-1.8941118915679187e-05,6.103431652941709e-05,4.822044401003746e-05,0.13712252181837953,1.7112518814637273e-05,-9.588671414049717e-06,7.866634350417454e-05,0.05553946212218072,4.841136631239921e-05,8.397040934584711e-06,0.05554010876835548,-3.157170179868166e-06,0.0555555170430442,0.09553457969813423,0.09541217610466093,0.09568426004769415,0.09554367195016311,0.05553940946073014,0.05554001978324825,0.0555554609184432,0.09541217610466093,0.13800183153291737,0.08872118721098873,0.13695686605970286,0.0646035680587147,0.05554502931119347,1.5353834820476284,0.0010553957161981934,0.2240351417177946,0.11934576848165966,0.07227193741357057,4.688540717609353e-09,45.777104077999866,392,20.658694780546053,15.340245914050803,18.29666648334679,4.596751836544962,8.747321520411957,7.034653060958961,7.968952076964822,4.023603515427324,0.34999847412109375,304008,45.777104077999866,43.41471258299998,392,1
0.0,0.35,64,2,0.13678608813339654,0.06452574420103503,0.06455111396215166,-2.9394173738408548e-05,-3.5721686092043244e-05,-2.2801307096772173e-05,0.13721036617018423,0.06460077301749406,-8.545373461557652e-06,2.715782712406693e-05,-1.7818675742720455e-05,0.13724680581348828,-5.029540997634799e-05,1.5679270362367233e-05,-6.006677140004244e-05,0.05551310581035452,-2.3171228851299556e-05,-2.1888662379647918e-05,0.05549808142014182,-6.008176560444358e-05,0.055500199016687096,0.09551148237771216,0.09585033070117971,0.09586150658171422,0.09574110655353535,0.05551306571818342,0.055497975674757574,0.05550009795850929,0.09551148237771216,0.13792276428101558,0.08873286959884986,0.13708108670568966,0.06455921039356026,0.055503795415727815,1.53067731388645,0.0013486110300607907,0.22079762027455185,0.11939799761398351,0.07241544435946834,4.099653978226509e-09,44.282395546000316,390,20.788239335007425,15.366391455636784,18.242691615119735,4.591089562472385,8.841254573406697,7.062421142986356,7.981480222896139,4.025160040462214,0.34999847412109375,304044,44.282395546000316,41.96282759399992,390,1
0.0,0.35,64,3,0.13716162794196057,0.06463918844146337,0.06460573280163688,-8.695321655958888e-05,1.1595029765232542e-05,-1.549623378801e-06,0.1371741613049991,0.06464173745303023,-3.9445713774095465e-05,-5.481935366612863e-06,6.47120405020817e-05,0.1371380586149983,-5.926025036763505e-05,-4.361313229827911e-05,4.389289841448892e-05,0.0556311886808778,3.818004106907129e-05,-2.157621755217478e-05,0.05561949465817013,-4.256209382798886e-05,0.055605880743791525,0.09577295990667155,0.09575380020287091,0.09574968703515181,0.0957588157148981,0.055631095291950775,0.055619412141010384,0.05560579386468339,0.09574968703515181,0.13827301481050797,0.08880514218505459,0.1371579492873193,0.06462888623204349,0.055618854694279816,1.5336984196774084,0.000991856584234426,0.22286762226566204,0.11954246718068104,0.07251180823104768,7.025221178906316e-09,44.84548708300008,390,21.033047777402658,15.307636681607914,18.47902718512547,4.5946132828775825,8.711215732274251,7.023325053611089,7.8719770875068935,4.022205310037493,0.34999847412109375,304110,44.84548708300008,42.685239078999984,390,1
0.0,0.5,16,0,0.26458750744018994,0.10821230222400159,0.10821230222400142,-2.1646597555705478e-17,7.313543132373265e-17,3.6334885018212455e-17,0.2645875074401898,0.10821230222400148,7.667445710727147e-17,-1.932494342327118e-17,3.556321774210249e-17,0.26458750744019005,6.160033600670951e-17,8.016691676207951e-17,-6.422799612794604e-18,0.10044752355636723,6.984919309616089e-19,8.761084505489895e-18,0.10044752355636723,1.291212226663317e-17,0.10044752355636735,0.20176611081358428,0.20176611081358406,0.20176611081358442,0.20176611081358425,0.10044752355636723,0.10044752355636723,0.10044752355636734,0.20176611081358406,0.24928544903815936,0.1603373706293976,0.26458750744018994,0.1082123022240015,0.10044752355636727,1.2846988551349778,7.37932953559104e-16,0.07570966950693148,0.22927377270423188,0.15637520521618825,2.438232265982988e-10,0.17620721500043146,59,8.819903267410833,8.265205819652152,8.819903267410831,2.6597731228893426,3.9311336506270136,3.8649976784179554,3.9311336506270136,2.517573845055164,0.5,8004,0.17620721500043146,0.1357585799996741,59,1
0.0,0.5,16,1,0.2589494780309391,0.1058935922845998,0.10666583507876015,0.0007980775551729061,-0.00032267509721835763,-0.0008219065536729189,0.2694031122153146,0.105738489600086,0.0010905357715495334,0.0005377932745654468,-0.0018023387525470274,0.27159732825799326,0.0009636536819669198,0.0010197546693523003,-0.0012264524775376176,0.10064532847771192,-0.0009946007046285437,0.0004444098978655567,0.10119904706614007,0.0008542986379781408,0.10045982856872333,0.19889952607724035,0.20912991346887302,0.21057948338317395,0.20620297430976245,0.10062747009645999,0.10117487449708487,0.10043717276069941,0.19889952607724035,0.2532156372866562,0.15952894411776175,0.266649972834749,0.10609930565448199,0.10076806803752511,1.255280589078864,0.01912329340264397,0.06560361735080456,0.23145899135721462,0.15620258331527956,1.750586767843669e-09,0.2879228850006257,101,8.431323600375558,7.756333377236931,8.422932751960277,2.601289572005517,4.334919334367989,3.735680499233577,4.330886961596587,2.513322295593322,0.5,7968,0.2879228850006257,0.2431462360000296,101,1
0.0,0.5,16,2,0.26880187757569085,0.10689835729075192,0.10659721962148301,0.00012351398781790946,0.000244215910383261,-0.0006351564464128862,0.2596013106340367,0.10675053368817286,-0.00044820124052713343,0.00028265087055246726,0.0010504043913775333,0.26731052454208515,0.0006265883869947725,0.0001084815160632852,3.184884509390699e-05,0.10120729148293656,6.881550936639394e-05,3.840400008811412e-05,0.10108892352992246,0.00021255516161704745,0.10142127590301726,0.20721157144421798,0.19866425623436218,0.20595281379443287,0.2039428804910043,0.10120347824695605,0.10108804348299254,0.10141144134439847,0.19863171829188805,0.25153068433808984,0.15954449201995935,0.2652379042506042,0.10674870353346927,0.10123916363862544,1.2775528323764214,0.012063240549536827,0.07393666506125829,0.23101982115331393,0.15538425354503668,1.710351063134627e-09,0.2625230819994613,100,9.388307192900934,7.857313110109988,8.526552277034247,2.624021287812776,4.253403605716051,3.8289861214075263,4.249046514637369,2.528373323889678,0.5,7992,0.2625230819994613,0.22199196600013238,100,1
0.0,0.5,16,3,0.2604052944940569,0.10690971872780805,0.10674493384456123,0.0003431349113081019,-0.00035459197564851897,6.720090737956552e-05,0.26885616305060916,0.1066306151144656,0.00047762009577156223,-0.0005945870732342945,-0.001415645923611813,0.2621458930907003,0.0007050510681277926,-0.0013966576166645343,-0.0007705622636909587,0.10099600859694592,-0.0007487752847969996,-0.0002213004124244611,0.10090234277618948,0.0004113202900090786,0.10114641471311524,0.19905677521654316,0.2068868974396362,0.20083848753263345,0.2022607200629376,0.10098799142773884,0.10088753684491708,0.10113426561823526,0.19905677521654316,0.2537247279761714,0.15906770798250208,0.2638024502117888,0.10676175589561163,0.10101492202875022,1.2864808382134671,0.013210973060501572,0.07810155348090841,0.22994207153311685,0.15439887386757112,2.6990755768522894e-09,0.21233070099970064,101,8.793757841271585,8.038811758310933,8.692368297828448,2.658088699127645,4.461919017034853,3.673952017326026,4.320623825741829,2.518918307829049,0.5,8010,0.21233070099970064,0.17062199199972383,101,1
0.0,0.5,24,0,0.27197182860620406,0.10741976738190237,0.10741976738190262,-4.3672622826995047e-17,1.6099364353866174e-16,7.852675422789559e-17,0.2719718286062029,0.10741976738190265,1.643897679747728e-16,-4.291376739582687e-17,7.541249038050413e-17,0.27197182860620334,1.4717853258526514e-16,1.7845126056166553e-16,-1.3746124096017666e-17,0.10122934936077961,8.325728159102183e-18,2.470123704779085e-17,0.10122934936077992,2.6268224236826417e-17,0.10122934936077962,0.21114282476741686,0.21114282476741578,0.21114282476741603,0.21114282476741625,0.10122934936077961,0.1012293493607799,0.10122934936077962,0.21114282476741578,0.25140911084131445,0.16227045445666954,0.2719718286062034,0.10741976738190255,0.10122934936077972,1.2303625807858343,1.8868924750281226e-15,0.05175734644896135,0.2346050359262498,0.1645520612243005,1.9032036268476863e-10,0.6586650669996743,85,8.376561729584363,7.899723950743402,8.37656172958436,2.620651975578858,4.665267862208234,3.8694865561656577,4.665267862208233,2.5305371877272638,0.5,24756,0.6586650669996743,0.5189895220000835,85,1
0.0,0.5,24,1,0.2655417164324092,0.10848246415793295,0.10848119270384961,0.00026809775692212434,-0.0003317661410604906,-6.348876961099814e-05,0.2697217462053049,0.10822811748442894,0.0003868307823291077,-0.00013945801912348526,-6.294274179136172e-05,0.2658646551468803,0.00013012178802709082,-0.0002597621473909318,3.5559433949984145e-05,0.1013746856897088,2.2543286655474583e-05,-0.00034153580846927505,0.10145213656114578,0.00028721897496445596,0.10159021935227475,0.20294338361639566,0.20696613773346395,0.20342601166454322,0.20444517767146758,0.10137290437900418,0.1014508300539811,0.10158820946918648,0.20294338361639566,0.25292764545584445,0.1612707919992397,0.26704270592819807,0.10839725811540385,0.1014723472010431,1.2792342749195442,0.005935700595335,0.07348948338399275,0.23178085320502026,0.15720112781564466,4.316857309586679e-09,1.033287747999566,141,9.731376609224712,8.346164658981216,9.375540866306181,2.6655517325663673,4.606555811105924,3.8853817975439684,4.511292841209826,2.5245334959230146,0.5,24924,1.033287747999566,0.8941090349999286,141,1
0.0,0.5,24,2,0.2686301570228456,0.10813531048942619,0.10844239514766377,-6.94028883678698e-05,-1.5445809083403138e-05,0.0004324473696133305,0.26656104876274406,0.1080301637543104,-0.00011773744671256966,-0.0002011241198665948,4.8613252006515574e-05,0.26644362825013745,5.627173440949395e-06,-0.00018847571942847967,-0.00010444436130224121,0.10131691295387499,2.770005577561119e-05,-0.00028213268573636915,0.10152665477447574,-1.2323378501002525e-05,0.10120718267210063,0.20600842600931132,0.20441879838248017,0.20408380142968152,0.20483700860715767,0.10131604820242203,0.10152639670277197,0.10120534062040636,0.20408380142968152,0.25208653461706615,0.16120259401832557,0.26721161134524235,0.10820262313046679,0.10135025013348378,1.2747738511056825,0.003586529083192491,0.07118519198238005,0.23180673471784188,0.15843030182686085,4.010721979364086e-09,1.1017465739996624,147,9.882018416782337,8.399746849350715,9.475357237834341,2.6599062621352876,4.597072797770759,4.001271008799065,4.4484252430123234,2.5248223711926645,0.5,24900,1.1017465739996624,0.974815898000088,147,1
0.0,0.5,24,3,0.2672986465012955,0.10815663431110223,0.10826792075164818,0.00041867295301283426,0.0004086586491834194,-0.00046763134725057376,0.2678404413601214,0.10806514929522983,0.0004019896343999916,0.00027190796728194307,-0.00020513942390367588,0.26886996232019367,0.0004888884261225484,0.0003634800462645272,-4.528925889551064e-05,0.10119477872115745,-0.00035652748286247937,6.002654707712588e-05,0.10132914371413061,0.00024870467626976993,0.10116978180785151,0.20507909006735198,0.20572742239520633,0.20658903792634623,0.2057985167963015,0.10119227411335077,0.10132645434635894,0.1011682048190447,0.20507909006735198,0.25221835915733115,0.1614386656270159,0.26800301672720356,0.1081632347859934,0.1012312347477132,1.2666588194539274,0.004358156429592513,0.06749215884833681,0.23213112231681032,0.15932934793919726,1.8107648942676538e-09,1.1449117389993262,148,9.294415593308004,8.240178211733545,9.141676077945785,2.6460652260401787,4.725637897838109,3.958823689321116,4.4711015759529635,2.5259033956198715,0.5,24876,1.1449117389993262,1.0013521580003726,148,1
0.0,0.5,32,0,0.26877286084604374,0.10924573271469117,0.10924573271469007,-8.717220875301531e-17,2.912844398191997e-16,1.421464341027396e-16,0.2687728608460438,0.10924573271469051,3.0064589477011135e-16,-8.226738178304264e-17,1.3977821384157453e-16,0.2687728608460433,2.5927854169692314e-16,3.1393137760460375e-16,-3.3584157271044597e-17,0.10167688361216554,1.4189364654677254e-17,3.832392394542694e-17,0.10167688361216554,4.146464302071503e-17,0.1016768836121649,0.20562977571918917,0.20562977571918892,0.20562977571918928,0.20562977571918914,0.10167688361216554,0.10167688361216554,0.1016768836121649,0.20562977571918892,0.2523690855349866,0.16242144209180823,0.26877286084604357,0.10924573271469058,0.10167688361216533,1.2747284402743793,3.1392724067564424e-15,0.07105110093504763,0.23271815052667205,0.15952712813135256,4.9801262323107494e-12,2.4155044129997805,119,9.417661158166512,8.260278740600514,9.411158738871679,2.662575354573802,4.543910787235,4.06290328516487,4.327307236156737,2.5280719968099925,0.5,56484,2.4155044129997805,2.041949103999741,119,1
0.0,0.5,32,1,0.26869420008228895,0.10903856955132811,0.10885357761181853,0.00015042773165834482,0.00017120547566008956,-0.0001035801766704163,0.2674246510293016,0.10914615752494773,8.861417196682463e-05,-1.9677534034233472e-05,0.00015836933270531106,0.2678636199700437,7.073300958617096e-05,-8.638728668017291e-05,-0.00014020632335011066,0.10180109228870798,-0.00011037277636050927,-0.00011298660048197329,0.10163831337368964,0.00019407239715002998,0.10178821827642187,0.2056913952820328,0.20430986976409182,0.20484920090724393,0.20495015531778948,0.10180075973791602,0.10163759685077946,0.10178738309184077,0.20430986976409182,0.2530569256344994,0.1620060890692575,0.2679941570272114,0.10901276822936479,0.10174254131293982,1.2799302117345435,0.002204821057003639,0.07352453976312567,0.2324292185163876,0.15844214694390665,2.1196510858575605e-09,3.363922571999865,194,10.70031580442086,8.335094570364854,9.719298297750646,2.6640118608446155,4.992583194051743,4.029702891290017,4.638128095504297,2.530616386703448,0.5,56574,3.363922571999865,2.997740050000175,194,1
0.0,0.5,32,2,0.2676907270846386,0.108993707555964,0.10909494529351686,-4.9122910665768436e-05,-1.2951340173668577e-06,-1.0786579966257924e-06,0.2690307111634856,0.10900070702153707,6.522810657943812e-06,1.4629038973218489e-05,-8.467034341591699e-05,0.2673632096662904,0.0001728674970789872,0.00011006134091618795,-5.927471916857125e-05,0.10188269186449936,-7.877779919398743e-05,-9.421497820702182e-06,0.101779535131418,1.2393169453321583e-05,0.10181501217943834,0.20464213300184275,0.20594140385794352,0.20433677334675399,0.2049734367355134,0.10188244976149664,0.1017794162965561,0.10181497235091037,0.20433677334675399,0.2527496363115492,0.16202825084199596,0.2680282159714716,0.10902978662367264,0.10182574639178522,1.2808396511772817,0.0021317168162712508,0.07394347224340692,0.23253862627323213,0.15842190798496006,1.860896091332522e-09,3.24590037400003,184,10.530033876130785,8.391291469279746,9.67464643948782,2.667273660404125,4.757142073914526,4.00560771032585,4.478332804015825,2.5285194488908695,0.5,56556,3.24590037400003,2.9155928970003515,184,1
0.0,0.5,32,3,0.26794240322305385,0.10873550834652661,0.10900354391504968,-6.404335006429229e-05,-0.00018646085414949197,2.721693590087298e-05,0.2659035439225469,0.10909973580017973,-1.100784712133393e-05,-0.00016904522442989916,0.0003056770725190558,0.26906862454581487,-0.00028640315582722446,-0.0001299951003988024,0.000185796874752873,0.1016399180119692,0.0001595429661404415,-0.00020250071146875434,0.10181496244166009,-0.00017134037886037848,0.10153405652978768,0.20499331771904072,0.20305373248067377,0.20575214469960598,0.2045997316331068,0.10163890889918385,0.10181425211436874,0.10153293442723262,0.20305373248067377,0.25330362654621824,0.16183871891359292,0.2676381905638052,0.10894626268725201,0.10166297899447233,1.281262132924066,0.004247242698315984,0.07424841635501611,0.2321558491152395,0.15786726204233298,1.6105104749415568e-09,3.625285861000066,187,10.27196167883153,8.335874789486251,9.798536535434778,2.6575870806634825,4.88867371152236,3.992974000572843,4.709369166004629,2.5301693350199135,0.5,56622,3.625285861000066,3.275973160000376,187,1
0.0,0.5,40,0,0.2684308780548681,0.10990343782221557,0.1099034378222149,-1.255825161933899e-16,4.553828920636858e-16,2.1787370954241073e-16,0.26843087805486826,0.10990343782221479,4.478020327431815e-16,-1.3261522565569196e-16,2.121925354003906e-16,0.2684308780548616,4.1384186063494e-16,4.790169852120535e-16,-4.9880572727748326e-17,0.10230659509639226,2.2971310785838534e-17,6.172316414969308e-17,0.10230659509639253,6.173338208879743e-17,0.10230659509639209,0.20457853826835024,0.2045785382683505,0.2045785382683449,0.20457853826834857,0.10230659509639226,0.10230659509639253,0.10230659509639209,0.2045785382683449,0.25374864197930397,0.1627459178997654,0.26843087805486604,0.1099034378222151,0.10230659509639228,1.2907115001194704,9.018338278339847e-15,0.07857357089688044,0.23302260632663283,0.15852744023264922,4.360720815601144e-11,6.044799308000165,148,10.493634275454385,8.382617371675614,10.06257813647349,2.6705006054084213,4.690101444250726,4.038072180098787,4.636219317260264,2.5273114755767483,0.5,107652,6.044799308000165,5.32763021799974,148,1
0.0,0.5,40,1,0.26870261183529875,0.10952520079430592,0.10951325735325687,1.606651635925424e-05,-0.00017059425591275793,0.00027537786006900645,0.26862234962316306,0.10953611002909709,7.501577757512512e-05,-0.0002851183991735452,0.00012310878753639355,0.2690818831445075,-2.0216641671682203e-05,-0.000314774277817604,0.0002610351675655409,0.1021102702186496,0.00014030675624487256,-0.00021280640561057977,0.1020308273819817,1.1077096012432352e-05,0.10207410496533485,0.20530463484093364,0.20521406592217045,0.2056437367303808,0.20538747916449498,0.10210960105421285,0.10203015488865463,0.10207327426617972,0.20521406592217045,0.2540886004836509,0.16261612299952904,0.2688022815343231,0.10952485605888662,0.10207173418865538,1.2816848826376428,0.0022816513418606834,0.07432125994463412,0.23309385320309334,0.1591317365046314,2.2759985395539963e-09,9.321117913999842,232,10.807187487744784,8.34058763715647,9.830530839084187,2.6635208213220505,5.038449286353244,4.035470166340912,4.608631227249079,2.529783878189176,0.5,107610,9.321117913999842,8.60627731600016,232,1
0.0,0.5,40,2,0.2686485429603564,0.10952721409116578,0.10953973704209252,-2.0904310663767154e-05,6.560147608141212e-05,-1.9177248325905713e-05,0.2692505601641088,0.10944491008870609,6.728508103916778e-05,-6.132648435880006e-05,7.856776738643774e-05,0.2686256146623543,8.46697583938493e-05,-5.029739079121659e-07,0.00010671069314719795,0.10196599344858505,5.952215599013891e-05,2.3202869794172758e-05,0.10201122465207668,6.140192983539666e-05,0.10201200500262673,0.20523324611398536,0.2058557548294873,0.20527358203378906,0.2054541943257539,0.10196590144601779,0.10201110230341566,0.10201188904573788,0.20523324611398536,0.25336060801564303,0.16261629529374064,0.2688415725956065,0.1095039537406548,0.10199640770109616,1.2802552019300049,0.001080236823470541,0.07363186677898881,0.23303707160563517,0.1590931248652715,8.381606976202181e-10,9.381107519000125,231,10.77685498561618,8.357410082270622,9.702608538451287,2.6661067631298114,5.105301101772044,4.030590536484161,4.589647310532061,2.5291512863946974,0.5,107598,9.381107519000125,8.683688924000307,231,1
0.0,0.5,40,3,0.26882777533064445,0.10943452138517433,0.10950972679857354,-0.00016424557318183474,2.3657754104216603e-05,1.8944651303977385e-05,0.26887709887998706,0.10943914451553181,-9.194459279449246e-05,-0.00010558587345536682,-0.00012336072056500733,0.26928602095950727,-0.0001881285646395608,0.00012938609963531776,-8.4278381540096e-05,0.1020519045598051,-1.7963775645262205e-05,1.3911522679293387e-05,0.10203344538048577,-0.0001304389555357037,0.10195677504157816,0.20550668411649697,0.2056042614495855,0.20592285739511082,0.20567793432039774,0.1020517333140446,0.10203310027607301,0.10195651420223292,0.20550668411649697,0.2535361770789066,0.1626393821444882,0.26899696505671294,0.1094611308997599,0.10201404166062301,1.2788856146295073,0.0013746674749515891,0.07299468409505572,0.2331603277479261,0.15940500454485382,1.4488080268777487e-09,9.657269219999762,232,10.579308478183655,8.357877947225257,9.707541122144567,2.661703143031612,4.98955373744044,4.027451142745367,4.621246754348667,2.5289079615205483,0.5,107586,9.657269219999762,8.93345366099993,232,1
0.0,0.5,48,0,0.26992684715389476,0.10981039830689285,0.1098103983068932,-1.7316329475275422e-16,6.602554724960731e-16,3.0750004702774936e-16,0.26992684715389115,0.10981039830689349,6.516710436218e-16,-1.9221709518836288e-16,2.9665137094164655e-16,0.26992684715388954,6.049304766945107e-16,6.981469966747143e-16,-7.758508362467327e-17,0.10217955966973905,3.353155479229316e-17,8.751475621783544e-17,0.10217955966973792,8.838719358204534e-17,0.1021795596697373,0.2064180724921594,0.2064180724921559,0.2064180724921542,0.20641807249215652,0.10217955966973905,0.10217955966973792,0.1021795596697373,0.2064180724921542,0.2536055249122742,0.16318254792255935,0.2699268471538918,0.10981039830689317,0.10217955966973807,1.2763155866312907,8.333552899750491e-15,0.07178503894972899,0.23376103047639554,0.16011644884699658,6.732685894866432e-11,13.11316131700005,179,10.479984369542604,8.37483159214457,10.265814335148509,2.662961859250089,5.184341108457692,4.017387830162562,4.50188487255949,2.529459391038111,0.5,182580,13.11316131700005,11.828007703999901,179,1
0.0,0.5,48,1,0.2693785385858884,0.10981935178806336,0.10984236021398454,-5.119936475047928e-05,3.898598909541561e-05,-0.00013024163522261622,0.2697912593768418,0.10972338192308514,-2.4926421995894668e-05,5.036692311572153e-05,-3.3917922862257696e-05,0.2700842506578491,-6.453088986813223e-05,3.355016101151253e-05,-6.34590979183793e-05,0.10218720297215567,-5.900247430318214e-05,1.7189275440797772e-05,0.10226620239595828,-3.2800327792698086e-05,0.10226270852385819,0.20583324017884672,0.20629999364027746,0.20655140185224208,0.2062282118904554,0.10218714752572626,0.10226614662470725,0.10226262931149045,0.20583324017884672,0.25399799823391367,0.16311358060127942,0.26975134954019314,0.10979503130837767,0.10223870463065737,1.2783328068665438,0.001052635984240933,0.0727333483690984,0.2337343994940404,0.15968826599480157,1.5435201570410266e-09,19.150568039000063,273,10.575357697251876,8.385646830193176,9.720462677019027,2.6616212081949016,5.217703251618792,4.058954274839832,4.595678145743772,2.5286769792922486,0.5,182532,19.150568039000063,18.03142343899981,273,1
0.0,0.5,48,2,0.2687820310715553,0.10974965422412271,0.10963981789494297,-3.5458679787148655e-05,-8.342852502377843e-05,-2.3386721503398547e-05,0.2692336131604971,0.10966624837102787,-0.00010111922090495597,-4.739077355390415e-05,0.00013659525204010915,0.2694869995320512,2.800309345685614e-05,-2.517986971890674e-05,3.65909087613658e-05,0.10218054906002783,4.801457969172298e-05,-6.079106897059398e-05,0.10216222064082128,-3.6705083987084094e-05,0.10218985717613964,0.20528794327136582,0.2056816040188251,0.2059962241885455,0.2056552571595788,0.10218043017265038,0.10216215746470783,0.10218971062680793,0.20528794327136582,0.25382831850354676,0.16284579810839558,0.2691675479213679,0.10968524016336452,0.10217754229232959,1.2813652339088626,0.0010969492314293532,0.0741522392779661,0.23336918394410414,0.15922960150832943,3.9134239330141815e-09,19.871669334000217,273,11.951589499418615,8.303112577287438,10.008201496486723,2.6639985679946583,5.169278992162766,4.038442517785852,4.672537967968412,2.5306315921441866,0.5,182652,19.871669334000217,18.51607518799983,273,1
0.0,0.5,48,3,0.2687213284280727,0.10991698989670856,0.10981821007668521,2.1981709416812423e-05,6.990256005711215e-05,4.759337978114754e-05,0.2693309711327575,0.10982752374990626,-6.825559567996188e-05,2.585396379048294e-05,6.774001359391457e-05,0.2693849000597656,0.00010050962081241696,-0.00016651880196316563,0.00013832359921057014,0.10227993295128067,9.255337423574211e-06,-4.503882254295641e-05,0.10221974891848314,-2.7877383905570525e-05,0.10236493638063192,0.20505369424811312,0.205604925215914,0.2057278925339535,0.20546217066599354,0.10227982081806321,0.10221953880897086,0.10236483664280627,0.20505369424811312,0.2539555779336277,0.16295116042781158,0.2691457332068653,0.10985424124109999,0.10228820608346526,1.2842896355751237,0.001248471779447983,0.07553299127303958,0.23342616694236026,0.15904108059707717,1.3816870402869718e-09,19.90785885000014,277,11.039835570009263,8.322146869838432,9.991052001231404,2.6658672693589813,5.160359605818175,4.055536832310673,4.59711237966208,2.529967539802568,0.5,182628,19.90785885000014,18.64666083300017,277,1
0.0,0.5,64,0,0.27028106459265355,0.1101075389591932,0.11010753895919473,-3.203865812143444e-16,1.1844028319631304e-15,5.496923612164599e-16,0.27028106459264495,0.1101075389591956,1.161571084854326e-15,-3.400491550564766e-16,5.305412092379161e-16,0.2702810645926521,1.063238804428173e-15,1.2110619406614986e-15,-1.4077190176716872e-16,0.10241076339631965,6.972903585327523e-17,1.5691787536655152e-16,0.1024107633963199,1.5706687658426485e-16,0.10241076339631838,0.2065374612225907,0.20653746122258215,0.20653746122258762,0.20653746122258682,0.10241076339631963,0.10241076339631988,0.10241076339631838,0.20653746122258215,0.2541651171390865,0.16349871417034642,0.2702810645926502,0.1101075389591945,0.10241076339631931,1.278747695554609,1.374708287364353e-14,0.07291534808355316,0.23412752487504768,0.1601735256334528,3.887872458408667e-11,40.165762930000255,238,10.340172646261408,8.332344744872563,9.905008563560264,2.664624276746175,5.22172432629814,4.0609744727176995,4.766589382428906,2.5291643748187114,0.5,422868,40.165762930000255,36.637090955000076,238,1
0.0,0.5,64,1,0.27004446511835584,0.11016563610948699,0.11017473639473468,9.831961320183402e-06,-5.774212850615136e-05,7.050538502175602e-05,0.2698243181257148,0.11016502134739495,1.8613503269543193e-05,-3.352710548690302e-05,8.605121610506396e-07,0.2702453623698464,-1.8885938273051487e-06,6.106619019965525e-06,2.8187109818875598e-05,0.10250648524602268,1.609136621430032e-05,-1.723393170667921e-05,0.10250133618962873,1.413746310566702e-05,0.10250333395784007,0.20619652334044206,0.20600219237406894,0.20638108809659142,0.20619326793703413,0.10250647801622959,0.10250131378362634,0.10250330696240934,0.20600219237406894,0.2544165071827679,0.16345824214624938,0.27003804853797236,0.11016846461720554,0.10250371846449716,1.2823417181757244,0.000574295647817977,0.07460112320555368,0.23407529812850714,0.1597531436885307,9.864453128566098e-10,59.51698316599959,363,11.085697496450253,8.315896227496843,10.044784847702644,2.6652181607618175,5.403393483092805,4.065757059776514,4.69109106146679,2.528932758535063,0.5,422976,59.51698316599959,55.887501707999945,363,1
0.0,0.5,64,2,0.2700708519622169,0.11026516829710688,0.11020175842643345,6.397952134788379e-06,5.676051868978044e-05,1.988627095154353e-05,0.27023491642640335,0.11025473057476758,1.8337429953570923e-05,1.1856115091874155e-05,-5.2618020739198746e-05,0.2699115501254648,1.7945894777558486e-06,-5.5999414789741444e-05,-5.141988087189465e-05,0.1025682257713622,-1.6416961958889244e-05,-1.5909839119735323e-06,0.10254786805999734,1.2361150085400431e-05,0.10254514605161241,0.20617110352377524,0.20628180454622846,0.20603298380747428,0.20616196395915934,0.10256822172814319,0.1025478235024801,0.10254511816328782,0.20603298380747428,0.2545332831966239,0.16351778726131197,0.27007243950469495,0.1102405524327693,0.10255374662765732,1.2832701722592723,0.0005184274404613871,0.07503764635801602,0.23412778553893404,0.15977322597058047,1.6712252884904164e-09,60.139698555999985,364,11.376052358800964,8.314369806790564,10.154494295313516,2.667960440814312,5.274101313025465,4.057465871607409,4.683994807666808,2.528223037376235,0.5,422952,60.139698555999985,56.614924128999974,364,1
0.0,0.5,64,3,0.27007184425794917,0.11020398982500229,0.11021078993699521,-4.725276269999614e-05,3.52826668544741e-05,-1.2714681601618642e-05,0.2702304287164799,0.11019326237080726,-5.0398007210997974e-05,2.6634272396326557e-05,-9.239166024288582e-06,0.270029101491591,-2.2812614794533765e-05,3.188342402374026e-05,2.5772173725764314e-05,0.10249163574587157,3.421743927682744e-05,6.754638291761978e-05,0.10249257319771432,-6.112651288243495e-05,0.10248421555368803,0.20620153991759105,0.20635992455404858,0.20617040493897418,0.2062439564702046,0.10249156706457548,0.10249251906595608,0.10248412887965394,0.20617040493897418,0.2545178464281142,0.16350523386962734,0.27011045815534,0.11020268071093492,0.10248947483242464,1.281857286373166,0.0005693704858570827,0.07437313343817475,0.23408847080282844,0.15983935595032597,1.1801433863880385e-09,59.886419913999816,364,11.297619171256171,8.364126680364484,10.047912503622038,2.666898618584316,5.339201567035348,4.072262611607771,4.675410249421049,2.5287952840435652,0.5,422970,59.886419913999816,56.370112871999936,364,1
1.0,0.2,16,0,0.047641471546939575,0.024924852884641198,0.025368421136398957,0.00025034268369969584,0.0009244034908193907,0.0007622928977602991,0.04756087758603526,0.025334925954689967,0.0008679649877071091,0.00027199993271751676,0.0007288319671365204,0.04807769456035437,0.0008829411791013671,0.0009137034703274178,0.00019711085709646486,0.02484745000891263,-0.00020465913846208302,-0.0002156801221128281,0.024879422142569278,-0.00018239779475163334,0.024425437451271022,0.030328018434392503,0.03029070834756293,0.030330326853731,0.03031635121189548,0.024818556616664388,0.024848767082466677,0.024403168282027717,0.03028218163642896,0.06027105842662269,0.03267204717972995,0.04776001456444307,0.025209399991910037,0.02471743653425098,2.192174093947503,0.03326480130556755,0.7849283462210286,0.045693825138173334,0.02239781821495824,4.364131111015083e-09,0.2848966890005613,221,21.686249038590887,20.506687537212226,21.525622703531038,11.792446503953402,17.2713936434247,16.334760160363928,17.251416508436904,6.819383364408605,0.197021484375,4557,0.2848966890005613,0.2647685749998345,221,1
1.0,0.2,16,1,0.046736672246033915,0.024730608210955456,0.024831861189164858,0.00015284073166083395,-0.0006385622966926758,-0.0007791513619531957,0.050027622497428564,0.028759602646421023,-0.0007480560510860643,-0.00014227474913788992,-0.0007390021785668242,0.050449096337506646,-0.0005722620942135434,-0.00043775929317774756,-0.0003571502664491336,0.02787574405340653,0.0005827584918923508,0.0003758019796851055,0.024217759845637586,-0.000835373270422654,0.02409560077262967,0.03115980101561808,0.030374390511320546,0.03064495321762341,0.03072638158152068,0.027832957573891252,0.02416445564140779,0.024043555674567757,0.030374390511320546,0.06265690049360836,0.03356272274277164,0.04907113036032304,0.026107357348847112,0.025396368223891262,2.211863722150508,0.06740546952680451,0.8427368447749615,0.04671198076931704,0.02146775126985586,5.962868745006996e-09,0.16979561700009072,122,19.612977304974198,18.256554017720283,19.612977304974198,11.726738334374302,14.560253114370845,14.075139199185063,14.560252906641507,6.893276656105641,0.2001953125,4464,0.16979561700009072,0.14915328200004296,122,1
1.0,0.2,16,2,0.04756158679463697,0.02540830059246999,0.025154847191292913,0.00017205501254322195,-0.00036854561121069205,-0.00013484797095459267,0.04683129064739162,0.025326656399258397,-0.00010070238379890153,-0.00015574082162039132,-0.00020551293944760178,0.04722656278587363,0.00012689788912664343,-0.0005034177550014249,-1.0299467272701448e-05,0.02458793621147944,-0.0001299923404411774,-3.9737435595023345e-05,0.024300055345529897,-0.0003115326328533217,0.024688313525875732,0.029888856721446103,0.029087693224257045,0.029667532099276847,0.029548027348326667,0.02458508997053741,0.02428904035311326,0.024682938029790408,0.029087693224257045,0.05925598755352901,0.03259347024711604,0.04720648007596741,0.025296601394340434,0.024525435027628353,2.238755894910063,0.014444923326903805,0.8246947920799421,0.04505986169999931,0.021568716721664567,4.740380639861653e-09,0.1707165249999889,120,18.67517084540067,18.440644720214163,18.67517084540067,11.949247588387012,15.2048455098129,14.362329421424114,15.2048455098129,6.940020044473699,0.2001953125,4440,0.1707165249999889,0.15293401200051449,120,1
1.0,0.2,16,3,0.04709794080584695,0.02594127826831222,0.02619237569716899,-0.00012759581429310936,-0.0014830357558227104,0.0008299599360401736,0.04779612502005005,0.026360163478423133,-0.00028793248472928684,-0.0007747177029581121,0.000617299352375342,0.04771216240050692,-0.00037322692241356626,-0.0013412761475077692,0.0005402181755113746,0.024462439546315832,-0.0003094414507621481,0.0007713340874379622,0.024323117317759085,0.0005680186914698915,0.02414270946389667,0.02872952779883655,0.029208069346025007,0.028881961639893133,0.028939852928251568,0.02442938499699062,0.024247316116385104,0.024087702773311435,0.02871752987202191,0.05918822627138521,0.03320189040565458,0.047535409408801306,0.026164605814634784,0.024309422109323867,2.275012448849559,0.043175972517472835,0.8670241849130917,0.0445976691852495,0.02119361334363797,4.807042108177903e-09,0.27655935300026613,211,19.3116640116405,19.01189329243264,19.30653067197996,12.00959495104835,15.273036018568368,14.340571570555564,15.229052430110745,6.89806287767821,0.199951171875,4449,0.27655935300026613,0.25985636599943973,211,1
1.0,0.2,24,0,0.04684376826407545,0.024140467968307412,0.02409642306985984,1.8778388570721938e-07,0.00028632633384194844,0.00025639598436566323,0.04685738566796778,0.024140717605238754,0.00029524723063670917,-8.6261917464424e-06,0.00026436132027839887,0.0468261482619966,0.00026670427756754164,0.000260664778449562,-3.936273457165502e-05,0.024649094285370092,-6.33962842782281e-05,-0.00010422025008409166,0.02461027015138829,-0.00011970299226043364,0.024648666568390425,0.03044938005935579,0.03042079822797519,0.03043385427024042,0.030434677519190465,0.024645052935467808,0.024606156894647117,0.02464419506496165,0.03042079822797519,0.05884946342774329,0.03169423619142458,0.046842434064679944,0.024125869547802003,0.024636010335049602,2.1689908539423337,0.010794062151725743,0.7570735922549963,0.045520390988638214,0.02268753120504892,1.6296092203376532e-09,0.7336796509998749,257,22.737200099309284,21.626351949002895,22.399045366983888,11.892163925726464,17.05340571497884,16.33753289537639,16.988931138932127,6.825414168491051,0.20211226851851852,12678,0.7336796509998749,0.6847154619999856,257,1
1.0,0.2,24,1,0.0493012206232458,0.027336545846609592,0.02642492867161641,-9.58905213159737e-06,-0.0001369615188448009,-6.285762991692499e-05,0.04892640128950893,0.027269765181694588,-8.557853119273089e-05,-8.585029866505395e-08,-7.053265327435847e-05,0.049187806787970065,-7.692591726864674e-05,-0.00016852391494397647,-8.24819965135506e-06,0.02524145381018748,-5.3716487087040974e-05,2.1579991853485602e-06,0.024347242655104313,-4.035428302572679e-05,0.025258163251156134,0.030344020164933767,0.029222566806144754,0.03030900075445486,0.02995852924184446,0.025241084789180166,0.02434601025769384,0.02525792896835401,0.029222566806144754,0.06037848787188373,0.034384618791981764,0.04913847623357493,0.02701041323330686,0.024948953238815977,2.254960430880347,0.013718979634693216,0.8424729503613584,0.04597014786531313,0.021434384462119514,7.908347573476628e-09,0.5928242859999955,165,20.89005786980632,19.22887569125134,20.89005786980632,12.0162603284758,19.45803559472739,16.542297272589558,19.458035490199112,7.022178779001193,0.19994212962962962,12732,0.5928242859999955,0.5289608970006157,165,1
1.0,0.2,24,2,0.04885415014548566,0.026413992701238353,0.02644649481613471,0.0001435751522120074,-0.0001261556609856831,0.0006926717538801099,0.048480660050917015,0.025967337704929056,-0.00021433930241725936,-8.344608045675079e-05,0.0007419422878920774,0.048116179475854365,-0.000170310486312663,-0.00023931206234759368,0.0003908638859983385,0.024582267121711368,-9.360131324768994e-05,-2.0901414460244504e-05,0.025012651351981982,0.00010745678602657407,0.024964276082167124,0.03003458744719768,0.030164098863903532,0.029816091257989858,0.03000492585636369,0.024578243283620897,0.025010561973842025,0.024949616105662906,0.029816091257989858,0.060387093100593536,0.03365880179061156,0.04848366322408568,0.02627594174076737,0.024853064851953488,2.2382363603237976,0.01883721110641078,0.8243171745677529,0.045799217209455484,0.022022603558490297,5.012991627437581e-09,1.0370444600002884,309,23.1885881177955,21.198682735999668,23.183876163500592,12.07778547738705,17.144427795736746,15.67304707967899,17.12509822528535,6.889614847260689,0.2000144675925926,12723,1.0370444600002884,0.9823934380001447,309,1
1.0,0.2,24,3,0.048038102506924,0.025834321697817346,0.025551078731246884,1.1857739933358437e-05,-0.00044712230690900217,-3.926435432743904e-05,0.047973588953417905,0.025631635474473512,-0.00013719285282988303,-8.91585772931836e-05,-3.087843638825956e-05,0.04777237331071412,-7.330996235484478e-05,-0.0005421985022469182,0.00011555989002652177,0.024675387417250675,-0.0004209243741166846,-0.0001809507764552245,0.024557294524089186,-0.0001824455578461358,0.024835398724100392,0.030073309652794214,0.029940608408583175,0.03002734370696181,0.030013753922779735,0.02466618417377887,0.024539680570929655,0.024832004817397575,0.029940608408583175,0.06011421075947236,0.03308462838868362,0.04792802159035201,0.025672345301179247,0.02468936022181342,2.2187023122568177,0.015551682309142017,0.8050628321098259,0.04555862223305121,0.022141261609498433,4.544865364264018e-09,0.6305318160002571,170,22.5939467192545,21.05183388359498,22.5939467192545,12.000512722851898,16.730389346571375,16.02362895270079,16.730389346571375,6.914547443504049,0.19994212962962962,12684,0.6305318160002571,0.5785223689999839,170,1
1.0,0.2,32,0,0.04737335146501143,0.026038738444843577,0.026001116677928284,-1.1672663374643873e-06,2.735587177729547e-05,6.464299020375199e-06,0.04737335146501116,0.026001116677928066,2.7355871777285595e-05,-1.1672663374689774e-06,6.464299020372504e-06,0.047349847065287234,4.1114050162664786e-05,4.111405016266564e-05,2.1066584800731337e-05,0.024325091010717937,-2.3508896582904646e-05,-1.5790033134871467e-05,0.024325091010717923,-1.5790033134876685e-05,0.024355951057766178,0.028916057104274577,0.02891605710427456,0.02893158535079697,0.0289212331864487,0.0243249991919432,0.024324999191943187,0.02435591995095314,0.02891605710427456,0.058666451266502134,0.033130883986457645,0.04736551666510328,0.026013657266899977,0.024335377693067345,2.2794621526137533,0.0013951423094492464,0.8618138564391167,0.044606246091669785,0.0213345535544713,3.559854424207253e-09,2.3136234690000492,291,23.065065575642343,22.16090336511323,23.046470451913304,12.410171500243226,16.770276895712854,16.4927726678773,16.574458493789134,7.071916470562303,0.2000732421875,27564,2.3136234690000492,2.1955884419999165,291,1
1.0,0.2,32,1,0.04948107322880331,0.027235947044453663,0.027510513320808453,8.425803371796994e-05,0.00037951700464660044,0.0004643792026462495,0.048519110399059734,0.025922748279900428,0.0001556727758250063,0.00028878226504148704,0.00039829517949839917,0.04878363993913852,0.00021107654889854756,0.00034904936128349036,0.0002056150653431397,0.02396228864911993,-0.00011865087850527665,-0.00015646120155874316,0.025489421997006382,-0.0001694034438335248,0.025235084899573053,0.029381813532505196,0.030056208040021137,0.03002064936377939,0.029819556978768577,0.02395967756188277,0.025484102629385972,0.02522757985423389,0.029381813532505196,0.06027227072890015,0.03420659257738308,0.04892794118900052,0.02688973621505418,0.02489559851523312,2.2593127293865183,0.02580796351588362,0.8499849425795762,0.045815966791568324,0.021327245739148484,1.9292877371218916e-09,2.6795428360001097,345,25.701381333174677,21.41555680438851,25.12304916587142,12.169908354633984,18.027565966528154,16.354180634262867,17.37023101507628,6.886708903472347,0.20001220703125,27462,2.6795428360001097,2.549989086000096,345,1
1.0,0.2,32,2,0.04927666724652607,0.02686600813606265,0.028382615390122674,0.0002501050363572168,-8.831360935260763e-05,0.00015273972792172847,0.048264837971031954,0.026860361989895058,0.0004720914682957775,-5.490238925034322e-05,0.00016075710547992856,0.049422299071203234,0.00042030733454851847,1.0448265771265074e-06,7.520115090744737e-05,0.024260523008235713,-8.093225058185044e-05,-2.4770389792012616e-06,0.02565824289044176,-0.00032884285767793164,0.024260495217803452,0.029088634322692618,0.029694956624787317,0.029216732208725404,0.02933344105206845,0.024254741554777186,0.025653266069828498,0.024255584812157206,0.029088634322692618,0.0600496209138315,0.03454628021737208,0.04898793476292041,0.02736966183869346,0.02472642037216031,2.287548173605501,0.02521912291441915,0.8770946260233989,0.045424856515619,0.020963711255951735,7.6890346957238e-09,2.4522676379997392,332,23.309168726865874,20.809876162837654,22.89128250282107,12.348229716023619,18.371150486892095,16.525112741063413,18.151481032371613,6.874006574298065,0.199981689453125,27387,2.4522676379997392,2.309306817000106,332,1
1.0,0.2,32,3,0.04843416912306105,0.02723048738346224,0.025582886038622937,0.000125194379728499,-0.00031460806244747213,5.2988870640577504e-05,0.04929983287560131,0.027338297093383885,0.00010443013933549827,-4.420105206121292e-05,1.0383187631094646e-07,0.048502214870365254,8.278633319735686e-05,-0.0002897446348658517,-7.642106786695424e-05,0.0254540594375788,-2.3952857344791596e-05,3.1286374178486174e-05,0.02374551579534415,-2.341307466466059e-05,0.025351765244227595,0.030095644244809535,0.029192238751273126,0.030049971212863104,0.029779284736315255,0.025453640193285883,0.023741902329631005,0.025351331542552778,0.029192238751273126,0.060192357117031206,0.03403490622654437,0.0487454056230092,0.026717223505156353,0.024850446825716847,2.2562412724540426,0.025871025593128108,0.8493334155702215,0.04572426127172003,0.021148922217327337,6.050678398860379e-09,2.7169936069999494,344,24.096700680580096,21.027474435952936,23.96870625205498,12.165381841691977,18.01313467591773,17.149500063424867,18.009983472499975,7.147472036665779,0.20001220703125,27390,2.7169936069999494,2.559449248999954,344,1
1.0,0.2,40,0,0.04906898568988298,0.027171590979587806,0.027167752474039467,-4.424659691573092e-07,1.654133158608224e-05,2.0180530868523223e-05,0.04906359431619361,0.027164452362905177,2.6145098081772736e-05,-2.6355225958602982e-06,2.132261871460457e-05,0.04905702293307087,2.9382486899381325e-05,1.6712523846291962e-05,-4.0731452925299236e-07,0.024929627956468227,1.0745219190647962e-06,2.9622211091914583e-06,0.024932701135821786,1.1240771456408075e-06,0.02493595882831544,0.029700157747864935,0.02969864359591661,0.029696613051939116,0.02969847146524022,0.02492959330684569,0.024932686718027418,0.02493593932182079,0.029696613051939116,0.06031259560359069,0.03446632879739345,0.04906320097971582,0.02716793193884415,0.024932762640201816,2.277456613450156,0.000797982135042448,0.8598579675467937,0.04581882056327992,0.021894556854746408,1.8860996566447247e-09,4.876348334999875,360,28.911709359261057,21.68225679778696,28.806445310884374,12.307773253528264,20.048941122527932,15.990495257865946,19.986745853523967,7.012269149775071,0.200140625,50643,4.876348334999875,4.610856753999997,360,1
1.0,0.2,40,1,0.049255754978706226,0.02747112183379816,0.02749566484332282,-9.107757952267953e-06,-3.3469061614403806e-05,0.0003585025243538984,0.0492801079362918,0.027517607361389314,3.2504135049285535e-05,-6.822911563458958e-05,0.00032967119239618814,0.04929481410520282,1.4121564851247196e-05,3.543983342820367e-06,0.0001465871153267946,0.02492053819255124,-0.0001297358990966164,6.2940251209892225e-06,0.0249045064487425,7.507834408838803e-05,0.02485171175609664,0.02958535599593489,0.029585629996648984,0.029575175305685122,0.029582053766089668,0.024919816621046774,0.024903451781206218,0.024848036703736486,0.029575175305685122,0.06045959782000318,0.03475230742655415,0.04927689234006694,0.027494798012836767,0.024892252132463457,2.2855701346720565,0.008078183704151944,0.8680832104325873,0.045754888406419676,0.021764428385734037,7.434369823586719e-09,3.7198836190000293,257,23.97598885345057,21.439795649535757,23.60841333240317,12.319873696327104,19.154563404808574,16.869117189744344,18.257679831537004,7.02602129113645,0.2,50400,3.7198836190000293,3.441238660000181,257,1
1.0,0.2,40,2,0.04897995854621825,0.027102159270745788,0.027122669733574946,-1.6098343202201373e-05,0.0001362005981889699,6.510668721541841e-06,0.04888305282703466,0.02708154734255572,0.00018692105429092115,0.00011966199058125155,-3.8996093144681086e-05,0.04885760079368304,0.0001655409563796449,9.847272204057097e-05,3.382834110816647e-05,0.024795849194621637,-0.00010711685616947716,-0.00016093042751015205,0.024841996462450965,-4.4657817526263906e-05,0.024817902430375474,0.029622442669230347,0.02957772357193353,0.029536041764458534,0.029578736001874138,0.024792832354013132,0.02484101041817309,0.024816652115726447,0.029536041764458534,0.060292783445545284,0.03436923140751156,0.04890687072231198,0.027102125448958816,0.02481858269581602,2.27643867283751,0.006331744453322528,0.8591648173622612,0.045627167058341155,0.021779388374422882,9.50440091823298e-09,3.428455281999959,241,25.427850670550928,22.34925702879058,24.841720963167518,12.33065756653877,19.961130429962875,16.68108774231567,19.666510091048004,7.023017370087655,0.2,50544,3.428455281999959,3.1650435440001274,241,1
1.0,0.2,40,3,0.04887883016341747,0.027181355558060727,0.02697100649066769,0.00017584081913477436,-0.00016773637776510512,-4.639900893194324e-05,0.049421024121678904,0.02766009287619453,0.0002508033551499362,-4.83506140050797e-05,-2.5257765363185483e-05,0.04926157412195014,0.00019820361658720486,-0.0001837245149410931,6.98578138186066e-05,0.025278970885554603,-3.550299432436036e-05,7.584396619772654e-06,0.024627399839324667,-0.0003403757261692067,0.024829621197703874,0.029836081942808006,0.02964155381598026,0.02970506646828262,0.029727567409023627,0.025277536894948018,0.024621665542601014,0.024824570258133078,0.02964155381598026,0.06057596304827429,0.03456980646885671,0.049187142802348836,0.02727081830830765,0.024911997307527717,2.273373650248792,0.013122769363251668,0.8574684318428725,0.045830953842219295,0.021667692736823212,9.838359059321844e-09,3.701805572000012,255,24.24471235728629,21.968574888057127,23.856606242067848,12.29408712203301,18.739356512477165,17.17882187342837,18.616781488558676,7.038395749542096,0.2,50472,3.701805572000012,3.394192627999928,255,1
1.0,0.2,48,0,0.04850924614029515,0.026593419931862775,0.026591367108778793,5.892364970199003e-06,3.7746413533814526e-06,-3.976145814503993e-06,0.04850924614029618,0.02659136710877805,3.7746413533771637e-06,5.892364970197273e-06,-3.976145814505235e-06,0.048509258435603234,2.6443991571125354e-06,2.644399157108234e-06,1.3659657548452713e-06,0.02476005228468718,-2.0247812591846574e-06,-4.516444701032171e-07,0.024760052284687282,-4.5164447011213785e-07,0.02476262365023602,0.029677033109539532,0.029677033109541145,0.029679012585518853,0.02967769293486651,0.024760051365917416,0.024760051365917517,0.02476262262362103,0.029677033109539532,0.05974217735951598,0.033897782765898686,0.04850925023873152,0.026592051383139872,0.024760909406536826,2.2594958023314806,0.00018533546694197916,0.8424871517517811,0.045560048340717,0.02191582588354881,4.313502968624961e-10,11.575937199999771,420,23.17128006558223,22.104314156699687,23.131194603832693,12.315848146795432,19.66010168063803,17.130578260331397,19.471473459440045,7.01638086377797,0.2000144675925926,83328,11.575937199999771,11.071221396000055,420,1
1.0,0.2,48,1,0.04925998815708266,0.02722338077515808,0.027257900683316523,2.213763785992049e-05,7.748965173154626e-05,-4.1050623928777115e-05,0.04926842989068016,0.027157638379987057,0.000125962751345052,4.9784595420198263e-05,-5.8982836424496564e-05,0.04929967888282245,0.00011838036533516316,0.00010692733402421065,-1.0563236584067428e-05,0.024940099486288742,2.171402015525677e-05,-5.608340451782505e-05,0.025051681212071204,-1.6248489804039586e-06,0.02501964512493991,0.029844913912963397,0.029948779284061214,0.029942672352544317,0.02991212184985631,0.024939422564517203,0.02505141255162245,0.025019425746666043,0.029844913912963397,0.06052564222333225,0.03456669052362782,0.04927603231019508,0.02721297327948722,0.025003808607766617,2.2665767764085434,0.0038757460938302754,0.8494493138236896,0.04602458453935408,0.0219982853501184,2.1698657671041904e-09,11.912071477000154,469,23.64002226770729,21.908697358238356,23.216768926642537,12.262740893494946,19.53005726748456,17.024051286903784,19.099139397909163,6.990783877418973,0.2000054253472222,83565,11.912071477000154,11.472301284999958,469,1
1.0,0.2,48,2,0.049220335521130205,0.02774895008571002,0.027307068182997496,-1.225385601231838e-05,-0.00024998757096712906,-4.6107877772135004e-05,0.0492990897345574,0.027482841693971454,1.8563096345136162e-05,-0.00011918166198850012,-6.679216421252524e-05,0.0491480212987016,2.1069676027300203e-06,-0.00021174012350401236,6.992442456134898e-06,0.024865599538965787,-4.7871459405796235e-06,0.00011747802365103171,0.024694055886592643,2.483079090450127e-05,0.025105534924671283,0.02945790547922918,0.02935702874772286,0.02965627327092948,0.02949040249929384,0.02486502629145423,0.024692526269378193,0.025104786999164463,0.02935702874772286,0.060374527279096,0.034746986853611925,0.04922248218479639,0.027512953320892992,0.024888396783409907,2.2928546206078226,0.007834867425527416,0.8754899213408782,0.04569701828125909,0.02149475351821761,3.815990757267353e-09,11.605083395999827,455,25.521471549536315,22.792886216038045,25.391657610697642,12.358080294678505,19.456932281212982,16.99804228831584,18.80655839505212,7.084061109699496,0.19999638310185186,83682,11.605083395999827,11.161566057000073,455,1
1.0,0.2,48,3,0.04925948645931655,0.02773349543598281,0.027136327531534037,-2.1471245862874894e-05,-0.00020558422905934753,4.947668068192783e-05,0.04949130888690199,0.027528938543498173,-0.0001240049457823924,-0.0001567857697603687,8.905701415861583e-05,0.049158647860066504,-9.851892795977075e-05,-0.00016882077318271615,-1.872489804066328e-05,0.025008936625800126,-8.022215430509057e-05,9.356321048364006e-05,0.024626692559208654,6.266097474589714e-05,0.025184722927825396,0.029666611004511467,0.02948935594949825,0.02977899930601361,0.029644988753341105,0.02500787257952609,0.024625311598466416,0.02518389400565572,0.02948935594949825,0.060490091934855876,0.034741313561704894,0.04930314773542835,0.027466253837005006,0.024940117370944728,2.284218395432644,0.009545671961131342,0.8674558732600781,0.04583513731177277,0.021582932870408505,8.273678596181774e-09,12.170461071999853,474,25.11197851340185,22.118974631773355,23.904510368849248,12.31085772701696,20.94589283677374,16.836207265861486,18.964443755698333,7.085168916032671,0.19999638310185186,83634,12.170461071999853,11.747795713999949,474,1
1.0,0.2,64,0,0.049535910888680645,0.027562548110573536,0.027562659563026375,-1.936942883166722e-06,9.612608924071554e-07,1.026190105206546e-06,0.0495346030882655,0.027561661860572066,-2.0821228799491904e-07,-2.698123633975531e-06,1.5503013829296023e-06,0.049535412424742506,2.1181942327019101e-07,6.43204567988779e-07,-1.7829775331583855e-06,0.02507512181110532,8.412192024211819e-07,1.8036575259027435e-06,0.02507584663942608,1.6404383761129665e-06,0.025075885650977285,0.02982825954253479,0.02982808700680018,0.029828684910400943,0.029828343819911975,0.025075121523178968,0.02507584612601034,0.025075885119459344,0.02982808700680018,0.06069169187555269,0.03488662945839616,0.04953530880056289,0.027562289844723992,0.02507561803383623,2.2824008011127557,8.270292077314391e-05,0.8646432320178512,0.04609077455476231,0.02197265029077038,8.072232688188237e-10,30.28687320400013,457,31.305709836135343,22.520595627624765,25.5300071568148,12.34511224050988,21.359125297575552,16.86307800762082,19.79947768995124,7.025502532922406,0.20004653930664062,187971,30.28687320400013,29.252434042000004,457,1
1.0,0.2,64,1,0.0496526456145389,0.0277021300120997,0.027640766523145212,-1.1925989596521715e-06,-6.268488179287609e-05,-9.441203195080087e-05,0.04969467526837741,0.027660127940206215,-5.6709440475234014e-05,-1.0931862360999808e-07,-8.570707208447223e-05,0.049579503114247025,-7.558495376777282e-05,-9.18503793742444e-05,-5.38993993906522e-05,0.025079978770293235,6.208775940704398e-05,-1.1566647142487515e-05,0.025061598712079063,-2.2550146638489446e-05,0.02511901948481192,0.029840364275836844,0.029858172224912237,0.029817263087952323,0.02983859986290047,0.02507962719936469,0.0250611488183001,0.025118778704590256,0.029817263087952323,0.06088610370610567,0.03499203271400366,0.04964227466572111,0.02766767482515038,0.025086865655728072,2.283260294862007,0.003320529076028315,0.8655563179409889,0.04612274048678559,0.021971139326566465,3.0566339091490953e-09,39.896527596000396,587,26.088523825470123,22.91394486752109,24.594233433848803,12.345828142689813,20.898178611588186,16.98279918165895,19.96943083606197,7.028701871748205,0.20000076293945312,187551,39.896527596000396,38.68793484400021,587,1
1.0,0.2,64,2,0.04970242271206578,0.027713719610220035,0.02773377776557256,-3.4696392113164774e-05,-9.846604903564116e-05,6.76574009206167e-05,0.04963922605535474,0.027672179650192384,-5.591185896259803e-05,-4.522174757210084e-05,7.371768606071011e-05,0.04967528375159051,-6.736770859504773e-05,-0.00010987245855914432,2.3249578016123984e-06,0.025061568826880497,2.2590914484459714e-05,1.8746951157146067e-05,0.025114671536509637,8.840727782190487e-05,0.025101265936246286,0.029823529484857822,0.02982832877982228,0.029840132726190734,0.029830663663623608,0.025061430541563606,0.025114027882576145,0.025100732461454205,0.029823529484857822,0.06085199935926617,0.03502794950833688,0.049672310839670344,0.02770655900866166,0.025092502099878806,2.284693216323799,0.003590943394800545,0.8669481570354591,0.04612863642721597,0.021946269204049303,8.565720670802378e-09,38.648238322,586,27.140471825997924,22.71189913597672,24.88916170026042,12.343000961288634,20.439132573628484,16.857196970850683,19.93232311823107,7.023173833674195,0.20000076293945312,187743,38.648238322,37.47706961299991,586,1
1.0,0.2,64,3,0.049525466458303614,0.027556806277704796,0.027593777165286458,4.403734027511789e-05,3.8760916922214976e-05,-5.154484843976426e-06,0.04953956720182173,0.02761837729608371,-1.77721976860008e-06,-3.402411236091297e-05,-7.296974490770804e-06,0.04956477612206105,1.3341274069132482e-05,2.5170509407240346e-05,-1.3600151713102093e-05,0.025092902635179968,2.8003818398128698e-05,3.878060231233676e-05,0.02507235114908657,-5.720541887660665e-05,0.025039091713698034,0.02981840043503266,0.029806774713723286,0.02979298967962242,0.029806054942792787,0.025092751809150347,0.02507204996426974,0.02503889716272927,0.02979298967962242,0.06076767305788516,0.03490747878753188,0.04954326992739547,0.027589653579691654,0.02506811516598819,2.2837344671562625,0.0019980378990796573,0.8659785557508366,0.04607374506878158,0.021929232916803952,6.075159305908747e-09,38.53352561899965,590,27.491679506541733,22.54243505912716,25.76577537723047,12.361303547767935,20.557646185016832,16.996839740876514,19.4114096982618,7.030621420389944,0.20000076293945312,187839,38.53352561899965,37.442542828000114,590,1
1.0,0.35,16,0,0.12309424379714431,0.06270247978200255,0.06273944839844979,0.00044787962549735073,0.0009072397623581681,0.0007846211672657168,0.1231678557013831,0.06270873935979025,0.001113743772303047,0.00039611592662131174,0.0008243257842362358,0.12301736552086116,0.001045943741045742,0.0008817981603432926,0.0003633172088872312,0.06302711799130607,0.0004508699614185735,0.00033393278935875555,0.0631209475565099,0.0004161509107324764,0.06293937433370378,0.0807415565906383,0.0808321405259036,0.08066715237977233,0.08074694983210474,0.06300872702660333,0.063105985056768,0.06292763238056746,0.08066715237977233,0.15454027130188364,0.08281537540219129,0.12309315500646285,0.06271688918008086,0.06302914662717325,2.0878782668812237,0.01516797190774872,0.681345964837007,0.11836514995383964,0.06030361102574142,2.6725013650352315e-09,0.26215244899958634,157,9.517895633894708,8.670636070555526,9.490795592651853,5.5703749645919345,7.290949423424411,6.724866038422977,7.177004066896849,3.508700439200569,0.35009765625,6690,0.26215244899958634,0.23048602899962134,157,1
1.0,0.35,16,1,0.13286504584209563,0.0655341700269758,0.06443417098930798,-0.00014845595864237016,6.582229022219862e-05,0.0012991913719789527,0.12640483469624164,0.056968357519715934,-0.00028386720320225015,-3.095682237568581e-05,0.0011392107781074024,0.1257294685302989,-0.00034822376222911884,0.00023243394046771788,-0.00016048266026284148,0.061350327449708336,-1.698954553925456e-05,0.00012228054481159913,0.06757356911455963,-0.0003036287597980302,0.06850570110269225,0.08670317909472267,0.08735865700189002,0.08772464624242757,0.08726216077968009,0.061348916109816125,0.06757162175604091,0.06847903573200609,0.08670317909472267,0.15770099483940309,0.0840500125142153,0.12833311635621206,0.062312232845333236,0.06580986588898674,1.993607549288331,0.04500315203601589,0.6163039952649845,0.1248188534027196,0.0626511516217045,1.920691409580886e-09,0.24181610200048453,134,8.728961542936892,8.550651670656944,8.712932123695328,5.4244502964537,6.556466172302231,6.454233152929994,6.550473866037535,3.4204211824189197,0.35009765625,6558,0.24181610200048453,0.21328480100055458,134,1
1.0,0.35,16,2,0.12804992634453113,0.06430275365493283,0.057530230758474785,0.00028340414020512774,0.0010332605678060672,6.310665052153516e-06,0.1335522295229223,0.06331920468389143,0.0016467340434249197,-0.0002924340736105568,0.00019870664196527105,0.12723743747239843,0.0017364686274328632,0.0008843864790023522,0.0001349399739976878,0.06807145345665169,-0.0001422152243189777,0.0001459059946180042,0.06316323001499811,-6.208729025138254e-05,0.06890020056370438,0.08954520180393552,0.0895419882113893,0.08965869022687925,0.08958196008073468,0.06803443408470632,0.06314264501330855,0.0688994189891243,0.0895419882113893,0.16004814159065817,0.08415240119182399,0.12961319777995065,0.06171739636576635,0.06671162801178473,1.9651179195845778,0.038257503333107234,0.5830160408968403,0.12693149123495587,0.06543680371451403,1.3306198329202557e-09,0.19721285800005717,133,9.191313427480669,8.471306124020995,9.14762618424859,5.383906017101662,8.241695420385534,6.513754040290349,8.097569431619737,3.4845810692105976,0.35009765625,6576,0.19721285800005717,0.17520661800062953,133,1
1.0,0.35,16,3,0.13065781617365738,0.06151897500453897,0.06319489794094162,-1.269682974383254e-05,-0.0011666228785135846,-0.00020051060379719154,0.1281929580039118,0.0602145537941946,-0.00047441954154283956,-0.00011520260674939846,3.6506784241366094e-05,0.12977962253918796,-0.0001286196751533717,-0.0017122682587142723,0.00020970947595421756,0.06533541707770868,0.0001341684041674445,0.00024179503732903472,0.06787301213661928,-0.0002503102342444711,0.06656881062981303,0.0895386502948178,0.08986384224175449,0.08983882890314689,0.08974710714657305,0.06533203922397533,0.06784120946067648,0.06656572432502053,0.0895386502948178,0.1595313551655215,0.08423696507939459,0.12954346557225238,0.061642808913225065,0.06659241328138032,1.961465958003425,0.018779565679036502,0.5687031452126465,0.12690528001558357,0.06687737095473596,3.023780365602549e-09,0.25947811599962733,133,9.948557674559611,9.271553206588012,9.940500168159637,5.354425704011501,6.557976210555067,6.359464467988947,6.55780241155619,3.4100193288162854,0.35009765625,6582,0.25947811599962733,0.23194785099985893,133,1
1.0,0.35,24,0,0.12678995796837145,0.06140373054236273,0.06139951334696094,-0.0001132892326590205,5.721901453571137e-05,-6.831693669052367e-06,0.126845021680347,0.06146405165066243,-4.8336566062631365e-05,-0.0001331484393742762,7.319475645552236e-07,0.12686019810449675,-2.264598786260298e-05,6.357760623537947e-05,-0.00012429059509706596,0.06505864674021342,0.0001293244737449137,0.00011961933094918542,0.06500447588934066,0.00012732766343899094,0.06500712508927102,0.08674908339888063,0.08674218620681465,0.08675951441552816,0.08675026134040782,0.06505805791913705,0.06500358728835434,0.0650064830772802,0.08674218620681465,0.15513052144854508,0.08322542489607841,0.12683172591773842,0.06142243184666203,0.06502341590627503,1.9882011212540514,0.0022545747533740585,0.5894451500005271,0.12361434732572504,0.06538657347462458,7.486134230239621e-10,1.0713786460000847,195,10.192361846999848,9.824578223225256,10.085904322829421,5.501938827908007,6.873103787867646,6.722042317809148,6.839592227958302,3.482520890767853,0.35011574074074076,19536,1.0713786460000847,0.9676145470002666,195,1
1.0,0.35,24,1,0.12879460174038584,0.06189849215355157,0.06386482545804502,1.9891852195951274e-05,-0.0003409012309998955,-0.0003568284471644252,0.12761842251302472,0.06275761424517799,6.586459382484587e-05,-0.00014329933338588267,-0.00025900711825283115,0.12974983959569958,4.477741631518919e-05,-7.270484193323134e-05,-0.00015112702950843783,0.0655496438484367,-0.00011644187049780736,8.350911221822567e-05,0.06643452310367208,2.6852306420705937e-05,0.06488822663176663,0.08747188570412519,0.08738764175350137,0.08757637076695389,0.08747863274152681,0.06554929344003617,0.0664333075952916,0.06488700905458067,0.08738764175350137,0.15703232236499837,0.08478476145801048,0.12872095461637004,0.06284031061892487,0.06562413119462514,1.9922128022054553,0.01004264000315237,0.5939339248806572,0.12485969642580261,0.06535122052743456,1.5345045601432649e-09,1.0483732929997132,186,10.908449199119802,9.042006498346382,10.904834103215673,5.451540425939032,8.046423894128043,6.868527263981865,8.027757579586531,3.469128265229761,0.3499710648148148,19602,1.0483732929997132,0.9438436840000577,186,1
1.0,0.35,24,2,0.12852964763522337,0.06325190000136674,0.06309460732860402,0.0001925566320778687,-0.0011992345514577282,0.00016758079831273777,0.12850216681366117,0.06311539079563479,0.0005115480160902291,-5.2054519857882646e-05,4.817365752268271e-05,0.12795190891750122,0.00046464874317404744,-0.0012436904745980523,7.681551185447412e-05,0.06531900359778033,0.0001858131387264144,-0.00012070561858001107,0.06530644823066906,0.0001685462027943309,0.06533999676576518,0.0868057102533083,0.08676251193662889,0.08640854480531758,0.08665892233175158,0.06531553960024171,0.06528328699280858,0.0653390959350713,0.08640854480531758,0.1571750856181445,0.08486489794090993,0.12832790778879524,0.06315396604186853,0.06532181619807152,2.004537839731069,0.01098081377970492,0.6049726382154894,0.1241396295737206,0.06506929483427182,3.0842933344845548e-09,1.0735223719993883,195,10.31622486102874,9.270383717717037,10.207390614401612,5.491851271585704,7.625691603254709,7.119654365731351,7.548474778303316,3.4903553699167533,0.3499710648148148,19602,1.0735223719993883,0.9745777520001866,195,1
1.0,0.35,24,3,0.12847399903677242,0.06286307077096767,0.06291806931662365,8.733768088872887e-05,-0.00026528424310489154,0.0006890214951563012,0.1284137300991103,0.06297496335157846,-0.00017536342055462416,0.00012098431879347506,0.0006165163531426598,0.128461510931252,-0.0002803905552780196,-0.0003407408379149065,0.00014551128629907394,0.06549549234299948,-0.00021260540212539325,-1.273732570538394e-06,0.06546732744166772,-7.223599550498386e-05,0.0653806788356055,0.0871429373306616,0.08704021114499762,0.08703483437144774,0.08707266094903565,0.06549352924248525,0.06546437474526566,0.06537517719103757,0.08703483437144774,0.1567235958417101,0.08475816243143823,0.12844974668904494,0.06291870114638994,0.06544783287342425,1.9974603588713815,0.0064729993468772345,0.5980354273306432,0.12446536655387944,0.0654530195627222,1.976783984712183e-09,0.9921369769999728,186,10.281391894750385,9.516036896339537,10.245516357485977,5.479173204616218,7.618948650337644,6.899300649239097,7.540523535718219,3.485854428012129,0.34989872685185186,19527,0.9921369769999728,0.885409964000246,186,1
1.0,0.35,32,0,0.1290649830378675,0.06285364398729787,0.06285962148144376,4.33156641868556e-06,-6.5603622889015026e-06,-5.839263478076606e-05,0.12908488496042508,0.06286241581947608,2.9664438720509404e-05,-6.079796017157207e-06,-6.590271482290903e-05,0.12907408843996043,1.3583263389604063e-05,-6.551924227570929e-06,-3.2320979771320535e-05,0.06576203485538401,-1.706269097450994e-05,-9.310798449534399e-06,0.0657614760850778,1.29482421850497e-06,0.06575126437543961,0.08789671861741982,0.08791204027643366,0.08789723153593337,0.08790199680992895,0.06576202118994384,0.06576147114912054,0.06575122156211789,0.08789671861741982,0.15691323252305148,0.0849305446291235,0.12907465214608435,0.06285856042940591,0.06575825843863381,1.9861715402955649,0.0005893930926893637,0.5875849664055801,0.12524064851159128,0.066209436986304,4.910627796566768e-10,3.0855757530002847,235,10.434182134069948,9.690741071815596,10.417923275780245,5.4798331959195075,8.027253377222033,7.4066199976914024,7.9566626701580505,3.493105429852035,0.349761962890625,43431,3.0855757530002847,2.8433676270001342,235,1
1.0,0.35,32,1,0.12808721226379663,0.0631071804660741,0.06307503478370323,4.801495829725671e-05,-1.7799915712839645e-05,0.0004382631628094322,0.12897233104842432,0.06428683776766099,-0.00019347502506891607,-9.972871372610618e-05,0.0003182472768960315,0.1287250867001302,-0.00037705177415336245,0.00011414160606439321,-7.637968913074419e-05,0.06602763398694697,0.0001251992185802375,0.00010778474255677182,0.06502247189159571,0.0001138729466250641,0.06498838879592087,0.08686473965572349,0.08658602205341889,0.08639268730245009,0.08661448300386416,0.06602547974466494,0.06502167091945436,0.06498517182343108,0.08639268730245009,0.15660542673250233,0.08518577225849319,0.1285948766707837,0.0634896843391461,0.06534616489148784,2.0074025604170793,0.007720227859760229,0.6073473940383725,0.12419480343470478,0.0645553679744538,1.6908633070759773e-09,3.0535012750001442,245,11.119332350800374,9.370578222004298,10.919487214708449,5.517776200832084,8.131600625592426,7.322282113313996,7.924546121308339,3.5079982173722186,0.350006103515625,43383,3.0535012750001442,2.7991840499998943,245,1
1.0,0.35,32,2,0.1281971948643292,0.06406845510174593,0.062020438600436455,-5.7580982720534344e-05,1.2285140698740099e-05,4.823500967271519e-06,0.13011685785631671,0.06427979555452025,-2.1886344920040368e-05,-6.643769148106468e-05,-1.1002127662037008e-05,0.12843452150893686,-0.00010432035515344882,3.733646210851669e-05,-9.137395160845852e-05,0.06614598591107508,0.00012191695421349406,0.00012547535815615404,0.06431037511215237,0.00010184152816850506,0.06600178566598816,0.08711046609166095,0.08684247357563443,0.08713624701534471,0.08702972889421337,0.06614541943037473,0.06430990271302753,0.06600129400752112,0.08684247357563443,0.15673749494826317,0.08525805006114794,0.1289161914098609,0.06345622975223421,0.0654860488964052,2.000797044120342,0.011706700926948378,0.6022144378676737,0.12456826139115794,0.06460447073714756,2.7052466430760906e-09,3.20690989600007,249,11.02326498759452,9.484668431275715,10.864565198381731,5.497644532938361,8.111787615847879,7.49531620303641,8.053600810849456,3.5200482207361614,0.350006103515625,43383,3.20690989600007,2.9630499360000613,249,1
1.0,0.35,32,3,0.12961037342959256,0.0628770374596243,0.0655415799940491,9.549944378700872e-06,-8.917355001869454e-05,-0.00013924314420662133,0.1277431513063143,0.0629708873141064,1.484802724854169e-05,-6.930971853467953e-05,-0.00018457647442968737,0.12987449332737502,2.2045200576062747e-05,-8.540441297189137e-05,-8.949684600625855e-05,0.0648026608758359,-5.5182577074613946e-05,-0.00011001080035247657,0.0669712460994134,1.3118796997355982e-05,0.06476238086241703,0.08658587512851143,0.08719253126429,0.08673656147005812,0.08683832262095319,0.06480242464159926,0.06697111645500979,0.06476189733629166,0.08658587512851143,0.1569903073078969,0.08553203289824367,0.12907600602109398,0.06379650158925992,0.06551209594588878,2.007126019600765,0.014110748605403461,0.6086237997739365,0.12453731038081041,0.06420050744257327,1.4124744979511925e-09,3.0173236309997264,243,10.824504560418319,9.446498209263842,10.542595572186237,5.501496882772834,7.857844650850853,7.143609501090113,7.826655636830438,3.475318621168322,0.350006103515625,43374,3.0173236309997264,2.774931424999977,243,1
1.0,0.35,40,0,0.12818339847953694,0.06401868775411458,0.0640293973802171,1.0065670876675147e-06,7.366227610511889e-06,2.7808572617156998e-05,0.1281833984795354,0.06402939738021686,7.3662276105068746e-06,1.0065670876688394e-06,2.7808572617160304e-05,0.1281933946593302,1.0532254986430935e-05,1.0532254986477362e-05,1.8271101785912173e-07,0.06499285152381928,-8.983533859978324e-06,-6.9829622348960684e-06,0.06499285152381946,-6.982962234904073e-06,0.06498345282925386,0.08553304292911314,0.08553304292911196,0.08553241751639523,0.08553283445820678,0.06499284833296008,0.06499284833296025,0.06498343934701219,0.08553241751639523,0.15553582983866554,0.08541278814034499,0.12818673053946752,0.06402582750484952,0.06498971862563087,2.025835533847324,0.0002746525008962341,0.6233514165486573,0.12330381658241656,0.06415707775467921,5.383068462111615e-10,8.545747951000067,294,11.118805365880498,9.420479569634939,11.073330545540959,5.561979919105925,8.814039044643454,7.491109982919761,8.785398288154564,3.522242732454505,0.35,81000,8.545747951000067,8.047122706999744,294,1
1.0,0.35,40,1,0.12956197031368838,0.06441180829716299,0.0638807815386199,-6.99109279765244e-05,0.00015722828729000622,0.00021173819548730237,0.12950964962976802,0.0637227175911659,-2.952820998976115e-06,-3.895971504365771e-06,0.00022845498483899256,0.12911156724038092,-2.0472220749642466e-05,0.00013698572817345155,0.00010903764162533567,0.06535580479051085,3.328994121881532e-05,-0.00011552218163345195,0.06550288760335778,9.851364494534215e-05,0.06594746012273961,0.0869278487454332,0.08702005977535122,0.08713434668967521,0.08702741840348653,0.0653555372397261,0.06550237805508438,0.06594659183719626,0.0869278487454332,0.15709331530229154,0.08579962520294203,0.12939439572794575,0.0640051024756496,0.06560205083886943,2.006507413553236,0.004195493258709795,0.6060305194853548,0.12476952738760357,0.06511275337895057,1.5222974520596365e-09,5.870574081000086,196,11.083361332363648,9.505421058839662,10.783244894012164,5.507901887401962,9.020955647093105,7.451013123853104,8.345490391153495,3.5072829370343452,0.35,81216,5.870574081000086,5.329982104999999,196,1
1.0,0.35,40,2,0.12794174743868705,0.06359614051748694,0.0634784038244528,-0.00016468467052095745,-0.00012039767618410497,9.56804840507639e-05,0.12928308523189364,0.06493542235928251,0.00011528527096704118,-7.352716823160826e-06,0.00016855077674269035,0.12908390496923744,8.289372919779448e-05,-5.498399292129868e-05,-5.398406490097746e-06,0.06604973158091393,-4.3265805788647294e-05,-8.061778925522861e-05,0.06485687431602567,-6.426372885516916e-06,0.06492608518960814,0.08634784020049721,0.08625166234077906,0.08617939266918641,0.08625963173682089,0.06604888265196214,0.06485670147689312,0.06492566166001353,0.08617939266918641,0.1563177170857602,0.08558390552820744,0.12876957921327273,0.06400332223374074,0.0652775636955159,2.015789293370636,0.007850384103313615,0.6149086167991715,0.12400542744696053,0.06424734607888334,1.369922109583205e-09,5.835313000000042,200,12.449257353418137,9.478348022540473,11.141553546240095,5.537283319775221,9.894187114967655,7.665855074203129,8.724612724541268,3.5223532485257,0.35,81192,5.835313000000042,5.360825750999993,200,1
1.0,0.35,40,3,0.12994523918490045,0.06420156752288256,0.06475141935087965,-3.3306639697215706e-05,-0.00016061638875105577,2.8037925456085124e-05,0.1284886357880404,0.06310653197382489,-1.2194688277952624e-05,-0.0001048076002268981,-6.192544027956911e-05,0.12902256393252026,5.179159596734379e-05,-0.0002366951840364082,2.3699108641912782e-05,0.0647326851376734,-5.828973461246719e-05,4.24418061915121e-05,0.06607805973773856,-6.634070023016199e-05,0.06561938983402253,0.08660862986371487,0.08676275449422292,0.08675193060592773,0.08670777165462183,0.06473254599700076,0.06607748120017519,0.0656192168572464,0.08660862986371487,0.15667958032420162,0.08572169466419002,0.12915214630182037,0.06401983961586237,0.06547671156981151,2.010575546955955,0.008023733382449837,0.6102132445372241,0.12446346238241035,0.0645836480258896,1.7607211945283368e-09,5.55688006399987,198,11.473096183584975,9.54445570795323,10.752868837120516,5.520345071077334,8.429791461524061,7.440640260189856,8.056851913969519,3.49811588547467,0.35,81192,5.55688006399987,5.059323119000055,198,1
1.0,0.35,48,0,0.12989413017182708,0.06434401837398249,0.06436295036014394,-2.8180937919696585e-06,2.136837210456051e-05,3.447481720416522e-05,0.1298941301718281,0.06436295036014453,2.1368372104548935e-05,-2.818093791966015e-06,3.447481720416763e-05,0.129886969118081,1.6510224442858795e-05,1.6510224442833025e-05,3.586817388028064e-06,0.06577692088401149,8.023462763537242e-06,3.520374436738534e-06,0.06577692088401152,3.520374436727369e-06,0.06575478357057948,0.0872552818636201,0.0872552818636205,0.0872322148881936,0.0872475928718114,0.06577691313730134,0.06577691313730137,0.0657547667037382,0.0872322148881936,0.15736798370457547,0.08620166098371704,0.12989174315391205,0.06435663969809031,0.06576954177953416,2.0071545877354255,0.00037580424584605373,0.6064480383763282,0.1251184558958137,0.0655200735603887,6.399615016438198e-10,17.2332498400001,350,10.629782316399071,9.519114091527147,10.543531756764784,5.5121879856696765,8.454629984381715,7.55735626414761,8.292105848592117,3.505340811560089,0.3500072337962963,136260,17.2332498400001,16.341195768000034,350,1
1.0,0.35,48,1,0.1298979843681609,0.0642220443871126,0.06424247007708334,5.52279764852918e-06,-0.0002545139958564153,0.00019254738176527515,0.1298115793770028,0.06434834528132125,1.4800354279830911e-05,-5.090933217439101e-05,0.0001303936025444811,0.12982519404388893,3.427393791603624e-05,-0.00017153752088646824,3.81382845837711e-05,0.06586500263305911,-2.1775261011853664e-06,3.468358396823373e-05,0.06572857881530969,1.8836653691519974e-06,0.06571161122519713,0.08739987789967396,0.08723009660454147,0.08722424720695121,0.08728474057038889,0.06586497383554149,0.06572796566414783,0.06571124058997557,0.08722424720695121,0.15747702318641837,0.08612832929389293,0.12984491926301758,0.06427095324850572,0.0657683975578553,2.005930144389937,0.002351861766415411,0.6053850284984978,0.12512493052162646,0.06546939669740708,1.1382383752658673e-09,17.035830901999816,349,11.515277966698472,9.58650914723862,10.88838574147834,5.514821986828812,8.5557300009666,7.57256845538326,8.401606335599869,3.5070487801514103,0.34999819155092593,136161,17.035830901999816,16.254498929999954,349,1
1.0,0.35,48,2,0.12918131875219793,0.06461788175153906,0.06394265044502556,8.610667434187647e-06,0.00015089654270989384,7.296073987057987e-05,0.1295984946670338,0.06430693102805314,-3.030031353969798e-05,0.00013205786647443461,7.378173853802394e-05,0.12910645027529716,-1.4462231934100997e-05,9.423282942211461e-05,6.437112571254654e-06,0.06547954534637765,-1.6823107770438076e-05,-2.9773560235398902e-05,0.0651949527083818,1.2244102396133527e-05,0.06575417288215263,0.08650680846205268,0.08655592269647,0.08671609174203278,0.08659294096685181,0.06547951404813696,0.06519473697841836,0.06575408118561459,0.08650680846205268,0.15676698545029077,0.08595641625944525,0.12929542123150964,0.06428915440820591,0.06547622364563735,2.014458815904966,0.0034194703416739317,0.6131673404447824,0.12443985117304701,0.06475459420129262,1.8091904949820248e-09,16.179477753000356,336,10.925821852123702,9.622336312887477,10.795889677810562,5.530520394417255,10.597489615974172,7.677004006951125,9.148204389648415,3.520503170836304,0.34999819155092593,136329,16.179477753000356,15.33919082300008,336,1
1.0,0.35,48,3,0.12961175617031245,0.06431280127537095,0.0642069899796584,-2.832785564258912e-05,5.0045842738457604e-05,4.48905724098818e-05,0.12953162100849255,0.0641017531575247,0.00019571231823351158,0.00012545164604661188,5.256661582885199e-05,0.12958152451991772,0.0001793008152284139,1.2454264407456733e-05,-1.538234398328533e-05,0.06554362384771963,3.245427799380852e-05,-4.6404593110000876e-05,0.06562656258200653,-0.00010850075219057135,0.06575463310002318,0.0869657062514986,0.08698696085144035,0.08712514056104556,0.08702593588799483,0.06554294170875014,0.06562622057824857,0.06575436972965314,0.0869657062514986,0.1570728632028824,0.08599611362160957,0.12957496723290757,0.06420718147085136,0.06564160650991643,2.008377849874155,0.0022407751942109637,0.6076004861823172,0.1248402285514304,0.06525160713034324,3.042055815171118e-09,17.455155299000126,352,11.515585426165098,9.598967841760771,10.954605488806399,5.516389304392631,9.658358964570198,7.473254762095997,8.782779447702604,3.510801603850484,0.34999819155092593,136233,17.455155299000126,16.62610510400009,352,1
1.0,0.35,64,0,0.13016886900337307,0.06475426092136555,0.06475287737492919,1.2959128069304525e-05,2.266526754901051e-05,2.9462558615120686e-05,0.13016886900337687,0.06475287737492902,2.266526754897229e-05,1.2959128069306068e-05,2.9462558615121127e-05,0.1301682794995775,2.243772733489497e-05,2.243772733495727e-05,1.594108842065222e-05,0.06583144863148276,8.439770295067247e-06,6.076282611310277e-06,0.0658314486314821,6.07628261128956e-06,0.06583362855196613,0.08714615219391722,0.08714615219392077,0.08714685374695177,0.08714638604492993,0.0658314417250715,0.06583144172507084,0.06583361837422658,0.08714615219391722,0.15764173105123325,0.08655842903215213,0.13016867250210915,0.06475333855707459,0.06583217527164367,2.0127444530653733,0.0003813856959217058,0.6114948408810523,0.12518435627803728,0.06541460523716158,8.752211748133661e-10,51.26224554300006,436,11.687693955474684,9.739452535591047,10.947989585426251,5.525610319213075,9.908333650659364,7.371237087373108,9.234611113061593,3.5135637834943085,0.35004425048828125,310830,51.26224554300006,48.96814040400022,436,1
1.0,0.35,64,1,0.13031765773390966,0.06470374030499919,0.06456026503624727,2.703890176146654e-05,-3.3731977874229155e-05,0.00011656135832191055,0.13030715487677635,0.0645283200224445,-5.408533502346785e-05,3.4428804073449584e-05,0.00011475898273986454,0.13023942160041188,-6.441267165559413e-05,-3.855919775011265e-05,0.00014547891802030473,0.0658595228414206,-4.9611205619063764e-05,3.7811844899374206e-05,0.06588796702325085,3.795394087733681e-05,0.06601313354546229,0.08742975696250378,0.08744858069913869,0.08751495814876646,0.08746443193680299,0.06585937655329897,0.0658878552008353,0.06601289834767077,0.08742975696250378,0.15781061974692887,0.08649400242710262,0.13028807807036596,0.06459744178789699,0.06592020780337791,2.006989474722753,0.0017057681393175058,0.6063195891636344,0.12543062772625763,0.06560705232121904,9.416251207353118e-10,50.310759271999814,427,11.762147981429447,9.74688172873061,10.92280765824663,5.513528804949121,9.161910627191498,7.6048542252804365,8.65778954981897,3.5104149924061425,0.3500022888183594,310869,50.310759271999814,48.001170731,427,1
1.0,0.35,64,2,0.13036014004201144,0.06473719655340596,0.06478708789627481,5.4914273190526356e-05,9.722588952554352e-05,-0.00011122785185709263,0.12993729698200726,0.06419558974145552,-1.1709625071184404e-05,1.9219459753393044e-05,-0.00010605971447892106,0.12989228306200315,-1.654489464306564e-05,2.104417450666396e-05,1.557884180367566e-05,0.06550124114455749,6.9586942426421976e-06,1.786164870940772e-05,0.06599891459612582,-9.937764678523471e-05,0.06594047431479653,0.08714592043859198,0.08729231500672112,0.08720784504631247,0.08721536016387518,0.06550118580626459,0.065998679583587,0.06594011091522382,0.08714592043859198,0.15769917571390318,0.08640201147019144,0.13006324002867395,0.06457329139704542,0.06581354335182661,2.0098822713090905,0.0032961305774180548,0.6090273461683609,0.12517746372707905,0.06525542980376131,8.720230221817735e-10,44.60983308300001,382,11.849578400677329,9.770784982028834,11.142063008699623,5.524267819222917,9.133578464082923,7.563610772364593,8.5560568294187,3.509070454919938,0.34999847412109375,310854,44.60983308300001,42.33626512800038,382,1
1.0,0.35,64,3,0.12998363361406184,0.06479390426533498,0.06477540453489952,3.241055967418775e-05,0.0001637811955508483,5.4095932633380764e-05,0.129950289338711,0.06473371592896372,-0.00011373071927714372,-2.567725557461545e-05,3.838105955177031e-05,0.12994443200534658,-0.0001240274105983815,0.0001432684861612342,-9.308289884810796e-06,0.06567863949723537,-5.6491000454267895e-05,-4.7717389209303686e-05,0.06571034276735285,4.6824622724863365e-05,0.0657305408884601,0.08686597534891831,0.0868733640473247,0.08688460975426948,0.08687464971683749,0.06567826696822575,0.06570982747944405,0.0657304305472346,0.08686597534891831,0.1573729288221946,0.08649804134921824,0.12995945165270648,0.06476767490973273,0.06570650771768277,2.0157912853560784,0.0017678066591142532,0.614279568269577,0.12490580801085431,0.06516732360982644,1.0356808986600369e-09,44.212701910000305,381,12.822208151136813,9.828526479902099,10.885777179315786,5.533215984803441,11.005700575040477,7.351647570099662,9.030031412526291,3.516439117985922,0.34999847412109375,310986,44.212701910000305,41.86737122500017,381,1
1.0,0.5,16,0,0.2534996495406976,0.11441953437424006,0.11441953437424006,2.305439141179834e-19,3.238341638020107e-17,1.3690441846847534e-17,0.25349964954069715,0.11441953437424028,3.641471266746521e-17,3.806573139237506e-18,1.0370942098753793e-17,0.2534996495406979,2.795298184667315e-17,3.8779606776578085e-17,-2.9544545603649956e-18,0.11813588276231611,9.23506117292813e-18,1.8318574542977982e-17,0.11813588276231615,1.573659704133336e-17,0.11813588276231608,0.18233277149367136,0.1823327714936708,0.18233277149367144,0.1823327714936712,0.1181358827623161,0.11813588276231614,0.11813588276231608,0.1823327714936708,0.2846823671263807,0.1607795727630593,0.25349964954069754,0.11441953437424013,0.11813588276231612,1.6988177299238745,9.509927039066956e-16,0.34495487848093553,0.2391763153872476,0.1390801151664571,4.2238957597628286e-10,0.10438904600050591,40,5.263218550830082,5.263218550830082,5.263218550830082,3.159122504487463,3.6067976362848047,3.6067976362848047,3.6067976362848047,2.2772576052588143,0.5,8424,0.10438904600050591,0.0726546830001098,40,1
1.0,0.5,16,1,0.25050473203791396,0.1135710247137801,0.11348581588458213,0.0004296015567617393,0.00042046906653156756,0.0008607214930692767,0.2502182129176327,0.11569644256199237,0.0018759179020400587,-0.00011848872885414454,0.001499105514037583,0.2501537527440435,0.0020262358504052314,0.0006020037798635102,9.976455427834316e-05,0.11749367805104155,0.00023400801374867333,-0.0003597086524485443,0.1159186208346016,1.4657287867115943e-06,0.11598440737156508,0.1800450549779806,0.17793619368246405,0.17795203057676637,0.17864442641240366,0.11746777692573866,0.11591550531815105,0.11597175874212258,0.1779201786332582,0.2833009115813349,0.15957202576301308,0.25029223256653,0.11425109438678487,0.11646556875240276,1.7122110313208632,0.01178658279707698,0.35669767980175937,0.2354175161132485,0.13446366710184093,7.311863152657901e-10,0.18589318800059118,81,6.372088364104144,5.97348659120227,6.372088364104144,3.169188101571603,3.9584618957522966,3.7945287137935204,3.9584618957522966,2.2950131709567123,0.5,8424,0.18589318800059118,0.15070583300075668,81,1
1.0,0.5,16,2,0.24934033846769899,0.11363327203897886,0.11477075702180596,5.162111760579342e-05,5.707663251609986e-05,-9.547114265262235e-06,0.24939577634807117,0.11323546941057576,-0.0001058175019939693,0.00017764592371664515,-4.7778013562668264e-05,0.24996890014246662,-0.00011578233123725834,0.0003247271505416736,2.1634017138924428e-05,0.1157967969312524,-1.957324319976724e-05,-0.00018475264311354223,0.11665743840229975,1.139465797813787e-05,0.11626896675129929,0.17746319092199878,0.17877711717143596,0.17835242290785983,0.1781975770004315,0.11579634910356139,0.1166569494311764,0.11626865224140948,0.17746319092199878,0.28049496138556357,0.15910760587805034,0.24956833831941228,0.11387983282378686,0.11624106736161713,1.7133517233022326,0.0034993200657006843,0.3565906912330181,0.23488537001705534,0.1347838806953966,3.002513447136457e-09,0.19890822500019567,80,6.07225188682465,5.883137832067407,6.07225188682465,3.1653068116095886,3.909905361307179,3.772938471772189,3.909905361307179,2.2935910053927984,0.5,8424,0.19890822500019567,0.1639301469995189,80,1
1.0,0.5,16,3,0.2513586757373204,0.11427528195150544,0.11442443654463026,0.00010213140256774016,-0.004583034507961091,-0.00043547454480675395,0.2497576667230167,0.11492807684963073,0.00022631790640206923,0.0001468376968411342,-0.00030867000045518205,0.2517536904944571,7.857056822413304e-05,-0.004615171819772759,-0.00017311706143149756,0.1167674484162612,-6.0265721651413106e-05,-0.00012892037532105218,0.11625190988301745,0.00039647133205915054,0.11654144911637535,0.1797546143101928,0.17790554178270845,0.17956841955547745,0.17907619188279292,0.1167670663471628,0.11608348902995298,0.11653915513305586,0.17790554178270845,0.28534388971195845,0.15993344762654593,0.25095667765159807,0.11454259844858881,0.11652026913855133,1.7083320111723619,0.020184096381597325,0.3556521821376366,0.2357537991700739,0.1353471909584849,6.879539264845089e-10,0.19754729400028737,80,6.148397452193258,5.717763359456063,6.148397452193258,3.148991741993722,4.15255737022727,3.8790277292085746,4.15255737022727,2.294023513284661,0.5,8412,0.19754729400028737,0.16188788099952944,80,1
1.0,0.5,24,0,0.2512012491666027,0.11522351155082902,0.1152235115508285,-1.0094255524337606e-18,7.704846442691864e-17,3.533765535663675e-17,0.2512012491666017,0.1152235115508283,7.980399661593967e-17,2.1203603378679387e-18,3.6170055705403526e-17,0.25120124916660297,7.662665907037322e-17,7.907864908692697e-17,4.156458157080191e-19,0.11626251194233707,1.893763149541522e-17,4.360745488493531e-17,0.11626251194233705,3.97310094543235e-17,0.11626251194233692,0.17873639942167982,0.17873639942167904,0.17873639942168068,0.17873639942167982,0.11626251194233708,0.11626251194233705,0.11626251194233693,0.17873639942167904,0.2809665228593921,0.16054942408941988,0.25120124916660247,0.1152235115508286,0.11626251194233703,1.7100227431471866,1.979587391489474e-15,0.35377234447193295,0.23542527918880243,0.13597773761577303,2.2208287335140164e-11,0.4225055180004347,59,6.30512117522547,5.72453803303361,6.30512117522547,3.1879977036626377,4.1024364674925975,3.9665405730621557,4.1024364674925975,2.3059779432655625,0.5,25896,0.4225055180004347,0.3083414390002872,59,1
1.0,0.5,24,1,0.25218621243839173,0.1167504627584142,0.11497818030450206,7.198229806634929e-06,0.00023161831121897646,-7.092073606514348e-05,0.2512098892104422,0.11546754504797059,-0.0002572609029905056,1.0419097415262536e-05,-9.735508625240994e-06,0.25178092910083355,-0.00028505618182677846,0.0002557145759015856,2.578636325316078e-06,0.11616732601860451,-4.008791937580867e-05,0.0001774971427558979,0.11550372935798256,-3.5386379099459476e-05,0.11725014004033155,0.1790060442638427,0.1777293558661574,0.17971191939444697,0.1788157731748157,0.11616646234944272,0.11550326305700333,0.11724983096700899,0.1777293558661574,0.28189486093392235,0.1610615245630388,0.25172567691655584,0.11573206270362896,0.11630706513897286,1.710478331090892,0.005134764598973195,0.3544873820314107,0.23559582744903462,0.13480390193034286,1.3313405998546806e-09,0.9696364720002748,116,6.658657594629647,5.861681675907815,6.626201035601027,3.17856989906656,4.620672753340128,4.075061153348188,4.619785138163583,2.3111180260429443,0.5,25872,0.9696364720002748,0.8243220949998431,116,1
1.0,0.5,24,2,0.25057798577644613,0.11512593350601241,0.11541631256519191,6.526125076908707e-05,-0.0007253256427504613,0.001339415658876977,0.25045986414818033,0.11531193975618703,0.0005474350578472894,-8.548144135188774e-05,0.0014661220627009905,0.2507491099367827,0.0004140209526648938,-0.0004486097664191241,0.0002618681217248004,0.11600819392209195,0.0001585079004541467,-0.00021721837057191303,0.11608524094567306,0.00020017345688220578,0.11582909700864012,0.17794370756970754,0.17792238561652046,0.17794824024349395,0.17793811114324065,0.11600591653873579,0.11608205174918651,0.11581532392979174,0.17792238561652046,0.28160247583289266,0.16037663319608744,0.2505956532871364,0.11528472860913046,0.11597417729213504,1.7141879352035205,0.00716534848819354,0.35739159818231947,0.23469969831412527,0.13520711720917422,4.5138644017345496e-10,0.956009348000407,114,6.682739787809747,6.069761845255981,6.679821462582548,3.1926631913415826,4.520961102886642,4.049296694509181,4.362890793863947,2.310095259055154,0.5,25896,0.956009348000407,0.8376797199998691,114,1
1.0,0.5,24,3,0.25122238176226286,0.11473355071071681,0.11550192006488014,-6.064763544169607e-05,0.0012010310871813608,-6.498732033140724e-05,0.25100336046923444,0.11500830147830252,-0.00028058572137503173,0.00012591560391868854,-0.0004572466446501605,0.25142628192626115,-1.0307299945921526e-05,0.0008431929742968904,3.217398530764244e-05,0.11623301471511638,0.00011795269194026246,9.984239936414718e-05,0.11664457582466699,8.185547196753554e-05,0.11602266323427218,0.1788423012183094,0.1790554284793906,0.17880445506567108,0.17890072825445702,0.1162324226491129,0.11663675696006034,0.11602137045063148,0.17880445506567108,0.28181823313926374,0.16045454079852114,0.25121734138591945,0.1150812574179665,0.11630008459135185,1.708585721016177,0.005188464220715125,0.3528445341956701,0.2355305065648534,0.13580592608940434,1.7992672794098284e-09,1.018978762000188,115,7.163997003688531,5.813507620261485,7.142986284008327,3.1904503336881453,4.438859669843667,3.9211808097784506,4.245839305148904,2.304899110735232,0.5,25896,1.018978762000188,0.8667167570001766,115,1
1.0,0.5,32,0,0.2521189565089374,0.11532759576670167,0.1153275957667014,1.0129172421459642e-18,1.3419360454593387e-16,6.033099322978939e-17,0.2521189565089383,0.11532759576670058,1.1810001784137318e-16,1.3534320584897485e-18,5.623795524505633e-17,0.2521189565089445,1.3959361240267755e-16,1.4329478809876102e-16,-4.229457317705965e-18,0.11653138577937477,3.393171417493639e-17,7.638966833058346e-17,0.11653138577937464,7.378534324483813e-17,0.11653138577937502,0.1797250028144131,0.17972500281441456,0.17972500281442036,0.17972500281441597,0.11653138577937477,0.11653138577937462,0.11653138577937502,0.1797250028144131,0.2816176590148113,0.16092471601411412,0.25211895650894006,0.11532759576670122,0.1165313857793748,1.7037828287849162,8.572681851336554e-15,0.34885451013430213,0.23626132976355943,0.136791360742236,1.5123887753727276e-10,1.460065434000171,78,6.8909979367030525,6.270786722367081,6.890997936703048,3.197686549530876,4.319352491107161,3.94907396984337,4.319352491107149,2.311526016952249,0.5,58344,1.460065434000171,1.0384938770002918,78,1
1.0,0.5,32,1,0.25163685540887387,0.11627355033505767,0.11584079637115162,-7.627163111821396e-06,0.00026874330908978263,0.000364351573395591,0.2519247096079045,0.11632161997165058,-0.000718362217575189,-3.7526072401066146e-05,0.0002902669700240602,0.2516899426147005,-0.0006362668766797073,6.065761674788264e-05,1.8570386270275382e-05,0.11627622439604639,-5.0017638053708744e-05,-6.52007948697124e-05,0.11595557394768205,-4.90435383864299e-05,0.11632171237324673,0.17845676328814455,0.17831671025835413,0.17846560380906576,0.17841302578518817,0.11627266246562327,0.11595511122721645,0.11632085468570118,0.17831671025835413,0.28170704009270814,0.16134448008549054,0.2517505025438263,0.11614532222595329,0.11618450357232507,1.7135702824918075,0.003590103734304452,0.35668009528262523,0.23531629768837722,0.13538438290568963,1.5567303254929874e-09,2.899293746999774,146,7.394139564918344,6.165125313392478,7.155032942818734,3.200698877478823,5.0771966831330975,4.214836969079219,4.580676175171751,2.317669117144791,0.5,58344,2.899293746999774,2.5190510520001226,146,1
1.0,0.5,32,2,0.25182485260207177,0.11642376996528347,0.11583681404875243,3.516746125873261e-05,0.00011096924095887478,0.00021485747872005643,0.25177616725291113,0.11623212426782918,0.0003900074471842718,-3.483712283233884e-05,0.00014880856236176987,0.2518122537298116,0.0007281685432573659,3.587968046447583e-05,-7.253457393506682e-05,0.11626336662274472,-0.00010630840593420247,-2.0346107598186117e-05,0.11586954349597386,-0.00022198583513678482,0.11641427922834677,0.17853268766841135,0.17816224106089223,0.1786789649723643,0.17845796456722263,0.11626058292067429,0.11586893568051655,0.11641345879616266,0.17816224106089223,0.2811958902127157,0.1613761394287596,0.2518044245282648,0.11616423609395503,0.11618239644902179,1.713096948479818,0.0032474724451260852,0.35629900525831015,0.2353419908229896,0.13528181379800816,2.900031171872312e-09,3.095982140999695,152,7.388943333448444,6.0858200040655,7.104982077320504,3.1982623824521372,4.766170806571081,4.206510786743029,4.680212148472458,2.317568144276202,0.5,58344,3.095982140999695,2.799468708000404,152,1
1.0,0.5,32,3,0.2517238459883224,0.1153606541132061,0.11728044146906122,-3.2465746387486425e-05,-0.0010429973994755932,0.0002078412564760618,0.25062585511253554,0.11543259353918621,-0.00025191734254422676,-0.0001561854880489602,0.00015895006568864792,0.25176276265948627,-0.0003723166875550965,-0.0009846148650290846,1.4254894716967642e-05,0.11567480918860988,0.00011212734202344618,-0.00011738384901117672,0.1169421069755936,-9.491082813461867e-05,0.11561374537357483,0.1778999707761168,0.17845282142493446,0.1778759956233975,0.17807626260814957,0.1156738445376171,0.11693505992813678,0.11561329881620885,0.1778759956233975,0.28221409516933277,0.1611300494779879,0.2513708212534481,0.11602456304048452,0.11607688717925943,1.7152581639400133,0.006763932971712195,0.35831983878374096,0.23500126486832953,0.13446073298050912,1.4065342640645625e-09,2.7745309380002254,146,7.184393108270488,6.112850761137987,6.99457352024838,3.2052509602707584,4.6778798541672275,4.091707965152581,4.270056577299171,2.3125185503086487,0.5,58344,2.7745309380002254,2.3958387569996376,146,1
1.0,0.5,40,0,0.25263202270349794,0.1167926338509031,0.11679263385090265,-3.354411040033613e-18,2.1462951387677876e-16,9.636708668300084e-17,0.2526320227034955,0.11679263385090273,2.1320411137172155e-16,-1.877652747290475e-18,9.286446230752128e-17,0.25263202270349655,1.6654729843139647e-16,2.1672248840332033e-16,-3.108176003609385e-18,0.11638562168260154,5.564889870584011e-17,1.249226608446666e-16,0.11638562168260111,1.1585235063518796e-16,0.11638562168260166,0.17878465447932274,0.17878465447932052,0.17878465447932188,0.1787846544793217,0.11638562168260153,0.11638562168260111,0.11638562168260166,0.17878465447932052,0.2817213482453088,0.16207243013510078,0.25263202270349666,0.11679263385090283,0.11638562168260144,1.713576933254571,3.3165449664474974e-15,0.3565818585379068,0.23583037706360305,0.1358393888525931,2.478446722530406e-10,4.439464004000001,98,7.039692699509544,6.002630349202686,7.039692699509538,3.2025810872255422,4.711588188916291,4.269785401104427,4.479932698662311,2.3183218734598947,0.5,110376,4.439464004000001,3.7247256390000985,98,1
1.0,0.5,40,1,0.2524053570126769,0.11663013011577912,0.11665721920397687,9.473429207464677e-05,-0.00048429239089826866,0.00029599893164519817,0.25243533790539746,0.1167797281710118,0.00022756345073572843,-0.00011899431683810303,0.000289390096704058,0.2523952329991038,0.0002221898799668288,-0.00038997694816554157,8.751786745706403e-05,0.11636761251018206,8.54254771714497e-05,-0.00018292173409395422,0.11626414654243734,0.00014283051370919173,0.1162630489466394,0.1786992291488418,0.1786248031032501,0.1785662441458688,0.17863009213265357,0.1163669740982804,0.11626269975194534,0.1162620662853607,0.1785662441458688,0.2820847766642411,0.1619283350914332,0.25241197597239273,0.11668902583025594,0.11629826933308628,1.7137598204473472,0.002755584461033703,0.3567708338887128,0.23563920560195356,0.13563038789201978,1.0064235242595408e-09,7.510994452999967,174,8.268888592744933,6.20058593959419,7.169746438164527,3.2039994894084765,4.824807672355194,4.262164726746915,4.697485571623921,2.319509745430872,0.5,110376,7.510994452999967,6.7589684679996935,174,1
1.0,0.5,40,2,0.2525446964406565,0.1165145503398896,0.11680422544600443,1.8768219266583986e-05,-8.606224191442381e-05,9.843774822529431e-05,0.25251092508199374,0.11667887781678005,0.00036769483810010105,-2.6166336790086525e-05,0.000119191100406557,0.25264425487448816,0.0003117894997321602,3.493057595887228e-05,4.7328478152389514e-05,0.11638611369298335,7.337612885651215e-05,-1.1991916921578681e-06,0.11649813305748573,-2.0577109727564328e-05,0.11623816548404453,0.17883153349505976,0.17890522838708303,0.17878463415934176,0.1788404653471615,0.11638521636715052,0.11649802526698029,0.1162380935067845,0.17878463415934176,0.28200558654851227,0.16196551843895607,0.2525666254657128,0.11666588453422469,0.11637413741150454,1.7126343331736869,0.001760137168942106,0.35586022115046845,0.2358291719869849,0.13577123196720853,1.72561511914639e-09,7.462314711999625,174,8.182187265361124,6.157761204487898,7.180787683513454,3.203826964078078,4.753007515969293,4.227248074078363,4.613996398660364,2.317829316149066,0.5,110376,7.462314711999625,6.742969927000104,174,1
1.0,0.5,40,3,0.25243551938528574,0.11651338662008229,0.11682300066626504,-5.0498546410770285e-05,-0.0002510668495753273,-0.0002056700652662038,0.2525470125795058,0.11694812781250642,-1.8360061069885457e-05,-6.279755165782364e-05,-0.0001598488062305089,0.2527191392870529,-0.00012501121961058754,-0.00032544597757897865,2.178608324803528e-06,0.11649841790534429,-3.302346404438437e-05,-6.441969867925124e-05,0.1164038972719566,-0.00012195654034369125,0.11614004532657843,0.17877605501004953,0.17877236215803427,0.17866933853676922,0.17873925190161766,0.11649830284871428,0.11640320964945529,0.11613961521300684,0.17866933853676922,0.28197702301898114,0.1620293056593673,0.2525672237506148,0.11676150503295124,0.11634745350129311,1.713439678386097,0.001984255822590223,0.3565038908266267,0.23576139504376048,0.13562771842750293,1.2006291308770485e-09,7.045399486999941,174,7.563135109572389,6.194301833020958,7.253649314600048,3.2044740774840728,4.820916847384647,4.206332807836148,4.706690796895517,2.3186702780842987,0.5,110376,7.045399486999941,6.342164867000065,174,1
1.0,0.5,48,0,0.25310394078281984,0.11701018598442166,0.11701018598442216,-1.7717919218792487e-18,3.087107663747495e-16,1.3770072390793493e-16,0.2531039407828275,0.11701018598442085,2.9277775889981993e-16,-2.9822956849500617e-19,1.33783748698613e-16,0.25310394078282983,1.9129168577295132e-16,3.0828600443860206e-16,-2.1894472877854707e-18,0.11650822831201715,8.009651321030798e-17,1.792066897482429e-16,0.11650822831201733,1.665469315691442e-16,0.11650822831201824,0.1791192823549129,0.17911928235492083,0.17911928235492253,0.17911928235491878,0.11650822831201715,0.11650822831201733,0.11650822831201825,0.1791192823549129,0.2820622818630568,0.1623747709172229,0.2531039407828257,0.11701018598442155,0.11650822831201757,1.7121759699348629,1.1784280722172235e-14,0.35547370438001824,0.23617489760361607,0.13609375479840052,2.2718599368543065e-10,9.398802559999694,117,7.050843221935617,6.19736694398415,7.050843221935599,3.2040524386169604,4.96343722701748,4.437197015892804,4.74459372002035,2.3202537318671013,0.5,186600,9.398802559999694,8.118390095999985,117,1
1.0,0.5,48,1,0.2529939957143453,0.11699973044418954,0.11705345647271295,-2.6628731911128292e-05,-0.0001374283392277401,6.9396293361116204e-06,0.2530378506171463,0.11697598812663244,7.447348573156146e-05,-1.3939976560692619e-05,5.82541257908647e-05,0.25304781971055423,8.578485423609223e-05,-0.00015750735121875762,1.784894147713696e-05,0.11643758961061138,1.849436967753004e-05,2.3420355233201217e-06,0.11650947183099106,-2.3464545108317586e-05,0.11646984723594808,0.17896940344566026,0.17907336863533085,0.17903755661058005,0.1790267762305237,0.11643751805055201,0.11650931004338905,0.11646982699545513,0.17896940344566026,0.28211519749500596,0.16234855221478725,0.25302655534734864,0.11700972501451165,0.11647230289251682,1.7126160432867883,0.0007868334823950036,0.35582682235479357,0.2360871480057746,0.13595927571669456,3.7021368558800386e-09,14.916469442000107,205,7.832490989455487,6.225072828367004,7.467618938478332,3.204711834768846,4.9350069426625645,4.325066356637256,4.730523246535865,2.3200468238749674,0.5,186600,14.916469442000107,13.714109878999807,205,1
1.0,0.5,48,2,0.25236451789850745,0.11688361910082075,0.11650703404776691,5.246787500472903e-06,-4.524461979180091e-06,-0.00010665588089537214,0.25250904473527575,0.11672285873001721,8.895488262155191e-05,1.221995192562778e-05,-8.861429014947304e-05,0.2522897328487673,8.068477274206119e-05,6.224510335259287e-06,2.5656607480858724e-06,0.11627992639041253,-8.734654129140192e-06,-4.729568473104636e-06,0.11611460450840895,2.0401349553077733e-05,0.11637208969339209,0.17857932929109144,0.1785298852793716,0.17864594759995187,0.17858505405680497,0.11627987319624182,0.11611459908055169,0.11637201000857246,0.1785298852793716,0.2815741252098361,0.1619320453423063,0.25238776516085015,0.11670450395953495,0.11625554019740453,1.7136312787310515,0.0010097709776306528,0.35663527619196955,0.2355737250946795,0.1355288384961001,3.3972099788876824e-09,14.906980671000383,205,7.637322036398361,6.326708594014436,7.088926540887445,3.20832338164563,5.599769821658565,4.233319084019921,5.068914755486943,2.322919400169612,0.5,186600,14.906980671000383,13.703938250000192,205,1
1.0,0.5,48,3,0.253012192863744,0.11719904509224717,0.11687461857381148,4.064856897945912e-06,-0.00013353369420117465,5.0306820430644465e-05,0.25307023124790917,0.11700731102502544,4.9719439356345064e-05,-3.0149267007878324e-05,-6.242514059833685e-05,0.25283606248242524,5.533592887222776e-05,-7.926616657381125e-05,7.577597726761737e-06,0.11645177096355382,1.831795145800839e-05,-8.092285230913012e-06,0.11635196161641759,1.1985269682706996e-05,0.11655824021394516,0.17896272863464383,0.1789045879714844,0.17896402046168675,0.178943779022605,0.11645174773383099,0.11635187770105278,0.11655819070337253,0.1789045879714844,0.2820586134250327,0.16234207112649854,0.2529728288646928,0.11702699156369471,0.11645399093130551,1.713240997198971,0.0009250764326480511,0.3563242925095125,0.23602541925497827,0.13582583313442476,3.1354621306191244e-09,15.063227561000076,205,7.655130989431961,6.288186903663686,7.206897737027253,3.2056502389886554,5.7045272833124665,4.278284271852639,4.9472941835979505,2.321411520650059,0.5,186600,15.063227561000076,13.94814314999985,205,1
1.0,0.5,64,0,0.25387716985120634,0.11769429042620244,0.11769429042620173,-6.195783238841354e-18,5.49978410292949e-16,2.45640694629401e-16,0.2538771698512084,0.11769429042620538,5.117442924529314e-16,-4.2036471573477946e-18,2.428286409537707e-16,0.2538771698512113,5.142445193736681e-16,5.492832445140396e-16,-6.049172692915558e-18,0.11667880100689215,1.4419300506623196e-16,3.206105247954838e-16,0.11667880100689243,2.9990096663823353e-16,0.11667880100689061,0.17931845111330677,0.1793184511133056,0.17931845111330877,0.17931845111330705,0.11667880100689215,0.11667880100689243,0.11667880100689063,0.1793184511133056,0.2826344803564231,0.16308858356787168,0.2538771698512087,0.11769429042620319,0.11667880100689172,1.7135604930595638,9.751409881866241e-15,0.35656884900254937,0.2365677690763251,0.13618287942500396,2.939920760968166e-10,28.170768171999953,156,7.417214671439383,6.238387857013153,7.319015505214725,3.204749709621398,4.973721501935421,4.37300944313263,4.919529887238553,2.3219588237446938,0.5,430056,28.170768171999953,24.457926318000318,156,1
1.0,0.5,64,1,0.25361176795222123,0.1174268266562263,0.11758772536569584,-6.301838433470126e-07,1.2428856673987603e-05,-0.00010561152532658033,0.2536112797111084,0.1175875393480525,2.2841368298563156e-05,-5.801179842418729e-07,-0.00010575033798528941,0.2536979049075279,7.031189703657185e-05,5.169327321781625e-05,-1.5386792099737928e-05,0.11664719692082325,1.854876454185896e-05,-7.611054950061054e-06,0.11664726294667252,-3.866444195164584e-06,0.11652550378746204,0.17922376305127882,0.17922348273955205,0.17916725046066537,0.1792048320838321,0.11664716844556351,0.11664724623641799,0.11652542810035851,0.17916725046066537,0.2824915670624769,0.1629026984905485,0.2536403175236192,0.11753403045665821,0.11660665455165259,1.7134646321559706,0.0006845895974996987,0.356497142198382,0.23640601067542244,0.13602764956409555,1.044636375479451e-09,45.24665321800012,270,7.651331460154075,6.312016220405448,7.356210389530621,3.2064252463633944,5.3506220966597295,4.263423784350893,4.9755095523797,2.322235316013095,0.5,430056,45.24665321800012,41.64149251699973,270,1
1.0,0.5,64,2,0.2537796379869921,0.11762569190208456,0.1175723863448689,1.7306799547039226e-05,-9.864857208434503e-05,-0.00013148795551956173,0.25386629094033203,0.117674151489128,1.0097806164552235e-05,-1.0983115900606666e-05,-0.0001553380663868981,0.25380780441423245,6.712484001276538e-05,-0.00011754393059942693,8.735921311928212e-06,0.11669223067056686,-1.0272384321599736e-05,1.3539723207366496e-06,0.1166305821569091,2.972774362183279e-05,0.11666485702823734,0.17932938286386196,0.17932242621069144,0.17931422864745927,0.17932201257400424,0.11669220950271898,0.11663049099562953,0.11666468131829237,0.17931422864745927,0.28281735802020136,0.16302187546514355,0.2538179111138522,0.11762407657869382,0.1166625566185711,1.713184110231579,0.0008399090510907165,0.35627658685148234,0.23654201133006736,0.13615953318869872,1.498690588460798e-09,45.09184408400006,270,8.036130604533069,6.328507670709313,7.259855353993705,3.205159905856716,5.529993321970981,4.257838804615316,5.045051586732188,2.3222237318395935,0.5,430056,45.09184408400006,41.61322200299992,270,1
1.0,0.5,64,3,0.2538204129810715,0.11756317068960653,0.11755385876935992,-2.4887259757446087e-05,4.363187881229366e-05,0.00010043197643342328,0.2538132332981888,0.11754618138711717,5.4492676354897076e-05,1.123853158639839e-05,0.00014132359489493103,0.2538201055264949,9.475515078857578e-05,1.7326180595539364e-05,2.885005447338741e-06,0.11666914664846921,1.4876667479152217e-07,1.4995789523036934e-05,0.11668181485733714,-2.4500897821520416e-05,0.11669304118758086,0.17939175428696005,0.179391662572201,0.17940560983743606,0.17939634223219902,0.11666907977617418,0.1166818018034258,0.11669291905963897,0.179391662572201,0.28272667561313525,0.16297549801207462,0.25381791726858505,0.1175544036153612,0.11668133423112907,1.7125836711956608,0.000653861143487216,0.35579967354330577,0.2365910920867384,0.136253273175361,5.414073016298066e-10,45.99956196699986,270,7.8766006396507855,6.258760327160042,7.376328109002047,3.2048942119902595,5.230330117159289,4.293962216278802,4.943344169949115,2.321678725205347,0.5,430056,45.99956196699986,42.626143002999925,270,1
